query_index,recall@5,ndcg@5,ec@5,ild@5,recall@10,ndcg@10,ec@10,ild@10,recall@20,ndcg@20,ec@20,ild@20
2735,3.2583054205168975e-05,1.0,0.9806138056949717,0.021804352670474713,6.516610841033795e-05,1.0,0.9789481966313162,0.02226603351302231,0.00011729899513860832,0.9292557582488418,0.9783516706905111,0.021875290860014454
3357,2.6723498640442008e-05,0.7860137352654724,0.9621853114496612,0.04768062796182532,5.3446997280884016e-05,0.7975167679274937,0.9683889416107505,0.0475336014016275,9.353224524154703e-05,0.7297878591412137,0.9677114968626546,0.04106411999054889
5111,0.0,0.0,0.9595220463938331,0.07173409885576819,7.418232531916945e-06,0.07336392209936005,0.9533982272920607,0.08008411976560015,2.967293012766778e-05,0.15578089188855243,0.9590807392004551,0.05990429095017668
7184,2.4218352667651546e-05,0.30078518014914984,0.9648864385979927,0.05551512302941923,4.843670533530309e-05,0.3321737110889728,0.965582085758373,0.054596062945407545,8.476423433678041e-05,0.32441439445392634,0.9621956863278275,0.0524186141360224
7904,1.211401712922022e-05,0.16958010263680803,0.9547465087926195,0.049844367818226695,1.211401712922022e-05,0.11004588314904007,0.952355611233739,0.06953780184065249,1.211401712922022e-05,0.07102001981682865,0.9531153295872885,0.07701430953509388
9197,6.4474948258854026e-06,0.33916020527361607,0.9157535290999922,0.13002454503352548,6.4474948258854026e-06,0.22009176629808014,0.9321938255255576,0.09531092776863029,1.2894989651770805e-05,0.1754775310183708,0.9310466310126996,0.09508860995015307
9260,1.506114826194349e-05,0.5531464700081437,0.9157366270950508,0.1354911296412427,4.518344478583047e-05,0.6464018466408363,0.9172109570088869,0.11580426138164711,7.530574130971745e-05,0.5537396301445309,0.9160608502726986,0.1263581392275154
10062,2.7598388254125958e-05,0.8539316501572934,0.9693316172953258,0.03769672957578439,5.5196776508251916e-05,0.8415908474314975,0.9698359422335188,0.03806144362752465,0.00011729315008003533,0.8630177325362104,0.969284891392755,0.03080364692519837
10906,1.9164675669805416e-05,0.5296347172140421,0.9826900591608467,0.030762925153782927,3.832935133961083e-05,0.5617131059245698,0.9756531333214381,0.042095269353134894,7.027047745595318e-05,0.5385380163611078,0.9735809333153551,0.043755286985475865
11140,1.6023843479096897e-05,0.3835663673713356,0.955354504752019,0.06397441237107025,1.6023843479096897e-05,0.24890832702259458,0.9537899939999525,0.060401021624968965,4.005960869774224e-05,0.2628879433597367,0.9491746345820694,0.06861288125939903
11400,2.6057104143730987e-05,0.8304198973631919,0.9786940737088667,0.04428802347041383,2.6057104143730987e-05,0.5388856921828065,0.9807727537417008,0.03469647869674241,3.908565621559648e-05,0.4198361533523317,0.9780062253373945,0.03812721048219517
11704,6.92488804764323e-05,0.6548086577531306,0.9588493514720611,0.08068706611029769,0.00011541480079405383,0.5727555047321237,0.9629478246671909,0.061642238325996836,0.00020774664142929688,0.5151228693098865,0.9637673983763492,0.05461497615448871
11754,3.021178461011692e-05,0.5147714448836773,0.9784330189302249,0.039440098462608174,7.049416409027282e-05,0.6188656458779799,0.9800503829983856,0.03273268202171313,0.00014098832818054563,0.648027002969976,0.9784966366383587,0.0325428153588647
12818,2.4149922720247295e-05,0.21398626473452753,0.9274169064886133,0.12711696451419927,4.829984544049459e-05,0.21222636597291455,0.9229644702895206,0.12199852556303897,0.00012074961360123648,0.24358043767705098,0.926825991075846,0.10194994553443502
12942,3.459519299793294e-05,0.8304198973631919,0.9608701368802011,0.07004608442865076,6.919038599586588e-05,0.8115558478722846,0.9684567244467299,0.052374377792786565,0.00012973197374224852,0.7770985047671068,0.969101982844536,0.050327209107232714
15880,7.67825058738617e-06,0.13120507751234178,0.9374872412866189,0.12254205319145557,3.071300234954468e-05,0.2941924851321473,0.949522553411972,0.10251832324594636,4.606950352431702e-05,0.26058515338027766,0.9407016441814173,0.11371950783483055
16451,2.6696566821506754e-05,0.7860137352654724,0.9727499374685115,0.04740612144537558,4.671899193763682e-05,0.7241528458281337,0.9625578299030021,0.061015189144135236,8.008970046452026e-05,0.6456947404644809,0.9606789367126336,0.06813026815895093
17877,0.00010838933448948623,0.33916020527361607,0.9790286544049559,0.03361474346009098,0.00010838933448948623,0.22009176629808014,0.9769855679022404,0.035136521859953106,0.00010838933448948623,0.1420400396336573,0.97320410561066,0.04165963807375055
19200,4.058112166220274e-05,0.16958010263680803,0.9444713280294621,0.07785448487350652,8.116224332440549e-05,0.17630010660342912,0.9337283837357419,0.08603031780944827,8.116224332440549e-05,0.11377833233186023,0.9298587145618973,0.08451402808155824
19285,2.17012319065979e-05,0.6548086577531306,0.932127593252998,0.10117125355772574,2.8934975875463864e-05,0.4943572357534483,0.919809598068474,0.11363109800676865,7.233743968865966e-05,0.5326915580492617,0.9118193412709518,0.11415594875690535
21447,2.3010722996916562e-05,0.6843515475204854,0.9530122328405906,0.08295992527120556,4.6021445993833124e-05,0.6621137423456801,0.9571219678369285,0.07622329860640244,5.369168699280531e-05,0.4620567629753896,0.9597767559611196,0.06581894139598642
23088,1.5075111744265805e-05,0.3156484524795145,0.9543633396970005,0.08033068788528178,4.5225335232797415e-05,0.4825387500873842,0.953722459522895,0.07342087301392836,7.537555872132902e-05,0.45726875995100263,0.9524303396500471,0.06819255415708696
23151,2.6704230617735616e-05,0.6608397947263838,0.9767816109383853,0.04777716329383978,6.008451888990513e-05,0.7799082337019198,0.9767265845480712,0.04093277703391478,0.00012016903777981027,0.8224499504579283,0.9758391897644442,0.037523854071859084
27528,0.0,0.0,0.9437997609379842,0.07246181094447837,0.0,0.0,0.9443703250899901,0.0943178477208879,6.508975877735397e-06,0.038384638165382894,0.9411622801245831,0.0947642423298024
28566,2.4691358024691357e-05,0.5296347172140421,0.9731692574679245,0.05646241670356713,4.938271604938271e-05,0.5430029249822633,0.9687910451974128,0.059551631287761364,8.23045267489712e-05,0.4965470066781452,0.9611221983103879,0.06859292409455647
30042,0.00021713169037020953,0.5531464700081437,0.961844295173251,0.04522631350044458,0.0006513950711106286,0.6464018466408363,0.9579254670725434,0.04493085938457498,0.0008685267614808381,0.491537885560891,0.9592343628606053,0.0489973444641195
33479,7.231546900197421e-06,0.13120507751234178,0.9630317736019128,0.057661124088890056,3.6157734500987104e-05,0.3725907541108227,0.9543491011394142,0.08342211854587299,5.785237520157937e-05,0.34901426614059655,0.9591594869482283,0.07452922931237015
34321,2.485707183693761e-05,0.360054614577234,0.9369802432921738,0.08296608533495776,3.728560775540641e-05,0.30308203017988256,0.9262983827049549,0.10603437056423061,7.457121551081282e-05,0.2995706774380314,0.9359476476850821,0.09972307141573294
34871,1.9770530047910584e-05,0.6164336326286644,0.9597837379418255,0.0774216345706743,3.954106009582117e-05,0.59932948189937,0.963555144403386,0.058183243761875815,8.56722968742792e-05,0.6281362247165261,0.9602614486857636,0.0580696762347922
40807,1.2435490891002923e-05,0.21398626473452753,0.9599539364002826,0.07916937648982583,3.7306472673008764e-05,0.27191445400928344,0.9615017006502059,0.06603309269476809,7.461294534601753e-05,0.28030903896361664,0.9688058174094557,0.05477705123255348
40843,1.4831514000949217e-05,0.48522855511632257,0.9680567392871964,0.04852906957404037,3.707878500237304e-05,0.52129606290272,0.9705109036686563,0.04474368567341299,4.449454200284765e-05,0.37373420824458037,0.961644227523046,0.06085066325317491
41694,0.0001051635292880429,0.33916020527361607,0.9410281150682447,0.10168511597823407,0.0001051635292880429,0.22009176629808014,0.9542479366043572,0.06772637637686145,0.0002103270585760858,0.17839632762219615,0.9537577455878721,0.061520163986387905
42640,2.966588793710832e-05,0.7860137352654724,0.9493762766723768,0.08984945322089029,4.4498831905662474e-05,0.6470538417566037,0.948177536985563,0.08556322394156649,9.641413579560203e-05,0.6675329735876628,0.9430656954134002,0.08577915188616002
43507,1.183544004166075e-05,0.16958010263680803,0.8638669390327107,0.21929789066922503,3.550632012498225e-05,0.2520649403266671,0.876278329542741,0.17816533760777375,8.284808029162524e-05,0.30128140650643814,0.891297428156944,0.1464821047906894
43521,0.0,0.0,0.9388278844527325,0.11643061192491477,0.0,0.0,0.949837756169498,0.08520638390275534,0.0,0.0,0.9318551141370198,0.11474739050627425
45168,2.4152255820693654e-05,0.13120507751234178,0.973183271557861,0.040886406669505146,4.830451164138731e-05,0.15850703974098104,0.9768428711311188,0.03862230610308114,9.660902328277462e-05,0.17535382639040073,0.9759632405416865,0.03677800557781371
45255,2.4689732363301182e-05,0.6843515475204854,0.8230514616363468,0.3594334145095449,5.760937551436943e-05,0.7315449642824574,0.8480868965987632,0.28043564953079786,9.875892945320473e-05,0.6531314126485016,0.8681666362184416,0.22570313419343382
46403,0.0,0.0,0.9624236540249089,0.04858759086482498,0.00010790978741771878,0.06943122193677725,0.9631845529529318,0.040125095748406094,0.00021581957483543757,0.0795588163005403,0.9573362770479952,0.049284405398111235
46666,1.2809345698621714e-05,0.16958010263680803,0.9487034076149149,0.08300114583881557,2.5618691397243427e-05,0.17630010660342912,0.9470592995684598,0.09829415547731343,7.685607419173028e-05,0.2558373521196497,0.9548123403904102,0.07784216591430969
46874,2.001988642051104e-05,0.5296347172140421,0.9906943052842662,0.020837601264708138,3.3366477367518404e-05,0.47938213678331165,0.9890609844057557,0.021348416958448115,9.342613662905152e-05,0.6316719389066451,0.9876524117969728,0.02170666860614745
48699,0.0,0.0,0.8698610416880486,0.1206738975668888,1.1324643556844048e-05,0.06943122193677725,0.859628326431845,0.12927952186689853,5.662321778422024e-05,0.1886876962170813,0.8683925747256565,0.14325268872424254
48804,2.6100120060552277e-05,0.16958010263680803,0.8850738859620393,0.09607654387100041,5.2200240121104554e-05,0.17947710508581732,0.8950357663726702,0.09142599204256285,5.2200240121104554e-05,0.11582866341850037,0.8837337334103552,0.11173669897865668
49676,1.1897679952409281e-05,0.21398626473452753,0.9816750318027946,0.03377785462806352,4.7590719809637124e-05,0.3503127229879588,0.9769039069226784,0.042050115736876115,7.138607971445568e-05,0.2971868538539287,0.976578851884733,0.03855512328210088
53294,0.0,0.0,0.9876179542808667,0.017979262411768872,0.0,0.0,0.9852368339366464,0.020272814253418855,0.0,0.0,0.9836780352623233,0.02127405952028017
54287,1.3398988376377583e-05,0.360054614577234,0.9472907484977535,0.05400252029397292,2.6797976752755166e-05,0.36352581989644606,0.9533176272216972,0.051572385648590936,7.369443607007671e-05,0.4856311337046186,0.9521498233326261,0.04998451190869378
54601,2.2246281163332196e-05,0.6992148198508501,0.9473649591554618,0.08077231423020531,5.9323416435552526e-05,0.804810999209339,0.931229988272627,0.09077208305636139,7.415427054444066e-05,0.5896589231784107,0.9203063423802872,0.10686365821297461
54696,2.3482079259844862e-05,0.4468535299918563,0.9331344378323762,0.11752487776272554,4.6964158519689725e-05,0.4932162989129127,0.9294218808526236,0.10177383748609661,8.610095728609782e-05,0.49691162799134114,0.94207759318599,0.07803740883633592
55536,0.0,0.0,0.8809568558910996,0.20948428425370005,0.0,0.0,0.886952763457298,0.19212809038223966,4.1141427772109406e-05,0.17641904167634978,0.8969370641315966,0.15978192697298
55965,2.766232598668059e-05,0.8539316501572934,0.9653589824203037,0.039131076215020454,5.532465197336118e-05,0.8415908474314975,0.9533386829052688,0.047690335578731334,0.00011064930394672235,0.8275961843010574,0.9573136729898211,0.03799424598666209
56277,2.633900938985685e-05,0.27727342735504823,0.9684071646458982,0.04705870602511819,5.26780187797137e-05,0.31298349214690074,0.9609909189135944,0.06763532176914167,0.0001053560375594274,0.34708349550696543,0.9561338245413754,0.07232467207194482
58643,0.0,0.0,0.9346052381982235,0.07891649822397061,0.0,0.0,0.9377550440648209,0.08980256224134252,0.0,0.0,0.9467718761247109,0.06738076622858448
59012,7.53108455148626e-06,0.16958010263680803,0.931193570198497,0.11938164113965177,1.506216910297252e-05,0.18340980524840012,0.9309889692541397,0.1153763467131845,2.2593253654458778e-05,0.15242967195069693,0.9317049505067194,0.10704827516265272
59133,3.534018461712444e-05,1.0,0.9845129030758348,0.024233094293046653,7.068036923424888e-05,1.0,0.9839374903414303,0.024360859724066035,0.00013429270154507287,0.9676617088516802,0.9838792057251264,0.02319123636086066
59556,2.5313091297992037e-05,0.7860137352654724,0.9714474297768989,0.032671802503906756,3.796963694698806e-05,0.6457545768494584,0.9763418302900313,0.029132485753944604,8.859581954297214e-05,0.7011213879499818,0.9731106259753485,0.03429183014608115
59789,2.7594961160092167e-05,0.8304198973631919,0.9765854998250634,0.023454616977274034,5.5189922320184334e-05,0.8205228949141825,0.9756351208662879,0.03189768542765899,0.0001172785849303917,0.8468645862150548,0.9727447979803049,0.03477905600397407
60814,2.5505161607080234e-05,0.8539316501572934,0.9775787300756406,0.046391157184555346,5.7386613615930524e-05,0.9052116356304492,0.9752398968245035,0.05279045266939274,0.00010839693683009098,0.870013539667117,0.9759710354162812,0.04848489790255931
61275,1.91831801876115e-05,0.6548086577531306,0.9809578863253037,0.02805719539006927,4.476075377109351e-05,0.6975961695061491,0.9740782266718551,0.03481041249021282,0.00010231029433392801,0.7693284318416392,0.9758493725845371,0.03258126720537737
61307,2.2177374642389832e-05,0.14606834984270645,0.902897372758393,0.12067381788208162,4.4354749284779665e-05,0.17318663334822612,0.9008587361619286,0.13210247036207398,6.65321239271695e-05,0.14583197060863143,0.8889753989941666,0.1372990857454925
62812,1.8804297408767818e-05,0.5296347172140421,0.9135381523999492,0.10053388547612907,5.014479309004751e-05,0.6947651160602988,0.9054182807506447,0.10146558384235953,9.402148704383908e-05,0.6902554943742898,0.9164536573837235,0.08865946821861892
63214,8.19672131147541e-05,0.5087403079104241,0.923714890335052,0.13822150507130937,0.00012295081967213115,0.40350157154648025,0.9248850396288173,0.11599941158682163,0.00020491803278688525,0.33638409437272615,0.9311508923752745,0.09827350510268147
63286,2.3013194231359313e-05,0.4468535299918563,0.9812475153915852,0.03569008679283995,3.835532371893219e-05,0.4269620754585236,0.9826862223669878,0.03233565772188448,6.13685179502915e-05,0.38534017052145847,0.9832607463664009,0.03209702961045275
63806,1.977365753343396e-05,0.7227265726449517,0.9741986340364945,0.047147383662946483,2.636487671124528e-05,0.5423640154200348,0.9741047253410766,0.04579478060029353,7.909463013373584e-05,0.6315981196312437,0.9695064581904373,0.045793163686876526
65074,0.0,0.0,0.8639811602246292,0.12236913515572334,2.6349072512647553e-05,0.13305201013572895,0.8724743448578922,0.12493229942039948,3.952360876897133e-05,0.11820571413688058,0.8846817545522336,0.10978968707274181
65750,1.446968600781363e-05,0.16958010263680803,0.953489384022516,0.06503032030244824,1.446968600781363e-05,0.11004588314904007,0.954797527052025,0.06495261270382742,2.893937201562726e-05,0.10445751120154215,0.9574454253780775,0.06297898891228985
67571,2.6087693782650378e-05,0.6608397947263838,0.9784501647620806,0.03870688181204812,5.869731101096335e-05,0.7799082337019198,0.9790700885931996,0.034466840026147506,0.0001239165454675893,0.8579599603663425,0.979690892676048,0.03477049905530198
67963,2.605014653207424e-05,0.7860137352654724,0.9788978858626226,0.02036054157597006,5.8612829697167044e-05,0.8611375561264454,0.9753100048645005,0.02414678675605359,0.00011722565939433409,0.8730759624302119,0.9731174119249513,0.024466534820030774
68170,1.9104386367109888e-05,0.21398626473452753,0.9640449260600322,0.048013043449992354,5.7313159101329664e-05,0.2758471541718662,0.9655266131640913,0.050764942088323335,0.000171939477303989,0.3920201235032285,0.9599222052270658,0.053624322686663686
70108,0.0,0.0,0.9473105405160831,0.10253569108567875,0.0,0.0,0.9286863739104823,0.1272518883288146,0.0,0.0,0.9348564572010915,0.10703504742665006
72034,1.9521336821145514e-05,0.5296347172140421,0.9493187256268575,0.0698726903785346,3.904267364229103e-05,0.5527460588826717,0.9508245929492214,0.06463933181436976,7.808534728458205e-05,0.5763598688437016,0.9442458654885734,0.06529520070790158
72169,0.0007127583749109052,0.33916020527361607,0.9558024274478646,0.07813221968295156,0.0007127583749109052,0.22009176629808014,0.9507568672070914,0.0773502831334293,0.0007127583749109052,0.1420400396336573,0.9558068193412572,0.06466085939225377
72272,0.0,0.0,0.9780221944535024,0.03881736767800133,1.2432089709959348e-05,0.06625422345438903,0.9757634450102524,0.04094030205893747,2.4864179419918695e-05,0.0782683224234459,0.9759803448542659,0.041774185149499966
72294,1.243239883135451e-05,0.21398626473452753,0.9310163078671874,0.13988111857298363,1.243239883135451e-05,0.1388624438735545,0.9257129893353502,0.1360899575410963,4.972959532541804e-05,0.19076872330651434,0.9281755394265604,0.12876886937267407
72363,2.8557965530535604e-05,0.47036528278595785,0.9322217262403607,0.07532423825350346,7.139491382633901e-05,0.5206178632166882,0.9049931032528151,0.1313422115010449,0.00012851084488741023,0.4783458393654023,0.9085005381429262,0.1186286901260581
72819,2.636053300997746e-05,0.8304198973631919,0.96124102831513,0.062282423580223456,3.954079951496619e-05,0.6745711375739727,0.9651253188090505,0.054274510513333506,5.931119927244929e-05,0.5408192884162931,0.9627707929936916,0.05566579473005426
74189,3.53404344046197e-05,1.0,0.9527341434318733,0.0827098627292749,6.361278192831546e-05,0.933745776545611,0.9528332921801521,0.06786825571492132,0.00013429365073755486,0.9572416874849684,0.9572892291396069,0.058755483110617415
74193,0.0,0.0,0.9428106558237485,0.11680387417892564,0.0,0.0,0.946650438826002,0.10304464315485448,2.486696175461282e-05,0.06869457913685864,0.9548385988445716,0.0749984769657562
74490,0.0,0.0,0.9770252292838624,0.04408397161828691,0.0,0.0,0.9799396648521933,0.03818437686093472,0.0,0.0,0.9801552995657353,0.03364923202290062
74604,0.0,0.0,0.9773523813123217,0.0469410189321498,0.00010393929944912172,0.07336392209936005,0.9767189388320979,0.046076991124200085,0.00010393929944912172,0.04734667987788577,0.9760148447988497,0.04532319322901893
75380,1.2805081056163086e-05,0.21398626473452753,0.9180305897625434,0.08506937123789007,3.8415243168489255e-05,0.28088150105118154,0.9227997055092629,0.08029589917544776,6.402540528081543e-05,0.2531380474618027,0.9240467680411975,0.09066128638078652
76420,0.0,0.0,0.859504170692652,0.17178022883772,0.0,0.0,0.8517304159798316,0.1409520779519046,0.0,0.0,0.8514233955194157,0.1593358626515013
78088,8.003841844085161e-05,0.3451913422468693,0.9280159531573023,0.0908869679762252,0.00016007683688170322,0.36099027181348725,0.9156944950542177,0.11072434571308168,0.00024011525532255482,0.3005864778065498,0.9252566173076782,0.10386674275383667
78122,0.0,0.0,0.9202269637451392,0.15584360132003022,0.0,0.0,0.9299273468620278,0.11215854511156882,0.00010036130068245685,0.03343749138471349,0.9235677862904872,0.1176692081655416
78494,1.5063984273200419e-05,0.5087403079104241,0.8998762098582924,0.20449783251648573,5.2723944956201466e-05,0.6812060741152737,0.9090601743758278,0.17009904132711304,8.285191350260231e-05,0.5878940456350625,0.9263193750459024,0.1333065791922333
79027,2.6141057144350916e-05,0.33916020527361607,0.9140616072823349,0.17233270003228054,2.6141057144350916e-05,0.22009176629808014,0.9266098594787078,0.1126424891568794,2.6141057144350916e-05,0.1420400396336573,0.9349325051175791,0.08546809219504198
79219,0.0,0.0,0.9819077240304124,0.032137656156385086,0.0,0.0,0.9747251903055286,0.043907226752091404,0.0,0.0,0.9723752010620258,0.0479726203931471
80377,2.710871951963349e-05,0.8539316501572934,0.9837761990233098,0.028193801751645365,6.099461891917535e-05,0.9052116356304492,0.9810238785405602,0.034843124840440186,0.00010843487807853395,0.8273834880160561,0.9805036679396965,0.03319755589894375
82997,8.469551960701279e-05,0.33916020527361607,0.9226133725564797,0.1444769593304827,8.469551960701279e-05,0.22009176629808014,0.9304592532034283,0.10845358270003792,8.469551960701279e-05,0.1420400396336573,0.9292447600554621,0.09766661528258092
83110,1.2106097841482755e-05,0.13120507751234178,0.9529891836596212,0.05546975656297892,2.421219568296551e-05,0.15139734109601002,0.9461708980312554,0.04961743649903189,2.421219568296551e-05,0.09770690058701746,0.946562797484178,0.047008036194239725
84858,1.9503061980730975e-05,0.14606834984270645,0.9626816721407939,0.05731235470958743,3.900612396146195e-05,0.1584091525685025,0.9654133707574856,0.049612641704421,0.00011701837188438584,0.24313895426218415,0.9604471293407316,0.04833566885652692
85325,7.267705948617318e-05,0.360054614577234,0.8957905776010936,0.06608024476016781,7.267705948617318e-05,0.2336508082431053,0.9103851763524455,0.06353313502406834,0.00014535411897234637,0.22216032520380247,0.9001421266477243,0.0756680580259479
85365,0.0,0.0,0.9367486957107116,0.09198792399192932,0.0,0.0,0.9383118822636123,0.08791015375076987,9.586808551433228e-05,0.03635628798853883,0.9389168818283629,0.08522522737704306
85580,0.0,0.0,0.9795314497037542,0.024084930697350092,0.0,0.0,0.9787338326505965,0.02735140455955834,0.0,0.0,0.9723636482763152,0.0386577483481511
85659,3.449060820738513e-05,1.0,0.9792967221017939,0.03265794857286717,4.138872984886216e-05,0.7222954974312066,0.9716036287679375,0.04394381061482336,8.277745969772431e-05,0.6746679327454417,0.9680096388660415,0.04771480873217227
86047,7.531708492754496e-06,0.16958010263680803,0.9265392184990346,0.07041110731099921,3.0126833971017986e-05,0.31646181538412904,0.9392052920274587,0.04981610522668978,6.025366794203597e-05,0.34551230430470425,0.9334613040567048,0.05142081224818695
87929,0.0,0.0,0.9146619517919907,0.11661752772253697,9.874300158976232e-06,0.07839826897867533,0.9226930855069405,0.09785082614339075,4.937150079488116e-05,0.19318491018527292,0.8986121748556576,0.1065904680031541
89854,7.828033754481549e-06,0.13120507751234178,0.9509706098408085,0.07590782496380657,1.5656067508963098e-05,0.15457433957839825,0.9472178897144448,0.06704458758992554,6.262427003585239e-05,0.31579734040582297,0.951930703280621,0.0669802089450103
90065,7.827727375910952e-06,0.16958010263680803,0.9507987803709774,0.09765197190368005,2.3483182127732856e-05,0.26180807422707547,0.9540218525422912,0.07439481517516959,4.696636425546571e-05,0.2769584302011384,0.953161512112251,0.0733524767294545
90295,3.449489130659749e-05,1.0,0.9476954016772436,0.04961521920251878,6.898978261319498e-05,1.0,0.9509677324957927,0.056806540608231045,0.00011728263044243147,0.8988485638968292,0.9468284810986077,0.054305377362905236
91108,3.3851715943481175e-05,1.0,0.9286691398302009,0.08891218850324642,6.093308869826611e-05,0.9305687780632227,0.9240827069463002,0.08741638863598625,0.00012863652058522847,0.9551913563983281,0.9169369016118484,0.07945219931202854
92423,1.2426373735616473e-05,0.16958010263680803,0.7408356077075027,0.37128892810223163,4.970549494246589e-05,0.3254288624260272,0.7993982413873059,0.26536871491465797,0.00011183736362054826,0.3869024138932462,0.8079209967403104,0.22294538395305857
92495,3.770938133988974e-05,1.0,0.9658855851626681,0.06889951953029469,6.0335010143823584e-05,0.8603818544462509,0.9639110406552251,0.05965462800328814,9.804439148371332e-05,0.729230552445055,0.9576841621290495,0.0734592081860196
93155,0.0,0.0,0.9274744435021267,0.13713898048023979,2.003325520363804e-05,0.21145027911440428,0.914736969060826,0.15431467639425017,4.006651040727608e-05,0.24301211584255294,0.9169687880518301,0.1363367253927989
93571,0.0,0.0,0.9695351853546523,0.04306674403056987,0.0,0.0,0.9592349804161844,0.06281211680068433,0.0,0.0,0.9594735831188863,0.0588507368286924
93587,0.0,0.0,0.9629984826804916,0.05633097669363285,3.8940809968847354e-05,0.07336392209936005,0.9669612308545824,0.0408387601535759,7.788161993769471e-05,0.08696774693370136,0.9691204538051211,0.04181624768755742
97015,2.0828704732281715e-05,0.5296347172140421,0.9860566417315452,0.02227539806574651,4.860031104199067e-05,0.631144327861347,0.9862610028282941,0.019908239198595884,0.00011108642523883582,0.7255963049189289,0.9862626440639479,0.01762000670543713
98486,0.0,0.0,0.9324511861252767,0.11952011155292035,0.00010788650339842486,0.07336392209936005,0.9213801126262826,0.11631333943631075,0.00021577300679684973,0.08140965213386828,0.938734831122118,0.08690098339662826
99169,1.1923498831497114e-05,0.21398626473452753,0.9440604869252809,0.05539459593538496,3.5770496494491345e-05,0.28088150105118154,0.9374166658582379,0.06839286210823621,0.00011923498831497114,0.4306006118232406,0.9358478549540941,0.06867477508119262
100473,1.243008079552517e-05,0.16958010263680803,0.9602867621287663,0.04863599233481891,1.243008079552517e-05,0.11004588314904007,0.9540413875602711,0.06254946498331818,2.486016159105034e-05,0.10335831096514846,0.956269795010345,0.057817878234319296
101276,2.9809369084703323e-05,0.3451913422468693,0.9086973256484212,0.14799093189071344,8.942810725410997e-05,0.5056427642465516,0.9032591568416368,0.13940631169661774,0.00017885621450821994,0.5336109039030289,0.8924749682246083,0.13434900378128078
103004,2.0643527565990475e-05,0.5147714448836773,0.9766353911540469,0.04657436326061519,4.128705513198095e-05,0.5455017237786198,0.9748026791944664,0.04648018285989883,8.945528611929207e-05,0.5989556419844275,0.9788566801221592,0.03932558922954642
104297,0.0002370791844476055,0.47036528278595785,0.9347489429943915,0.13260466293972706,0.0002370791844476055,0.3052348839397011,0.9194763151120814,0.13218091081460562,0.00035561877667140827,0.2342953780720878,0.9362581114917115,0.10971789133031172
104514,7.530744263455557e-06,0.33916020527361607,0.9261070452016767,0.08968550375987924,2.259223279036667e-05,0.3621108234757072,0.9200052721639613,0.08538827323353189,4.518446558073334e-05,0.3382384540672843,0.922529033281388,0.07747907348908184
106952,7.827788649706458e-06,0.13120507751234178,0.9783702011944653,0.0411657559246927,1.5655577299412916e-05,0.15457433957839825,0.9828443130415447,0.0310000708354066,5.479452054794521e-05,0.27702037915945965,0.9782794557697307,0.041972462526827826
110579,3.131532180407569e-05,0.6608397947263838,0.9708456022683427,0.04214633047994687,6.263064360815138e-05,0.7015099647232445,0.9638546574202131,0.04530977398932264,0.00010177479586324598,0.6285251866567487,0.9692652245262419,0.03945227333386239
115180,7.471663715359499e-06,0.14606834984270645,0.8736407162584555,0.1122420472812542,2.2414991146078496e-05,0.23177307466786254,0.8859957935035935,0.11729401030987072,5.977330972287599e-05,0.32770811590660803,0.8836924418291989,0.12363570413980024
115668,7.28650539201399e-05,0.5087403079104241,0.9578159320876581,0.06126268560675883,0.00010929758088020985,0.40350157154648025,0.9493359727314742,0.08026512255218399,0.0002185951617604197,0.36411475309911867,0.9540987317053149,0.07224876620889818
118407,2.682043717312592e-05,0.21398626473452753,0.9460722902275924,0.05551809036824649,8.046131151937777e-05,0.2784805894273036,0.9480584179763675,0.061626779221647374,0.00010728174869250368,0.21378525185224329,0.944810092569857,0.06053077775809523
118675,0.0,0.0,0.9492480578733631,0.08424105818238123,0.0,0.0,0.9605558500655482,0.061060789412475516,0.0,0.0,0.9645752958740363,0.05349624467925794
119963,7.83128284244242e-06,0.14606834984270645,0.9453891971564717,0.08431652051645996,1.566256568488484e-05,0.16815228646891084,0.9315172210517304,0.09405700873439843,3.132513136976968e-05,0.17636829631265177,0.9222793428362749,0.10603981376305864
120554,4.339241934434054e-05,0.30078518014914984,0.919809877743918,0.09256813183020136,4.339241934434054e-05,0.19518900079066107,0.9328441655644394,0.07518763226678596,0.00010848104836085135,0.2318978780417502,0.9353100723213241,0.06912688635715829
121893,1.5066934858107142e-05,0.3451913422468693,0.9381062743382668,0.08264882289874895,3.766733714526785e-05,0.4330549290057018,0.9411279239858255,0.07387940242830995,6.026773943242857e-05,0.3886525595333162,0.943518500024822,0.07200721981822611
122043,3.339433364946636e-05,1.0,0.9230504367788622,0.0894998557979784,5.343093383914618e-05,0.8643145546088337,0.8951890406318628,0.12159557628415235,0.00011354073440818562,0.8740484057179136,0.9009611065994996,0.10828665167909539
123051,0.0001079447322970639,0.21398626473452753,0.8983960017517539,0.1645652802281916,0.0001079447322970639,0.1388624438735545,0.8644716973678325,0.19668183528543312,0.0001079447322970639,0.08961728720334346,0.8695375762824037,0.16735795053934052
124234,2.3012135065891413e-05,0.6843515475204854,0.671706269890801,0.2654816543862961,4.6024270131782826e-05,0.6652907408280684,0.7076733844766425,0.40719580070242345,9.204854026356565e-05,0.63787892412687,0.7085692336906899,0.39991610030859964
125713,0.0,0.0,0.9572679828307178,0.07695987456747329,0.0,0.0,0.9689171245538721,0.05604990756663266,0.0,0.0,0.964544938331733,0.0584916819658623
126494,0.0,0.0,0.9758837095722823,0.048764029784708965,7.417242121034557e-06,0.0636207881989517,0.9724016499605359,0.05207566595189201,2.225172636310367e-05,0.10855924302758506,0.9742799605245092,0.047047457290011176
127806,2.5776517592473258e-05,0.8304198973631919,0.9642909747151533,0.04378288542324147,5.799716458306483e-05,0.8899541168509598,0.9594458769266193,0.04368292087475393,0.00012243845856424796,0.9289799801831712,0.9580737234933393,0.04282779901349656
129178,2.2209390130147026e-05,0.13120507751234178,0.928763654499933,0.1200942812868901,2.2209390130147026e-05,0.08514311764162098,0.9116120715781572,0.10908132245724676,4.441878026029405e-05,0.09333322623736878,0.9124735434859517,0.12189111684819795
131954,2.4862324875999156e-05,0.360054614577234,0.9462164624165273,0.09120539346831802,3.7293487313998735e-05,0.29990503169749433,0.9581911718853198,0.06358652571480705,7.458697462799747e-05,0.2928151490682862,0.944638862127914,0.09027654191600723
134586,2.6701556700755655e-05,0.8539316501572934,0.9834020379363647,0.022169510522223934,5.340311340151131e-05,0.8389574121760601,0.98298367462299,0.02469464075615642,0.00012015700515340045,0.8960683721069365,0.9807857510646757,0.028641275938887146
135311,8.011729171507086e-06,0.21398626473452753,0.9293973535596356,0.11782511852466879,2.403518751452126e-05,0.2866919347890071,0.881199211020124,0.1992207379628899,4.807037502904252e-05,0.29706929029999857,0.8899833587801714,0.16507271710438776
135316,6.579380222383051e-05,0.16958010263680803,0.9443975466970148,0.11001535375174298,6.579380222383051e-05,0.11004588314904007,0.9370610518415802,0.1027358658661529,6.579380222383051e-05,0.07102001981682865,0.943467158061931,0.0840741199744931
135816,3.4910411157367406e-05,0.7860137352654724,0.9388510152929062,0.08153683232572002,3.4910411157367406e-05,0.510069131458292,0.9440812148215963,0.07620692067968092,3.4910411157367406e-05,0.3291819629005037,0.9495630261372762,0.0640571971912708
136040,0.0,0.0,0.8932359178414243,0.17098159363635235,0.0,0.0,0.919419320995822,0.11818059701219386,0.0,0.0,0.9286614207280067,0.09276938317976381
137024,0.0,0.0,0.9413286900161483,0.11087617219241999,6.770939129257228e-06,0.07336392209936005,0.946918312724214,0.0807211480866264,2.708375651702891e-05,0.14959731621745034,0.9469601954159845,0.07402784597312405
137148,5.6760937123071904e-05,0.8304198973631919,0.9229778588267191,0.046180088985756915,8.514140568460786e-05,0.6687607038361472,0.916681477951937,0.04477153568689261,0.00017028281136921572,0.6386502863434015,0.9135987769911417,0.04139812453043016
137618,2.2591722392915236e-05,0.6992148198508501,0.860668766975898,0.2052631925812408,4.518344478583047e-05,0.6530488081313034,0.8734448768924864,0.15273145699573085,7.530574130971745e-05,0.5614428789827135,0.8790917242024591,0.1555095736701888
138561,0.0,0.0,0.8980077676599553,0.16559995207986694,0.0,0.0,0.9178308516759344,0.13129550047114244,0.0,0.0,0.9135632706381681,0.11368701894262637
140311,3.534143358991214e-05,1.0,0.9806448065124057,0.02799109065461457,7.068286717982429e-05,1.0,0.9788047776894613,0.026214819517975385,0.00013429744764166613,0.961615361834617,0.9751666177905227,0.028068376258474713
141336,2.576506128863954e-05,0.8687949224876581,0.9851886565106481,0.02035714978602966,5.153012257727908e-05,0.8512360941594272,0.9804526079390273,0.02856628306393512,0.00010306024515455816,0.8343475910263606,0.9785180423639794,0.028087008768077352
142188,0.0002583311805734952,0.16958010263680803,0.9641380619210318,0.060040198163693645,0.0002583311805734952,0.11004588314904007,0.9523979632531503,0.08858955928185744,0.0002583311805734952,0.07102001981682865,0.9574829946662676,0.0666055812361845
142511,0.0,0.0,0.8813428945741739,0.22667533143888977,0.0004154549231408392,0.07336392209936005,0.8916827839577246,0.19396829122332945,0.0004154549231408392,0.04734667987788577,0.9069834158137006,0.14649219008399425
143167,0.00012417218543046358,0.49125969208957576,0.961526654834923,0.07665473878949972,0.00016556291390728477,0.3971921948634016,0.9586030935840808,0.06443114143729628,0.00028973509933774837,0.36985058875759114,0.9468707723855256,0.08296474148108605
144004,2.9614931848638083e-05,0.7860137352654724,0.9452348312782981,0.07503204945926054,5.9229863697276166e-05,0.7948833326720564,0.9417666930755983,0.07870377226670439,8.884479554591425e-05,0.6538986082388306,0.9463532396110079,0.06736544701155589
144624,0.0,0.0,0.9804893210489759,0.044336886737073054,0.0,0.0,0.9801522364777904,0.03969190863932224,7.804573480059315e-05,0.032864970567577,0.9811808070189134,0.03482899996777235
144974,7.170257770766859e-06,0.21398626473452753,0.9364029832279053,0.08315595653508875,2.8681031083067437e-05,0.35687885840597894,0.9379982605098277,0.07588858991608245,6.453231993690173e-05,0.41313088179921703,0.9382164347835316,0.07315292194452529
145006,0.0,0.0,0.9144925608297279,0.10748455565030546,0.0,0.0,0.9063898971194586,0.10598600438747283,6.508975877735397e-06,0.03635628798853883,0.9181341608522127,0.08681508175531957
146684,0.0,0.0,0.9395541126549665,0.09269593711329092,4.0125190594655326e-05,0.06625422345438903,0.9349457640267754,0.06858006938291233,0.00012037557178396597,0.11255209188828391,0.9318138276528913,0.06722007397960651
146834,4.1145829047309475e-05,1.0,0.9004783921873203,0.12824805413426682,5.760416066623327e-05,0.7909506325094736,0.899318424126611,0.1021390386084547,7.406249228515705e-05,0.5835122709058824,0.8924626274913138,0.11481952567445398
147700,2.8919286272014807e-05,0.5087403079104241,0.8182938904378061,0.17163923422402177,4.337892940802221e-05,0.39375843764607193,0.7996085506432697,0.17226544886019937,8.675785881604443e-05,0.36579682895850385,0.8224995881350212,0.15574611508345415
148475,2.672849859341276e-05,0.8687949224876581,0.9627585953097423,0.06220020725127988,5.345699718682552e-05,0.8512360941594272,0.9667565636462647,0.05008886228113486,0.00011359611902200424,0.8643715654853095,0.9692699203043006,0.03904885126123272
149471,1.281443417865884e-05,0.33916020527361607,0.9236961602337788,0.14765666738828637,2.562886835731768e-05,0.2934556883974402,0.9280232852355269,0.1312518685271359,6.40721708932942e-05,0.29822904512347453,0.9321486891792452,0.12385076007603858
149974,3.3363805609122996e-05,1.0,0.9831313762686689,0.022264571829303005,5.33820889745968e-05,0.8579809428223729,0.9830828492207816,0.030967688411845825,0.000100091416827369,0.7966675475173651,0.9833434100211367,0.030276584753374962
151298,1.899840413405274e-05,0.5147714448836773,0.9661819788422752,0.0731206488478807,3.799680826810548e-05,0.5455017237786198,0.9679977314891488,0.06160016726166171,8.232641791422854e-05,0.599801920064552,0.963364022483146,0.06719362351193908
151930,2.8270748962816898e-05,0.7860137352654724,0.9639398279455685,0.06257957139831512,4.240612344422535e-05,0.652088188635919,0.9612935908988021,0.05887098839651847,8.48122468884507e-05,0.6351518528865125,0.9596102999346717,0.052676434609220835
152892,1.3542153337802244e-05,0.5087403079104241,0.9640021159770713,0.07058959789944422,2.0313230006703367e-05,0.3995688713838975,0.9693354664701083,0.05165347332809457,5.4168613351208975e-05,0.4383844203556977,0.9710062689752631,0.04689308058289603
154039,0.0,0.0,0.9906826897161995,0.01746221542480002,0.00035486160397445,0.06943122193677725,0.9908245872295927,0.01640944320670127,0.0010645848119233499,0.11438162576606857,0.9858412975718236,0.024642937152399774
154628,2.8284342495103275e-05,0.8687949224876581,0.9857400312626357,0.015289207094490276,6.363977061398237e-05,0.914856882358379,0.9858279961839566,0.01712092371160021,0.00012727954122796473,0.9116139205433006,0.9826094460197693,0.0177722642510347
155174,3.177831447820008e-05,0.7860137352654724,0.9830215050632052,0.03894352876180349,4.766747171730011e-05,0.6457545768494584,0.9812071821685615,0.037597164033337176,0.00010327952205415025,0.666077781275598,0.9728031627955213,0.050386155921622586
155389,0.0,0.0,0.9342917373211002,0.06711084779344723,1.4280410133379031e-05,0.06625422345438903,0.9379516882619864,0.06785880044556489,2.8560820266758062e-05,0.0791146005035704,0.9340733282336432,0.05944686640905727
155768,2.2235563560358437e-05,0.6164336326286644,0.9802990030608273,0.03672394122452095,4.4471127120716875e-05,0.6032621820619527,0.9770566590068276,0.039843601234650264,0.00011858967232191167,0.7439583664035392,0.976668903158527,0.03737416275354014
156629,2.1462144354382928e-05,0.49125969208957576,0.9452742108973415,0.08695485467179534,4.2924288708765856e-05,0.5399873388995389,0.9470212562702942,0.07100711234687983,8.584857741753171e-05,0.5635483471770124,0.9563766624047927,0.06369521861229795
156899,2.7594199699223223e-05,0.8304198973631919,0.9799306644289361,0.035686625036978906,6.208694932325225e-05,0.8899541168509598,0.9749596105912298,0.0425042751620955,0.0001310724485713103,0.9289799801831712,0.9770431156246853,0.037896368082062655
157691,5.4039448797622264e-05,0.14606834984270645,0.8884132884060836,0.15484416484687796,5.4039448797622264e-05,0.09478836436955078,0.8626065278317631,0.17168219827687506,0.00010807889759524453,0.09461080676274536,0.8841575341789623,0.13813336748504648
159092,1.5073066690783573e-05,0.360054614577234,0.9272761107800699,0.11112622109549712,1.5073066690783573e-05,0.2336508082431053,0.9324336691690691,0.08246746450340164,2.260960003617536e-05,0.18917524074675823,0.9386225487956057,0.08356539061800654
159319,0.0,0.0,0.9208042592331731,0.09263070501631199,0.0,0.0,0.9225492113504703,0.1308833329058523,0.0,0.0,0.9274930337058314,0.10646564782397927
159786,1.2635356253869578e-05,0.5087403079104241,0.9573709468549414,0.06099623019625533,2.5270712507739156e-05,0.467122359745432,0.951529512661274,0.07035097028934865,5.68591031424131e-05,0.4846262753596381,0.94679578996987,0.08308368507457521
159997,1.4832503949154176e-05,0.5531464700081437,0.9730868367034929,0.04309899661042206,2.966500789830835e-05,0.5009732673492617,0.9679997718740643,0.05382614089112527,5.93300157966167e-05,0.4605719739797169,0.9643591012741275,0.05985068059585174
160042,8.228353259662143e-06,0.21398626473452753,0.8642217665348093,0.16134368349968747,2.468505977898643e-05,0.2745478892647208,0.8694091348545993,0.14514887682504105,4.114176629831072e-05,0.2468292848348112,0.8858650045067415,0.11604238113965812
161771,2.9807147754031416e-05,0.3835663673713356,0.970871869773724,0.06396965117389525,5.961429550806283e-05,0.37878333867593533,0.9738146796150717,0.050840665366289985,7.451786938507854e-05,0.28283903708747565,0.9734598469585143,0.04991479696737842
162736,8.482411719300032e-06,0.33916020527361607,0.9116113678629171,0.14206716758388974,2.5447235157900096e-05,0.3621108234757072,0.9063218848313795,0.13685313912142505,5.937688203510022e-05,0.37833339182011877,0.9220740901088182,0.10420906560533998
162876,7.415427054444066e-06,0.13120507751234178,0.9189958608536759,0.12846745395686016,2.9661708217776263e-05,0.28838205139432177,0.9014350547290183,0.12851934980200908,4.449256232666439e-05,0.25505986114492013,0.9039269699924214,0.12515649973369608
163491,1.1553481063844536e-05,0.14606834984270645,0.784415273738907,0.2607606624742845,3.4660443191533606e-05,0.24261785528500338,0.8097327202414688,0.21887540341986325,5.776740531922268e-05,0.22419278522076624,0.8040214058035741,0.1998971984184667
163999,6.262289743621858e-06,0.33916020527361607,0.9430960807168498,0.12230041342383946,3.7573738461731144e-05,0.5711601909662336,0.9519844889067375,0.09614494170837885,6.888518717984044e-05,0.5400656513652218,0.9515937100968891,0.0909600794765827
164367,3.1300667956254186e-05,1.0,0.9824576493199821,0.03373948556045847,5.0081068730006695e-05,0.8521705090845474,0.9801042093620573,0.03405239334362894,0.00011268240464251507,0.9045956734237112,0.9802555047061894,0.030611985822752423
165201,0.0,0.0,0.8832663733551558,0.0910007048751566,3.6297640653357535e-05,0.06943122193677725,0.8947709785760949,0.13656449124516049,7.259528130671507e-05,0.08031865351008605,0.869295565509314,0.14810664419131986
165310,4.140272429925889e-05,0.33916020527361607,0.9748029987182727,0.04445895726037149,4.140272429925889e-05,0.22009176629808014,0.9751091402820906,0.04393241967978307,4.140272429925889e-05,0.1420400396336573,0.9772907652012005,0.04038495452159664
165537,3.4497509279829997e-05,1.0,0.9874051807657445,0.0206337731274036,6.2095516703694e-05,0.92663607790064,0.9895794865140621,0.018630106588862064,0.00011039202969545598,0.8521273648902125,0.9883411957895605,0.02065414969655129
170021,1.4633361136719493e-05,0.3835663673713356,0.9291028138966183,0.12414747721375954,2.9266722273438985e-05,0.38852647257634365,0.9179661880279714,0.14654724096569083,8.04834862519572e-05,0.503242880431575,0.9143815902360801,0.14241278039649932
170914,3.295674756449636e-05,1.0,0.9430964556227399,0.06885480387189422,5.932214561609344e-05,0.9216017310213247,0.9569146233851471,0.058988408574469096,0.00011205294171928761,0.8836285344923496,0.9528550422426372,0.055734415080308686
172123,0.0,0.0,0.944579436306357,0.07550557367182327,0.0,0.0,0.9276625389571038,0.11409698156242602,0.0,0.0,0.9154964696126047,0.12713567050173652
172277,0.0,0.0,0.927293774114832,0.1042046921573541,0.0,0.0,0.9158510498512642,0.10573675607067026,0.0,0.0,0.9135428353442491,0.08598816758725525
172358,1.6028723472462653e-05,0.5531464700081437,0.9899752280493928,0.0164960423304214,2.404308520869398e-05,0.4283854321084119,0.9888546973159105,0.018572457705333178,4.0071808681156635e-05,0.3492827307135314,0.9881989440366528,0.01920379963866535
173010,7.415921984500723e-06,0.13120507751234178,0.9123372050924354,0.15383244257629172,1.4831843969001446e-05,0.15139734109601002,0.9007982173329537,0.15051908296702907,3.707960992250362e-05,0.2001448533189913,0.9081933509929513,0.14017852083280294
174684,0.00010125215160822168,0.6992148198508501,0.9774963993743725,0.036799314974877206,0.00020250430321644335,0.6651928536555898,0.9787965898871261,0.035319893175320485,0.00030375645482466504,0.5363942779179074,0.9751770150846955,0.04021977040744375
176563,0.0,0.0,0.9605984929709199,0.05474338186090518,0.0,0.0,0.9702556753288778,0.03948666026938304,0.0,0.0,0.9647143774221032,0.04680414815587346
178792,0.0,0.0,0.9069815589084751,0.17749539406266748,0.0,0.0,0.9150683372974578,0.14778379527145116,1.2102581480629818e-05,0.0396210670558156,0.9134657607104131,0.1476964535098025
179031,2.5839292520170797e-05,0.7860137352654724,0.9626615260534639,0.04124190320974427,4.52187619102989e-05,0.7191184989488184,0.9535448310047281,0.05627233237857051,9.689734695064049e-05,0.743036861903323,0.9572345737756537,0.051276011952546004
179073,0.0,0.0,0.9510762626392169,0.08962025592306591,0.0,0.0,0.9491047179822477,0.07890892885923675,0.0,0.0,0.9526468236462031,0.0792295446166516
184549,0.00010789814415192059,0.16958010263680803,0.9666778272117227,0.07217116122617148,0.00021579628830384117,0.17947710508581732,0.9646523689089197,0.06887859729027511,0.00021579628830384117,0.11582866341850037,0.9684581411769763,0.057462522831448426
186468,0.0,0.0,0.9318899456807681,0.09860881784253117,1.568725880839582e-05,0.06625422345438903,0.9315318207971393,0.0958737270016444,3.137451761679164e-05,0.08114295068041447,0.9271351101340105,0.08837441396124973
187468,3.1887348375658475e-05,1.0,0.9609692348544462,0.06735317526251662,6.377469675131695e-05,1.0,0.9640426047233248,0.054815675371710164,0.0001211719238275022,0.961615361834617,0.9694369408766133,0.048066089264889596
187593,0.0,0.0,0.9598543102254379,0.07657090404908515,0.0,0.0,0.943783820033501,0.09317172583581185,0.0,0.0,0.9271743993993592,0.11108812371245089
188765,0.0,0.0,0.9402863780568541,0.11862067257970561,0.0,0.0,0.9290490979255651,0.12722966393784865,2.0659449632261795e-05,0.10420458904527297,0.9320921423555089,0.11799968472285696
189323,2.708962602771269e-05,0.8539316501572934,0.9528439022301848,0.05658517538275724,5.417925205542538e-05,0.8318477135310891,0.9491898555325058,0.07061288187766035,0.00010158609760392258,0.7899204550396469,0.944382791833404,0.06905141901662135
191215,4.016333087890756e-05,0.4468535299918563,0.926136485584274,0.14101827003148718,4.016333087890756e-05,0.28997736516021183,0.9261661649321612,0.10644272731098244,6.693888479817926e-05,0.2582483839542538,0.9272425938251623,0.09186351912827469
192640,3.1323414252153486e-05,1.0,0.8932301213926717,0.09883695661304856,5.638214565387627e-05,0.92663607790064,0.9097798366369092,0.07212554889013596,0.00010649960845732185,0.8757255026998539,0.8915234027408084,0.09830082125128035
192958,2.606151821374354e-05,0.8687949224876581,0.9697461439426693,0.05112855379634697,3.9092277320615315e-05,0.7065836017263628,0.9696292866218496,0.04726725653382566,8.469993419466651e-05,0.7088261651907717,0.9644535669521558,0.04953628211267501
195907,1.6395861684510828e-05,0.14606834984270645,0.9805699095442062,0.03414080369297105,4.918758505353249e-05,0.2375835084056881,0.9808824675785445,0.03485894281389364,0.0001147710317915758,0.29364586277314436,0.973979425618127,0.043817216027211926
196365,2.422069900937341e-05,0.27727342735504823,0.8907306943145057,0.17431664512284525,2.422069900937341e-05,0.1799314820111718,0.8637288840022646,0.16336467766957624,2.422069900937341e-05,0.11612190345001776,0.8454356634053447,0.16228960193403255
199659,0.0,0.0,0.9648076133928181,0.0441243209741468,0.0,0.0,0.9575973694373747,0.07175278670066162,0.0,0.0,0.9566922418131986,0.0633385114161023
202729,0.0,0.0,0.9386603896933542,0.11069630533489586,0.0,0.0,0.9377977434495367,0.07708164108599463,0.0,0.0,0.9358018708846142,0.07952156233046083
203008,8.216386761757649e-05,1.0,0.9752450233110566,0.03919416242715419,0.00014789496171163768,0.9305687780632227,0.9761690977286005,0.03995892647667637,0.0002464916028527295,0.8129718155869101,0.9751909403411085,0.0405699107983551
205000,2.709623226890301e-05,0.8539316501572934,0.9320167084651217,0.12329611148603922,5.419246453780602e-05,0.8415908474314975,0.9297079363871003,0.11030678061873805,0.00011515898714283779,0.8643304138503655,0.927913761995662,0.10910541135621658
209429,0.0,0.0,0.9582785795104336,0.08481210468004029,0.0,0.0,0.9602087558485003,0.07191298546170354,0.0,0.0,0.9602091165549413,0.06694440214863119
210524,0.0,0.0,0.9564039730617491,0.06901989397163032,4.180776788327271e-05,0.06625422345438903,0.9477184323095733,0.07455457251912247,4.180776788327271e-05,0.04275831251503158,0.9536400783243891,0.06727443108268895
210871,2.716357907317868e-05,0.8304198973631919,0.9875788380725042,0.028714553118473318,6.111805291465204e-05,0.8899541168509598,0.9866009578916259,0.025227913839100096,0.00012223610582930407,0.8955424887984577,0.9848298159608857,0.02757860601863951
211490,2.0340362058444642e-05,0.6548086577531306,0.9164894895842005,0.07634193986008672,4.746084480303749e-05,0.7065632165480471,0.9086743158401516,0.0874543421896008,0.0001017018102922232,0.7422505006470077,0.9118645595058552,0.07746023757290818
212753,2.5611801918323964e-05,0.30078518014914984,0.9458164846662415,0.09156228087113866,6.402950479580991e-05,0.40346228142267715,0.9471736077086227,0.08718845431013725,0.00010244720767329585,0.3689499511142957,0.9454079099411556,0.08049931530906741
213951,1.5655944953697544e-05,0.3835663673713356,0.9108265838688357,0.16316134461983714,3.131188990739509e-05,0.39356081945565896,0.9121443638127804,0.14617792035290345,7.827972476848771e-05,0.4696691923057369,0.9056647541187226,0.15263716089113427
214319,2.3482263063965684e-05,0.5147714448836773,0.9143646897016143,0.16181805803479027,2.3482263063965684e-05,0.33405144466421555,0.9312030814936876,0.11498196402144496,3.913710510660947e-05,0.2880719327155506,0.92400384434823,0.12250895154317593
215026,1.602371509834555e-05,0.48522855511632257,0.9711787147031783,0.055005401307044656,3.20474301966911e-05,0.4576752747037683,0.966722135371595,0.05296612449402244,8.011857549172775e-05,0.5129759387653111,0.9641642193480651,0.05832661438219705
215393,0.0,0.0,0.8895866948169772,0.17710771772904535,0.0,0.0,0.8863353785986277,0.15146874787755846,2.169620967217027e-05,0.03406297225598251,0.8846816013376186,0.1412442936020767
215540,0.0005365958360163126,1.0,0.9734005002893843,0.04124821731707469,0.0009658725048293626,0.9305687780632227,0.9696809543838556,0.04410064717787285,0.0020390641768619874,0.9551913563983281,0.9590770722225403,0.06408589738942662
216114,0.0,0.0,0.9098082563222192,0.05587814101360217,0.0,0.0,0.9003833438421625,0.13028166056893306,0.0,0.0,0.901057151068796,0.10780512030077063
219619,1.5340364333652923e-05,0.27727342735504823,0.9527305337744852,0.1001060906670482,1.5340364333652923e-05,0.1799314820111718,0.9586138385817307,0.06932673392588902,6.903163950143816e-05,0.3647322245299575,0.9627245533732058,0.05954911207121847
221380,3.631169962962066e-05,0.5147714448836773,0.9451651507157705,0.08626994919192474,6.0519499382701106e-05,0.48581363574225095,0.9536258507623516,0.05919660494369732,0.00013314289864194243,0.5286035227787093,0.9500807996549832,0.05977042782084677
222708,2.7084306675604487e-05,0.8687949224876581,0.9539780158081494,0.03707585955814576,6.0939690020110095e-05,0.914856882358379,0.9485880983724506,0.03804066039739506,0.00010156615003351683,0.8044604307494712,0.9465219519456172,0.03424480471096226
222803,1.4830964086820464e-05,0.48522855511632257,0.8897566837588317,0.11335932594298374,4.449289226046139e-05,0.596517333399007,0.8935960991892185,0.1421832423693049,8.898578452092278e-05,0.5902300334625447,0.8799186636162663,0.1405953704695327
223609,0.0,0.0,0.8778784598497124,0.11161106549158428,0.0,0.0,0.8638143652626082,0.12214433033205338,0.0,0.0,0.8814226289621561,0.10275646060658082
223691,7.316734102565979e-06,0.13120507751234178,0.9568456222895192,0.06744266702738753,2.1950202307697936e-05,0.23297260855707358,0.964638095563074,0.05619981506577965,5.853387282052783e-05,0.32653662626366364,0.9644223197389611,0.05641374579687567
223818,2.002590016421238e-05,0.6164336326286644,0.9533037855440056,0.045788195681602625,4.672710038316222e-05,0.6848374495230163,0.9530104072600125,0.06440957102403962,8.677890071158698e-05,0.6507503741868637,0.9459855982554173,0.0698990945677608
224306,2.0327131299716776e-05,0.6548086577531306,0.9819379023511574,0.03192699127017914,5.42056834659114e-05,0.7759944384848244,0.9809373489217286,0.030993285146274346,0.00012196278779830066,0.8554341247246705,0.9807903445290254,0.028524690897097128
225048,8.72539438782633e-06,0.21398626473452753,0.9598890403148971,0.08678094528567681,1.745078877565266e-05,0.20829366581033176,0.9565986570828479,0.08379527721551,3.490157755130532e-05,0.20748448924554427,0.9556301325279923,0.07907263931892525
225705,0.00021544759237315523,0.47036528278595785,0.9812070438334393,0.027540917653499253,0.00043089518474631047,0.4498873763727655,0.9805760753369169,0.02866687310717952,0.0005386189809328881,0.32996369025110744,0.9732443486469101,0.044244786060048724
226249,1.5200340487626922e-05,0.33916020527361607,0.9738355248542196,0.0351652559706937,3.0400680975253844e-05,0.28634598975246917,0.9714118214992611,0.04181653115087275,3.0400680975253844e-05,0.1847983521486889,0.9671302071803767,0.046488758813096304
226533,1.9770399757483096e-05,0.49125969208957576,0.9661554814030996,0.039457855876848566,3.295066626247183e-05,0.45577863618303804,0.9612146590973281,0.042347320772229254,7.249146577743802e-05,0.5115171166769837,0.9616514082825576,0.03735925398372741
227406,1.2427145857410929e-05,0.14606834984270645,0.946365469605093,0.11462640882734842,2.4854291714821857e-05,0.16421958630632802,0.9500354075749169,0.09645022965060362,2.4854291714821857e-05,0.10598195897970358,0.9452818622372104,0.09526820017082946
229933,0.0,0.0,0.9526424823080092,0.07462885504585395,0.0,0.0,0.9554401268828376,0.06355056135339224,0.0,0.0,0.9568754512006953,0.06488831626595908
230395,2.4207506747842507e-05,0.360054614577234,0.9157974805032086,0.15025506905585911,2.4207506747842507e-05,0.2336508082431053,0.9096735566233948,0.15636927465097317,6.051876686960627e-05,0.26054496336918537,0.9131770485191023,0.14616004084079967
230424,3.132949860270436e-05,1.0,0.9893767263406905,0.02146699595653595,6.265899720540872e-05,1.0,0.9869657969734073,0.023922393768563487,0.00012531799441081745,1.0,0.9837951203819921,0.0258240305925652
231598,7.269026677327906e-05,0.3451913422468693,0.9038911731477992,0.14305048551707916,7.269026677327906e-05,0.2240055615151755,0.913947848222436,0.11457807377154157,7.269026677327906e-05,0.14456587527532933,0.8987904673895383,0.13964748230609744
234067,0.00021475357027810586,0.48522855511632257,0.8951487753096223,0.09228229266924783,0.0006442607108343176,0.5996943318813953,0.9026490278735799,0.08903618833970217,0.001503274991946741,0.6709115506416523,0.8835323774557793,0.12644185766005886
234907,0.00026359143327841844,0.8304198973631919,0.9576933652208434,0.08439449972561323,0.0005271828665568369,0.8236998933965708,0.9553471078667923,0.07799478285365055,0.0009884678747940692,0.778889528209629,0.9546103348672611,0.07208978715477082
234990,0.0,0.0,0.9552075752417531,0.08301537950507239,8.011408245341366e-06,0.07336392209936005,0.9633784018338316,0.06858795168772029,3.2045632981365465e-05,0.15941535735506673,0.9525824880624449,0.08051488722874162
235745,1.2806228949761163e-05,0.13120507751234178,0.9782236068324066,0.037767398861808875,2.5612457899522327e-05,0.14876390584057267,0.9772156411361651,0.035397842072097806,7.683737369856699e-05,0.23591259158092226,0.97777106245972,0.03411450249882515
237153,0.0,0.0,0.9402704335418184,0.0918783567331688,1.950534446438324e-05,0.06943122193677725,0.9475632568017704,0.07959451780939644,1.950534446438324e-05,0.04480864360167173,0.946611490393533,0.08417387962483959
238030,7.533524182612626e-05,0.13120507751234178,0.899064546489299,0.14482388436129048,7.533524182612626e-05,0.08514311764162098,0.8931913714925177,0.16020044646187748,7.533524182612626e-05,0.05494858807198588,0.8773623450753657,0.16516843240063675
238740,4.016548178495401e-05,0.13120507751234178,0.9606577063750524,0.055603482070167576,8.033096356990803e-05,0.15850703974098104,0.958170232222507,0.05377703736568299,0.00012049644535486203,0.13635824020585416,0.9570542948780434,0.06060080447491937
238755,0.0,0.0,0.8902117050791709,0.1577047374736039,0.0,0.0,0.8700696538947721,0.1882280164901816,0.0,0.0,0.8723143410860063,0.17344198487602525
240772,0.0,0.0,0.9653409616780546,0.0530239178415842,0.0,0.0,0.965736167499873,0.04644488597450758,0.0,0.0,0.9640727320277342,0.04830371623564064
241006,9.91375037176564e-05,0.14606834984270645,0.9492576531476316,0.0882443461583545,0.00029741251115296917,0.2246633760228915,0.94205579843187,0.09757032255295939,0.000495687518588282,0.21393790857308032,0.9379109098524177,0.10700523265627854
242071,5.956813104988831e-05,0.47036528278595785,0.9007505128380318,0.10711275461965988,8.935219657483247e-05,0.3746661058764784,0.9168818729774617,0.09865451259790156,0.00011913626209977662,0.28018190947269783,0.9140238716826365,0.08945761118635802
242756,1.1326824185035e-05,0.13120507751234178,0.970342432956936,0.05389488124419543,2.265364837007e-05,0.15850703974098104,0.9706977529999579,0.05143691987857372,3.3980472555105e-05,0.13960201831631627,0.9717056609500027,0.053374698174268355
244068,8.107012565869477e-05,0.30078518014914984,0.9368253258580795,0.11875018246637432,0.00012160518848804216,0.25880978898961277,0.9315774444689271,0.10244120094049892,0.00016214025131738955,0.20177755997457214,0.9378321242651232,0.0800482796462973
245172,0.0,0.0,0.8393317741920038,0.1573006189954588,0.0,0.0,0.8173257376812177,0.17658372679827133,0.0,0.0,0.8067634946871083,0.2194942253986288
248604,1.6024613806807256e-05,0.3835663673713356,0.9769810336301585,0.041106968301400856,2.4036920710210883e-05,0.31833954895937183,0.9736170401483845,0.03603585302397181,4.807384142042177e-05,0.31201825287080875,0.9678038655490177,0.037104839271136024
250851,1.602320159591088e-05,0.3451913422468693,0.952531491232059,0.07616701536297481,4.00580039897772e-05,0.4304214937502645,0.9482721486002872,0.09279137660561464,5.6081205585688075e-05,0.35026601576516847,0.9505558072094562,0.08207064674558753
251211,0.0,0.0,0.9584372809941945,0.038189726330568274,0.0,0.0,0.9524621613296876,0.05398448712537608,0.0,0.0,0.95528104622292,0.052339452886279794
251924,0.0,0.0,0.9790385729821856,0.03269056714972094,2.168570189388463e-05,0.19930623359011798,0.9741074984825333,0.035994660791770904,2.8914269191846177e-05,0.16268870775957486,0.9637986859528658,0.05486793347869845
252940,1.3540686377392471e-05,0.5087403079104241,0.9281605590150322,0.12977980070370926,2.7081372754784942e-05,0.46001266110046096,0.9275875923045636,0.12677351936112152,6.093308869826611e-05,0.4735506632565004,0.9285105591688504,0.11823065468600107
253975,0.0,0.0,0.9711369808120374,0.04201253853115722,0.0,0.0,0.9676247856330878,0.047152198233596405,1.2801966382036282e-05,0.03730675036644463,0.9673435471603915,0.04576690592736474
254135,0.0,0.0,0.9694308070290545,0.05488616200607489,0.0,0.0,0.9720245595721216,0.04709306954174582,0.0,0.0,0.9728033154959992,0.044361917752285825
254618,0.00012022120702091849,0.360054614577234,0.9743117396537434,0.04439210172535848,0.00018033181053137774,0.31204907722178066,0.973512982596047,0.04239040658173239,0.00024044241404183698,0.23544925781197487,0.9731953366466607,0.03901507810325783
255147,0.0,0.0,0.9711734578061589,0.045468849707960314,0.0,0.0,0.967772913675077,0.04790620233152792,5.346021223704258e-05,0.07368403931179811,0.9710295295891143,0.03769425383741757
255427,1.645589408986564e-05,0.47036528278595785,0.9831842236008306,0.03605498726168664,2.4683841134798458e-05,0.36885567213865283,0.9772039708037124,0.04095408675781257,4.9367682269596915e-05,0.3391988431957031,0.9728400292157261,0.04850903751800425
256304,3.3360466512763714e-05,1.0,0.9786648594962445,0.02808644482024336,5.337674642042194e-05,0.8553475075669357,0.9681336123954136,0.04838477225087969,0.00010675349284084389,0.83622674426583,0.969798223731029,0.04015277946082829
257177,0.0,0.0,0.819529591195726,0.24529047156164624,0.0,0.0,0.8283605583745881,0.17767718883905054,0.0,0.0,0.8122896795234974,0.19024830901299178
257385,0.0,0.0,0.9578649912626942,0.0929429372880018,4.0978568208826785e-05,0.06625422345438903,0.9527566111106719,0.07805807996727025,8.195713641765357e-05,0.07750848521390015,0.9433886587952293,0.08273405281470182
257435,1.2518543091954959e-05,0.30078518014914984,0.9300303042559109,0.09048630536940265,3.129635772988739e-05,0.40927271516050273,0.9361748060089251,0.07617901104880895,6.259271545977479e-05,0.44583462619332986,0.9427148825414147,0.07133391005452529
258175,2.3930887596620957e-05,0.27727342735504823,0.969957181506677,0.03653592579510223,5.98272189915524e-05,0.38634741424626085,0.9678733572686589,0.04283572529416316,0.00013161988178141527,0.4645088360116906,0.9687632076294499,0.037751655255538766
258218,0.0,0.0,0.9768026332506217,0.04401790555581096,0.0,0.0,0.9802464440928256,0.03693025451150011,7.316680568359746e-06,0.035510009908414325,0.9792727909678591,0.0349559506287377
260253,0.0,0.0,0.924248971926038,0.13102369287617424,0.0,0.0,0.911193491604134,0.14528643801964117,5.355899523324943e-05,0.14331874104781198,0.9207306824782135,0.11506333703590998
260536,2.8155531154095222e-05,0.47036528278595785,0.9742236070662058,0.04976875716837277,7.038882788523806e-05,0.5045411175298192,0.9783324933907187,0.0390775497850394,0.0001266998901934285,0.4734138478036864,0.9788926642352752,0.035028127089550186
261063,0.0,0.0,0.9433354426451256,0.058587446716754255,0.0,0.0,0.9420647509276592,0.0819262365041033,0.0,0.0,0.9384068136820247,0.0878784918092587
261621,7.833000430815024e-06,0.14606834984270645,0.879626633946825,0.13751611619961523,1.5666000861630048e-05,0.1584091525685025,0.8610235700468355,0.17415901493320013,6.266400344652019e-05,0.30843978083925877,0.8596459379467458,0.17218676997061633
262130,2.4686278543509567e-05,0.4468535299918563,0.8842393129945616,0.18072744506389396,5.760131660152232e-05,0.5626475208496899,0.9097900742431768,0.134981264870551,9.051635465953507e-05,0.4965052644478034,0.8999234568819977,0.15772642461031125
265524,7.835148476063621e-05,0.16958010263680803,0.9601308280988103,0.05321481905854667,7.835148476063621e-05,0.11004588314904007,0.9630790777976206,0.05798783415753535,0.00015670296952127242,0.10737630780536749,0.9642029491434192,0.051749613960233844
266113,2.636053300997746e-05,0.8687949224876581,0.9332324712506027,0.1147361133976316,3.954079951496619e-05,0.6968404678259544,0.9274710072916814,0.09818110538221912,7.908159902993239e-05,0.6617191959555538,0.9316443683275853,0.09144165181686537
267495,1.3232063937332945e-05,0.16958010263680803,0.9506679765118999,0.07699223153876865,1.3232063937332945e-05,0.11004588314904007,0.9467386090931944,0.08419735758586895,1.3232063937332945e-05,0.07102001981682865,0.9444147705397155,0.0834645709615296
268052,0.0,0.0,0.854264685780992,0.193930324239222,0.0,0.0,0.871361243526035,0.16877451281546896,0.0,0.0,0.849040870492648,0.17464457281929682
268394,3.449917546970627e-05,1.0,0.9796049873743533,0.0291733385390603,6.209851584547129e-05,0.9305687780632227,0.9759400241343219,0.032885994994628374,0.00013109686678488384,0.9551913563983281,0.9714981412993039,0.03953627491849705
268655,1.4831074066383888e-05,0.30078518014914984,0.9792771918967936,0.04597731270998597,3.707768516595972e-05,0.4042383682811874,0.9797039736440964,0.039335593235897755,6.673983329872749e-05,0.40255111286088485,0.9801809507101108,0.03358875496897181
273701,3.707658539479148e-05,1.0,0.8948695142448386,0.18415852653877623,6.673785371062466e-05,0.9363792118010483,0.8915073692296085,0.1409488014956689,8.898380494749955e-05,0.70961235835472,0.8960437327264179,0.13101861618010333
273838,7.1533316642226115e-06,0.16958010263680803,0.9539664607091266,0.10534871639438848,2.1459994992667836e-05,0.24966402870278917,0.953008296763214,0.09327310967700028,5.007332164955828e-05,0.2974347346130502,0.9441139559360359,0.10732807241211106
274349,0.0,0.0,0.9747403723300796,0.030448082739671357,0.0,0.0,0.9750617486284611,0.0285242477092781,0.0004424778761061947,0.1025984737556027,0.9463184204962198,0.05042116047370225
274860,1.2425292926280737e-05,0.16958010263680803,0.819011680630408,0.3437035184875144,3.7275878778842214e-05,0.25284102718517737,0.8384112943809734,0.2577787255899707,6.212646463140369e-05,0.2333470642304078,0.8540853518298517,0.22821498009959448
278635,0.0,0.0,0.9431297844593063,0.0916074581850706,3.204922761361451e-05,0.27267015568947806,0.9531914165687544,0.06914283604982581,4.807384142042177e-05,0.24290035820503764,0.9443390563431183,0.07985047747335937
279510,0.0002346866932644919,0.13120507751234178,0.9798743899655035,0.03232530284731908,0.0002346866932644919,0.08514311764162098,0.9782094001412867,0.036324002888405045,0.0002346866932644919,0.05494858807198588,0.976932458401721,0.03695616395891891
279819,1.3345255094551133e-05,0.5531464700081437,0.9841759116522436,0.027209401853451387,2.6690510189102266e-05,0.5017493542077719,0.9823220551035607,0.028367433904965732,7.339890302003123e-05,0.5685640521935175,0.9762319425117039,0.03437861321200503
280936,1.8778167250876315e-05,0.6992148198508501,0.946353027014988,0.08940025851541882,3.755633450175263e-05,0.6601585067762744,0.9562048831260668,0.0626822563397135,6.885327991987982e-05,0.5989636776295914,0.9487817525646681,0.06748977512903706
281881,1.3025242920780472e-05,0.360054614577234,0.9871083211342452,0.025035665942734143,3.256310730195118e-05,0.4477345226129469,0.9847567797744027,0.02571870010007989,5.210097168312189e-05,0.39495457117599897,0.9835025416691427,0.026229932582058326
281883,6.0270009643201545e-05,0.16958010263680803,0.9590295304062895,0.07936976524753005,6.0270009643201545e-05,0.11004588314904007,0.963478715085303,0.05490112724659884,6.0270009643201545e-05,0.07102001981682865,0.9577769121609192,0.07040145634054608
285266,1.6024228633694145e-05,0.5087403079104241,0.942204093877043,0.07572106330515245,1.6024228633694145e-05,0.3301376494471202,0.9476754418494686,0.06346718896931268,4.0060571584235366e-05,0.31729475264049006,0.9469807661938316,0.060672407605593705
285598,9.883083126612178e-06,0.33916020527361607,0.9261745484533221,0.126209307187886,2.9649249379836534e-05,0.37185395737611554,0.9313444101912527,0.11335733909868824,6.918158188628525e-05,0.38328893428443317,0.9340108208766074,0.10314586682531195
286031,2.6476389679503304e-05,0.5087403079104241,0.9131511134162473,0.15839095007302229,6.619097419875826e-05,0.5333765831998211,0.9308860103022891,0.11213861501470118,0.00017209653291677148,0.6301619036334913,0.9345489723946147,0.1005206217372801
286280,2.3483917430546316e-05,0.6843515475204854,0.919094414075062,0.1480333722861744,3.9139862384243856e-05,0.5771493379489846,0.9152041431461976,0.11735115286679242,7.827972476848771e-05,0.5458160534043083,0.9018943379142822,0.13201250694031771
287059,0.00012742099898063202,0.21398626473452753,0.9410464322853815,0.11505429265659321,0.00012742099898063202,0.1388624438735545,0.9445877798744007,0.07714090367767758,0.00012742099898063202,0.08961728720334346,0.9458463058475471,0.06708678954025322
288166,1.6024228633694145e-05,0.3451913422468693,0.946606742583769,0.09335215199299766,2.4036342950541218e-05,0.29025978496956456,0.9455797522506526,0.09813469787744537,5.608480021792951e-05,0.3316323549638499,0.944591176717309,0.08371614917151954
291268,1.3166730305863146e-05,0.33916020527361607,0.9580455342063772,0.05389229961128249,1.3166730305863146e-05,0.22009176629808014,0.9538711883035493,0.05462849192473258,3.9500190917589434e-05,0.2072433013495541,0.9431593034376082,0.0741226634555754
291342,1.8781341363400175e-05,0.4468535299918563,0.978815432284649,0.036860071465828134,5.008357696906713e-05,0.6410457898283652,0.9776150489963038,0.030547900340910327,0.00011268804818040105,0.7683426731629992,0.980507480043522,0.024835303770010055
292499,0.0,0.0,0.9653411083458707,0.04141006940807895,1.5203807033281133e-05,0.07839826897867533,0.9565173301158895,0.05292679785561972,3.0407614066562266e-05,0.08790243334106168,0.958728852755058,0.05141595494485268
293069,1.132490005775699e-05,0.16958010263680803,0.9008249215826339,0.19588399880955126,3.397470017327097e-05,0.25469837558210445,0.9021904837819518,0.14215648838577105,6.794940034654194e-05,0.27147454504617424,0.8989789706604793,0.14107623296901875
294706,0.0,0.0,0.9423005331712776,0.06544940659559331,0.0,0.0,0.9359291245646858,0.08756186405296605,0.0,0.0,0.9345155664009537,0.0839147773683241
296095,1.3796623966115492e-05,0.360054614577234,0.8180349506363166,0.23584519772624235,3.449155991528873e-05,0.4419240888751214,0.8223010862926351,0.20597071342975737,6.898311983057745e-05,0.45571042845547655,0.8568788444146517,0.1622275275200507
297780,0.0,0.0,0.978148309881903,0.041529529450525925,1.2879046435401922e-05,0.1427951440361373,0.9687602304714495,0.049914529267349315,5.7955708959308655e-05,0.3343501476889406,0.9713009660384213,0.04780165095856396
298532,3.538545374767341e-05,1.0,0.9762541176300885,0.036968404730001125,6.369381674581214e-05,0.933745776545611,0.9764924214320944,0.03000112732951734,0.00013446472424115895,0.9572416874849684,0.9734042175495405,0.03481271595574381
299504,0.0,0.0,0.9356699430197611,0.10217563308469495,0.0,0.0,0.9397919293157821,0.09098141929233935,0.0,0.0,0.9418385395610633,0.09179950388938864
299624,0.0,0.0,0.8934949590786465,0.14480123303440795,1.8149479109949544e-05,0.0636207881989517,0.9162063728856786,0.13204299236753247,5.4448437329848636e-05,0.11063176155128589,0.9230416327286444,0.11191841054346162
301055,2.3785172323573485e-05,0.7227265726449517,0.9637111131942833,0.0706471771553005,6.342712619619596e-05,0.8200685179888281,0.9587823328227497,0.0666471341765438,0.00011099747084334293,0.7491018526696885,0.9645554097133198,0.04859519162630887
302893,0.0,0.0,0.9030849198725319,0.10367565430159272,2.6467279825315953e-05,0.1427951440361373,0.8987793178385035,0.12593815499254743,5.2934559650631907e-05,0.16497208375441644,0.9034845409350174,0.11071250097837891
303326,0.0,0.0,0.9233282921391688,0.11602426869323348,0.0,0.0,0.9314166804418615,0.10575784274798525,0.0,0.0,0.93219081696178,0.10311716737549606
304586,0.0,0.0,0.9487325783987585,0.07189686807163595,4.5448347952551926e-05,0.06943122193677725,0.941418176075881,0.07973574667099387,4.5448347952551926e-05,0.04480864360167173,0.9402093565150438,0.09837259976087473
304868,0.0,0.0,0.8811484295711602,0.11303374215792486,1.3390645295196776e-05,0.07839826897867533,0.8548923183200883,0.1506814426379905,2.678129059039355e-05,0.09021675003043264,0.8708565060757258,0.14388252050180902
306548,0.0,0.0,0.9594454686184515,0.058624754739077245,1.2801802493791125e-05,0.06625422345438903,0.9536257272189413,0.07820796637987283,2.560360498758225e-05,0.07562328308260857,0.9483412228461636,0.08261953119836196
307346,2.304094375705629e-05,0.3156484524795145,0.9832030949753842,0.027467552557787413,3.456141563558443e-05,0.2781981696179509,0.9781110665405311,0.03876770355099008,4.608188751411258e-05,0.21589630306128513,0.9780869436192441,0.036288042178648394
307799,7.928327915642591e-06,0.33916020527361607,0.9435342277251799,0.11139949830537547,3.1713311662570364e-05,0.43810818083050457,0.9456769593036833,0.09460207592412695,4.756996749385554e-05,0.3496686578247512,0.9508591077993589,0.08022259202134066
308682,2.5037399615675916e-05,0.8687949224876581,0.9771609601050143,0.02825304972010879,4.381544932743285e-05,0.7791714369672127,0.9643534865324792,0.04296128677604931,9.389024855878469e-05,0.7911819938590202,0.9678592535385329,0.03841661056940823
309024,2.069436492443108e-05,0.6843515475204854,0.9523768697301218,0.06854478819323385,3.449060820738513e-05,0.5868924718493929,0.9467824643560508,0.07604558318657854,6.208309477329323e-05,0.5265607229829949,0.9462871141395348,0.0667688584592546
310651,3.693807946612162e-05,0.6992148198508501,0.973556767106429,0.05452648305640626,8.618885208761712e-05,0.7353797772725617,0.9758249863479774,0.04527168080097145,0.00011081423839836488,0.544163079133853,0.970270700242971,0.05025860522004395
311004,3.398355196085095e-05,0.5147714448836773,0.926773599135932,0.13943341789513772,5.6639253268084914e-05,0.47607050184184263,0.9152927027843042,0.1367260408638674,0.00010195065588255284,0.44569854392327973,0.9253541972291804,0.10952269759107976
312502,3.25302694156913e-05,1.0,0.978207924310753,0.04129168994948844,6.50605388313826e-05,1.0,0.9809702157670859,0.03569450667969513,0.0001301210776627652,1.0,0.9825361449224147,0.0306490372162693
312930,2.7612486366334857e-05,0.8304198973631919,0.9646742084486789,0.052722825021842466,6.212809432425343e-05,0.8899541168509598,0.9677758447357434,0.039919000264105914,0.00013115931024009056,0.9289799801831712,0.9681632634132775,0.03541446167936609
315685,1.2802458071949814e-05,0.16958010263680803,0.8850621336598555,0.20061980258008022,2.560491614389963e-05,0.17630010660342912,0.872777979902956,0.16635512746858985,2.560491614389963e-05,0.11377833233186023,0.87938744008124,0.14362880439380032
316847,8.726384222697325e-06,0.21398626473452753,0.8899253101962697,0.13249193981038515,3.49055368907893e-05,0.3471357245055706,0.8922247389489574,0.10766495606371979,6.108468955888128e-05,0.3338228500697184,0.8886595429364565,0.11418227049597877
320580,3.256289523214088e-05,1.0,0.9888756913110038,0.02087642867479108,5.8613211417853584e-05,0.92663607790064,0.9832875770089103,0.033277527287772835,0.00010420126474285081,0.8479662200044408,0.9838666251427778,0.0290775888596954
323324,3.3360243930103614e-05,1.0,0.9834183053217854,0.024188997744254658,6.004843907418651e-05,0.933745776545611,0.9823988258833685,0.025009096271452952,0.00012676892693439375,0.9572416874849684,0.981125718378685,0.03024603348124815
323949,0.004366812227074236,0.3156484524795145,0.9579721753945355,0.042342772379095985,0.010917030567685589,0.4162845266329952,0.9625491970467472,0.04318392018308093,0.015283842794759825,0.33443222369107173,0.9558449483342448,0.05490189386708275
324068,1.9322177995903697e-05,0.6843515475204854,0.9771107176524694,0.03355206530128293,3.220362999317283e-05,0.5861163849908827,0.9806697307844298,0.031650960110115735,7.084798598498022e-05,0.5897771221806374,0.979016456937887,0.036980726604839156
324827,2.6463777704267285e-05,0.3451913422468693,0.9833877908356067,0.03251704464385764,3.969566655640093e-05,0.29025978496956456,0.9846007216307129,0.027339471243725644,5.292755540853457e-05,0.22283419769877524,0.9827136814189705,0.02955973645696511
325075,4.0181620926588175e-05,0.16958010263680803,0.9436209799047163,0.09514721106831192,0.00012054486277976453,0.2399208948023808,0.9383461580497519,0.10523288912169312,0.0001607264837063527,0.1889000839747318,0.9383814730304483,0.09021247818643412
326790,1.8808895353575884e-05,0.7227265726449517,0.9846936901574654,0.024133407573603115,3.761779070715177e-05,0.6722390270733755,0.9807622704348553,0.025742213336499706,7.523558141430354e-05,0.6464799194895755,0.9783585275161014,0.03128812701156428
326901,1.483404413128129e-05,0.360054614577234,0.922957415065806,0.15452710302139896,4.450213239384387e-05,0.5113553108118987,0.923262642783787,0.1381113008697155,6.675319859076581e-05,0.44352773618919755,0.9238633598537287,0.13550026960874723
326964,0.0,0.0,0.9626750411961721,0.06626100633355862,0.0,0.0,0.9603946884382506,0.06851485631169484,1.2308298254683307e-05,0.03475017269886857,0.9582035252759542,0.07421905964355477
327077,1.3236267372600927e-05,0.33916020527361607,0.9783272719026821,0.04863879843586969,1.3236267372600927e-05,0.22009176629808014,0.9782375150758469,0.03979830888838839,1.3236267372600927e-05,0.1420400396336573,0.9759196248942021,0.040391368173905824
327081,3.3360243930103614e-05,1.0,0.9817305417009218,0.03618124734814447,6.004843907418651e-05,0.9305687780632227,0.9799434400845138,0.03626240859411882,0.0001134248293623523,0.8899880946824313,0.9794332746473315,0.0359601158790478
327269,2.738263119703172e-05,0.27727342735504823,0.9497343545927983,0.06716040503151914,4.107394679554759e-05,0.2532954041105318,0.9457596241148201,0.0745300694463431,8.214789359109517e-05,0.27391014455859963,0.9439867848076858,0.0756086130150616
334946,0.0,0.0,0.9647738869749676,0.06582860999709864,0.00010144045445323595,0.06943122193677725,0.9569057589715048,0.07669454264787373,0.0002028809089064719,0.07887161585765423,0.9552199705995372,0.07989287578182756
336188,2.3930887596620957e-05,0.5087403079104241,0.6783348479153026,0.3862690620315278,5.98272189915524e-05,0.5513310624619329,0.6686302765145644,0.3099282639396202,0.00010768899418479432,0.49460530662517316,0.6580186212666839,0.31232504836847336
337228,5.6187666807135836e-05,0.5087403079104241,0.961597193124839,0.04973287126342081,0.00011237533361427167,0.4818998405251556,0.9634971799681473,0.048743635311315044,0.00025284450063211124,0.48740708245912745,0.9624106365441307,0.05158963865771838
339928,1.6231921697209733e-05,0.21398626473452753,0.8680261999700954,0.18821824121665842,4.86957650916292e-05,0.2835149363066189,0.8670856126148999,0.17744430999756655,6.492768678883893e-05,0.22027803305943672,0.888309964256222,0.15286663580528018
340494,0.0,0.0,0.9137696030106129,0.1301408900922138,2.4207506747842507e-05,0.1427951440361373,0.9113592304772012,0.13625407211685217,6.051876686960627e-05,0.19762842549212878,0.911332972583582,0.1325875493793017
341108,2.7602768557686335e-05,0.8687949224876581,0.9807967464163478,0.030785955971599166,6.210622925479426e-05,0.914856882358379,0.9835078686789787,0.026549757714268197,0.00012421245850958851,0.9103012392291455,0.980525221685212,0.031060518244944834
341119,2.122000905387053e-05,0.5147714448836773,0.9609320161086817,0.047290540348319345,5.658669081032141e-05,0.6851198693323689,0.9544474658987507,0.06331817428417294,0.000120246717971933,0.7620364722894422,0.956939845727487,0.051237971660964096
341788,0.0,0.0,0.9426859019012243,0.06727067564341058,0.0,0.0,0.9359003924118449,0.06829894005373205,0.0,0.0,0.9368659461084947,0.07385151571717515
341873,2.6689441656880537e-05,0.7860137352654724,0.9762698043587065,0.04726998688614766,5.337888331376107e-05,0.7827392871477701,0.9817023808571335,0.032766708010757935,0.00010008540621330202,0.7548651361891494,0.9817393270768312,0.03052205928967051
342170,1.975601323652887e-05,0.360054614577234,0.9889381021049453,0.016883221429518834,3.951202647305774e-05,0.3854129993211407,0.9845868626789341,0.022794987387122264,7.902405294611548e-05,0.38829035213988733,0.9817261683652194,0.02412375654698004
342347,5.774338838203026e-05,1.0,0.9603594710373725,0.07205647531437691,0.00011548677676406051,1.0,0.9501858166135367,0.08982456255462887,0.00020787619817530894,0.9275523895786345,0.9485213917669336,0.08445466097555449
342500,4.0526849037487334e-05,0.13120507751234178,0.9392042471427471,0.08450727033461422,4.0526849037487334e-05,0.08514311764162098,0.9459880757046605,0.07342101270775277,0.00012158054711246201,0.1269079462761213,0.9450517336747408,0.07780451303613035
343310,7.530914403626888e-06,0.14606834984270645,0.6603216254881767,0.36971963948169095,7.530914403626888e-06,0.09478836436955078,0.6773912416654007,0.3337101400754113,1.5061828807253777e-05,0.0975296033665707,0.6936454541176624,0.2868990371913902
344428,0.0,0.0,0.9639476521735073,0.05067917947558117,0.0,0.0,0.968889488818812,0.040829060716896494,0.00010737678513905293,0.032864970567577,0.9707787626068727,0.04051023070284992
345939,2.403538007947699e-05,0.4468535299918563,0.8603420032506508,0.2864078034603432,4.807076015895398e-05,0.5111707781750245,0.8810745377844643,0.21125685964262494,6.409434687860531e-05,0.40302774058527246,0.886245886068363,0.18299546045691492
346533,0.0,0.0,0.9271232929591289,0.09238584467617364,0.0,0.0,0.9326077685611438,0.07212937045410167,0.0,0.0,0.9173855949452028,0.08772287884178627
349222,8.941877794336811e-05,0.5296347172140421,0.9659933119279746,0.06505507732124086,8.941877794336811e-05,0.34369669139214537,0.9624989282409286,0.06153752713380154,8.941877794336811e-05,0.22181062239820398,0.9568934287716063,0.07030533839987538
349313,1.4633254069873788e-05,0.3156484524795145,0.937065054079161,0.05386489104213891,2.9266508139747575e-05,0.3476293915547282,0.9380618923059881,0.07826690923769553,6.584964331443205e-05,0.3956718157116106,0.9290889092869264,0.08705153692929195
349398,2.4227740763173834e-05,0.27727342735504823,0.9788040102283982,0.03764699539939672,7.26832222895215e-05,0.4526016377006499,0.973101355273944,0.046059132114135454,0.0001332525741974561,0.47246688808948334,0.9749098028480656,0.0423001376763715
351064,3.386042731859276e-05,1.0,0.9424922444200282,0.06814938358053271,6.094876917346697e-05,0.9363792118010483,0.947395531482964,0.054325206503213076,0.00012189753834693394,0.9255037292283974,0.9485028740706156,0.0592853466056251
352359,1.4451702410543962e-05,0.14606834984270645,0.9763693740370263,0.04500808380113038,7.22585120527198e-05,0.3796025655833152,0.9733491467738767,0.04341887083155361,0.00013006532169489567,0.3854998099060506,0.9672994987973513,0.04915968709386903
352698,1.5061828807253777e-05,0.5087403079104241,0.977736334976119,0.03520383997032654,2.2592743210880666e-05,0.40350157154648025,0.9801748291245873,0.029257719823631432,2.2592743210880666e-05,0.2604067393283717,0.9793595702061653,0.02947495142165041
357963,8.481620328747603e-06,0.16958010263680803,0.9793771673080945,0.029589132235750094,3.3926481314990414e-05,0.3190952506395664,0.9745565474794768,0.04747271978783051,9.329782361622364e-05,0.45831567101191084,0.9733184308054618,0.0478609905776036
358858,4.062068405231944e-05,0.16958010263680803,0.9861158662747773,0.018203579215231958,8.124136810463888e-05,0.1884441521277154,0.9816120453809554,0.02891146888686564,0.00012186205215695832,0.1550531941761592,0.9795541243932459,0.03287628111291239
359084,3.157402846714407e-05,1.0,0.9178801208897166,0.09991003831757801,6.314805693428813e-05,1.0,0.925368697597372,0.09371344512912594,0.00011998130817514744,0.9659370277440176,0.9256626132603486,0.08607832975123636
360617,3.3366032044737176e-05,1.0,0.9513819944749271,0.06648650917216145,5.3385651271579483e-05,0.8603818544462509,0.9553803899339623,0.06282597216430287,0.00011344450895210639,0.8743849976986683,0.9543049244743166,0.05710691397773761
360908,0.00010560777273207308,0.16958010263680803,0.8973619181840217,0.1534309347840213,0.00010560777273207308,0.11004588314904007,0.906119677372207,0.13967585359028944,0.00010560777273207308,0.07102001981682865,0.9132160222265384,0.1279459581155676
362405,5.04261005496445e-05,0.21398626473452753,0.9494012483096265,0.0637352885795286,5.04261005496445e-05,0.1388624438735545,0.942506011447947,0.07081843401141036,0.000100852201099289,0.12800192536872637,0.9277874491788743,0.11636714985745622
362861,3.068355284858434e-05,0.8539316501572934,0.9668584968766571,0.05928978327477789,4.602532927287651e-05,0.6937613565160448,0.9602670861930388,0.05814013052609462,7.670888212146085e-05,0.5959968149472139,0.9623750072326848,0.0549041192388653
363324,1.3567232420258592e-05,0.3835663673713356,0.7904632808750222,0.2150932787750916,3.3918081050646476e-05,0.46299204139243616,0.781347257992999,0.20564642706794747,8.818701073168084e-05,0.5821829889185902,0.7753410637616127,0.21970693569919064
365667,3.3360243930103614e-05,1.0,0.9356002404582332,0.10103739027776834,6.672048786020723e-05,1.0,0.9353405155438301,0.09281107233141792,0.00012676892693439375,0.9603789329441843,0.939454787985078,0.08177085600004708
368873,0.0,0.0,0.9610208743183482,0.05332748842596639,1.506364389545831e-05,0.13698471029831175,0.9662912422674512,0.04299003311366441,3.012728779091662e-05,0.15659312334835687,0.9636065424047675,0.04562264354842082
369481,0.0,0.0,0.9584481059854039,0.0640616575964479,0.0,0.0,0.9586257214220877,0.05722494404382867,2.7998656064508904e-05,0.03233829114831981,0.9567335174167347,0.05504927493048004
369542,1.5343306482546988e-05,0.3835663673713356,0.9715342987498954,0.013184798530068587,2.3014959723820482e-05,0.32730659600126993,0.9722701728872751,0.01349957208386775,3.835826620636747e-05,0.27700877252782247,0.9701364273858942,0.01344971779979039
370824,1.3389748808312357e-05,0.33916020527361607,0.9743872643908442,0.04578651122503306,1.3389748808312357e-05,0.22009176629808014,0.954895802101628,0.07651314555006299,2.6779497616624714e-05,0.17755004954207163,0.948864873087342,0.09005073754114536
371177,2.3012841165370277e-05,0.6548086577531306,0.968743040129128,0.049309477408501466,3.06837882204937e-05,0.49118023727106,0.975432885838649,0.03127350351594596,5.369662938586398e-05,0.42138690155718245,0.977492495298487,0.02643570572756636
371926,0.0,0.0,0.9539295252854065,0.07293564880688637,7.415262092438657e-06,0.06943122193677725,0.9569645299954876,0.057276778612739984,1.4830524184877315e-05,0.07887161585765423,0.9556359497630338,0.06599455937385708
372272,0.0,0.0,0.9596923096750336,0.07687737351480026,0.0,0.0,0.9464136167749742,0.0842122716185453,6.3765343535788296e-06,0.03730675036644463,0.9454121473415154,0.08336781196421246
372976,1.9501920939212512e-05,0.16958010263680803,0.8604749679687546,0.2622738274171934,5.850576281763754e-05,0.24309789328476902,0.889816441317992,0.17684852598354991,7.800768375685005e-05,0.19650850986120505,0.8716451736504316,0.16996661798194554
374765,0.0,0.0,0.8248414206540357,0.248391682665428,0.0,0.0,0.8528015186935549,0.18571597888580582,2.1702801831716475e-05,0.03343749138471349,0.841402533117822,0.21502899550324125
376466,8.22848867348534e-06,0.21398626473452753,0.9843577997577558,0.028054152810128286,8.22848867348534e-06,0.1388624438735545,0.9830137202684937,0.03275546158387278,8.22848867348534e-06,0.08961728720334346,0.9758993244212586,0.03661536902185535
379768,2.3015665996655058e-05,0.4468535299918563,0.9511368602767769,0.1033677455312955,3.068755466220674e-05,0.3562315886146009,0.9541220443128555,0.08026321790434804,6.137510932441348e-05,0.3758518069209884,0.9617775835776843,0.060765802095477585
379805,0.0,0.0,0.9804707081185342,0.021990372121711954,8.01166498421702e-06,0.07336392209936005,0.977100543311173,0.020972209040347238,8.01166498421702e-06,0.04734667987788577,0.9752166013453459,0.02196802956728484
380363,0.0,0.0,0.9488175980935363,0.06538987716561366,0.0,0.0,0.9378377003874073,0.08260447523401379,0.00038402457757296467,0.0396210670558156,0.9253242329858521,0.09388208411110278
380719,7.95291872117067e-05,0.48522855511632257,0.962786362447703,0.07682341401234581,0.0001590583744234134,0.45449827622138,0.9568003278936545,0.07107536642519151,0.00027835215524097344,0.40335867470494347,0.9617129046912822,0.05683940533421972
381030,2.961252017352937e-05,0.7860137352654724,0.9780591136666855,0.03284769697167097,6.662817039044108e-05,0.8611375561264454,0.972363382876156,0.04631124342278079,0.00011845008069411748,0.7989395161907445,0.9762862746415617,0.037200601150283376
384536,1.5858793304417467e-05,0.360054614577234,0.9383545524225905,0.0753890076004562,2.37881899566262e-05,0.29727159644205703,0.9409642321117637,0.06863597311401298,5.550577656546113e-05,0.3345956021989399,0.9412415465394852,0.07953033141901794
384715,2.738975623116954e-05,0.3835663673713356,0.9584172390006869,0.07003667739012918,2.738975623116954e-05,0.24890832702259458,0.96027607928251,0.06127077000106053,0.00012325390304026294,0.4103480649273396,0.9589424871371641,0.06860085077199903
384999,0.0,0.0,0.9668880298891633,0.05980915238576686,1.6214025131738956e-05,0.07336392209936005,0.9565584334393208,0.07497813769440513,4.8642075395216864e-05,0.11983271750127836,0.9502518557798274,0.08757032105661001
385015,0.0,0.0,0.8979078970923287,0.16665019806448242,0.0,0.0,0.8783134811076321,0.1738182798275316,6.273132174894925e-05,0.03406297225598251,0.8726236429198497,0.16522165153964133
385939,1.1551746046414916e-05,0.16958010263680803,0.9366327112735598,0.13078888591451548,4.6206984185659664e-05,0.31646181538412904,0.9291724985833385,0.13048345521627752,6.931047627848949e-05,0.2754837314162351,0.9224805313283989,0.11411438395433761
386129,0.0,0.0,0.9446235873622676,0.11381981114115022,2.487067250298448e-05,0.1396181455537491,0.9272566763829728,0.13935260298133784,8.704735376044568e-05,0.26776046295969985,0.9393201587317594,0.10971363536105605
388485,0.0,0.0,0.9536953255616776,0.047911822473636886,0.0,0.0,0.9554380018735367,0.05018136272284213,4.788354721317755e-05,0.03635628798853883,0.9507175736971419,0.06346567050105063
390431,4.019292604501608e-05,0.8687949224876581,0.9778465358654458,0.028307136243998075,7.033762057877813e-05,0.77523873680463,0.9747452360633566,0.025504097148401458,0.00014067524115755626,0.7489450900317935,0.9745654281954341,0.024614915957787063
390953,1.2748760183072197e-05,0.30078518014914984,0.8271342630293524,0.17452713221608365,1.9123140274608294e-05,0.2735872697693364,0.8238964025125851,0.15212153992998406,3.187190045768049e-05,0.2513052170173533,0.8185523555292615,0.16764363130375304
391688,0.0006540222367560497,0.16958010263680803,0.8661681146203634,0.226449644418577,0.0006540222367560497,0.11004588314904007,0.8846612913033457,0.19375769995412412,0.0006540222367560497,0.07102001981682865,0.8928702530040136,0.15645422750494797
393876,2.5035205758097324e-05,0.8304198973631919,0.974359279205818,0.03290124236911481,5.632921295571898e-05,0.8899541168509598,0.9740533588582201,0.032140234678045616,0.00011891722735096229,0.9289799801831712,0.9767538883249356,0.024528267980246866
394212,2.669959616860795e-05,0.8539316501572934,0.9873261064865716,0.014595074752702697,6.0074091379367887e-05,0.9052116356304492,0.9869203131254418,0.019596285090583785,0.00012014818275873577,0.9033166747135537,0.9855076024410367,0.01869490769946877
394564,0.0,0.0,0.9728497817926218,0.04067089450199145,3.8959015116097865e-05,0.0636207881989517,0.9687629460489973,0.04558156207178226,3.8959015116097865e-05,0.04105877938688905,0.9670178985821687,0.04819950721005304
395050,0.0,0.0,0.9574094333263089,0.0615751988456009,0.0,0.0,0.9519190878885272,0.0653395327753652,0.0,0.0,0.9479228458474271,0.07110207525091132
396239,2.5443134594182005e-05,0.7227265726449517,0.9506461157297943,0.08472773723127666,5.088626918836401e-05,0.6830838076905164,0.9490539344541356,0.08120563300191902,7.632940378254601e-05,0.5415532573694609,0.9468680497663614,0.08342064258215236
397623,2.738975623116954e-05,0.30078518014914984,0.9314022009083534,0.08938762999553261,8.216926869350862e-05,0.47289350335945446,0.9106124676747489,0.1160449031156123,0.00016433853738701725,0.516493597080519,0.9169365496141346,0.0989091628889632
398012,2.8113578858588697e-05,0.360054614577234,0.9768364199894487,0.027425545315485078,8.43407365757661e-05,0.5184650094568696,0.9782500332707846,0.024396582922524255,0.00012651110486364915,0.4432452091951047,0.9736599504729442,0.032922868427623396
400817,1.4831184047578438e-05,0.30078518014914984,0.9734521524353841,0.045872666460905674,4.449355214273532e-05,0.46785915648013915,0.9706731125522976,0.04649399202991715,7.415592023789219e-05,0.44600739227811154,0.9716258676158089,0.04533127640456931
401361,0.0,0.0,0.988248091626717,0.02466645909433801,0.0,0.0,0.9858892061142447,0.02080637488566745,0.0,0.0,0.9871970622880044,0.01805014635045928
403468,0.0,0.0,0.8475390792630483,0.21019565337842097,4.971105449574349e-05,0.2816372027313761,0.8649107162250583,0.1674168856241685,9.942210899148698e-05,0.3297937328640911,0.8656454057973804,0.16500390095755055
403975,0.0,0.0,0.9011827888553618,0.13872443375596072,0.0,0.0,0.9168494859715379,0.10624049170899025,0.0,0.0,0.9244088791556541,0.07790401867350524
404669,0.0,0.0,0.9331366435288428,0.12884450865128,0.0,0.0,0.9456274951593613,0.09243350222113435,3.2053850468787564e-05,0.14511548150584228,0.9345842430137621,0.10969242382467931
405585,2.3655481566465988e-05,0.30078518014914984,0.8866781831237839,0.18965822941504218,2.3655481566465988e-05,0.19518900079066107,0.8956507710923484,0.1554349436454101,8.279418548263096e-05,0.30231139714144195,0.9010570346714696,0.13734742157818175
406368,2.3109098051903035e-05,0.27727342735504823,0.918109716162985,0.13404492265088946,3.466364707785455e-05,0.2532954041105318,0.9298800840466432,0.08554955837822889,5.777274512975759e-05,0.23533488122485668,0.9243622816510394,0.09226895423798086
406650,3.221172120111066e-05,1.0,0.9841190532669879,0.023172336433343856,6.442344240222132e-05,1.0,0.9830535095367805,0.024734638539817784,0.0001224045405642205,0.9676617088516802,0.9815218952692746,0.029202831495622045
408995,4.72455825380327e-05,0.14606834984270645,0.8004374964531802,0.28228417004861023,4.72455825380327e-05,0.09478836436955078,0.8085590586481441,0.21586533860150897,0.00014173674761409807,0.129021616434766,0.8368436662943903,0.17575064862447945
409631,1.7456424400590026e-05,0.3451913422468693,0.9381557049610386,0.1256214516919088,2.618463660088504e-05,0.29025978496956456,0.9466490234287998,0.09936349189113813,5.236927320177008e-05,0.2872776222051263,0.9507014930994206,0.08533446330422116
410455,7.415537033191944e-06,0.13120507751234178,0.9221812375682372,0.10947664922349946,2.9662148132767776e-05,0.284449351231739,0.9270099089831714,0.11370131441109413,6.673983329872749e-05,0.35489748061277077,0.910894953104691,0.1473202904853955
410594,3.638480570513753e-05,0.13120507751234178,0.936954380233483,0.11376243116314924,7.276961141027506e-05,0.15850703974098104,0.9183929579425814,0.1180428176265993,7.276961141027506e-05,0.10229526794987165,0.9215666923770185,0.09225157781550129
410893,0.0,0.0,0.9450569486127168,0.051957248397129695,1.4830744132586852e-05,0.13698471029831175,0.9497246838325912,0.06667878402783253,3.7076860331467135e-05,0.19672110545744906,0.9426912803781656,0.08414341627741341
413204,0.0,0.0,0.9547338088543565,0.08130527309939978,0.0,0.0,0.9522571998461137,0.08338503303555296,0.00021510002151000216,0.0702601826072829,0.9513689466149104,0.07501550753358456
413632,0.0,0.0,0.9454774055390877,0.10984786984896151,0.0,0.0,0.9527796914545934,0.08196751106335239,0.0,0.0,0.9508307198753065,0.07722564581350186
414189,4.3350095370209814e-05,0.6843515475204854,0.9710839503653081,0.046685378148368165,4.3350095370209814e-05,0.4440973278132556,0.972201431618353,0.04834303985381592,0.00010115022253048957,0.43330619926704383,0.9715594023295427,0.047308986678398016
414618,1.6964535638248242e-05,0.3156484524795145,0.8034394204488766,0.28520297443656595,2.5446803457372363e-05,0.2832325164972662,0.8720396829552142,0.2066548243352006,4.2411339095620606e-05,0.24987748201666596,0.903653019081205,0.15898599664203528
414775,5.627382844923397e-05,0.7860137352654724,0.976531864947856,0.03278807385635237,9.847919978615945e-05,0.7191184989488184,0.9741389159040944,0.04518357663413316,0.00018288994246001041,0.6833794857377202,0.9753768949349407,0.04196080283179041
416297,2.1461223146644537e-05,0.6164336326286644,0.9673173465964933,0.049369349516716544,4.2922446293289075e-05,0.59932948189937,0.9650375055664451,0.053192404791133435,7.869115153769664e-05,0.5685013975792129,0.9644405021220093,0.050350195627033086
416671,0.0,0.0,0.8600060451452458,0.18940207594180736,0.0,0.0,0.8767885646485922,0.17133832779329275,0.0,0.0,0.8852142490547626,0.17282738116244512
416794,0.0,0.0,0.9711008446604096,0.05138097661702097,1.2802785886208839e-05,0.07839826897867533,0.9728555317023033,0.047228476684592985,2.5605571772417678e-05,0.08465865523059957,0.9774759550387137,0.036604851895226956
417351,0.0006927606511950121,0.3156484524795145,0.9668094413191703,0.05266694101456878,0.0006927606511950121,0.20483424751859086,0.9710221127011538,0.05403294428299662,0.0006927606511950121,0.13219333519486054,0.9668630603219345,0.05200732682413482
419507,0.0,0.0,0.9401477864938512,0.09202731129493888,0.00014825796886582654,0.1396181455537491,0.9356852192137586,0.0920222612626373,0.00014825796886582654,0.09010499239291735,0.9413642071994136,0.08837046972349916
421104,0.0,0.0,0.9499056085095825,0.10669056601312069,0.0,0.0,0.9439558811515031,0.10222003852656007,7.803507676700677e-05,0.14090685949726323,0.9504151428976921,0.08709867081145922
423437,0.0,0.0,0.8926544060373798,0.1235568906355327,8.457374830852504e-05,0.20904936749052636,0.906596161094835,0.08788918005129166,0.0002255299954894001,0.3144617761556514,0.9043668249267007,0.09550464589135894
424936,1.210272795488103e-05,0.33916020527361607,0.963193789364572,0.04952179738325315,2.420545590976206e-05,0.2984900352767555,0.958034888468072,0.05894259982938656,4.841091181952412e-05,0.2578389843241712,0.9593854896676772,0.05282932229685662
425288,0.0,0.0,0.9648502623967872,0.07190623548398091,1.489003707619232e-05,0.07336392209936005,0.9680917029083073,0.06191461135789606,4.467011122857696e-05,0.12171791963256993,0.9662157573054845,0.055873555616024355
425878,1.3231888852133642e-05,0.16958010263680803,0.9408099757680372,0.1175126611932051,2.6463777704267285e-05,0.17366667134799177,0.9527612292045173,0.08981667492099474,3.969566655640093e-05,0.14682897190258626,0.950418964002654,0.08447790541538056
425944,1.1831939136505081e-05,0.16958010263680803,0.958862748844524,0.050805020473199146,2.3663878273010163e-05,0.18340980524840012,0.9534660161046478,0.0637444562792896,4.7327756546020325e-05,0.18621500075144856,0.9572885117209349,0.06032223869075322
427144,0.0,0.0,0.9371196705238564,0.07883447002489671,0.0,0.0,0.9413484409675545,0.07377515249908922,7.154150480401205e-06,0.03406297225598251,0.9277684716069053,0.0813031390570614
427710,1.696208972945467e-05,0.3156484524795145,0.9754292818333548,0.03408784640623401,4.240522432363667e-05,0.40807318127129166,0.980111558782931,0.03015931395649553,7.632940378254601e-05,0.4047522186891601,0.9759106623936942,0.03507110346346922
427773,0.0,0.0,0.9505915977711847,0.04085371640606097,0.0,0.0,0.9479705368444555,0.06618412063113449,0.0,0.0,0.9549004939552631,0.0560616148140964
428500,1.335559265442404e-05,0.5531464700081437,0.9790665802012484,0.0351346677567795,1.335559265442404e-05,0.35895421017163465,0.9796737595679129,0.030115532627662162,3.33889816360601e-05,0.3344148782298419,0.9802871622919964,0.028561782327396572
428569,7.415757000474609e-06,0.14606834984270645,0.9776160355043851,0.04537901253502519,2.9663028001898435e-05,0.3128047789019752,0.9763589662222396,0.04100324601109206,3.707878500237304e-05,0.2373840006539806,0.9774474254603266,0.03801732474174294
433550,1.4275109918346372e-05,0.14606834984270645,0.8956944794688141,0.14708179715711345,5.710043967338549e-05,0.2940945979596688,0.9102056700248428,0.10772079924559594,0.00015702620910181008,0.43686476944795444,0.9096971039837605,0.11499307678780797
433628,0.0,0.0,0.9499583389023523,0.08094943436637889,0.0,0.0,0.9555026709370573,0.06518497374035591,6.356470887363335e-05,0.038384638165382894,0.954731395003872,0.07241735971572451
435968,2.4230969602248632e-05,0.30078518014914984,0.9388143129189119,0.09135210441058371,4.8461939204497265e-05,0.3398414932237254,0.9467230277375472,0.07916895452445351,0.00012115484801124318,0.43336427373997793,0.9491018892580778,0.07801438779900519
436755,2.0018951273872598e-05,0.6843515475204854,0.9767392578111623,0.04007828166249335,4.0037902547745196e-05,0.6621137423456801,0.9771686398200046,0.039529685597302154,8.007580509549039e-05,0.6445303191768809,0.9779911174159366,0.03349838608902727
438045,2.591568762957844e-05,0.49125969208957576,0.9781595905162763,0.034665260155623975,6.910850034554251e-05,0.6698623505528797,0.9750038645949202,0.03831065111144883,0.0001295784381478922,0.6748922640291477,0.9707802246132395,0.04689823076119696
439785,0.0,0.0,0.9685179188419148,0.06542569543727526,1.4833384014062049e-05,0.15176219107803537,0.9624032342925032,0.06394769535861053,2.9666768028124097e-05,0.17363375138433035,0.9525568337814357,0.07632632334725536
440631,0.0,0.0,0.9735135641341627,0.0353484833544195,0.0,0.0,0.9656826484514409,0.04962265553163492,0.0,0.0,0.9661049749376014,0.04563072798361371
440957,0.0,0.0,0.9519851754455988,0.055410636345219,1.3688129653964082e-05,0.07839826897867533,0.9348052285632242,0.0706592092997911,4.106438896189225e-05,0.1265730380189715,0.9293715603387941,0.0792835864003641
441513,1.4149174749382743e-05,0.30078518014914984,0.9471317281500731,0.039647542789123746,2.8298349498765485e-05,0.3372080579682881,0.9365199585370296,0.04325318420989657,7.074587374691372e-05,0.43379753532076276,0.9328348933190174,0.04784844805412618
445650,1.2103167398908294e-05,0.13120507751234178,0.9660078176704889,0.04854864387217546,2.4206334797816588e-05,0.14876390584057267,0.9663958804484682,0.05321322368823904,6.051583699454147e-05,0.20457593580781833,0.9679958611322718,0.04937410024651952
447354,5.003001801080648e-05,0.14606834984270645,0.7798532820387594,0.2811570173922867,5.003001801080648e-05,0.09478836436955078,0.7510403639723444,0.26407439234015095,0.00015009005403241946,0.13096709475128418,0.752241479561979,0.22717808206093365
447472,1.6457519029006377e-05,0.27727342735504823,0.9610018841430767,0.05371446679764556,3.2915038058012754e-05,0.3227266260473091,0.9441054405207947,0.076954339939993,7.40588356305287e-05,0.3866273654022321,0.9422518614783847,0.08202872858510898
450906,0.0,0.0,0.9355188930828575,0.10328785369762213,6.770251514843776e-06,0.06943122193677725,0.942818452769766,0.0906649081167304,1.3540503029687553e-05,0.07767361416924873,0.9416544052605555,0.09574492652498641
452800,0.0001034875297526648,0.13120507751234178,0.9362737731048757,0.07664313183837934,0.0001034875297526648,0.08514311764162098,0.910562073886817,0.09193662433567078,0.0002069750595053296,0.09333322623736878,0.9094534291191012,0.07972874947755698
454658,1.5344130486485658e-05,0.5531464700081437,0.9317703598453599,0.15001201730242592,2.3016195729728484e-05,0.4283854321084119,0.904074109916064,0.19308579639616294,4.603239145945697e-05,0.3846443879773077,0.8821545799057848,0.21790953088222492
456937,0.0,0.0,0.9682551453556313,0.030636762422283893,0.00016304347826086958,0.21408371436984164,0.9702580982002086,0.03414042327819238,0.0002173913043478261,0.17778370614713596,0.972771976820682,0.031110478514516073
459244,0.0,0.0,0.8773505900103382,0.2196889211210545,0.0,0.0,0.8981396699995896,0.1573863476998951,0.0,0.0,0.8961967965196278,0.14995274441747244
459696,3.1318018822129315e-05,0.8304198973631919,0.8772642798939441,0.16333140342973884,4.697702823319397e-05,0.6809047493604334,0.8949258597566441,0.15375463390512212,7.046554234979096e-05,0.5405851287516955,0.9036458186583648,0.14381383428816427
459844,1.2751767713799325e-05,0.5087403079104241,0.9764692021265906,0.04361142548821053,2.550353542759865e-05,0.4697557950008693,0.9767820881823533,0.033042886445765786,3.8255303141397976e-05,0.37197819679825433,0.9765608963445835,0.03488403405659378
460614,0.0,0.0,0.9702146508664781,0.04311218273484452,0.0,0.0,0.9452582430074182,0.07444056675622465,0.0008650519031141869,0.038384638165382894,0.9483786260650019,0.08665344525291567
461271,1.2521834949693527e-05,0.3835663673713356,0.9779608343741597,0.036253263502196334,3.130458737423382e-05,0.4701017400374072,0.9779451937615008,0.028744499775545277,5.6348257273620874e-05,0.44064849825555663,0.9748765730800516,0.036195642708329805
461960,0.0,0.0,0.8744108754110964,0.18888967175069943,0.0,0.0,0.8669308495226227,0.19007037480288586,1.4455671682784741e-05,0.0719593582041354,0.8651661104415158,0.19397133076057055
464147,0.0,0.0,0.8082669920106182,0.3065206510103323,2.9266722273438985e-05,0.2874476364692017,0.8081754947073266,0.24993539602866022,5.1216763978518223e-05,0.2915106484725094,0.8126094769846093,0.24382958035361976
465187,0.00011052166224580017,0.14606834984270645,0.9191536619248136,0.16206052429204795,0.00011052166224580017,0.09478836436955078,0.9250531611700005,0.1269603388049602,0.00011052166224580017,0.06117331537803187,0.9316245356990638,0.10160905704117938
465205,1.506114826194349e-05,0.3451913422468693,0.947384454407216,0.10278955053768843,3.012229652388698e-05,0.35388057316851623,0.941289559839178,0.09213977204587133,6.024459304777396e-05,0.37005183615473125,0.9342178852432058,0.11304877780747712
466828,0.0,0.0,0.9173400657815087,0.1389480204437553,7.226477814713109e-05,0.07336392209936005,0.9187635766009628,0.12660624088995961,7.226477814713109e-05,0.04734667987788577,0.9114930911303667,0.12607307237237683
468270,0.00021085925144965736,0.3835663673713356,0.9528977188543222,0.07000041560486922,0.00021085925144965736,0.24890832702259458,0.9574712537869677,0.05343469626555435,0.00021085925144965736,0.1606373070201721,0.9538486336871065,0.07109743743314652
469583,0.0,0.0,0.9277392483039808,0.11471872091423196,0.0,0.0,0.9099068377747639,0.1443661283193349,0.0,0.0,0.9177326331944595,0.12026864504558948
472016,2.4686075407731678e-05,0.6992148198508501,0.9363658538491013,0.11834784891073395,4.1143459012886134e-05,0.5867945846769144,0.9368504799327436,0.11395026939922386,4.1143459012886134e-05,0.3786980652035934,0.9443317741798932,0.09492269422764782
472125,0.0,0.0,0.9630241491214312,0.056904346737934305,0.0,0.0,0.9622260445733405,0.0577177643281762,2.3092554960280806e-05,0.03475017269886857,0.9573865341016135,0.06143702879858321
472213,1.602666837617796e-05,0.3451913422468693,0.9732882824063436,0.057333400899363375,4.00666709404449e-05,0.4380892758850171,0.9778542490877861,0.04137860001333652,7.212000769280082e-05,0.42331949554519266,0.9755293796530932,0.0477665968155301
472902,0.0,0.0,0.9540087329244231,0.09412995693674017,0.0001792435920415845,0.0636207881989517,0.9532816940213502,0.08153506485972506,0.0001792435920415845,0.04105877938688905,0.9529669508952349,0.0742831704792953
474959,2.528125395019593e-05,0.8304198973631919,0.9224686659139356,0.06076797014987566,5.056250790039186e-05,0.8165901947515998,0.9226718538662819,0.07108117808262755,0.00011376564277588168,0.8816333003052854,0.9113260659879767,0.08093348165965472
476189,2.1682880642969687e-05,0.6992148198508501,0.9652594554176064,0.0568699106730149,2.891050752395958e-05,0.5173633627401372,0.9628686657305229,0.06012251607617453,5.059338816692927e-05,0.44244578070132623,0.9558984571716428,0.06936350776207974
476852,0.0,0.0,0.9290062330975697,0.07521771638108529,0.0,0.0,0.9318814724358362,0.05506908097257235,0.0,0.0,0.9267105702073521,0.07236905684646693
476866,0.000132890365448505,0.14606834984270645,0.8939669869781799,0.08488015773915292,0.000132890365448505,0.09478836436955078,0.8835964055707428,0.09023384217021667,0.00026578073089701,0.09523628763401437,0.865273167558434,0.11383318287136476
477767,3.727958445689859e-05,0.6843515475204854,0.9637325572014838,0.05052480682289552,4.970611260919812e-05,0.5224955967919309,0.9579369942509792,0.06831006882272068,6.213264076149765e-05,0.3712645701395862,0.9473580731691695,0.08033606341731048
478226,1.565484204264379e-05,0.3835663673713356,0.962079579243927,0.07082015885002382,2.3482263063965684e-05,0.3151625504769836,0.9665150290816639,0.05906689060686002,5.4791947149253265e-05,0.34344958151573896,0.9661669552734388,0.05292979776023646
478273,2.1203361439566885e-05,0.6399453854227659,0.9845206068435844,0.025640430099069945,5.654229717217836e-05,0.7663491917568946,0.9820714989849986,0.025971277486846165,0.00011308459434435672,0.7795643559038603,0.980066655009856,0.029426907677333008
479052,4.052028040034037e-05,0.33916020527361607,0.9631398495940837,0.049311728582876455,8.104056080068074e-05,0.2895229882348574,0.9524286912628226,0.061080534765728466,8.104056080068074e-05,0.18684868323532902,0.9397516209544483,0.06816689721277672
481119,0.0,0.0,0.961731553665544,0.07993383618686713,0.0,0.0,0.9646998881397163,0.06540281032190186,0.0,0.0,0.9643091343622736,0.05931984838983186
481242,0.0,0.0,0.932324677080872,0.12354213783284944,0.0,0.0,0.9270945823414127,0.1240130489808494,3.224558235521733e-05,0.038384638165382894,0.9238491775487381,0.11429482903983938
481757,5.712245626561942e-05,0.7860137352654724,0.9556396575090609,0.08950093965584567,8.568368439842914e-05,0.6618313225363274,0.9563521057772532,0.07946155300602722,0.00012852552659764369,0.5350819460827863,0.9522118507366933,0.08202359418245647
482562,7.469821919445441e-06,0.21398626473452753,0.9777015713967213,0.02669186483386592,2.2409465758336323e-05,0.27191445400928344,0.9671116129998808,0.044100478504340956,6.722839727500897e-05,0.3930478021191119,0.966332840392683,0.04966827595647309
482990,0.0001415227851684121,0.13120507751234178,0.9582578406116967,0.07870210939823723,0.0001415227851684121,0.08514311764162098,0.9558507980682863,0.07691557118172129,0.0001415227851684121,0.05494858807198588,0.9605555034166441,0.06219436436508145
483423,8.483491126268282e-06,0.33916020527361607,0.9530079799311304,0.06930576927164203,1.6966982252536564e-05,0.28634598975246917,0.9447995472409915,0.07143861564570095,3.393396450507313e-05,0.2607757071930433,0.9494533016693719,0.0706291793419387
483440,2.2667256015323065e-05,0.360054614577234,0.8950627607181894,0.10963161085762181,3.4000884022984596e-05,0.29727159644205703,0.9016760991162691,0.1270457056652044,0.0001020026520689538,0.40580833180134745,0.9062489515603668,0.11897660653244206
483935,0.0,0.0,0.974673912414534,0.052447936178247535,0.0,0.0,0.9718079388254705,0.05439506949303596,6.966213862765588e-05,0.03475017269886857,0.9740212291420199,0.04359860608902831
488620,2.414117760664365e-05,0.14606834984270645,0.9552987339283282,0.05509706125915759,4.82823552132873e-05,0.16421958630632802,0.9587991450365863,0.06579403974262504,7.242353281993095e-05,0.14073213167857215,0.9556426609120793,0.0711174426188453
491243,7.27749072119933e-05,0.14606834984270645,0.8943301354829204,0.15167511913985873,7.27749072119933e-05,0.09478836436955078,0.9031633107541424,0.10457166082096259,7.27749072119933e-05,0.06117331537803187,0.8871446182015083,0.11688430959867824
491648,2.0315843649267275e-05,0.6399453854227659,0.9729687460990644,0.043760053839046145,4.063168729853455e-05,0.6293644814585828,0.9758532622704991,0.03802591786274874,7.449142671398e-05,0.5816254843920251,0.9721759684143112,0.045963760459400795
492750,2.365744026496333e-05,0.48522855511632257,0.9734146384588133,0.0582313931788894,3.5486160397445e-05,0.388244052766991,0.9678400144016349,0.059470550431184,0.00013011592145729833,0.5339430776966727,0.9700092563921956,0.05167676641180894
494097,6.574621959237344e-05,0.21398626473452753,0.9603717899001637,0.05670617018362203,6.574621959237344e-05,0.1388624438735545,0.9661746843415766,0.043670699303286445,0.00013149243918474687,0.12512729711175777,0.960252505375354,0.06057132027280098
494605,3.295066626247183e-05,1.0,0.9751630597243942,0.03204721807746631,6.590133252494366e-05,1.0,0.978465675921021,0.03026667646616811,0.00013180266504988732,1.0,0.9793814944388416,0.025626882005354668
494629,3.969934363751853e-05,0.6843515475204854,0.8861675241014192,0.20891234096069716,6.616557272919754e-05,0.5810820381115674,0.906877680094713,0.14675057794041924,9.263180182087656e-05,0.4431990382573436,0.9257567819843189,0.11400114978507896
495156,0.0,0.0,0.9531947768442717,0.06449638683720145,0.0,0.0,0.950786331214192,0.05800717031558834,0.0,0.0,0.9450514939182686,0.05248878295445474
495746,1.602307322544464e-05,0.360054614577234,0.8458451010444087,0.2344451489189617,3.204614645088928e-05,0.3854129993211407,0.8509477193774571,0.2047537088092128,7.210382951450088e-05,0.4234486384400207,0.8373616139925174,0.20012199265641298
496408,0.0,0.0,0.9554609584191367,0.07400680834746552,4.339430232810432e-05,0.14465249243306438,0.9600559818575564,0.051303161605822045,6.509145349215648e-05,0.12971028347818747,0.9579570841593149,0.05425273265592536
496556,8.395365758101528e-05,0.49125969208957576,0.9295816473359014,0.06901202225913984,8.395365758101528e-05,0.31879392588472627,0.9271252120807881,0.06891513545198256,0.00011193821010802038,0.238077481801681,0.9331134137766567,0.06471515870024297
498237,0.0,0.0,0.9655961444497165,0.04364742882721547,0.0,0.0,0.9601851188346936,0.06460060555776359,0.0,0.0,0.9600102595540763,0.05126459316002779
499505,1.5062055669357754e-05,0.47036528278595785,0.9361673327035944,0.07128650337655158,3.0124111338715508e-05,0.44803002797583846,0.9369305103927361,0.07788572147691479,6.777925051210989e-05,0.47283138724883517,0.933095626962612,0.08245780429357781
499749,2.60533703291192e-05,0.8304198973631919,0.9187899721582564,0.09811855835097347,5.21067406582384e-05,0.8115558478722846,0.923752349271455,0.07444470166130925,0.0001042134813164768,0.8088113150441574,0.929947831188312,0.06969095534148503
499777,1.2804753124359762e-05,0.33916020527361607,0.9346529100457814,0.10098022946109783,2.5609506248719525e-05,0.2934556883974402,0.9327040165116957,0.10878183881397616,5.121901249743905e-05,0.25516250204457636,0.9303332054462997,0.10586561853954635
500150,3.701537618726819e-05,1.0,0.9754066963109833,0.03371441982763969,7.403075237453638e-05,1.0,0.9751295975036779,0.028363150883591395,0.00014806150474907276,1.0,0.972638215629598,0.029988520612437296
501062,2.9621511141390877e-05,0.8687949224876581,0.9549372435451235,0.06431187757570823,6.664840006812948e-05,0.914856882358379,0.9549528448798492,0.05096193607821121,0.00013329680013625896,0.9095414020195997,0.9581705671191255,0.04681754260837991
501765,0.0,0.0,0.9469746610441115,0.1045675859218554,0.0,0.0,0.9392194489465494,0.10743004411886689,4.265119849867781e-05,0.03406297225598251,0.9368027013861765,0.1019858775558723
502701,8.796157838256249e-06,0.16958010263680803,0.9570093398081061,0.06745259673593723,2.638847351476875e-05,0.24966402870278917,0.9488790011978852,0.08719694765413392,5.27769470295375e-05,0.2683612225320072,0.9469254200392887,0.07689110126699755
502898,8.798711868582439e-06,0.14606834984270645,0.9051237646254151,0.13375861614288848,2.639613560574732e-05,0.23680742154717782,0.9098051805525376,0.13731287178994103,7.038969494865951e-05,0.33219354789377203,0.9134867529106778,0.11424194109390032
506430,2.6387080885198607e-05,0.6164336326286644,0.9219403112281009,0.11294937804121088,2.6387080885198607e-05,0.4000232483092519,0.9202496222180037,0.11134418758597828,6.156985539879675e-05,0.39916636744211603,0.9150742890853852,0.10060269003545164
510132,2.2209225712360915e-05,0.6992148198508501,0.9299788289074108,0.08530142978413964,5.182152666217547e-05,0.7353797772725617,0.932121827834553,0.08586420579363663,0.00010364305332435094,0.7193414988464154,0.9233729476651028,0.08903954234361117
511089,2.2209225712360915e-05,0.7227265726449517,0.9658524975000544,0.07109665149411115,5.9224601899629104e-05,0.8200685179888281,0.9677772580967974,0.049461798816527264,0.00011104612856180457,0.7718304200296158,0.9718204785513672,0.04210305943904591
511549,8.797163794392687e-06,0.14606834984270645,0.9044457753893507,0.11585132455599405,2.6391491383178063e-05,0.2375835084056881,0.9001789104758409,0.11354523596029115,5.2782982766356125e-05,0.25557927519715395,0.8978883337151886,0.12031129043262445
511609,0.0,0.0,0.9672585732557124,0.059484418683269105,0.0,0.0,0.9643930245298223,0.05219657192890084,1.5680617189092564e-05,0.03343749138471349,0.9670590205800144,0.045670342771230714
512900,1.4909351145038167e-05,0.48522855511632257,0.9646876714103085,0.06310837235365566,3.727337786259542e-05,0.530263109944618,0.9636059108561954,0.054592987748441756,6.709208015267176e-05,0.47491822260767386,0.9654323977640649,0.04857980511938749
513338,1.7591696719148562e-05,0.47036528278595785,0.8649512006106643,0.18353575917279374,3.5183393438297124e-05,0.44485302949345024,0.8615977924652187,0.1940080927799535,7.036678687659425e-05,0.42937343709520537,0.8630734203510976,0.18056974396929487
514568,3.706229430426661e-05,1.0,0.9749939336005738,0.035258907334875134,6.67121297476799e-05,0.9363792118010483,0.9768597083974131,0.03172939272276862,0.0001334242594953598,0.9248782483571285,0.9766458960789374,0.031032347942243566
