query_index,recall@5,ndcg@5,ec@5,ild@5,recall@10,ndcg@10,ec@10,ild@10,recall@20,ndcg@20,ec@20,ild@20
2521,1.606090294396351e-05,0.5531464700081437,0.9952330180591726,0.008351868359426551,1.606090294396351e-05,0.35895421017163465,0.9960499334614263,0.006966893365937316,3.212180588792702e-05,0.30361668504113615,0.9966192341476562,0.00662539694303648
2734,0.0,0.0,0.9937449429735722,0.009709639611486253,0.0,0.0,0.9959802456054249,0.0062687217992500556,0.0,0.0,0.9966769365235008,0.006023850525940324
2800,6.269317334035497e-06,0.33916020527361607,0.9979924041134189,0.003862204851141249,3.1346586670177486e-05,0.5017289690294563,0.9982628386878624,0.0032468592834563924,6.269317334035497e-05,0.5025184712335904,0.9986220067046346,0.002781746873693216
2822,0.0,0.0,0.9913205126588055,0.015363732128874851,0.00010127607859023699,0.07336392209936005,0.9928867111014563,0.012518929189761016,0.00010127607859023699,0.04734667987788577,0.9946262994919641,0.010593143646692095
3355,2.2594785123593476e-05,0.5147714448836773,0.998129892327885,0.0034130449060217672,3.01263801647913e-05,0.4034826666009928,0.9973283999454334,0.005797857344596033,7.531595041197825e-05,0.47535675962705687,0.9980691494449418,0.0039457324940141815
3646,7.836683515536225e-06,0.16958010263680803,0.996950815042678,0.00468968234069449,2.3510050546608674e-05,0.2520649403266671,0.9972385011177656,0.004715213359145701,3.918341757768113e-05,0.22897694413062528,0.997960143073189,0.0039412753776718575
4048,6.595479458379227e-06,0.14606834984270645,0.9944214530616172,0.009743245424429304,6.595479458379227e-06,0.09478836436955078,0.9950354947330091,0.008871930782977162,1.978643837513768e-05,0.13430812624228333,0.9961620847173958,0.007638935241746666
5108,3.385538334450561e-05,1.0,0.9983284574750328,0.0029968442315259636,5.4168613351208975e-05,0.8630152897016883,0.9986430210667725,0.0025373192482085988,0.00011510830337131907,0.8752382527466863,0.9988773719161438,0.0022291263122519245
6234,0.0,0.0,0.9968863469330935,0.0059355909811866225,0.0,0.0,0.9972658255946995,0.005142752951219874,3.636561994290598e-05,0.0780057052211985,0.9978146409618633,0.004350418935882576
6343,7.5308576893822434e-06,0.13120507751234178,0.9946739736055317,0.012091006836381424,2.2592573068146732e-05,0.23690530871965637,0.9962804937021813,0.007663804863131723,4.5185146136293464e-05,0.25941895984704916,0.9960003848694656,0.008302682804495127
7180,7.832202885383543e-06,0.16958010263680803,0.998970379480815,0.0015920389569503036,2.349660865615063e-05,0.2399208948023808,0.9991800888198371,0.0014779116667848024,3.9161014426917716e-05,0.22245225498519486,0.9995900444099186,0.0007815639274837264
7514,0.0,0.0,0.9924149767462918,0.008894420646927493,1.2810330250313854e-05,0.06625422345438903,0.9941479300234816,0.007626483375031473,2.5620660500627708e-05,0.07509660366335139,0.9956114710816241,0.008134321804253487
7904,0.0,0.0,0.9948215040829833,0.010135738858706344,2.422803425844044e-05,0.13305201013572895,0.9952709011471284,0.009458235649403592,6.05700856461011e-05,0.19310363331082195,0.9963877879062105,0.007474737002599253
9192,1.3033901176961276e-05,0.3451913422468693,0.9978111126495899,0.004000505407413058,3.910170353088383e-05,0.5056427642465516,0.9981164196952681,0.0033919028659451732,9.123730823872893e-05,0.6146555196175201,0.9985572248450657,0.0028211415866959415
9255,1.4457866163532924e-05,0.48522855511632257,0.99854680742116,0.0035497484671263347,2.1686799245299387e-05,0.388244052766991,0.9983162940903474,0.0036571430197738157,3.614466540883231e-05,0.3189350153655663,0.9985745226334213,0.00296338577990794
10057,1.95537826792593e-05,0.5147714448836773,0.9972246308822701,0.0050838614287472715,3.91075653585186e-05,0.5333576782543336,0.9977771651895205,0.004175568769762488,9.125098583654342e-05,0.6336410204199112,0.9983780196915075,0.0032318723541690016
10899,6.2623289601402765e-06,0.14606834984270645,0.9972947958016849,0.004470668123783284,1.2524657920280553e-05,0.17318663334822612,0.9979218541259753,0.0035978565684277484,5.009863168112221e-05,0.3292561447372461,0.9983484299170133,0.0032970158537772953
11133,0.0,0.0,0.9940787104025294,0.010371771277547247,0.0,0.0,0.9950200782137649,0.00878838261229771,0.0,0.0,0.996358963094411,0.007184681031419372
11394,1.9353465237950855e-05,0.49125969208957576,0.9968654969482473,0.004976017895505247,4.515808555521866e-05,0.6036081270984907,0.9972559742832765,0.004262087421515822,9.676732618975427e-05,0.674536586519718,0.9980190613006201,0.003724266635942981
11697,0.0,0.0,0.9998285015949377,0.0002504132285694349,0.0,0.0,0.9999140499975271,0.00014873662279760354,8.201090745069095e-05,0.06818766408358207,0.9999570249987635,8.046393782929455e-05
11747,1.304614421207812e-05,0.5531464700081437,0.9943717901171109,0.010630250315933242,1.9569216318117182e-05,0.4323181322709947,0.9950238528022906,0.0095375710311908,5.218457684831248e-05,0.46121430098135807,0.9964029440942552,0.007056497973789117
12359,2.6439638305747978e-05,0.8687949224876581,0.9973115598034703,0.005307030103481403,3.3049547882184975e-05,0.6300426811446145,0.997529377355157,0.004898045492908556,8.592882449368092e-05,0.6941531622397621,0.9980189723199091,0.004040189778085479
12810,2.0032452573168534e-05,0.7227265726449517,0.9950767562219683,0.009406609126066922,3.338742095528089e-05,0.6168295842361273,0.9959449540055381,0.007519194759218794,7.345232610161796e-05,0.6085493056422394,0.9966911903723013,0.0067588180859349265
12934,2.287980475899939e-05,0.7227265726449517,0.9970070647695144,0.005460315229940527,5.338621110433191e-05,0.753814294534439,0.9975383201748235,0.004605476246894853,9.151921903599755e-05,0.6602589625597332,0.9979298373863564,0.00413971713180784
14954,8.796699478355722e-06,0.21398626473452753,0.996078502869796,0.006713680492355723,2.639009843506716e-05,0.2816575879096918,0.9971959517271684,0.004508397201799778,5.278019687013432e-05,0.28724571269547217,0.998013778129087,0.0038479200039584866
15871,2.606712284131639e-05,0.8687949224876581,0.9980423738054702,0.0032845111841030227,5.865102639296188e-05,0.914856882358379,0.9983503007670489,0.0029551831317070373,0.00010426849136526556,0.8306894187182768,0.9987572627710921,0.0023348311008121393
16441,0.0,0.0,0.998151671103858,0.002740027766491815,0.0,0.0,0.9982492932166943,0.002807318173218549,0.0,0.0,0.9987473447925378,0.002310111982188418
16695,2.3106695164924037e-05,0.3835663673713356,0.9917563524707035,0.015032887909280711,2.3106695164924037e-05,0.24890832702259458,0.9919308334489318,0.016053401920468904,2.3106695164924037e-05,0.1606373070201721,0.9937118244520246,0.01283830686641148
17866,4.7290267662914974e-05,0.16958010263680803,0.9983231904439336,0.0034208599498284586,4.7290267662914974e-05,0.11004588314904007,0.9984494984453811,0.003389784272720004,4.7290267662914974e-05,0.07102001981682865,0.9987490481273366,0.002603047794017063
18119,0.0,0.0,0.998627207691791,0.0023032965387292494,0.0,0.0,0.9987797396840437,0.002212185065391228,2.7975158059643037e-05,0.038384638165382894,0.9990848745070581,0.0018331868596036655
18649,3.219989696032973e-05,1.0,0.997504598313324,0.004739488805056957,5.795981452859351e-05,0.9363792118010483,0.9978208461374874,0.003894338855368165,0.00010947964966512107,0.8858064097488594,0.9984180448097298,0.0030891422551276473
19189,7.469821919445441e-06,0.21398626473452753,0.993980127195351,0.01149778642263144,2.9879287677781763e-05,0.35687885840597894,0.9953719128295088,0.008568656820686669,5.2288753436118086e-05,0.3302713969856433,0.9960226286355504,0.007962656126951127
19274,7.671417831443608e-06,0.14606834984270645,0.9936761415592932,0.011101900681878274,3.068567132577443e-05,0.2980272981222516,0.9939007243300308,0.011195027234738903,4.6028506988661645e-05,0.26115023211268934,0.9954533393456497,0.00878115597062379
21435,1.6035791887492884e-05,0.27727342735504823,0.9948260279796877,0.009984584152048327,1.6035791887492884e-05,0.1799314820111718,0.995256994176804,0.009445669788839968,3.207158377498577e-05,0.18684483276372046,0.995919034905096,0.008506262126155309
22286,2.525906326763872e-05,0.8304198973631919,0.9904016285584486,0.01831363476628136,4.4203360718367756e-05,0.752969406552648,0.9922772224494143,0.01439803936457102,8.209195561982584e-05,0.702116334448781,0.9940623710717731,0.011491684884348633
22407,2.6065084516036543e-05,0.7860137352654724,0.9980316504829527,0.003506139887975679,5.2130169032073085e-05,0.7877736340270853,0.9983305466210861,0.002904883915835721,0.00011729288032216445,0.8630360329187707,0.998882459764195,0.0021145221421862196
22777,2.708815841155039e-05,0.8687949224876581,0.9985060646950235,0.002755437396530258,6.094835642598838e-05,0.914856882358379,0.9988010833167442,0.002237655315813093,0.00010158059404331397,0.8023478119727206,0.9990648380700906,0.001880932358061155
23075,0.0,0.0,0.9954837147537287,0.005638912428774878,0.0,0.0,0.99610716069085,0.00599684151023005,0.0,0.0,0.9973694564184026,0.004944971316083106
23138,0.0,0.0,0.9987466743741743,0.002935732225299914,0.0,0.0,0.9988089384087004,0.0024661043835908798,2.3670319786020308e-05,0.0712496087329599,0.9994044692043502,0.0012109518617541106
25386,8.229098090849242e-06,0.14606834984270645,0.9970396732448524,0.004342386865843317,8.229098090849242e-06,0.09478836436955078,0.9971426800822367,0.004694314049875826,1.6458196181698484e-05,0.0975296033665707,0.9981097068643271,0.0035211114257230436
25852,0.0,0.0,0.9960908831556183,0.006597047115961286,0.0,0.0,0.9970986422775876,0.005165172400513721,0.0,0.0,0.9976618441434167,0.004557728830224124
26639,7.530630840945546e-06,0.14606834984270645,0.9860495635471761,0.025825971633881728,1.5061261681891092e-05,0.17318663334822612,0.9882404000032713,0.022067274050950263,6.024504672756437e-05,0.3255069996449822,0.9908419421338088,0.018171303507642015
26782,0.0,0.0,0.9953594271900579,0.008895511822198221,0.0,0.0,0.9960230202371518,0.007468800288552926,0.0,0.0,0.9969873634489869,0.006057022520751335
27512,0.0,0.0,0.9964216257037994,0.0064659498418324635,7.154099298898269e-06,0.06943122193677725,0.9966856247113812,0.006195448524989529,2.1462297896694805e-05,0.11460242297492405,0.9972569436207837,0.0055760777042043784
28550,1.3885803154854477e-05,0.48522855511632257,0.9969856643722401,0.005825675508608541,2.7771606309708954e-05,0.4447551423209717,0.9979102752217607,0.003925655374173082,4.860031104199067e-05,0.3985178118663786,0.9983750469994949,0.0031814950126053464
30025,2.4222752431358776e-05,0.3451913422468693,0.9838475448356819,0.03411522713363374,6.0556881078396935e-05,0.4451989745299881,0.9843910236090256,0.03168493968009914,8.477963350975572e-05,0.358061123480662,0.986162525371997,0.028283752693584532
31511,2.5518504105289347e-05,0.7860137352654724,0.9976024262092367,0.0039203598633255395,5.7416634236901036e-05,0.8611375561264454,0.9978649534869526,0.0036474162751967527,9.569439039483505e-05,0.7670639717488447,0.9980228107167306,0.0038678698072629105
33460,2.71070661344646e-05,0.8539316501572934,0.9951934563439602,0.008673617504658216,5.42141322689292e-05,0.835780413693672,0.9966293137884643,0.006248683527689357,0.0001084282645378584,0.8276167776159941,0.997275846600979,0.005423500118007767
34301,6.888190885545821e-06,0.33916020527361607,0.9954369034912309,0.008166480991773995,1.3776381771091641e-05,0.2934556883974402,0.9957768152019233,0.007967193643722297,3.44409544277291e-05,0.29550661483283874,0.9972655730135646,0.0054372377807920475
34851,2.003900927138162e-05,0.7227265726449517,0.9937562182823854,0.011986445580231219,2.671867902850883e-05,0.54739836229935,0.9943024236106497,0.010880068896141262,4.007801854276324e-05,0.4203614934756349,0.9961207277574384,0.007533134833233992
37356,6.374420724516659e-06,0.13120507751234178,0.9970674679663137,0.005568660564457972,1.2748841449033319e-05,0.15139734109601002,0.9978654445753931,0.0039005188019768057,2.5497682898066637e-05,0.17052366086187642,0.9977682632574518,0.004509312268124701
40784,0.0,0.0,0.9972974259372481,0.0044615058585621425,0.0,0.0,0.9978191883752896,0.0034314277354327138,0.0,0.0,0.9985743688529677,0.0025782318455044337
40820,0.0,0.0,0.9978506998444214,0.003583386360574814,0.0,0.0,0.9984867098185608,0.0026961561709839543,0.0,0.0,0.998837536122485,0.0021624522213918055
41670,7.0676872407042245e-06,0.16958010263680803,0.9923398251052727,0.01315815575065502,1.4135374481408449e-05,0.17947710508581732,0.9931156283682789,0.012491689654821808,2.1203061722112674e-05,0.14926615480321387,0.994819750155561,0.010125115142188166
42615,0.0,0.0,0.9982916198798234,0.0036646761385155436,0.0,0.0,0.9981706618964468,0.0039137067774512695,0.0,0.0,0.9982837280750021,0.003564624983962334
43482,1.6972309676762362e-05,0.5531464700081437,0.997679354775124,0.0038294007789809402,1.6972309676762362e-05,0.35895421017163465,0.998101326675329,0.003365683075517409,4.243077419190591e-05,0.33705417642584967,0.9988100255451631,0.0022701481299371804
43495,0.0,0.0,0.0,0.6686145530009673,0.0,0.0,0.0,0.5580119381923707,0.0,0.0,0.0,0.45951034920482103
43557,0.0,0.0,0.9949460315653166,0.009306775360124453,1.2927663260227397e-05,0.14782949091545258,0.9952683430440897,0.00922642753950437,5.171065304090959e-05,0.3140010129760302,0.9959774781235644,0.0077725914724265256
44474,2.1950041705079238e-05,0.49125969208957576,0.9974844733748389,0.004835265800272659,2.1950041705079238e-05,0.31879392588472627,0.9978365915567589,0.004094644096570558,3.6583402841798736e-05,0.2715149731863945,0.998302469345177,0.0033307137043128605
45142,1.8165304268846504e-05,0.16958010263680803,0.9832320325872026,0.029669725808260293,1.8165304268846504e-05,0.11004588314904007,0.98902161548894,0.02066006001489347,5.449591280653951e-05,0.14699737486118308,0.9905451654924713,0.01849252657914648
45219,2.6073409684968027e-05,0.6608397947263838,0.9923425408603773,0.013479452918444346,5.2146819369936055e-05,0.7104770117651424,0.9938410812369982,0.010387397299991356,9.77752863186301e-05,0.7112400434519542,0.9955893484758596,0.008431731237547606
45255,2.4689325981400707e-05,0.6548086577531306,0.9905946874971715,0.021056904141814815,2.4689325981400707e-05,0.424926013816671,0.9928182924011051,0.01515173641476432,4.9378651962801414e-05,0.3767433869108593,0.99423240105953,0.011891770668169887
46376,2.5608850418704704e-05,0.47036528278595785,0.9913644818882528,0.015241314918352334,3.841327562805705e-05,0.3714891073940902,0.9925506061553628,0.013808724504854599,7.68265512561141e-05,0.3445541542278154,0.9943585632616999,0.010691713874685215
46453,6.898169225887449e-06,0.33916020527361607,0.9833328976420559,0.033954616032570564,1.3796338451774898e-05,0.2984900352767555,0.9881272869118481,0.02333128679831553,2.069450767766235e-05,0.22669869486425687,0.9907263442992544,0.0185837384515373
46638,0.0,0.0,0.9925114741059506,0.01422718037691555,0.0,0.0,0.9938630401173295,0.010647380822752739,3.9081837367447436e-05,0.2152658900024085,0.9950417141077457,0.00982205509871443
46640,0.0,0.0,0.991714825345747,0.016175901321601772,0.0,0.0,0.991991856582143,0.014758500320722274,0.0,0.0,0.9935580581993617,0.011980694755808232
46847,0.0,0.0,0.9958903700386535,0.007373310051153925,7.227888083380917e-06,0.06943122193677725,0.9957999082626332,0.007894445987374144,3.6139440416904586e-05,0.19150892795972888,0.9971867974790596,0.005501784106815027
48100,6.440103814473489e-06,0.33916020527361607,0.9964972258075117,0.006070421521389447,1.2880207628946978e-05,0.2837125544970318,0.9972245062388474,0.0045822043630242065,5.152083051578791e-05,0.39453961838808044,0.9979803780399245,0.003851243201827157
48671,0.0,0.0,0.9944471421478015,0.008638822970552684,0.0001073191672032625,0.07839826897867533,0.9956949884264761,0.006755132121163106,0.0001073191672032625,0.05059568297461706,0.9965361273767703,0.006773940325031303
48776,0.0,0.0,0.9953314304124771,0.007745852986159462,0.0,0.0,0.9962816416076592,0.006929878356881942,0.0,0.0,0.9979198299943081,0.004051434662220997
49002,0.0,0.0,0.98652470051354,0.018935073459210472,0.0,0.0,0.989255526258544,0.01592838346781583,2.5455656246818042e-05,0.10975436078781003,0.9924383802707754,0.01376057807700668
49023,1.3813490254582625e-05,0.5531464700081437,0.9981002642291464,0.003436132620966692,3.4533725636456565e-05,0.5743371894486218,0.9985074647035164,0.002617226354060414,7.597419640020444e-05,0.5848592170751459,0.9988310789231685,0.0023097640420919265
49335,0.0,0.0,0.989543659697832,0.019673168976082,0.0,0.0,0.9912806018093203,0.016976880630358272,0.0,0.0,0.9939614410592925,0.011974523049921278
49647,0.0,0.0,0.9962695029255769,0.007035045995187494,6.590393841935994e-06,0.07839826897867533,0.996675003785216,0.006195585538833151,1.3180787683871988e-05,0.08790243334106168,0.9973378166378979,0.005433736650521864
51086,2.0147073637554146e-05,0.21398626473452753,0.9964066290197243,0.004560835138497488,2.0147073637554146e-05,0.1388624438735545,0.996392648814685,0.005448142223403332,2.0147073637554146e-05,0.08961728720334346,0.9971797356078074,0.005374297576149607
52404,1.2430389817024662e-05,0.16958010263680803,0.9969859391241588,0.0058895401754237905,2.4860779634049325e-05,0.18340980524840012,0.9974785819169314,0.004874803981818119,3.729116945107399e-05,0.15567345006115904,0.9980511948481864,0.003981764857509699
53263,2.709715005724273e-05,0.7860137352654724,0.9963098157700735,0.006149773164823502,4.0645725085864094e-05,0.643121141594021,0.9960802751112331,0.006447743117197543,9.484002520034956e-05,0.7004607788730064,0.9974194757851036,0.004806636332610282
54256,3.13198824878009e-05,1.0,0.9987653215934881,0.002106644550314463,6.26397649756018e-05,1.0,0.9989224807155684,0.0019757285524014505,0.00011901555345364344,0.967135029432423,0.9992062271803104,0.001567863144949635
54569,7.09622480840193e-06,0.13120507751234178,0.9971053214491914,0.005804190274254439,7.09622480840193e-06,0.08514311764162098,0.9976637340938297,0.004327218157419269,4.257734885041158e-05,0.22991841982523162,0.9981964476771591,0.003516646513391486
54665,7.828095033073701e-06,0.33916020527361607,0.9947610299490455,0.007152152110806831,7.828095033073701e-06,0.22009176629808014,0.9950058950037428,0.007473962819521159,5.479666523151591e-05,0.3494457273964006,0.997097730927031,0.004956122384073146
54876,2.7631369894240932e-05,0.8304198973631919,0.9972885379884051,0.004840329414482513,5.5262739788481865e-05,0.8115558478722846,0.9974339481214318,0.004723269914190907,0.00010361763710340349,0.7745275455793195,0.9980811109865261,0.0038334018956429324
55017,0.0,0.0,0.9990045825254013,0.0019716643402737377,6.265585644290172e-06,0.0636207881989517,0.9986985987052905,0.002555933855671613,1.2531171288580344e-05,0.07836552975333369,0.9990810681877045,0.0018722595872042087
55504,1.5865838469898538e-05,0.360054614577234,1.0,0.0,3.1731676939797076e-05,0.3706355185414171,1.0,0.0,7.139627311454342e-05,0.4182559497899826,1.0,0.0
55933,1.4894694509815604e-05,0.13120507751234178,0.9782384371241927,0.03351544206469548,1.4894694509815604e-05,0.08514311764162098,0.9798307443647267,0.034794422968944964,2.9789389019631208e-05,0.08969876077085445,0.9840902825497869,0.028271859814312766
56244,2.1472282861539564e-05,0.6548086577531306,0.9908682942947298,0.01359086520553524,3.578713810256594e-05,0.5606114592078374,0.991988293116046,0.012110928388054866,6.441684858461869e-05,0.5093580173740019,0.9943480845518827,0.010763350650907205
57025,1.231102575466588e-05,0.13120507751234178,0.9957962252023987,0.007351800453120294,2.462205150933176e-05,0.15850703974098104,0.9963078226709833,0.006577516888165544,3.6933077263997636e-05,0.13573275933458515,0.9970385971134933,0.005842708826901573
58609,6.774287514310682e-06,0.14606834984270645,0.9950090547942967,0.009428856719574618,2.709715005724273e-05,0.3030616450015669,0.9949040905002369,0.009684815840219844,5.419430011448546e-05,0.3431437766833503,0.9961226678601942,0.007815066314048253
58978,3.221981647592535e-05,1.0,0.9980181854829219,0.0035778553165023764,6.44396329518507e-05,1.0,0.9980948948992652,0.0035960974142357095,0.0001095473760181462,0.8987142075585525,0.9984844978807633,0.0030334814807714034
59133,2.8272147693699552e-05,0.8539316501572934,0.9967980133793745,0.005739838734224989,4.240822154054933e-05,0.6961622681399229,0.9974301335469467,0.004640459327811139,9.895251692794843e-05,0.7328065879399718,0.9980497891493124,0.0038013106782342843
59522,0.0,0.0,0.9909088701763892,0.015975264466026172,0.0,0.0,0.9922776868409006,0.013974860921218153,4.787896198410418e-05,0.038384638165382894,0.9938475768421087,0.012026694741082174
59755,1.2748678918147106e-05,0.3156484524795145,0.9804262729780875,0.03571667140145131,1.912301837722066e-05,0.2742654694553681,0.98281418758837,0.033116482807735395,3.187169729536777e-05,0.24392992162009178,0.9850824249564727,0.02914152061681007
60376,0.0,0.0,0.998731625168799,0.0025448064456881857,0.0,0.0,0.9993658125843995,0.0012701652273996147,2.214005800695198e-05,0.03475017269886857,0.9996829062921998,0.000634611456591962
60778,6.902406869275317e-06,0.16958010263680803,0.995964490629819,0.007088261147665598,1.3804813738550633e-05,0.17366667134799177,0.996360965468365,0.006677419364562602,2.070722060782595e-05,0.14551629058843119,0.9972167945304035,0.005639458212923997
61091,2.7697762020828717e-05,0.7860137352654724,0.9975943106998855,0.005008660894729311,6.231996454686462e-05,0.8611375561264454,0.9976419271647261,0.004648504186160602,0.00012463992909372924,0.8763197405406741,0.9983148700052474,0.003404143383302973
61239,2.7598007423863996e-05,0.8687949224876581,0.9981656204411852,0.003186114003556817,4.1397011135796e-05,0.70844095012329,0.9981555936332047,0.0034002196908382923,8.969352412755799e-05,0.7058375276297392,0.998744832583143,0.0024669148354010922
61272,1.2519248344329406e-05,0.3156484524795145,0.9949926214825988,0.010455522126762118,2.5038496688658813e-05,0.34181895781690264,0.9951984228372298,0.009473182090950523,3.755774503298822e-05,0.289293373596494,0.996516500581994,0.006926195215766625
61731,6.5147853052502654e-06,0.21398626473452753,0.9919946588600845,0.01538763968502771,1.3029570610500531e-05,0.21222636597291455,0.9934586980256066,0.01296393139407569,2.6059141221001062e-05,0.20446443072192522,0.9949069908672652,0.010132725528649624
62776,0.0,0.0,0.9926659798323806,0.01507059671263381,2.468546602045602e-05,0.21801641453242443,0.9936883189536891,0.012290402491285459,2.468546602045602e-05,0.14070067536753442,0.9943514698577864,0.011387611544076416
62867,2.0315843649267275e-05,0.49125969208957576,0.9955322532271129,0.006111839581195255,4.740363518162364e-05,0.5914640815742043,0.9961063787822576,0.005812374043079514,8.12633745970691e-05,0.5590048576653726,0.9973023981920331,0.004984974314097248
63215,0.0,0.0,0.9950682368569558,0.006257410739185509,0.0,0.0,0.9951999985444259,0.008197122184896674,0.0,0.0,0.9958763825386411,0.008495401527118064
63250,2.636140163572497e-05,0.7860137352654724,0.9948776192932801,0.008196704178552172,5.9313153680381185e-05,0.8611375561264454,0.9951644817822836,0.007761887779290371,9.22649057250374e-05,0.7287236269098663,0.9964577160244552,0.006853146120238906
63290,0.0,0.0,0.9891085318485274,0.019721618942950315,7.540909433677702e-05,0.06943122193677725,0.9896440553009626,0.020940279377739655,0.00015081818867355404,0.0795588163005403,0.9926334610585205,0.015326918747050831
63769,6.676458806249165e-06,0.33916020527361607,0.9974378725990629,0.0038830574025628837,2.670583522499666e-05,0.4412851793128928,0.9978766043358475,0.0032991027485271803,6.676458806249166e-05,0.49449884129040733,0.9982353756079331,0.0034199092415966915
65036,1.3550961779512302e-05,0.3451913422468693,0.9958942626524422,0.0071046054074806134,3.3877404448780755e-05,0.4304214937502645,0.9966920781456616,0.006014572630402706,8.13057706770738e-05,0.5252910989853219,0.9974321174997727,0.0051513610396517785
65712,2.5169738423493432e-05,0.8539316501572934,0.9984410085277657,0.002492039664217216,5.0339476846986864e-05,0.8318477135310891,0.9984084584028899,0.00296153761285427,8.180164987635366e-05,0.7115840271669819,0.9987917194536369,0.002392500189942822
65958,0.0,0.0,0.991470983781628,0.01673796999599495,0.0,0.0,0.9936751059148234,0.012073756111067998,4.136504653567735e-05,0.03343749138471349,0.9952353181476468,0.009573096878940856
66683,0.0,0.0,0.998989331878432,0.0014251636423397106,0.0,0.0,0.9993593593598755,0.0011171321633006296,6.316441064446648e-06,0.0396210670558156,0.9994725917568144,0.0009597261418588106
67532,0.0,0.0,0.9882233343613812,0.02333638499821942,0.0,0.0,0.9900507953036491,0.01932061682159422,0.0,0.0,0.9920282412696576,0.015260713532250298
67924,7.833061787191377e-06,0.14606834984270645,0.9973815420587583,0.0033515046418296167,1.5666123574382754e-05,0.16421958630632802,0.9974030628755696,0.003946224933925747,2.3499185361574132e-05,0.1400449312356861,0.9982953632353186,0.0032488806817281366
68102,3.3908650096639655e-05,1.0,0.995026501237248,0.009340772692669586,4.747211013529551e-05,0.7909506325094736,0.9960940970650191,0.007301222330612244,0.00010172595028991896,0.7914233256504274,0.9969064468679839,0.006323624086159164
68131,2.671546691957309e-05,0.6608397947263838,0.9972872103994913,0.005029577685576547,5.343093383914618e-05,0.7104770117651424,0.9977902835935655,0.003979130018462662,0.00011354073440818562,0.7797138253799575,0.9983943824644748,0.0031402029756493455
69356,2.0719662960149183e-05,0.5147714448836773,0.9979518610069477,0.0035459967753394437,5.525243456039782e-05,0.6851198693323689,0.9983411442948272,0.0029912289138675557,0.00011741142344084537,0.7612766350798964,0.9987345951850891,0.0025403469004310203
70108,0.0,0.0,0.9967633421475088,0.006257660097111861,0.0,0.0,0.9971334924109454,0.005530204767214343,0.0,0.0,0.9978529929918876,0.004148240335165289
70403,2.225288174818639e-05,0.6164336326286644,0.9754001056181945,0.04746985802556504,2.9670508997581854e-05,0.4636440365082036,0.9778443438850513,0.04224679575777531,5.934101799516371e-05,0.4424567429899445,0.9823246177510478,0.03565597879969151
70840,0.0,0.0,0.9968980903455081,0.0043838541575902615,1.2806064952361439e-05,0.07336392209936005,0.9974420595305876,0.0037997328660130084,2.5612129904722878e-05,0.08209685257675434,0.998391970533483,0.0028226830284965275
71735,4.921179114515838e-05,0.49125969208957576,0.9953956271978083,0.008329632074925352,4.921179114515838e-05,0.31879392588472627,0.9968558796026616,0.00555343203144779,8.20196519085973e-05,0.27646211996706394,0.9973276979309565,0.005401192411725622
71992,2.669140069798013e-05,0.8687949224876581,0.9975395344967989,0.0045124150410480015,5.338280139596026e-05,0.84860265890399,0.9977236970620549,0.004080143878288042,0.00011343845296641555,0.8667830895045682,0.998247909092964,0.0034318110384226807
72048,0.0,0.0,0.9958764553572383,0.008645480243157722,9.457159069415548e-05,0.1396181455537491,0.9967542170577584,0.00648261254747462,9.457159069415548e-05,0.09010499239291735,0.9973929448177172,0.005307274814535509
72151,1.2763486218625755e-05,0.3451913422468693,0.9926529656542107,0.014015184134557757,2.552697243725151e-05,0.37183505243062803,0.9933779004023382,0.012661354322837092,4.467220176519014e-05,0.34716798497185203,0.9945014568628675,0.01119471027092446
72169,0.0,0.0,0.9958572085802452,0.007820823982328718,0.0,0.0,0.9965214603204938,0.006849821766772352,0.0,0.0,0.9972302417134273,0.005580719947320052
72231,2.8292945154125818e-05,0.8304198973631919,0.9963692416839633,0.006709171016397952,4.9512654019720186e-05,0.7453016244178956,0.9972023916256477,0.005172531658393647,9.902530803944037e-05,0.726452936430125,0.9976905386224626,0.004709014932361684
72252,0.0,0.0,0.9937241125964812,0.012420276675387375,0.0,0.0,0.9941673815299525,0.011248953850621267,0.0,0.0,0.9952528496125177,0.009352770014101832
72321,3.1324395439168024e-05,0.8539316501572934,0.992761370749218,0.014005933638052614,4.6986593158752036e-05,0.7059054020403311,0.9935029951997143,0.012494001917568321,7.831098859792007e-05,0.5960002011196226,0.9947942361520166,0.010329156164524417
72778,4.137018037398643e-05,0.13120507751234178,0.976832855592289,0.03633710528807532,8.274036074797286e-05,0.15850703974098104,0.9807023520862377,0.0335154785008882,0.00012411054112195928,0.13704544064874022,0.9866715197405016,0.025925124609014274
73756,0.0,0.0,0.9938085557509254,0.008306174073828155,6.672226855713094e-06,0.0636207881989517,0.9949135877019982,0.007130720110605855,2.001668056713928e-05,0.11063176155128589,0.9957442178541891,0.0081714324531162
74147,2.8125439459991562e-05,0.14606834984270645,0.9981310621997984,0.0032927723701792087,2.8125439459991562e-05,0.09478836436955078,0.9987221999581802,0.002371740308431216,5.6250878919983125e-05,0.0966833252864462,0.9989131708086934,0.00216244231244177
74151,0.0,0.0,0.9950333731972743,0.00592169805314724,5.359056806002143e-05,0.14465249243306438,0.9950918742275215,0.0077755233014828685,5.359056806002143e-05,0.09335399548964864,0.9961906956188844,0.0074839119441777084
74447,4.566001552440528e-05,0.16958010263680803,0.9967445310623132,0.006210211617973427,4.566001552440528e-05,0.11004588314904007,0.9971809246239622,0.00541634393093701,4.566001552440528e-05,0.07102001981682865,0.9977466997737764,0.0043530472589020965
74604,0.0,0.0,0.9970558007064418,0.0038830482922410647,0.0,0.0,0.9968609435723425,0.004689209406435404,0.0,0.0,0.9977237864953539,0.004297902747168842
75337,3.465844106332097e-05,1.0,0.9976951004207437,0.003909468783281034,6.238519391397775e-05,0.933745776545611,0.9981673166275634,0.003511206987436329,0.00011090701140262711,0.8518448378961195,0.9986156099273359,0.002827141673050001
76201,0.0,0.0,0.9974553664796438,0.004383109772774385,0.0,0.0,0.9974569684088099,0.004286731144182289,0.0,0.0,0.99829534531176,0.003376308790013722
76376,1.9552763131309838e-05,0.6548086577531306,0.9984055747719716,0.0031363351339828483,4.5623113973056294e-05,0.7123736502858727,0.9987456806764389,0.002365494669993362,8.472864023567598e-05,0.6772298401823211,0.9989970722689705,0.0020505784269074906
78043,5.4923930356456306e-05,0.16958010263680803,0.9967935319255246,0.006067582854789299,5.4923930356456306e-05,0.11004588314904007,0.9978513646425384,0.004010154339379001,5.4923930356456306e-05,0.07102001981682865,0.998524214547772,0.00299424514250075
78077,3.158878977028632e-05,1.0,0.9923934427956531,0.01469514194701541,4.422430567840085e-05,0.7909506325094736,0.9938705441922941,0.012034786336769554,8.213085340274443e-05,0.7213979365583614,0.9954432655158405,0.008987472445031742
78449,0.0,0.0,0.9950787348747543,0.008614264287700225,2.6774120135477048e-05,0.12987501165334073,0.9962955320462903,0.006359785723343705,4.0161180203215574e-05,0.12343815895773622,0.997413557453309,0.005089420684738707
78981,0.0,0.0,0.998397202202155,0.0027123120232933505,0.0,0.0,0.9986053844554024,0.0025318331868569048,0.0,0.0,0.9986330559650558,0.002799171126220015
79173,3.464323244454196e-05,0.4468535299918563,0.9928012541497784,0.01007426102212522,4.6190976592722614e-05,0.3562315886146009,0.9939460738308703,0.008579600170565884,4.6190976592722614e-05,0.229900235781878,0.9953212006016521,0.008874218314949906
80331,2.6710293479349604e-05,0.7860137352654724,0.9970601067274559,0.005200853512038905,5.342058695869921e-05,0.7827392871477701,0.9978100349950847,0.004089223260715295,0.00011351874728723581,0.8242770199136252,0.9982686483289729,0.0035199087661890328
80620,1.1830959254176329e-05,0.14606834984270645,0.9972837204304236,0.004835079309100631,2.3661918508352658e-05,0.16421958630632802,0.997870878036859,0.004057884234980968,7.098575552505797e-05,0.2537814435741544,0.9986596511149275,0.0027120079900764546
81267,0.0,0.0,0.9918898946112222,0.01529362919544639,6.674587176783116e-06,0.0636207881989517,0.9928526565998756,0.013067431770130221,2.0023761530349347e-05,0.11579970554081079,0.994310940728463,0.010624575153471172
82950,0.0,0.0,0.9975528662387803,0.0038982079166882456,0.0,0.0,0.9986968857456497,0.0023245666581441413,0.0,0.0,0.9991794936509342,0.0014996996406209141
83062,2.0116474386698986e-05,0.5531464700081437,0.9967121900754725,0.005953117440779909,5.029118596674747e-05,0.5672274908036508,0.9970614645149036,0.005065978546945647,0.00010058237193349494,0.5403301839956086,0.9979700132461963,0.004039268666905356
84809,1.933251277556886e-05,0.6164336326286644,0.9976200106951953,0.004436803106798481,3.22208546259481e-05,0.5446757407423163,0.9979835014115004,0.003770151724208342,5.155336740151696e-05,0.4557506317633278,0.9985043553656251,0.003028851187119013
85118,2.2236222806952526e-05,0.49125969208957576,0.9977498409950611,0.004176180693549514,3.706037134492088e-05,0.45447937127589255,0.9981606319612013,0.003446855524149697,9.635696549679427e-05,0.576569075687695,0.9984576234479065,0.0031175648129601235
85315,2.0318457964496882e-05,0.5147714448836773,0.9983517667641355,0.0028459091655078763,4.7409735250492725e-05,0.6188656458779799,0.9984546894657887,0.0027283649879234597,9.481947050098545e-05,0.6493412323556059,0.9988673767399712,0.0021606681854609007
85326,0.0,0.0,0.9918167445324982,0.015215063414904006,0.0,0.0,0.9933592527221548,0.011698123448725253,3.633852974308659e-05,0.03343749138471349,0.9947505081498935,0.010371537675970837
85531,0.0,0.0,0.9938447116449634,0.009105616177327547,0.0,0.0,0.9949914678096672,0.008154414345227111,0.0,0.0,0.9960009685676205,0.007891792835664688
85610,6.770893283950951e-06,0.33916020527361607,0.9946357599058031,0.010014149522982695,2.0312679851852855e-05,0.3557772116892464,0.9950183217036604,0.009499647431292862,4.062535970370571e-05,0.33211700783270204,0.9961386741912135,0.0077779024598490865
85998,1.602525580314576e-05,0.360054614577234,0.9936984544127773,0.012990862319661334,3.205051160629152e-05,0.3783033006761697,0.9947461177327843,0.010471435100878756,3.205051160629152e-05,0.24414459807102395,0.9959699188860311,0.008353375963071376
86472,1.5657170592702192e-05,0.3156484524795145,0.9966814407619617,0.004471820778991287,2.3485755889053288e-05,0.2742654694553681,0.99747054779184,0.00338340743758359,5.4800097074457675e-05,0.3188313687976424,0.9985870480818091,0.0023292280928341727
87333,1.2107710189848896e-05,0.16958010263680803,0.9993366482260223,0.0013267035479560096,2.4215420379697792e-05,0.17947710508581732,0.9996683241130112,0.0006633517739778938,2.4215420379697792e-05,0.11582866341850037,0.9998341620565059,0.00033167588698883587
87878,8.229843056892906e-06,0.33916020527361607,0.9945358752492011,0.010619058305842588,1.645968611378581e-05,0.2984900352767555,0.9955443700456007,0.008274325872294715,2.4689529170678715e-05,0.22814573251668868,0.9967226905045298,0.00634698652617538
88313,3.3360243930103614e-05,1.0,0.996676584168689,0.006204892139704943,6.004843907418651e-05,0.933745776545611,0.9971511338564201,0.005290676654401349,0.00012676892693439375,0.9572416874849684,0.998029477490683,0.003904157460399122
89802,6.895648156448465e-06,0.13120507751234178,0.9983080097025587,0.0029710148567525852,4.137388893869079e-05,0.43621154230977444,0.9983427153860935,0.0029072359226453683,8.964342603383005e-05,0.5318261831048734,0.998493889274331,0.0030985661510084207
90013,2.5291324443432792e-05,0.8304198973631919,0.9956077458882862,0.007148584639993927,5.0582648886865583e-05,0.826333328652008,0.9967228427870488,0.005406090149302403,0.00010748812888458936,0.8555829096479624,0.9974783112663239,0.00484978802131398
90243,7.068686426001456e-06,0.14606834984270645,0.9941618210193865,0.010062244566629552,1.4137372852002913e-05,0.1610425878239398,0.9948959503419461,0.008730116473176501,3.534343213000728e-05,0.21081136042390491,0.995601569933602,0.008689935076364494
90751,1.62250742297146e-05,0.14606834984270645,0.9940965458402768,0.010702545718816714,3.24501484594292e-05,0.17318663334822612,0.9942796614764996,0.011043507842544403,6.49002969188584e-05,0.17697226006854574,0.9955469388269336,0.008954517894486818
91056,0.0,0.0,0.9886183767429222,0.022667202892549698,0.0,0.0,0.9897742831325029,0.019718212045975892,0.0,0.0,0.9920617868864154,0.0158973271169588
91104,3.5496237398835724e-05,0.7227265726449517,0.9672477007565986,0.055703246693085816,7.099247479767145e-05,0.6683063269107927,0.9755096983520138,0.0437464375710075,8.282455393061669e-05,0.46968772032280465,0.9814648428184201,0.03445215122305645
92370,1.369412795793164e-05,0.33916020527361607,0.9979632391009264,0.0026037920189334817,2.738825591586328e-05,0.2895229882348574,0.998193149852322,0.0026532817057097068,2.738825591586328e-05,0.18684868323532902,0.9987357627127897,0.0023036120993181974
92442,2.636053300997746e-05,0.6608397947263838,0.9985058368042798,0.002528646652979127,5.931119927244929e-05,0.7799082337019198,0.9988235033501722,0.0020337481082710607,0.00011862239854489858,0.8256216692180227,0.9991224813547872,0.001771736856774728
93101,1.2801146982769656e-05,0.16958010263680803,0.9810842437242104,0.03432432040216926,2.5602293965539312e-05,0.17366667134799177,0.9868375335462607,0.024059814609761195,5.1204587931078625e-05,0.1840381574078531,0.9910580720049387,0.017273903121177662
93517,0.0,0.0,0.9909711568169417,0.014764084840299351,0.0,0.0,0.992753589991073,0.01197632877957987,1.3548942166340362e-05,0.0720569230653132,0.9948215358673392,0.009895283232450505
93550,2.738975623116954e-05,0.30078518014914984,0.9895736214665234,0.021651344270400198,2.738975623116954e-05,0.19518900079066107,0.9947868107332617,0.010603842488319137,6.847439057792385e-05,0.24128106347645764,0.9958357559164105,0.008159725935965957
93588,0.0,0.0,0.993714398618736,0.007761035151799866,0.0,0.0,0.995163143766967,0.006900737434166692,0.0,0.0,0.9965327794743277,0.00672973481255709
94295,1.9139366486969283e-05,0.6992148198508501,0.9981354198084313,0.0032358182817375015,3.8278732973938565e-05,0.67175898907361,0.9982820700825096,0.003094962107018917,0.00010207662126383617,0.7881639691226248,0.9987263431874188,0.0024872146165103763
96960,0.0,0.0,0.9981494643095804,0.0033885646563141083,0.0,0.0,0.9981665444903223,0.0033386120665754564,8.025682182985554e-05,0.07186629789695316,0.9986957674336081,0.002555826104257632
98487,0.00010788650339842486,0.14606834984270645,0.9979701760648206,0.003695256618034859,0.00010788650339842486,0.09478836436955078,0.9983057581849886,0.0031125724852385296,0.00010788650339842486,0.06117331537803187,0.998826752364768,0.0023240124275855996
99112,0.0,0.0,0.9957464798116715,0.00837270506120712,0.0,0.0,0.9966357953773143,0.006415396517842898,1.2883941455370026e-05,0.07692781742226022,0.9974861649698987,0.004942182265275426
100415,7.41839762611276e-05,0.13120507751234178,0.9821474110866759,0.022115243498686023,7.41839762611276e-05,0.08514311764162098,0.9886721177157952,0.018709313877686425,0.0001483679525222552,0.08838607945669938,0.9915983431822044,0.016356610522989524
101218,7.671829808127536e-06,0.16958010263680803,0.9877541385073357,0.022815757757400724,3.068731923251014e-05,0.3280622976814645,0.990946291086248,0.017871444994363956,5.370280865689276e-05,0.3153085950656428,0.9936664782330439,0.012127417830565862
102216,0.0,0.0,0.9932712029201317,0.009083424002774954,1.133118796174591e-05,0.06943122193677725,0.9951080500310976,0.007164766515041,4.532475184698364e-05,0.14878007485665615,0.996047641823648,0.007286911950128522
102945,2.5267519866587496e-05,0.7860137352654724,0.9952353001039389,0.009267234268054824,2.5267519866587496e-05,0.510069131458292,0.9961177695587434,0.007377557606252632,4.4218159766528114e-05,0.43279117521923877,0.997008137785367,0.006114344929406775
104237,6.507112273715171e-06,0.13120507751234178,0.9953293611826917,0.008207752298860704,3.253556136857585e-05,0.3628476202104143,0.9960139452158897,0.007294503139446803,8.459245955829723e-05,0.5169805285401566,0.9969046457288648,0.006043690793798196
104320,1.290913902497273e-05,0.47036528278595785,0.9956062010387736,0.008603524440701782,1.290913902497273e-05,0.3052348839397011,0.9959806151976626,0.007055012150503452,3.872741707491819e-05,0.34100490897509184,0.9966465279303218,0.0064682666627017115
104347,0.0,0.0,0.9984082129336395,0.0024764257694390945,0.0,0.0,0.9986733546143871,0.0022919337471077315,0.0,0.0,0.9991762341031489,0.001575165778891006
104453,3.842656043857514e-05,0.5296347172140421,0.9916796174174841,0.015827776188706944,5.1235413918100194e-05,0.4220949603708207,0.993504100154567,0.012373924789785067,7.685312087715028e-05,0.3387087673251115,0.9949084030180495,0.00976055613486593
106952,1.5344601385617504e-05,0.47036528278595785,0.9977067937373869,0.0030259770487119585,2.3016902078426257e-05,0.3746661058764784,0.9980235329537729,0.0027404799763357424,4.6033804156852515e-05,0.343475386829743,0.9985501699818841,0.002697071193787985
107384,1.9330893345017786e-05,0.6164336326286644,0.9950741973342353,0.008569241248016246,4.5105417805041496e-05,0.6874708847784536,0.9963946977597201,0.005930827073523945,8.376720449507707e-05,0.6588650927049221,0.9973885964674867,0.005008050726590542
110515,0.0,0.0,0.9868803948774175,0.025427221926164378,1.3345789403443214e-05,0.14465249243306438,0.9879843120078728,0.02068922944860853,1.3345789403443214e-05,0.09335399548964864,0.9907729455028018,0.018306695105416767
115113,0.0,0.0,0.9964599305472346,0.006851674783168671,1.6961802021846802e-05,0.14465249243306438,0.9974995130485604,0.0047174529631508234,1.6961802021846802e-05,0.09335399548964864,0.9976254059386138,0.004789136540530462
115669,0.0,0.0,0.9987680991597877,0.0018839975350035565,0.0,0.0,0.9988050831101498,0.002175718061108572,3.643252696006995e-05,0.038384638165382894,0.9992540005237689,0.00138837802707062
117557,7.082353607750928e-06,0.33916020527361607,0.9973827435045287,0.004481201906122634,3.541176803875464e-05,0.5075394027672818,0.997472162260558,0.004795283359287623,6.374118246975835e-05,0.46845621810012666,0.9980674790112782,0.0038459389450376607
118339,0.0,0.0,0.9945358164767863,0.009960252448511463,0.0,0.0,0.9944403268937704,0.010647951507192069,3.6292371343543586e-05,0.06894750129312782,0.995652213292515,0.008644093571337759
118607,0.0,0.0,0.9947701533225544,0.008659449101591133,5.008765339343852e-05,0.07336392209936005,0.9950792278306733,0.008544408756634297,0.00010017530678687704,0.0837029678664246,0.9966868420254362,0.006509990508756669
119890,2.1203511301471523e-05,0.6399453854227659,0.9938555226961803,0.011211907027001578,3.533918550245254e-05,0.5548989126424902,0.9950621083056144,0.009268495115103607,5.6542696803924065e-05,0.46326869133856796,0.9962788377332614,0.007568875526229462
119894,1.5857284440039645e-05,0.48522855511632257,1.0000000000000002,-2.220446049250313e-16,4.757185332011893e-05,0.5925846332364243,1.0000000000000002,-2.220446049250313e-16,7.13577799801784e-05,0.4922275614797358,1.0000000000000002,-2.220446049250313e-16
120484,0.0,0.0,0.99543513331206,0.005404005279813206,4.18025248725023e-05,0.0636207881989517,0.9951504492946356,0.008193110793966925,8.36050497450046e-05,0.07512175164287156,0.9961956793064075,0.007150754130495561
121376,2.0648216338245315e-05,0.4468535299918563,0.9965910536466922,0.006726034934431824,4.129643267649063e-05,0.5079937796926363,0.9971512168118964,0.005615128365402958,9.635834291181147e-05,0.6105158919703031,0.9980199485059238,0.003950389322676105
121530,0.0,0.0,0.9972075792557031,0.004718240828070164,0.0,0.0,0.9969900037981716,0.0059083266584311536,0.0,0.0,0.9978960519315896,0.004200434426523504
121822,3.7311576538480676e-05,0.6164336326286644,0.9937161603997555,0.011178635450314745,6.218596089746778e-05,0.5357086937004183,0.9948943463523969,0.00968594557281917,0.00013680911397442912,0.5614067889962945,0.9955915180625053,0.008654370584992363
121972,2.1683037359873373e-05,0.7227265726449517,0.9914839134508536,0.019428380271722456,4.3366074719746745e-05,0.678049460811201,0.9923128133317907,0.016188282554388263,5.7821432959662325e-05,0.5135683376927729,0.9937550408485161,0.012873434895210067
122028,0.0,0.0,0.9981549629269064,0.0032330515089619262,0.0,0.0,0.9985164333066979,0.00261979830248399,0.0,0.0,0.9988817121811373,0.0021865441647167597
122980,3.339299548526701e-05,1.0,0.997126814802356,0.004570120127066812,6.678599097053402e-05,1.0,0.9976296866711116,0.003942691085356954,0.00012021478374696124,0.9243086114681723,0.9980842011687008,0.003665330520495536
123029,1.879404855129209e-05,0.6992148198508501,0.9951986897744648,0.009437118990032101,3.758809710258418e-05,0.6620158551732015,0.9963417116760132,0.006891247868357145,6.891151135473767e-05,0.6028119876144408,0.9972071407215818,0.005679825057132526
123649,0.0,0.0,0.9819233652874555,0.03151507292699192,3.900612396146195e-05,0.1396181455537491,0.984021750203784,0.027558664358132475,5.850918594219292e-05,0.12485516509178592,0.9881284845762194,0.02368137569135625
124162,1.3540228017439813e-05,0.3451913422468693,0.9979854819930631,0.003768885792059007,4.062068405231944e-05,0.5088197627289398,0.998449054006502,0.002832052871781188,0.0001083218241395185,0.6830083126564506,0.9988445623141768,0.002328954777888965
124197,0.0,0.0,0.9991473641446212,0.000981891787805178,0.0,0.0,0.9992392827837321,0.0011952221161149678,0.0,0.0,0.9993805082648366,0.0012118025504615913
125641,2.54427030327702e-05,0.6548086577531306,0.9997348885059175,0.0003175642391758382,3.3923604043693604e-05,0.49118023727106,0.9998386242138,0.00026803882502532715,7.63281090983106e-05,0.49667705615865093,0.9999187638887083,0.00015239684702396
126421,5.442473059758354e-05,0.16958010263680803,0.9949560110207273,0.009613559562547924,0.00016327419179275064,0.2520649403266671,0.9950697288799658,0.008839543094647389,0.00016327419179275064,0.16267448217833474,0.9963194360317095,0.007302601397841703
126820,1.3690190978164145e-05,0.16958010263680803,0.9943439662782888,0.010561865531016946,2.738038195632829e-05,0.18340980524840012,0.9953134733751459,0.00903263133158578,8.214114586898487e-05,0.25953020169039387,0.9965316384801479,0.006744538411763222
127732,1.2522305356416117e-05,0.27727342735504823,0.9885036064865069,0.023027992052030932,1.2522305356416117e-05,0.1799314820111718,0.9891299209847382,0.02150829903928534,4.3828068747456405e-05,0.291597413665706,0.9920242177582776,0.01600928240368251
128545,1.3693377882456043e-05,0.33916020527361607,0.9818747887621149,0.03160432407586007,2.7386755764912087e-05,0.28634598975246917,0.9840079986938634,0.027759472755321053,5.4773511529824174e-05,0.25953927830261064,0.9869262420138802,0.02563174125544525
128769,3.337739149010027e-05,1.0,0.9911846660760351,0.01703236426690614,5.3403826384160426e-05,0.866947989864271,0.9927403412699531,0.013162598692567805,9.345669617228075e-05,0.7745965027428854,0.9948077272211229,0.010282115381491196
129103,0.0,0.0,0.9927221809707802,0.013612336718727868,0.0,0.0,0.994039479402339,0.010785563115190763,0.0,0.0,0.9956790376460735,0.008522753196981243
130636,1.463743083813929e-05,0.47036528278595785,1.0000000000000002,-2.220446049250313e-16,3.659357709534823e-05,0.5193185983095427,1.0000000000000002,-2.220446049250313e-16,5.854972335255716e-05,0.4449440547868008,1.0000000000000002,-2.220446049250313e-16
131878,1.4633682346657301e-05,0.30078518014914984,0.9932556115507877,0.012861388889990787,2.9267364693314603e-05,0.3379841448267984,0.9945493781082367,0.009942740219300526,5.121788821330055e-05,0.32228435206678824,0.9954445594319168,0.009217392090291755
134509,2.3010722996916562e-05,0.3156484524795145,0.9999459386326135,0.0001081227347730529,2.3010722996916562e-05,0.20483424751859086,0.9999729693163069,5.406136738652645e-05,6.903216899074968e-05,0.2742313540258353,0.9999864846581534,2.7030684321595698e-05
135233,2.7080089364294903e-05,0.8539316501572934,0.9934705476330455,0.013172102499277815,4.739015638751608e-05,0.7682269253321374,0.9952874744838441,0.0089319028289557,5.4160178728589806e-05,0.5298515460731182,0.996363589148811,0.007102223916721665
135317,0.0,0.0,0.997646770602522,0.0043700490216060815,0.0,0.0,0.9979250597222986,0.0038504116249981095,0.0,0.0,0.9986816110757912,0.0025502481460820694
135737,4.098696614476597e-05,0.21398626473452753,0.9929401739050739,0.014041593822283992,4.098696614476597e-05,0.1388624438735545,0.9942480078561241,0.011373951548378836,4.098696614476597e-05,0.08961728720334346,0.9955444152324346,0.009033975948752274
136041,0.0,0.0,0.9989138274919307,0.0013973864158410843,0.0,0.0,0.9991547051303232,0.0011550524461564793,0.0,0.0,0.9994215196682015,0.0010366232716591667
136945,2.070279073619124e-05,0.4468535299918563,0.9980339363909586,0.0032742606391815256,4.8306511717779554e-05,0.5626475208496899,0.9982259107337323,0.0031490186071380594,9.661302343555911e-05,0.6144627593762839,0.9987858838218147,0.0023370591395307358
137149,0.0,0.0,0.988297359406288,0.020036820471398875,4.257070284230393e-05,0.22119341301481263,0.9906033560810718,0.015812184427341322,5.6760937123071904e-05,0.17618849783888804,0.9930637787320687,0.013360820896851557
137362,1.3027448834694702e-05,0.5087403079104241,0.9960797790653487,0.007775628509983923,3.2568622086736755e-05,0.5365535816822092,0.996884366162029,0.006153381109932707,4.5596070921431456e-05,0.4144618264005146,0.9975657712797407,0.004965250425718165
137539,2.1203061722112674e-05,0.6399453854227659,0.9903848911801509,0.016113408326538237,3.5338436203521125e-05,0.552265477387053,0.9918794291868258,0.014001621166259436,7.067687240704225e-05,0.5299143518597711,0.9938174394465664,0.011838027173783764
138481,3.253069270857053e-05,1.0,0.9985587743239307,0.0021460372014870275,5.204910833371286e-05,0.8643145546088337,0.9987051882939028,0.002149133786698945,0.00011060435520913983,0.8776828711844281,0.9988953523316066,0.0022120737231617737
139494,1.1332600491834862e-05,0.16958010263680803,0.9974266262428453,0.005146747746020708,1.1332600491834862e-05,0.11004588314904007,0.9967718679962079,0.006446723534723782,3.399780147550458e-05,0.14284214936692505,0.9964455061373132,0.006858487132219178
139727,3.930817610062893e-05,0.13120507751234178,0.9959968954793166,0.007455895353322406,7.861635220125786e-05,0.15457433957839825,0.9967623228843021,0.005920689002252762,7.861635220125786e-05,0.0997572316736576,0.997484509321431,0.00493301406552939
140231,1.1326824185035e-05,0.14606834984270645,0.9793720133225607,0.04094764843672614,4.530729674014e-05,0.2980272981222516,0.9822016351723816,0.03145102217551543,9.061459348028e-05,0.3350448801864866,0.9884687166982473,0.0213904532102633
141255,2.648936452014516e-05,0.360054614577234,0.9852563494558797,0.02867317357387623,3.9734046780217743e-05,0.29727159644205703,0.9869555551139321,0.024184308814594192,5.297872904029032e-05,0.23147044902408,0.9890939229425321,0.021667631066087118
142106,0.0,0.0,0.9958753683228505,0.006275526010899568,0.00010590976488032197,0.07336392209936005,0.9969516623647061,0.00488386198695627,0.00021181952976064393,0.08078417126259926,0.9977522855815509,0.004199981953352911
142429,1.5342835662887216e-05,0.3451913422468693,0.9925320280205006,0.013500012283734996,2.3014253494330822e-05,0.30240383049385083,0.9940273946904004,0.011041845924528964,3.835708915721804e-05,0.2609373407829797,0.9956914657357746,0.008346807260807016
143170,0.0003527336860670194,0.33916020527361607,0.9963051634432294,0.006037928973840312,0.0007054673721340388,0.2984900352767555,0.9971400010621917,0.00509793004197538,0.0007054673721340388,0.19263572260827436,0.9980711383437697,0.0038618996259735666
143921,0.0,0.0,0.9939443724151996,0.012111929233646835,0.0,0.0,0.994854556654218,0.009770882617378298,0.0,0.0,0.9962361769150425,0.00745904964517524
144541,6.442925345824018e-06,0.14606834984270645,0.9962400585475908,0.006122346007160185,1.2885850691648036e-05,0.1584091525685025,0.9966689719304425,0.005663700843869623,5.154340276659214e-05,0.31462335651036083,0.9974355823669319,0.005079044799530026
144891,0.0,0.0,0.9942508630162965,0.010465136044025403,0.0,0.0,0.994512444596548,0.01007553649070528,0.0,0.0,0.9959770472478622,0.007917473639620656
144922,7.829933837059076e-06,0.14606834984270645,0.9966740422056592,0.006405734622260883,2.348980151117723e-05,0.23047380976071705,0.9971015975871163,0.005499531069066495,5.4809536859413536e-05,0.29524107108139225,0.9975592402949328,0.004598412499075256
145502,0.0,0.0,0.0,0.6686145530009673,0.0,0.0,0.0,0.5580119381923707,0.0,0.0,0.0,0.45951034920482103
146410,0.0,0.0,0.9844141688594705,0.026508272156167467,0.00012568340350656697,0.15176219107803537,0.9890974356055325,0.02090677480651007,0.00012568340350656697,0.09794236285250282,0.9908895775322186,0.0180610370424523
146599,0.0,0.0,0.9974806709584918,0.004700608576738629,0.0,0.0,0.9982062053980789,0.0031346256483628975,9.890316391221355e-06,0.03343749138471349,0.9987288472400682,0.0023936767926301204
146749,3.893929364121335e-05,0.13120507751234178,0.9982292453199249,0.003818617008735459,3.893929364121335e-05,0.08514311764162098,0.9989351909200728,0.002125231733068479,3.893929364121335e-05,0.05494858807198588,0.9991370168938198,0.001634178980186621
147615,6.898359570094232e-06,0.33916020527361607,0.9966126306345886,0.0060783640519131875,2.7593438280376928e-05,0.4265076985331692,0.9971524276172156,0.005107526762668682,6.898359570094231e-05,0.48872329204448206,0.9980305688132048,0.0037228012088985894
148389,2.0322862542932047e-05,0.6843515475204854,0.9976887876635923,0.004376539404856494,2.709715005724273e-05,0.5135285497500328,0.9981647088118935,0.0035967108336400675,8.806573768603887e-05,0.6476625718853332,0.9985564847537394,0.0028830721115004976
148556,7.827666103074707e-06,0.13120507751234178,1.0,0.0,1.5655332206149415e-05,0.14876390584057267,1.0,0.0,5.479366272152295e-05,0.2725106777351312,1.0,0.0
148996,3.2198030768438205e-05,1.0,0.9966818899282007,0.006207705551936393,5.7956455383188764e-05,0.9305687780632227,0.9966252321491851,0.006621627807902993,0.00011591291076637753,0.9168067182329452,0.9974905107579634,0.005037061624595618
149385,1.4141871252404117e-05,0.3156484524795145,0.9963264347954051,0.006962313374105722,4.242561375721235e-05,0.48964844873235525,0.9970875917469076,0.005573157742337006,9.192216314062677e-05,0.5629097619650159,0.9975323221997762,0.004939109245967383
149887,1.9770399757483096e-05,0.7227265726449517,0.9970759637868423,0.005247965712256708,3.954079951496619e-05,0.6870165078530991,0.997468081884265,0.004722559721690164,7.249146577743802e-05,0.6212224820315781,0.9981758883421181,0.0036347245795747382
151211,0.0,0.0,0.9919940488857378,0.01660084536329398,1.2439358129120537e-05,0.06625422345438903,0.9934612896001577,0.012473094895795489,2.4878716258241074e-05,0.07619580389974508,0.9946409738318079,0.010853899193667908
151842,0.0,0.0,0.9944148920759796,0.010438657410548858,0.0,0.0,0.9955188364260266,0.008872203340973356,1.602397186190541e-05,0.06881314495485108,0.9962533498851954,0.007628141452307744
152309,0.0,0.0,0.9965340492809464,0.0065461903636908955,3.2449095481463455e-05,0.1356854453911663,0.9973639516569506,0.0047625370663664755,3.2449095481463455e-05,0.08756695611670332,0.9980436900148877,0.00394316121839822
152804,7.0676872407042245e-06,0.21398626473452753,0.9941241243465422,0.01072467627323831,2.8270748962816898e-05,0.34791181136408084,0.9946944113476153,0.010218741996529163,5.6541497925633796e-05,0.36557431130414475,0.995955241831061,0.007896523981830793
153045,3.63576869239579e-05,0.27727342735504823,0.9891836293448492,0.022832834572673488,7.27153738479158e-05,0.31561692740233804,0.9898103097462183,0.020365040712742328,0.00010907306077187369,0.2784297857206428,0.9920490535357149,0.015822904200475215
153950,6.033182503770739e-05,0.14606834984270645,0.9966118085158749,0.0059896777790910405,0.00012066365007541478,0.1584091525685025,0.9975510775092239,0.004284799448241642,0.00012066365007541478,0.10223209476492093,0.9979934025394541,0.003875775750964856
154539,0.0,0.0,0.9961641996907936,0.007316373188455116,1.301727392249515e-05,0.15176219107803537,0.997128272447329,0.005430943758753997,5.20690956899806e-05,0.31435162143816175,0.9978430865442076,0.004374259946511804
155085,0.0,0.0,0.9880951191128557,0.0166525918324964,0.0,0.0,0.9889995544304743,0.01872455895630051,4.0997048212528697e-05,0.032864970567577,0.9932395141903025,0.012623703916366679
155299,7.067837100490508e-06,0.21398626473452753,0.9966924350195692,0.00571662446949982,3.533918550245254e-05,0.42049964660493067,0.9970232365957555,0.005225730470508267,6.361053390441457e-05,0.4115237642454844,0.9979651848910613,0.003886438722839962
155678,0.0,0.0,0.9947028068355364,0.01031351805912567,4.339430232810432e-05,0.1356854453911663,0.9958621665164843,0.008069982951798354,6.509145349215648e-05,0.1210044475014168,0.9969125354756094,0.006066660639032721
155698,2.713391264236825e-05,0.8304198973631919,0.99792743317676,0.0034338909485758795,4.070086896355237e-05,0.6719377023185353,0.998330694265625,0.0030179387639780626,9.496869424828886e-05,0.7158316943942715,0.9987631315892822,0.002406884275473662
156539,2.0390685534847682e-05,0.6992148198508501,0.9955028796287738,0.008620311715419559,4.0781371069695365e-05,0.6530488081313034,0.9965073657530388,0.0064802434378454414,8.156274213939073e-05,0.6314501394337273,0.9971765169056204,0.005655537899881908
156900,2.069564977441742e-05,0.6164336326286644,0.9976818055271401,0.0033692462448116967,2.7594199699223223e-05,0.4636440365082036,0.9976948034360527,0.0038315888513339473,8.968114902247548e-05,0.6191032013117533,0.9982867923645504,0.0031718794572283015
157600,2.4034032189580446e-05,0.4468535299918563,0.9974660563703589,0.003794671518451742,4.005672031596741e-05,0.4327725091963492,0.9978649912417428,0.003353190294936363,8.011344063193483e-05,0.45326544312443384,0.998598023502355,0.002644839843509779
159000,2.6740112843276198e-05,0.16958010263680803,0.9985402196807204,0.0026881987557475285,5.3480225686552396e-05,0.17947710508581732,0.9987697686150371,0.0025234119170613454,8.02203385298286e-05,0.15421330158388327,0.998881969753359,0.0021418607369191977
159320,0.0,0.0,0.9945432930137983,0.01160347839717305,0.0,0.0,0.9959678739032645,0.00824545203516466,0.0,0.0,0.9966142373731387,0.00680434013353324
159694,3.3361356873106744e-05,1.0,0.9957434583627867,0.0076517712807798845,5.337817099697079e-05,0.8579809428223729,0.9969080362794314,0.005814623769321368,9.341179924469888e-05,0.7624702189231058,0.9975066678768105,0.005139189247816038
159905,3.3361356873106744e-05,1.0,0.9959822345947871,0.007439636675632799,6.005044237159214e-05,0.92663607790064,0.9961907321160919,0.007315348395117474,0.00012010088474318428,0.9171433102136999,0.9971924750453306,0.0056759626950443585
159949,0.0,0.0,0.9971471685777565,0.003557924456914552,0.0,0.0,0.9963327025571094,0.006435042343905856,2.0139364401659484e-05,0.03406297225598251,0.9970467330799124,0.0058171738760868525
161402,8.49177571521981e-06,0.13120507751234178,0.9950429893552171,0.008681341271947163,8.49177571521981e-06,0.08514311764162098,0.9956057425535005,0.008163928024211509,3.396710286087924e-05,0.16218479839424704,0.9968337223844342,0.006125272568927674
161678,0.0,0.0,0.9972548709872289,0.006458644072121678,0.0,0.0,0.9975730260863381,0.005212274711865317,0.0,0.0,0.9983563640354938,0.0033974321701793404
162135,1.5346014256447245e-05,0.5087403079104241,0.9969378826155856,0.004016888563367594,3.069202851289449e-05,0.467122359745432,0.9971611554963593,0.004224886050042984,4.6038042769341734e-05,0.3734248769193962,0.9978332881437758,0.004238884572907002
162641,0.0,0.0,0.9965397725584454,0.007282993468154997,6.770939129257228e-06,0.06943122193677725,0.9971775923945749,0.005515812941848794,6.770939129257228e-06,0.04480864360167173,0.9978149307535121,0.00421400366176113
162642,1.3160319006132709e-05,0.16958010263680803,1.0000000000000002,-2.220446049250313e-16,1.3160319006132709e-05,0.11004588314904007,1.0000000000000002,-2.220446049250313e-16,2.6320638012265417e-05,0.10737630780536749,1.0000000000000002,-2.220446049250313e-16
162783,2.0038206179782788e-05,0.4468535299918563,0.9991446737533245,0.0017776545922848607,3.339701029963798e-05,0.4346298575932762,0.99846270701092,0.0032464125297686397,4.0076412359565575e-05,0.31888055692187794,0.9992313535054599,0.0015779887513031323
163396,0.0,0.0,0.9963301528725538,0.005035448503999252,0.0,0.0,0.9971307070606257,0.0043005697432530405,0.0,0.0,0.9979311252173335,0.0035493277156329207
163904,7.82815631262525e-06,0.21398626473452753,0.9919588901711032,0.010546712998497364,2.348446893787575e-05,0.27191445400928344,0.9927605186224886,0.010202833164634266,4.69689378757515e-05,0.2789294620276314,0.9942122693899345,0.011246693171345256
164273,4.621712806766188e-05,0.6608397947263838,0.990859698923958,0.015701733952269904,5.7771410084577346e-05,0.5072380780124417,0.9912465392976891,0.014377823845555764,6.93256921014928e-05,0.3596931845931267,0.9938188922606057,0.01181194645459822
165106,1.3540044682147452e-05,0.3156484524795145,0.9964264568841184,0.006265466274023923,2.7080089364294903e-05,0.34051969290975714,0.9972336920504598,0.004481335160516658,6.093020106966353e-05,0.3963136893261904,0.9979190269141174,0.0040600272783032545
165215,1.6964823438600064e-05,0.47036528278595785,0.9947285661664074,0.009482912178867531,2.5447235157900096e-05,0.37859880603906115,0.9950534188870478,0.009244440839414008,5.937688203510022e-05,0.3825587005379277,0.9966645978875978,0.006693409122867253
165311,0.0,0.0,0.9972152738766118,0.005315470665137401,0.0,0.0,0.9975105425887296,0.004686775229670917,8.280202036929701e-05,0.06869457913685864,0.9981622692566056,0.0036717402261144147
165442,1.3243805210112969e-05,0.13120507751234178,0.9953990497464084,0.008557237984017353,1.3243805210112969e-05,0.08514311764162098,0.9959989443095262,0.007572974746670341,1.3243805210112969e-05,0.05494858807198588,0.9967705290653198,0.00646192773560266
166546,0.0,0.0,0.997386733192763,0.004734463435412816,7.252157516861267e-05,0.06943122193677725,0.9974885620722478,0.004689260543316403,7.252157516861267e-05,0.04480864360167173,0.9983276855971172,0.0033263026172246483
168828,0.0,0.0,0.9923743216325402,0.014291979434408108,0.0,0.0,0.9930384977228197,0.01289303539440567,1.2425138540294724e-05,0.03406297225598251,0.994423617884971,0.010756319709808086
169279,8.240354664864776e-06,0.21398626473452753,0.9936375352874058,0.008028154955094935,2.4721063994594328e-05,0.28088150105118154,0.9959821560739279,0.006153167236876092,6.59228373189182e-05,0.351282225287887,0.9977524131938502,0.003973308510681879
169923,2.6064744826148152e-05,0.8687949224876581,0.9970258777918781,0.00554723179518245,5.864567585883334e-05,0.914856882358379,0.9976376668266681,0.0041679123680521,0.00011077516551112965,0.8738018031950543,0.9983848706277687,0.003176913694625775
170816,0.0,0.0,0.9940110933141078,0.007169402689665538,2.7383006106410362e-05,0.13698471029831175,0.9936906525753963,0.010354563850763335,5.4766012212820724e-05,0.15721860421962588,0.9957754828023383,0.00791674340368058
172029,0.0,0.0,1.0,0.0,0.0,0.0,1.0,0.0,6.154527886165852e-05,0.17581610983337023,1.0,0.0
172124,0.0,0.0,0.9965314777545304,0.007706156105143691,0.0,0.0,0.9968012885424397,0.006730072537226341,0.0,0.0,0.9974884917637657,0.0051960758170419554
172177,7.67324263560538e-06,0.16958010263680803,1.0,0.0,3.069297054242152e-05,0.3312392961638527,1.0,0.0,6.905918372044842e-05,0.39234685507096045,1.0,0.0
172259,2.4864488537470783e-05,0.30078518014914984,0.9962293808559517,0.006907320305713338,2.4864488537470783e-05,0.19518900079066107,0.9962772755833337,0.006959291004939927,6.216122134367697e-05,0.2320885032101102,0.9971383363913319,0.005739984742010581
172911,0.0,0.0,0.9857614328430566,0.02453182636817707,0.0,0.0,0.9860129751228502,0.0252289604290789,3.0230050685718318e-05,0.10802967968014734,0.9893232874110665,0.019951549722561836
174364,8.231604422017895e-06,0.14606834984270645,0.9915097114228792,0.011701683216616021,4.115802211008948e-05,0.3822360008387525,0.9933941213936851,0.010888429254721842,7.408443979816106e-05,0.384944454503664,0.9948657184841034,0.009712296244934191
174583,0.0,0.0,0.9946114400463599,0.007108019690028155,0.0,0.0,0.9947711459721542,0.007791004561829102,4.1158360909435145e-05,0.17917845376182479,0.9961727993831818,0.006958497923366343
176461,0.0,0.0,0.9968975288442875,0.005594694645446696,8.025038118931065e-05,0.15176219107803537,0.9979683612062675,0.003781087691751073,0.00012037557178396597,0.13524911321894745,0.9983597739234484,0.0033146951657504757
178689,1.1562832431432404e-05,0.16958010263680803,0.9953313489576013,0.007578392785934374,2.312566486286481e-05,0.17630010660342912,0.9960607130276129,0.006481199942069184,3.468849729429721e-05,0.15339939938767583,0.9971189753822196,0.005541002725710369
178969,0.0,0.0,0.9960991358802179,0.005431572492503622,0.0,0.0,0.9957021349747098,0.006815689933149442,0.0,0.0,0.997334274109404,0.004979821666945128
179032,1.2919646260085398e-05,0.360054614577234,0.9962997038287525,0.006280991362148691,1.9379469390128097e-05,0.30701473034246535,0.9971257944451295,0.0053564480895062876,3.875893878025619e-05,0.30501701499010253,0.997474628265404,0.0050170560076925885
184442,2.0694935949173238e-05,0.49125969208957576,0.9964194093907386,0.006136813605882363,3.449155991528873e-05,0.448668937538067,0.9966899314741375,0.006008979765781835,6.898311983057745e-05,0.4680879430083823,0.9974072568242216,0.0051211300774186355
186036,0.0,0.0,0.996458108548936,0.005168133012468568,0.0,0.0,0.9972573565580785,0.003837163947877559,0.0,0.0,0.9980195069687501,0.0035993989605428035
186361,0.0,0.0,0.993763588632623,0.011306259440153343,1.3692065448072841e-05,0.06625422345438903,0.9946444780842469,0.00995050436288602,1.3692065448072841e-05,0.04275831251503158,0.9957521883200735,0.008230430646805608
187360,0.0,0.0,0.9947116601175654,0.010345899592101016,0.0,0.0,0.9960358561432724,0.007498169849587244,0.0,0.0,0.9969459975940511,0.00605603700367543
187594,0.0,0.0,0.9937272222399951,0.01249234556156179,0.0,0.0,0.9944489718192002,0.01024060959769659,0.0,0.0,0.9954320456142709,0.0089256038872779
187788,0.0,0.0,0.9950642418315818,0.006528467167299412,0.0,0.0,0.9959364743223386,0.00589920543351662,0.0,0.0,0.9972097272842217,0.005306838067063032
188656,0.0,0.0,0.9960379653236195,0.005330100220695799,0.0,0.0,0.9964737695438002,0.005433055093616915,0.0,0.0,0.9971039593717496,0.0056977860967693614
188880,1.3798146908870139e-05,0.3156484524795145,0.9933630772729929,0.012307311432740043,3.449536727217535e-05,0.4260276605334035,0.9947955485874136,0.009360147290065424,6.89907345443507e-05,0.4600505766099306,0.9964739651967134,0.006790235320284252
189214,3.386317921071702e-05,1.0,0.9975027276263511,0.004828956051868716,6.0953722579290636e-05,0.9363792118010483,0.9979399358893757,0.0037919346760938344,0.00010158953763215106,0.8170905181745455,0.9986212272841932,0.002691950252381029
189456,4.625346901017576e-05,0.8304198973631919,0.9933194990068495,0.009164126707946118,5.781683626271971e-05,0.6122496142821665,0.9944035982376123,0.007805075150162836,9.250693802035152e-05,0.5025952782774541,0.9959013869355964,0.007639501144864039
191104,6.59308780674341e-06,0.21398626473452753,0.9889848806864722,0.019483507889464135,2.637235122697364e-05,0.35687885840597894,0.9912779078216596,0.015464271166003392,3.955852684046046e-05,0.3050588887247996,0.9937036277781237,0.011777257266250446
192529,2.4152839166243992e-05,0.13120507751234178,0.9666875832840006,0.05905958511333716,2.4152839166243992e-05,0.08514311764162098,0.9731669742269968,0.04606276668019615,4.8305678332487985e-05,0.09130487606052472,0.9799432922865574,0.03632905138042052
192582,0.0,0.0,0.9982288543532707,0.0036310672284898594,0.0,0.0,0.9979014691092305,0.004466547900711558,0.0,0.0,0.9984176431908228,0.0032463219170868825
192847,1.5061828807253777e-05,0.3156484524795145,0.9930403804587569,0.009338257243923365,3.0123657614507553e-05,0.34181895781690264,0.9939926576410196,0.008690875721855696,4.518548642176133e-05,0.2898200530157512,0.9955242345341466,0.008547173102481745
194070,0.0,0.0,0.9966500206132107,0.005875138429006044,0.0,0.0,0.9972099890853482,0.005349080190432508,2.7986902129803252e-05,0.03343749138471349,0.9974411437103259,0.0051899903877661736
195619,0.0,0.0,0.9955276927939005,0.008337922813578157,4.200445247196203e-05,0.07839826897867533,0.9963642125573822,0.006666815023541418,4.200445247196203e-05,0.05059568297461706,0.9970471971413957,0.0056602846115363535
195794,2.001654701219675e-05,0.6164336326286644,0.9943113456469754,0.009287762454110938,4.00330940243935e-05,0.59932948189937,0.9953423202431015,0.007916072682710575,7.339400571138808e-05,0.5614820391559545,0.996422854264466,0.007062766464591797
196252,2.063855695209791e-05,0.6843515475204854,0.9966615050183577,0.00671878362903805,3.4397594920163184e-05,0.579782773204422,0.9972097016008418,0.0052675956918478385,6.879518984032637e-05,0.5494164600419237,0.9977409485953685,0.004668431611706669
197654,1.1334013374135782e-05,0.33916020527361607,0.9942015099856267,0.009880058536186221,2.2668026748271564e-05,0.2934556883974402,0.9958750717254008,0.00695876281392679,4.533605349654313e-05,0.26134607771567847,0.9964452536618129,0.007176760866793692
198511,7.670888212146085e-06,0.33916020527361607,0.9911906492323282,0.015241098842222222,2.3012664636438255e-05,0.3557772116892464,0.9933267721774266,0.01176461256404657,7.670888212146085e-05,0.47256165716928944,0.9945988735963713,0.00977051304475244
199663,4.101218061764344e-05,0.16958010263680803,0.9867626829987579,0.027077934290609527,4.101218061764344e-05,0.11004588314904007,0.9892634404762978,0.021756189020831432,8.202436123528688e-05,0.10508299207281115,0.9915654121881816,0.016876024381465012
201597,1.0047928619515087e-05,0.13120507751234178,0.9964458332616891,0.007018958877522174,1.0047928619515087e-05,0.08514311764162098,0.9967634705163855,0.006208187698486209,4.019171447806035e-05,0.1609709185321038,0.9977130047156658,0.004684103996113531
202730,0.0,0.0,0.994981895396208,0.00857456479700348,0.0,0.0,0.9961796262117341,0.007084563028724496,0.0,0.0,0.9971346268163617,0.005697749038328836
202891,3.192848020434228e-05,0.14606834984270645,0.9980931404567096,0.002682271123727098,3.192848020434228e-05,0.09478836436955078,0.998349935121891,0.002572620125446227,3.192848020434228e-05,0.06117331537803187,0.9988684720084713,0.002231630867749209
204881,1.1828580215516731e-05,0.21398626473452753,0.9927796025164642,0.014351474300326027,3.54857406465502e-05,0.2784805894273036,0.995284935308107,0.008975159916995419,8.280006150861712e-05,0.3210004612176899,0.996019766142392,0.007777077885893395
208297,0.0,0.0,0.9829094278783466,0.031980352970521334,2.648199886127405e-05,0.12987501165334073,0.9914547139391733,0.01660150739436776,7.944599658382215e-05,0.22587611168971006,0.9938962272938173,0.011582504836509242
209308,1.3232239027165787e-05,0.16958010263680803,0.989237912470888,0.019941808916120164,2.6464478054331573e-05,0.17366667134799177,0.9897418313808146,0.01860588311377395,2.6464478054331573e-05,0.1120787992037177,0.9922019336176133,0.015682416292340063
209691,1.602307322544464e-05,0.47036528278595785,0.9958432439072817,0.00794507656016653,4.00576830636116e-05,0.508473817692402,0.9962952763513748,0.007159826032211503,7.210382951450088e-05,0.4681389007495382,0.9971947340406278,0.005547357853161023
210403,2.1459687976136826e-05,0.5147714448836773,0.9988301739001484,0.0017898274069786835,4.291937595227365e-05,0.5552448576790282,0.9991177203398415,0.0015648824131345644,4.291937595227365e-05,0.3583369015463325,0.9993652312570548,0.0012190298221633306
210749,0.0,0.0,0.9890771908494917,0.014865616679088667,0.0,0.0,0.9908362459769201,0.015316559923592562,0.0,0.0,0.9941269190815974,0.01145412350462565
211368,6.318157119931258e-06,0.13120507751234178,0.9965724130238561,0.00716657825887943,1.2636314239862517e-05,0.15139734109601002,0.9971132003652274,0.005876630311536708,3.790894271958755e-05,0.24264054863177545,0.9977172359330003,0.004692431615129269
212630,0.00015785319652722967,0.48522855511632257,0.9990641275167331,0.0012033234285196647,0.00015785319652722967,0.31488013066763093,0.9991487854777755,0.0013402216621489524,0.00023677979479084452,0.23727632726767167,0.9993405712299603,0.0012481610183512576
213952,0.0,0.0,0.9913300493368455,0.014907800432983065,1.5655699848922495e-05,0.13305201013572895,0.9924733579564968,0.01347677272818153,3.131139969784499e-05,0.15953046134354423,0.9948052526578335,0.01000018170971971
214195,0.0,0.0,0.9947682485392354,0.010186010839357074,2.7617824543960673e-05,0.2777045025687933,0.9955192860342172,0.008463090594991155,5.5235649087921347e-05,0.327255696587877,0.9967940768307593,0.006300665697987343
214565,8.227879346377265e-06,0.16958010263680803,0.9844856357129347,0.029678456303909317,1.645575869275453e-05,0.17630010660342912,0.9871099602346476,0.023898978580623186,2.4683638039131793e-05,0.1485285050307288,0.9900243339023314,0.018923772458961617
214902,2.0702219277906592e-05,0.49125969208957576,0.996991726108212,0.0038320383988156292,4.1404438555813184e-05,0.5252098581198152,0.997208796329406,0.004103905514408695,8.970961687092857e-05,0.5879042142174294,0.9976392343432006,0.004523325967829056
214910,7.155481456569805e-06,0.13120507751234178,0.9967854651289645,0.00502384495626369,1.431096291313961e-05,0.14876390584057267,0.9968282111690401,0.005259944165283402,4.293288873941883e-05,0.23496212920301646,0.9982756060757616,0.0031366155156084437
215269,7.470100921063444e-06,0.14606834984270645,0.9905982640074052,0.011698530538716945,2.241030276319033e-05,0.23177307466786254,0.9890007182327165,0.017494423615731385,3.735050460531722e-05,0.21999803488732805,0.9945003591163584,0.009932511663465227
215416,7.067937010545362e-06,0.33916020527361607,0.995377893540476,0.007991087252082751,3.533968505272681e-05,0.49276192198755825,0.9966688251574283,0.005396309385865293,9.18831811370897e-05,0.599586548114664,0.9975703473346871,0.004581795814147358
215841,0.0001722356183258698,0.33916020527361607,0.9988875066287358,0.0021213226542209805,0.0001722356183258698,0.22009176629808014,0.9991827805578014,0.0014737123668615891,0.0001722356183258698,0.1420400396336573,0.9993630626735527,0.0012648825256898143
215989,4.829984544049459e-05,0.5531464700081437,0.9943462990731599,0.007315415637654676,4.829984544049459e-05,0.35895421017163465,0.994266679575747,0.008460282363097284,4.829984544049459e-05,0.23165732683700074,0.9963843399108514,0.006870973241051597
218538,0.0,0.0,0.9954885342633112,0.009123661977442776,0.0,0.0,0.9952545578171028,0.009638863442290852,0.0,0.0,0.9962375376473455,0.007755988144784516
219492,0.0,0.0,0.9990672224479933,0.0015191102743147612,7.676776981951897e-06,0.07336392209936005,0.9986858563614405,0.0028322663265197786,3.070710792780759e-05,0.1491591517385906,0.9993429281807205,0.0013624544660491146
221253,0.0,0.0,0.9866466843220396,0.023827343574245374,1.602487059916991e-05,0.14782949091545258,0.9910104454886332,0.017352355574375023,5.608704709709469e-05,0.27369418886371905,0.9955052227443166,0.008841112905176746
222412,0.0,0.0,0.0,0.6686145530009673,0.0,0.0,0.0,0.5580119381923707,0.0,0.0,0.0,0.45951034920482103
222580,0.0,0.0,1.0000000000000002,-2.220446049250313e-16,0.0,0.0,1.0000000000000002,-2.220446049250313e-16,2.5603277219484095e-05,0.07041926024452133,1.0000000000000002,-2.220446049250313e-16
222674,0.0,0.0,0.9975890601369495,0.004321807047392179,0.0,0.0,0.9982535528909018,0.003254411122423173,1.42836737608913e-05,0.03233829114831981,0.9986242793027443,0.002740997782781246
223480,0.0,0.0,0.9945563022802432,0.00993762918321397,0.0,0.0,0.9953553305169432,0.008522237206435948,0.0,0.0,0.9965216685636747,0.006876614901712735
223531,0.0,0.0,1.0000000000000002,-2.220446049250313e-16,0.0,0.0,1.0000000000000002,-2.220446049250313e-16,2.647078287340348e-05,0.07041926024452133,1.0000000000000002,-2.220446049250313e-16
223563,1.5235193296514949e-05,0.27727342735504823,0.9974047806529567,0.004876552563032932,2.2852789944772424e-05,0.2532954041105318,0.9981220492039109,0.0034794626347191882,6.0940773186059796e-05,0.343841152585891,0.9984406517759622,0.003165576408186495
223680,2.957617343468102e-05,0.21398626473452753,0.9966590612229698,0.006315981759469014,2.957617343468102e-05,0.1388624438735545,0.9973377588411558,0.004888822883167785,2.957617343468102e-05,0.08961728720334346,0.9979385276966619,0.004071005213136458
223689,7.415427054444066e-06,0.33916020527361607,0.9875507981263418,0.019037509964339994,2.2246281163332196e-05,0.3628869103342175,0.9897540560707483,0.01677326960873478,5.1907989381108456e-05,0.3742581168010258,0.9924034035851372,0.014967187174913051
224177,3.892868265337901e-05,0.14606834984270645,0.9720449124723665,0.05831062666540343,3.892868265337901e-05,0.09478836436955078,0.972612612044194,0.05302377816729243,3.892868265337901e-05,0.06117331537803187,0.9771539335339503,0.045232334646744234
224919,0.0,0.0,0.0,0.6686145530009673,0.0,0.0,0.0,0.5580119381923707,0.0,0.0,0.0,0.45951034920482103
225706,0.0,0.0,0.9970261442828445,0.005358923845388064,0.0,0.0,0.9979075228232309,0.0036400549084124106,0.0,0.0,0.9985335973113582,0.002875540290390615
225800,2.348888192922017e-05,0.4468535299918563,0.996340941098194,0.0051745990044971156,3.914813654870028e-05,0.42302937529594087,0.9968150404689882,0.004945284776485651,7.04666457876605e-05,0.41306330823594245,0.9978703509408566,0.004136867088530284
226119,0.0,0.0,0.9948038067191295,0.009291941580799523,0.0,0.0,0.9956855150792581,0.007907326925362498,1.3806243183167428e-05,0.07281676027485895,0.9967947339480837,0.006420600705503573
226403,0.0,0.0,0.9970331384699451,0.003849102527780579,7.829443404868348e-06,0.07336392209936005,0.9972106964818946,0.0041027007579131835,3.131777361947339e-05,0.14994515363348848,0.9978688168810935,0.00399862511731944
227275,3.295305507773626e-05,1.0,0.995068421295149,0.008428152459327687,6.590611015547251e-05,1.0,0.9962122375738396,0.006398027870473415,0.00011204038726430327,0.9000465655852348,0.9969895073690165,0.005897312429323401
228094,1.3689816145769162e-05,0.14606834984270645,0.9985423881941051,0.0029140461537702222,4.1069448437307486e-05,0.24655055544758617,0.9992711940970527,0.0014573501485571905,6.844908072884582e-05,0.23712138345173323,0.9996355970485264,0.0007287439314726295
229525,7.671712095988461e-06,0.14606834984270645,0.9945795840915956,0.006755571886675327,2.3015136287965386e-05,0.2246633760228915,0.9956881806826866,0.0063821381630230775,5.370198467191923e-05,0.2815530518395259,0.9964252623832524,0.006734768973355283
229801,1.8948006669698348e-05,0.6164336326286644,0.9960735751295309,0.006801876244153127,2.526400889293113e-05,0.47842151728792726,0.9970092593885773,0.004975112128344277,6.316002223232782e-05,0.5217214086208686,0.997872431570227,0.004039859076267105
230262,1.9770660340055357e-05,0.5296347172140421,0.99563801442253,0.008574375079345775,4.6131540793462504e-05,0.6253338941235215,0.9964956683748263,0.006545800111380388,9.226308158692501e-05,0.6547579768569578,0.996872598300459,0.006405271185689559
230291,0.0,0.0,0.980531735173769,0.035142930194028886,0.0,0.0,0.9828439425466113,0.02971685596587839,0.0,0.0,0.9850612094988822,0.028821143807401847
231464,3.9767756303189374e-05,0.13120507751234178,0.9899566442806531,0.020216417978087643,3.9767756303189374e-05,0.08514311764162098,0.9943156248248265,0.011014522787350536,3.9767756303189374e-05,0.05494858807198588,0.9971578124124134,0.005600479173411136
233769,0.0,0.0,0.9974353369848087,0.0032660075865997506,0.0,0.0,0.9982573312373674,0.002772938700183916,1.2666003812467147e-05,0.0719593582041354,0.9989135509776956,0.0020113663924534787
233933,0.0,0.0,0.9959817366648067,0.006322304556343405,0.0,0.0,0.996482653145281,0.005909259017365017,4.966969651815427e-05,0.03475017269886857,0.9976105329746863,0.004473064485512652
234279,2.8293945802946814e-05,0.8539316501572934,0.9973519910546955,0.004936201796163342,6.366137805663034e-05,0.9052116356304492,0.997864238556932,0.0038094289889474275,0.00012732275611326068,0.9015199342555235,0.9985454339572104,0.00283156181466217
234772,0.0,0.0,0.9907117669736308,0.018941939208429626,0.0,0.0,0.9919612719048059,0.0157660520583906,1.954652071931196e-05,0.10468710011767338,0.9943915548600746,0.011044486780105396
234854,2.195309355676704e-05,0.7227265726449517,0.9915952265607848,0.011240430278909952,4.390618711353408e-05,0.680450372435079,0.9926497787497492,0.01099153709997986,7.31769785225568e-05,0.5751764177573234,0.9942464349784222,0.010924289102800988
235609,0.0,0.0,0.993467950084311,0.011700823660685311,0.0,0.0,0.995475722304034,0.008214415483512929,0.0,0.0,0.996261955923945,0.007362603032720305
236463,1.5063416985508993e-05,0.360054614577234,0.9998408389244515,0.00021800818886420493,2.259512547826349e-05,0.30308203017988256,0.9998043795550904,0.00037850921622826464,3.765854246377248e-05,0.26755860438718243,0.9998879348258194,0.00022131658648157621
237017,1.3345166047228542e-05,0.5087403079104241,0.9952507801725838,0.010026475049096128,2.6690332094457084e-05,0.46001266110046096,0.9955381362356732,0.00890930626101077,6.005324721252844e-05,0.4808121267265408,0.9963734931379987,0.007380862730255754
237399,8.011472428517637e-06,0.21398626473452753,0.9989063861443391,0.0022380946302598347,2.403441728555291e-05,0.2866919347890071,0.9986721544639321,0.0026134442951823225,5.608030699962346e-05,0.33197482029395853,0.9993274229857996,0.0013343083473875167
237893,1.9552635695291727e-05,0.6548086577531306,0.9952814199240461,0.008737926277685538,4.562281662234736e-05,0.7026305163854644,0.9958566749116718,0.008034816610254326,5.8657907085875174e-05,0.5241990350578855,0.9966528421982568,0.0066843665477919634
238569,1.380652910761499e-05,0.5531464700081437,0.9945990809705126,0.00886245833691678,4.141958732284497e-05,0.6405914129030107,0.994591236055767,0.00998812759725062,8.974243919949744e-05,0.6609489033917849,0.9957918592559774,0.008261183082343053
238602,1.2801638609742048e-05,0.16958010263680803,0.9936026080046257,0.008064646053866264,2.5603277219484095e-05,0.18340980524840012,0.9943870024343464,0.009163000764679994,5.120655443896819e-05,0.18793968185911125,0.9968107532051282,0.00583445170275427
238618,0.0,0.0,0.9919184849122507,0.015427157423482829,0.0,0.0,0.9933634273685168,0.012829821532761732,0.0,0.0,0.9949276897467376,0.010053427106427303
240257,0.0,0.0,0.9945786786005198,0.009471659588160241,0.0,0.0,0.9955517505990367,0.007918223820910043,0.0,0.0,0.9968221123601048,0.006361593508092327
240633,0.0,0.0,0.9938683167443993,0.011771154415861651,0.0,0.0,0.994875405065957,0.009476404916675644,0.0,0.0,0.9959149665682465,0.008109199726008537
240867,1.210741700365644e-05,0.16958010263680803,0.9938116053155678,0.010168211617994406,2.421483400731288e-05,0.17366667134799177,0.9936435533350464,0.011509414444472406,3.632225101096932e-05,0.14551629058843119,0.9948974882483214,0.010334183168950848
241931,0.0,0.0,0.9947878930505685,0.010020454701887815,2.0319146054021836e-05,0.20904936749052636,0.9956191812908182,0.008215873311139196,2.709219473869578e-05,0.1677786065621661,0.9965130471489305,0.006859405788848197
242616,0.0,0.0,0.9902363866813445,0.02165464085676716,2.309575500023096e-05,0.1427951440361373,0.9890566575249068,0.021373323988023465,6.928726500069287e-05,0.23061350994917298,0.9913767366208699,0.016639028916026543
243927,0.0,0.0,0.9918969772974542,0.011835835105092507,0.0,0.0,0.9936249644312843,0.009585905553986305,0.0,0.0,0.9948257098881086,0.009965516498637526
245031,0.0,0.0,0.9958240871873241,0.007223540032485787,2.403383964622188e-05,0.206415932235089,0.9972052090987699,0.004711687561267228,3.204511952829584e-05,0.17052085323289118,0.9977843256977064,0.004273754597105813
245383,3.4492035788936337e-05,1.0,0.9977607748794949,0.003994255997424145,4.828885010451087e-05,0.7909506325094736,0.9977707039234845,0.003924321819174757,8.967929305123448e-05,0.7204474741804556,0.9984498127262349,0.0030772035462616146
246346,1.2635755397047023e-05,0.3451913422468693,0.9978219325387219,0.004282653787784929,3.790726619114107e-05,0.5114531979843772,0.9981768518147837,0.0034956906286291852,7.581453238228214e-05,0.5440284029327889,0.9985818665318126,0.002791775924747658
246576,0.0,0.0,0.9954034974371204,0.008471391483429059,0.0,0.0,0.9963995646556857,0.006736139269881539,1.9748990332869233e-05,0.0719593582041354,0.9972734706930513,0.005393218373103793
247185,1.745490089980014e-05,0.48522855511632257,0.9796161105766583,0.03710733177253296,1.745490089980014e-05,0.31488013066763093,0.9848292896424926,0.02705294740921487,3.490980179960028e-05,0.2783444319759191,0.9881083379640524,0.022426533421311793
247920,1.4135374481408449e-05,0.27727342735504823,0.996925931142749,0.0051806186127122955,2.1203061722112674e-05,0.24355227021012346,0.9970975176417747,0.005260412528352827,5.6541497925633796e-05,0.33252183671431834,0.9978737862408391,0.004297899928001487
248460,2.525906326763872e-05,0.8304198973631919,0.998654786717221,0.0024674852046777883,4.4203360718367756e-05,0.7381919257729245,0.9985472422792856,0.0027511878741702358,9.47214872536452e-05,0.7550602622863142,0.9989500787420249,0.002045595119578151
250707,2.669140069798013e-05,0.8539316501572934,0.9964191121461814,0.0067041418582879375,4.6709951221465225e-05,0.7605591431973847,0.9965360209561102,0.006781397969729573,8.007420209394038e-05,0.6691901760649186,0.997370784056501,0.005311467935955696
251212,0.0,0.0,0.9962673214211307,0.004476988252627512,0.0,0.0,0.9971999627281848,0.0044007383623425505,0.0,0.0,0.9982232267342497,0.0035278415309699294
251717,1.6460092505719883e-05,0.48522855511632257,0.996950489630137,0.004098839865284487,2.4690138758579824e-05,0.37850091886658266,0.9983366894160962,0.0025395886159144663,4.115023126429971e-05,0.32227783961977674,0.9991251109372465,0.0015852101543392643
251779,7.415152121845779e-06,0.14606834984270645,0.9972405429724025,0.003665712921169917,1.4830304243691559e-05,0.17318663334822612,0.9976298407281314,0.0036825230994041312,2.2245456365537338e-05,0.14727900826106327,0.9978495391855742,0.004236188770526517
252225,0.0,0.0,0.9985905726302263,0.001921371238104108,0.0,0.0,0.9987832240985395,0.001707130857821388,0.0,0.0,0.9991566924398194,0.0015506908381493307
252794,3.9141087965681096e-05,1.0,0.9976350184088816,0.004628904643757615,6.262574074508976e-05,0.8603818544462509,0.9979711168923056,0.004081271578350499,0.00010176682871077085,0.7257694070645886,0.9984705333611835,0.0031401154166263855
253753,1.6961802021846802e-05,0.5087403079104241,0.9898748668586389,0.01978739337671912,4.2404505054617e-05,0.5481540639795446,0.99233617395706,0.01465653005039183,8.4809010109234e-05,0.5298617259049776,0.9941850234619976,0.011464994361845662
253829,7.92826505775741e-06,0.16958010263680803,0.9974686710747639,0.004605157367138268,7.92826505775741e-06,0.11004588314904007,0.9976596383538194,0.004176079634017548,7.92826505775741e-06,0.07102001981682865,0.998029668276998,0.003986597816526922
254136,9.719117504130625e-05,0.21398626473452753,0.9971333175640318,0.005063793072315348,9.719117504130625e-05,0.1388624438735545,0.9975591908918109,0.004600099060280842,9.719117504130625e-05,0.08961728720334346,0.9980860960417235,0.003756536499232548
254157,7.068986236683797e-06,0.21398626473452753,0.997319714216062,0.00388453497554746,1.4137972473367594e-05,0.21222636597291455,0.9976533336994443,0.003425767034106333,2.8275944946735188e-05,0.21389178450348945,0.9983885866822636,0.002987413203997359
254471,1.534177642429217e-05,0.3835663673713356,0.9953237431069413,0.008606570986060292,1.534177642429217e-05,0.24890832702259458,0.9960541069949775,0.007134369762598827,3.8354441060730425e-05,0.2698313562403845,0.9967806705520079,0.006221236945660259
255000,0.0,0.0,0.993373296870202,0.010619538616005574,1.446508129375687e-05,0.06625422345438903,0.9947255278493758,0.008811834213391854,1.446508129375687e-05,0.04275831251503158,0.9960919753324733,0.007739466895957577
255280,0.0,0.0,0.9963676785253682,0.006104337458225972,7.928327915642591e-06,0.07336392209936005,0.9968360859826493,0.0048254478830747835,4.756996749385554e-05,0.22172298985718036,0.9976062437784794,0.0045484327302589495
256156,1.4946566026455421e-05,0.48522855511632257,0.9977615853733386,0.003220000131185807,2.2419849039683134e-05,0.38431135260440824,0.9981569861849554,0.002902524850021883,5.2312981092593976e-05,0.3873887601510101,0.998774632650932,0.0023300246436435777
257178,0.0,0.0,0.9889514499760764,0.019675699618998,0.0,0.0,0.9896075982306213,0.018682303932778335,0.0,0.0,0.9910172449816776,0.0161281172610045
257237,0.0,0.0,0.9904609919093019,0.01258407266902778,0.0,0.0,0.9905996479084263,0.013603329154481281,0.00010144045445323595,0.038384638165382894,0.9922749936700266,0.014400430189595194
257286,1.3183654904649216e-05,0.5531464700081437,0.9943629146596097,0.010104074174880018,1.3183654904649216e-05,0.35895421017163465,0.9934984923098483,0.013611113311593941,1.3183654904649216e-05,0.23165732683700074,0.9955925105496259,0.008944297410426
258026,0.0,0.0,0.994946040025822,0.006845655832953867,0.0,0.0,0.9958553045179196,0.006382027490013176,7.276961141027506e-05,0.03406297225598251,0.9963908122337969,0.006968572450237432
258069,0.0,0.0,0.9961803369233078,0.007424014528063438,0.0,0.0,0.9961979213048735,0.007870688759775648,2.468505977898643e-05,0.10941484642906792,0.9977211011975875,0.004680764991626062
259478,2.5506137414315318e-05,0.8687949224876581,0.9979466558238579,0.0033748781417791474,4.463574047505181e-05,0.7630946912803435,0.9979986772809436,0.0034964205913136093,7.651841224294596e-05,0.671633538859823,0.9986268701140336,0.0026303146784924613
260052,0.0,0.0,0.9921700357587969,0.015516353639980152,4.553319369820599e-05,0.07336392209936005,0.9912700459037292,0.01700040819485296,9.106638739641199e-05,0.08285668978630009,0.9929971882030891,0.014058987261929508
260103,0.0,0.0,0.9974893312723907,0.004497689494432344,1.5063984273200419e-05,0.13305201013572895,0.9976189455723826,0.00442561080554024,3.7659960683001045e-05,0.19186875249186405,0.9982430516812665,0.0034157292004396715
260361,2.3010370006749708e-05,0.49125969208957576,0.9974780538545438,0.005185113452115486,4.6020740013499416e-05,0.5399873388995389,0.9970435301375732,0.0052926928554030955,6.903111002024912e-05,0.4569244091182024,0.9977524162634216,0.004422226146108684
260385,0.0,0.0,0.9962669943033797,0.0068266966200769,1.2894324563043576e-05,0.12987501165334073,0.9969810238440282,0.005607934795973973,3.868297368913073e-05,0.22339159337250158,0.9976943163280098,0.004536786705217298
260912,0.0,0.0,0.9950732202544816,0.009237033562991891,0.0,0.0,0.9960422858928414,0.007321594008798435,2.6732249786142e-05,0.03343749138471349,0.9966688543538368,0.006804780943693465
261620,7.671241283552091e-06,0.14606834984270645,0.0,0.6686145530009673,3.0684965134208365e-05,0.2980272981222516,0.0,0.5580119381923707,6.904117155196883e-05,0.366454021394356,0.0,0.45951034920482103
261979,0.0,0.0,0.991975669024753,0.013126854688430622,1.5655454751821904e-05,0.1427951440361373,0.9929426990433357,0.012664579599746605,1.5655454751821904e-05,0.09215532347955749,0.9941860669239582,0.011525112724589906
265077,8.198065256599443e-05,0.3156484524795145,0.992959107748038,0.011167238136651835,8.198065256599443e-05,0.20483424751859086,0.9942190411686103,0.009307523886372073,8.198065256599443e-05,0.13219333519486054,0.9958507546480447,0.007896622330654083
265371,1.3232414121632351e-05,0.14606834984270645,0.9975527028815845,0.004377235040858307,3.969724236489705e-05,0.24261785528500338,0.9979087046536115,0.003788291569360188,7.93944847297941e-05,0.2578634343957683,0.9982785303971685,0.003493641890773013
265864,6.764526821348847e-05,0.16958010263680803,0.9921160044273517,0.013812669304171233,6.764526821348847e-05,0.11004588314904007,0.9939664446692398,0.011296641181567913,6.764526821348847e-05,0.07102001981682865,0.9953311741463475,0.008858309838821259
265960,0.0,0.0,0.9954357044952669,0.006406171614593637,2.5448314473304718e-05,0.21538297927698707,0.9968942338081979,0.0050495021459765355,5.937940043771101e-05,0.28099499272350986,0.9979204083313276,0.003972118999422865
266929,1.603386351975372e-05,0.360054614577234,0.9945208672073138,0.011114911267061956,2.405079527963058e-05,0.29990503169749433,0.9958257942884472,0.0079892221237641,4.00846587993843e-05,0.26139721615314104,0.9969945031216044,0.0060179995743725595
267341,0.0,0.0,0.9947440961391767,0.009834925389711013,0.0,0.0,0.9949129868286283,0.010451858162478143,0.00010838933448948623,0.03343749138471349,0.995693582624052,0.008792705257011993
268053,0.0,0.0,0.9835831305069048,0.033520566877700456,0.0,0.0,0.9914830814277842,0.016741818665927995,0.0,0.0,0.9957415407138923,0.008447756300991222
268240,0.0,0.0,0.991963764742995,0.014701506804423337,0.0,0.0,0.9941623484358602,0.010627639877855841,1.3690003559400925e-05,0.03475017269886857,0.9948998755555335,0.010267393727946546
268386,6.672583023614271e-06,0.33916020527361607,0.9934575895396716,0.009128114708139312,2.0017749070842814e-05,0.3499667779514209,0.9938599444966052,0.010109155677666896,4.003549814168563e-05,0.3352719779646459,0.9961046103583797,0.007317396413879504
268500,1.602255976414792e-05,0.5531464700081437,0.9927601009129997,0.014379352550305813,2.403383964622188e-05,0.43735247915031,0.9941887898640926,0.0112855475390501,6.409023905659168e-05,0.4526257044709046,0.9953959317761211,0.009281252932336637
269467,0.0,0.0,0.9951074140294691,0.00982617897743059,0.0,0.0,0.9958098755382665,0.008397936910429242,0.0,0.0,0.9967220902395914,0.006691318106637726
269756,0.0,0.0,0.9990672224479933,0.0015191102743147612,7.530744263455557e-06,0.07336392209936005,0.9986858563614405,0.0028322663265197786,3.012297705382223e-05,0.1491591517385906,0.9993429281807205,0.0013624544660491146
269974,9.87615304086752e-06,0.21398626473452753,0.9807856821389122,0.03761548721364667,1.975230608173504e-05,0.20511666732794356,0.9895853948284751,0.019972534547674843,4.938076520433761e-05,0.23849549503967074,0.9926994535776096,0.013486398871006548
273543,2.576141069484965e-05,0.7860137352654724,0.9926965018972936,0.013375796002002772,3.220176336856206e-05,0.5736899196572437,0.9933175729412451,0.012670765754124864,8.372458475826136e-05,0.6570250927707163,0.9949987743452551,0.010052923379632988
273680,2.759515153187585e-05,0.6608397947263838,0.9953358533631839,0.008829598586089737,4.8291515180782734e-05,0.6402900881481707,0.9961327937393614,0.007165556948657202,8.96842424785965e-05,0.6351512426168325,0.9968539100884598,0.006192137888668089
274350,0.0,0.0,0.997807784348295,0.0037954723805916136,0.0,0.0,0.997851410807012,0.0038589672500885406,0.00014749262536873156,0.03406297225598251,0.998419517583477,0.003108927860570656
274417,2.366415826589048e-05,0.5531464700081437,0.9737502945652553,0.05347078422338484,3.5496237398835724e-05,0.4225749983705864,0.9842513882541928,0.03126882599685844,8.282455393061669e-05,0.4122906076944708,0.9868743335424212,0.025507804437852593
274640,1.33455222436492e-05,0.3835663673713356,0.9957288159656492,0.008941054179213792,4.6709327852772196e-05,0.5999767516907479,0.9961143154731147,0.007713511559912692,9.341865570554439e-05,0.631797729615988,0.996821778572115,0.006432290602039983
274701,2.646412787466589e-05,0.5087403079104241,0.9822666239528022,0.021455212512351794,3.9696191811998834e-05,0.39639187290150923,0.9819782301829383,0.029679442666104634,6.616031968666473e-05,0.3271880945879447,0.9861037738030023,0.025702986502156813
276034,0.0,0.0,0.9862500514171998,0.025980771999085994,2.9776527163636905e-05,0.13698471029831175,0.987096033437638,0.024852391850501428,5.955305432727381e-05,0.162776699019459,0.9887133202405571,0.022459382354946916
276338,0.0,0.0,0.9959473481565556,0.007074042223239074,0.0,0.0,0.9960326769022769,0.007721879306018245,0.0,0.0,0.9965675625282643,0.006935394441430519
276543,0.0,0.0,0.9927780490452687,0.00997215643034135,7.994244144216165e-05,0.06625422345438903,0.9942618225205754,0.008522685992906122,7.994244144216165e-05,0.04275831251503158,0.9956933867210849,0.008287059463959811
278475,0.0,0.0,0.99800496403046,0.003730159648120723,0.00019171779141104295,0.07839826897867533,0.9973743017061075,0.005223682854393336,0.00019171779141104295,0.05059568297461706,0.9976204451955063,0.004927725918251055
279349,1.2104046382705739e-05,0.16958010263680803,0.9980900695475284,0.0029738155329048334,2.4208092765411478e-05,0.17630010660342912,0.9982708319859821,0.00308291953594343,7.262427829623443e-05,0.2519470921811039,0.9985378765802395,0.0029187292759615202
279658,2.3481711660235287e-05,0.6992148198508501,0.9982753747235401,0.0039462966381471395,3.130894888031372e-05,0.5231737964779627,0.9977883204885074,0.004442675634406027,6.261789776062744e-05,0.4867514517253102,0.998246957722395,0.0035352304995512913
280774,0.0,0.0,0.9942510108167409,0.010991910196007648,0.0,0.0,0.9955221804511705,0.008439575865583165,0.0,0.0,0.9967028304754718,0.006488913448419701
280789,7.957348611442667e-05,0.3835663673713356,0.997403558823805,0.005270968779369722,7.957348611442667e-05,0.24890832702259458,0.9978621430498252,0.0039389199809696145,7.957348611442667e-05,0.1606373070201721,0.998225992132807,0.003571913890796614
281000,2.1541665170717697e-05,0.49125969208957576,0.99477002326532,0.007087403249182278,3.5902775284529496e-05,0.45447937127589255,0.9956319706958332,0.0061893819622130435,6.462499551215308e-05,0.43276596861489597,0.9967738074763324,0.006099782333721982
281718,7.5305174218520556e-06,0.21398626473452753,0.9948826756983158,0.009879528113715896,2.2591552265556167e-05,0.2816575879096918,0.9954227377086979,0.008652469333219982,3.0122069687408222e-05,0.21411090183122078,0.9965112208573232,0.006766591963521844
281721,6.597698722685527e-06,0.13120507751234178,0.9962492522530922,0.00528243835257568,6.597698722685527e-06,0.08514311764162098,0.9964706714534802,0.005650320226832211,1.3195397445371054e-05,0.09333322623736878,0.9978194845068147,0.003920330241231438
285101,1.2804753124359762e-05,0.21398626473452753,0.9968539196560829,0.005826873961594958,1.2804753124359762e-05,0.1388624438735545,0.9970360255560159,0.00528312093088594,3.8414259373079284e-05,0.16086689593630335,0.997676677305873,0.004647743968477762
285112,0.0,0.0,0.996191477315105,0.0054605513390650895,0.0,0.0,0.997422705181705,0.004580033243919266,0.0,0.0,0.9976690164216248,0.00461375176178386
285148,1.302498844032276e-05,0.30078518014914984,0.9976027009194526,0.004207605020517857,3.2562471100806895e-05,0.4163824138054737,0.9978532028413161,0.003832568436365502,5.209995376129104e-05,0.3753360849388108,0.998374034972924,0.0031575609495339448
285434,0.0,0.0,0.9930693017252527,0.01267403739411278,0.0,0.0,0.9940262382249443,0.011406541563122069,6.760868095463458e-05,0.032864970567577,0.9955672715978927,0.00868835827061192
285867,1.2801474729888883e-05,0.21398626473452753,0.9972086696060046,0.003579474197633936,3.840442418966665e-05,0.2745478892647208,0.9976514496671072,0.0033158609889739894,6.400737364944442e-05,0.2435855067243491,0.9982010084747838,0.0033985051211282606
286115,1.3692252923295999e-05,0.14606834984270645,0.9963293628150847,0.007278449402182252,2.7384505846591998e-05,0.16421958630632802,0.9969427851594963,0.005772633394454776,4.1076758769887996e-05,0.14073213167857215,0.9976638806001725,0.004725798688579768
286185,7.067787146522295e-06,0.16958010263680803,0.9970742586483146,0.005226042857953961,7.067787146522295e-06,0.11004588314904007,0.9975209344142613,0.004252202693886533,3.533893573261148e-05,0.21540598748551482,0.9981366365883415,0.0036912082639707555
286894,1.1836420666390483e-05,0.33916020527361607,0.9869742611523364,0.020827674852093657,2.3672841332780966e-05,0.2837125544970318,0.9901947088285885,0.015115217341377435,4.734568266556193e-05,0.2505992826612424,0.9925590539455259,0.014310018475766819
288000,0.0,0.0,0.997776910625389,0.004155295414297688,0.0,0.0,0.9979738144293053,0.0038311519898145134,0.0,0.0,0.9986341342749908,0.0027514717645971015
291101,0.0,0.0,0.9963158944721195,0.006707315621262156,0.0,0.0,0.9970614876102543,0.005404782666231789,0.0,0.0,0.9976759683726591,0.004500450453611154
291174,0.0,0.0,0.9979920009910032,0.0024787844046365247,0.0,0.0,0.998302066981435,0.0025816352431428644,0.0,0.0,0.9989944530621306,0.0017781158533498335
291281,0.0,0.0,0.9866431635960146,0.02564262530466137,2.008415259939145e-05,0.14201905717762703,0.9890981785591363,0.02050160054261637,3.0126228899087174e-05,0.130039100526889,0.9914720427084631,0.01704030521448481
292331,0.0,0.0,0.9990610829793255,0.00130481797100076,0.0,0.0,0.9992907031552333,0.0011285755712450631,0.0,0.0,0.999572569475724,0.0007590039525631964
292900,0.0,0.0,0.9960814186351804,0.006377486930886966,0.0,0.0,0.9964463164061389,0.006335578598670641,4.1157344528131047e-05,0.038384638165382894,0.9971535824584246,0.005404324066838369
294442,1.4633468205131958e-05,0.5531464700081437,0.9881480130731675,0.021224914983680964,3.6583670512829896e-05,0.5680035776621609,0.9893264130814565,0.019780088730616815,6.58506069230938e-05,0.5127643321363703,0.9917060164319402,0.016300499086820273
294536,7.530630840945546e-06,0.14606834984270645,0.9961813311683642,0.0051941814601552,1.5061261681891092e-05,0.16421958630632802,0.9967191767131276,0.00469206009126318,3.765315420472773e-05,0.20873951037254473,0.9979097706282533,0.003864377578709079
295138,2.3112836869597375e-05,0.30078518014914984,0.9949024110164133,0.0066565969448456495,3.466925530439606e-05,0.2685529228900211,0.9961439605116175,0.005711688655357179,5.778209217399344e-05,0.2445648964996602,0.9965879793540118,0.006861012513664064
295925,1.520403819254394e-05,0.14606834984270645,0.9909950254764025,0.011231005419393748,3.040807638508788e-05,0.1584091525685025,0.993128232538214,0.011633121431600807,4.5612114577631816e-05,0.13953884513136555,0.9958210073066631,0.007677310242650787
297609,1.3181656406944097e-05,0.360054614577234,0.9947767649761886,0.007934664640098055,2.6363312813888194e-05,0.3693362536342716,0.995876681427388,0.006766775660398724,7.908993844166458e-05,0.5178591332739064,0.9970026893308033,0.005692212265873277
298360,0.0,0.0,0.9980325442871687,0.0033786947568853034,0.0,0.0,0.9987006614842124,0.002168908417453598,2.9811590746482232e-05,0.03233829114831981,0.9991314459596474,0.0016722780563324137
298649,3.337850557754828e-05,1.0,0.9948807565404302,0.009718690826218512,6.008131003958691e-05,0.9363792118010483,0.9960895535811961,0.007213393774783586,0.0001068112178481545,0.855858687713633,0.9968578045164728,0.006246727633785986
299331,1.2766419210907628e-05,0.360054614577234,0.9969298169120684,0.004397953426513057,2.5532838421815257e-05,0.3693362536342716,0.9975945523970491,0.0035290333885937015,3.191604802726907e-05,0.2779786257538942,0.9985751987836393,0.0025196905376488276
299431,2.195084474167514e-05,0.4468535299918563,0.995032380215898,0.006739710066017368,2.926779298890019e-05,0.35359815335916356,0.9956358229600724,0.006289654569325013,6.585253422502543e-05,0.40549395428426865,0.9967149635369281,0.005894923167293644
299451,0.0,0.0,0.992631423068358,0.009424250086864094,2.563445270443476e-05,0.13698471029831175,0.9933539953780544,0.00959675114402849,8.972058446552166e-05,0.2613790249180421,0.9955676847788395,0.00841114052520268
300881,1.6455352514789248e-05,0.360054614577234,0.9949111319180346,0.006998881239426014,4.113838128697312e-05,0.4329570418332233,0.9948411401523621,0.008376867896463776,5.759373380176237e-05,0.3506659468179276,0.9961282282006471,0.007684221788667086
302719,8.011985930952706e-06,0.21398626473452753,0.9873637236489572,0.018707533694658784,8.011985930952706e-06,0.1388624438735545,0.9905278057387811,0.014485985233034286,2.4035957792858117e-05,0.15856478849647127,0.9930112508821335,0.012699056790444072
303337,3.9785160135269546e-05,0.21398626473452753,0.9907678940941225,0.012367535267213658,3.9785160135269546e-05,0.1388624438735545,0.9931860238716895,0.009198436822902497,3.9785160135269546e-05,0.08961728720334346,0.9952934358258364,0.008332914409723979
303345,0.0,0.0,0.9958480828703072,0.00758936609501124,0.0,0.0,0.9967381283447418,0.005915973040021777,0.0,0.0,0.9975761170325932,0.004724094004046894
304230,1.894393857112186e-05,0.6843515475204854,0.9973053309175279,0.005143327515104578,3.788787714224372e-05,0.6473362615659564,0.9978933611374894,0.0034989898069952736,6.946110809411349e-05,0.5968337677059802,0.9985046153407342,0.0028159979321424186
304410,0.0,0.0,0.9955241829485859,0.00607935104108428,0.0,0.0,0.9955123358974894,0.007572572970369837,0.0,0.0,0.9977561679487448,0.004155432454866313
304692,2.738000711880185e-05,0.5087403079104241,0.9937575979967972,0.007752273212551397,2.738000711880185e-05,0.3301376494471202,0.9941229765288668,0.009009759562904094,5.47600142376037e-05,0.2832317803845076,0.9954923788152081,0.008582685909425292
306083,6.51249422016138e-06,0.14606834984270645,0.9970235542857754,0.005537436850173416,1.302498844032276e-05,0.16421958630632802,0.9970657289061406,0.005856526374183823,3.2562471100806895e-05,0.21321816930196474,0.9979232697921121,0.004166859546985205
306371,0.0,0.0,0.9926066122569376,0.014777615560646296,0.0,0.0,0.9938236545965807,0.012045795154269843,1.745292074628689e-05,0.06957298216439683,0.9949140189902399,0.010233586508563255
307169,0.0,0.0,0.9940137743544103,0.00984017354297847,0.0,0.0,0.9948868757273865,0.008744759870298305,0.0,0.0,0.996659774159512,0.006531704109702796
307622,2.120426064277182e-05,0.5147714448836773,0.9964080208245752,0.006222358646376713,2.827234752369576e-05,0.4074153667635756,0.9968122160880053,0.005544349087574549,4.9476608166467583e-05,0.3676638434345739,0.9977329053008951,0.004482617786766079
308010,2.17004470292088e-05,0.33916020527361607,0.9959209121473369,0.008456830302502882,4.34008940584176e-05,0.2984900352767555,0.9979604560736686,0.004145455540924492,6.51013410876264e-05,0.23225678966408997,0.9989802280368345,0.002055262589340695
308504,0.0,0.0,0.0,0.6686145530009673,0.0,0.0,0.0,0.5580119381923707,0.0,0.0,0.0,0.45951034920482103
308846,1.9778741808304436e-05,0.5147714448836773,0.9965516929587768,0.005940257692996553,3.296456968050739e-05,0.4818809355796681,0.9971287545643973,0.005191463850467236,5.274331148881183e-05,0.4208714713315452,0.9979686404950018,0.003910891834569523
309150,8.011857549172776e-06,0.21398626473452753,1.0,0.0,2.403557264751833e-05,0.2758471541718662,1.0,0.0,5.608300284420943e-05,0.3207263464234118,1.0,0.0
310471,2.7594009340572163e-05,0.8539316501572934,0.9956941114491716,0.007813198884705608,6.208652101628737e-05,0.9052116356304492,0.9958450563385866,0.007923351476144752,0.00011037603736228865,0.8329415828158893,0.9969616344788379,0.006233275803307321
310825,0.0,0.0,0.9939151348336555,0.010632213401284618,6.594218189491454e-06,0.07336392209936005,0.9948510917070875,0.009839055406538674,1.9782654568474362e-05,0.12171791963256993,0.9962579805331568,0.007268497583938283
311456,0.0,0.0,0.9910873825979662,0.01717398932988474,3.947628133429831e-05,0.19930623359011798,0.991944582378372,0.016257166168695287,6.579380222383051e-05,0.20230977481539048,0.995060167370014,0.00962066675046782
312322,0.0,0.0,0.9962886944213647,0.0066025747757026965,0.0,0.0,0.9954230877772794,0.009051175175320409,0.0,0.0,0.9960993514944528,0.008059576939096803
312493,8.725470520997844e-06,0.16958010263680803,0.9991149957824961,0.0010468806873184743,1.7450941041995688e-05,0.1884441521277154,0.9994534123234754,0.0009281858527829885,4.362735260498922e-05,0.23368438026862667,0.9997191635352112,0.0005021539073203836
312750,1.2425138540294724e-05,0.13120507751234178,0.9903606330978827,0.017353828954306382,2.4850277080589447e-05,0.15139734109601002,0.9927893920496202,0.013316570461428921,7.455083124176834e-05,0.23724297485557128,0.9947312106491768,0.010161992638598717
315503,1.6457519029006377e-05,0.5531464700081437,0.978576231119934,0.035372099876243755,4.114379757251594e-05,0.5704044892860389,0.9812918639581648,0.02956988812845516,4.9372557087019135e-05,0.4004587239484984,0.984091093872582,0.03115126977479528
315923,6.778741865509761e-06,0.13120507751234178,0.9956294332963604,0.008490062716010494,2.7114967462039044e-05,0.2941924851321473,0.99622657470817,0.007099179960478158,3.389370932754881e-05,0.22948329112239055,0.997133285125126,0.00566466045905469
316665,2.069450767766235e-05,0.5296347172140421,0.9943083520407059,0.009645817282211987,4.13890153553247e-05,0.5519699720241614,0.9960765090310074,0.007058158637934861,6.89816922588745e-05,0.4962098985388303,0.9970279883057203,0.005785870423844665
316744,0.0,0.0,0.9968679809555854,0.0055524598140619715,0.0,0.0,0.997140257962678,0.005013926431073062,1.4281021949930737e-05,0.03730675036644463,0.9978269326962362,0.004228335200338036
317682,2.4683028772183872e-05,0.6548086577531306,0.9956097656295821,0.010532337694292937,3.2910705029578496e-05,0.4885468020156227,0.9945266858127422,0.01186373309759059,6.582141005915699e-05,0.45312485981375344,0.9972633429063713,0.005690523200617622
317683,7.067837100490508e-06,0.16958010263680803,0.9980681700715411,0.004415429403116777,2.1203511301471523e-05,0.25469837558210445,0.997873427596757,0.004404312817783363,2.8271348401962032e-05,0.19988402521489163,0.9981420522935899,0.0038802258703486635
320395,0.0,0.0,0.9954770908306092,0.006831320916039918,0.0,0.0,0.9962896807303014,0.0060750361172211475,0.0,0.0,0.9970430901459354,0.005532514335762325
320608,6.898121641477026e-06,0.33916020527361607,0.9972849334859719,0.004912004513135127,2.069436492443108e-05,0.3647442587311445,0.9974433419353931,0.004955553870823779,6.208309477329323e-05,0.45054524549996494,0.9980351295988316,0.003901823127303605
321445,0.0,0.0,0.9935946434392727,0.011746263195313045,0.0,0.0,0.993431693188256,0.013089948313825631,4.011875150445318e-05,0.03635628798853883,0.9945721020185859,0.010796581320487551
323138,0.0,0.0,0.9935617105224136,0.01010177871162693,0.0,0.0,0.9942921355369153,0.010611506847978217,0.0,0.0,0.9958938256760111,0.008078230419635861
323626,7.153689873236615e-06,0.13120507751234178,0.9974259180275133,0.004384324829567443,2.1461069619709845e-05,0.2279382616777583,0.9960958571007078,0.008579616998697862,3.576844936618308e-05,0.2166768937159402,0.9976284483644593,0.004958509599064271
323881,1.877628680152213e-05,0.5296347172140421,0.9965698013830236,0.0062428117939619665,5.007009813739235e-05,0.6947651160602988,0.9968988211895425,0.0061899112336507335,9.388143400761066e-05,0.6986161580807237,0.9974637549086758,0.005159853707875534
323950,0.0,0.0,0.9975080160884857,0.004225090303140122,0.0,0.0,0.9979810523278003,0.0034739915579300993,0.0,0.0,0.9983809248076941,0.003197219716175251
324640,4.5599635202918376e-05,0.5296347172140421,0.9920773798205607,0.016995783110856387,4.5599635202918376e-05,0.34369669139214537,0.9948116495752395,0.010287623775823766,9.119927040583675e-05,0.32961935353760163,0.9973875732407098,0.005181835722253712
325080,4.012036108324975e-05,0.33916020527361607,0.9983764987537767,0.002275974300836048,8.02407221664995e-05,0.2895229882348574,0.9986577602181423,0.0020764135241501877,0.00012036108324974925,0.21918697438364887,0.9992479673369999,0.0013231316676224375
326293,1.9323795966479656e-05,0.6164336326286644,0.9983381123436942,0.002950892846753628,5.153012257727908e-05,0.7510916729774053,0.9985585808849231,0.0026262681046176945,0.00010950151047671805,0.8070244018315081,0.9988095461951989,0.002296187099630873
326711,0.0,0.0,0.9951237746022544,0.007971010488353525,0.0,0.0,0.9960842083254396,0.007166827987272528,0.00010757314974182444,0.03635628798853883,0.9970480610535801,0.005912619990434935
326791,6.2696317845252944e-06,0.16958010263680803,0.9980299813969722,0.003081919624578211,3.1348158922626475e-05,0.3877503857178334,0.998511854351654,0.002499369686461746,8.150521319882883e-05,0.5305028500804116,0.9989090362787744,0.002068218443587435
326887,0.0,0.0,0.9981425314730428,0.0034074940398737485,0.0,0.0,0.998378753095303,0.0029448051389024733,0.000655307994757536,0.0396210670558156,0.9987264663087771,0.002413640782213356
326891,7.469766121622732e-06,0.16958010263680803,0.9969519735809161,0.0057196619771246685,7.469766121622732e-06,0.11004588314904007,0.997378563555297,0.0048937575487691875,7.469766121622732e-06,0.07102001981682865,0.9977273079910723,0.0046402035044888395
326965,0.0,0.0,0.9982031036056693,0.0036056999534788913,0.0,0.0,0.9990161304326242,0.001963616689880997,0.0,0.0,0.9991231878056688,0.0017778189155540805
327080,1.3234515616728427e-05,0.33916020527361607,0.9972693652646194,0.004746753161975936,1.3234515616728427e-05,0.22009176629808014,0.997349651524479,0.0049231819711687145,1.3234515616728427e-05,0.1420400396336573,0.9980605726522676,0.0038322711499497062
327163,2.3655761360679393e-05,0.3156484524795145,0.9956843111334466,0.00816939325930186,4.731152272135879e-05,0.3476293915547282,0.9970607763469488,0.005948636931942536,0.00013010668748373666,0.46622543229440866,0.9974502514403548,0.004970224574707472
328006,8.011793359825663e-06,0.16958010263680803,0.9959589870227867,0.005661058211978631,4.005896679912832e-05,0.39486008436280445,0.9971038994098687,0.004356181813638714,6.409434687860531e-05,0.36919179886762965,0.9978685708662767,0.003982299367999118
328517,1.4056591838742779e-05,0.21398626473452753,0.9963080840091856,0.006156001167135205,4.216977551622834e-05,0.2835149363066189,0.9968214577187358,0.005861739329168188,8.433955103245668e-05,0.28641603452871933,0.997664052871656,0.0046652384763161935
329694,0.0,0.0,0.9901376487397207,0.01691946176564958,0.0,0.0,0.9883563290076796,0.023737320242030627,3.869969040247678e-05,0.03406297225598251,0.9900081602943362,0.02052827228857199
331189,2.4038268924127212e-05,0.6548086577531306,0.991145393978479,0.012273775946237086,5.6089294156296825e-05,0.7065632165480471,0.9928295468804661,0.013025482364803736,8.012756308042403e-05,0.5646376503556071,0.9946386801873869,0.010706599110240371
331212,3.158958807177154e-05,1.0,0.997064322179073,0.005378094530632971,6.317917614354308e-05,1.0,0.9977366715894679,0.004139255047254372,0.00011372251705837755,0.9280406417958645,0.99849476218844,0.0029447766375646387
334753,0.0,0.0,0.9949883932369529,0.010730918746446105,0.0,0.0,0.9955532809984973,0.008736381900247437,0.0,0.0,0.9966482074332375,0.006648690796374677
335273,3.221774037656095e-05,1.0,0.9974206768506193,0.004660269459184974,6.44354807531219e-05,1.0,0.998121331501187,0.0033931288818713793,0.00012242741343093162,0.9676617088516802,0.998523086641744,0.0028237143157953753
335994,0.0,0.0,0.9891183340920003,0.015807779266101364,0.0,0.0,0.9919037261836576,0.011536192199843212,4.107394679554759e-05,0.10251001208234144,0.9941785968783245,0.010714678820997452
336163,1.3688129653964082e-05,0.14606834984270645,0.9962957190548234,0.007006593956460383,4.106438896189225e-05,0.23177307466786254,0.9964856031973376,0.006901031436009301,0.00010950503723171266,0.3229214901495675,0.99716866774961,0.005599988394468954
336431,8.011344063193482e-06,0.13120507751234178,0.9936368524345971,0.013689680147772599,2.4034032189580446e-05,0.22212782793993271,0.9942336733516777,0.011204238596624227,7.210209656874133e-05,0.36528297352022554,0.9956256005614004,0.008801781555028525
337034,0.0,0.0,0.9976059270288177,0.004524466402539162,0.0,0.0,0.9978603722498585,0.003899669993600176,3.969566655640093e-05,0.11531245558764312,0.9984018321538606,0.00312467823526361
338453,0.0,0.0,0.9978251557774659,0.003562596224136738,3.518648838845883e-05,0.07839826897867533,0.9982769339465035,0.0029573046900211292,0.0001055594651653765,0.12246198087157022,0.9988717248641414,0.0021767266303743343
339202,2.403383964622188e-05,0.6399453854227659,0.9957953838397096,0.008152509338670223,2.403383964622188e-05,0.4152807670887412,0.995935659010121,0.008115567266649725,6.409023905659168e-05,0.4487719041365115,0.9965833323050235,0.007009333015324046
339732,1.4135874021090724e-05,0.30078518014914984,1.0,0.0,1.4135874021090724e-05,0.19518900079066107,1.0,0.0,1.4135874021090724e-05,0.12596860788881453,1.0,0.0
340298,0.0,0.0,0.9962903880549497,0.005289723516876899,0.0,0.0,0.9964691782189474,0.005444156938551183,1.6215076778388544e-05,0.03406297225598251,0.9976634368125998,0.004319113952743542
340911,2.716173454836826e-05,0.8304198973631919,0.9933650378692352,0.012397765345708444,5.432346909673652e-05,0.8205228949141825,0.9934332511326771,0.012202872635700378,6.790433637092065e-05,0.6002616143551447,0.995157261455186,0.009699560123269125
340923,8.231739942871725e-06,0.13120507751234178,0.9927039680166633,0.010947127356010722,2.4695219828615174e-05,0.22476126319537007,0.9941595366998136,0.008864844798469348,3.29269597714869e-05,0.17739187161322303,0.9962817151670136,0.0069991698481318195
341592,4.0973531098910105e-05,0.33916020527361607,0.995248356666034,0.006729050199597686,4.0973531098910105e-05,0.22009176629808014,0.9957725597867058,0.006108141915229308,8.194706219782021e-05,0.17679021233252587,0.9962876209920648,0.007393206487493827
341676,1.2104632442835874e-05,0.13120507751234178,0.9920245677633851,0.014352860654390277,3.631389732850762e-05,0.23690530871965637,0.9940396175087078,0.010647066324274066,6.052316221417937e-05,0.2248503091286241,0.9952482936154219,0.009165998709922026
341973,2.031144211238998e-05,0.5296347172140421,0.9973725001099878,0.004872078215576103,4.062288422477996e-05,0.5527460588826717,0.9981073851123607,0.0034967211449206067,8.124576844955992e-05,0.5702147203746266,0.998514373910474,0.0030429012609869332
342150,0.0,0.0,0.9965149237623313,0.006616812336687572,2.308882270093048e-05,0.07839826897867533,0.9972699307282482,0.004794913516753842,9.235529080372192e-05,0.15972456289115808,0.9978692389615738,0.004185432214620363
342501,0.0,0.0,0.9948403981423899,0.007262683717607099,0.0,0.0,0.9958617829969192,0.006174551341590546,4.052520667855406e-05,0.035510009908414325,0.9977049721986001,0.003996421480516818
343113,3.900840631156014e-05,0.27727342735504823,0.9962408498412326,0.0047669192732017526,3.900840631156014e-05,0.1799314820111718,0.996292255593843,0.00561534993158512,3.900840631156014e-05,0.11612190345001776,0.9972133866299341,0.005563335641687712
343296,0.0,0.0,0.9940164281955071,0.011235187987189399,0.0,0.0,0.9944459815902489,0.010344825410207583,4.726344645051517e-05,0.035510009908414325,0.9959366321671272,0.008027411563416988
343328,3.1318754453135396e-05,0.8539316501572934,0.9904117339360521,0.017232893024475615,3.9148443066419245e-05,0.6325414799409711,0.9901555052368035,0.018966726145019975,7.046719751955464e-05,0.5481871180077063,0.9928631820751888,0.013904758130727142
344230,0.0,0.0,0.9830923098265927,0.02639650762758412,0.0,0.0,0.983726706650464,0.03230664267919186,0.0,0.0,0.9894909313705152,0.020533342805394865
345739,0.0,0.0,0.9975940944282561,0.0036800833887179587,0.0,0.0,0.9982739523122163,0.0025133902336628203,8.011793359825663e-06,0.03475017269886857,0.9984793557958606,0.0028642324734818813
345835,1.5657170592702192e-05,0.5087403079104241,0.9910196726641415,0.013290846993308746,3.1314341185404384e-05,0.4779671403625728,0.9926769799889623,0.011456448375488976,7.045726766715987e-05,0.48760052639432955,0.9946590588113621,0.0102712633404206
346099,1.5346132007427526e-05,0.47036528278595785,0.9928447338641423,0.00881550150631899,2.301919801114129e-05,0.3714891073940902,0.9939632432622469,0.008885142062933303,3.069226401485505e-05,0.27261191078825175,0.9964902996782982,0.006176843732258183
346334,1.1835720203574388e-05,0.21398626473452753,0.9866933818085097,0.02105628860351927,2.3671440407148776e-05,0.21222636597291455,0.9896416708741439,0.01784315690663084,7.101432122144633e-05,0.27663439768805975,0.9922617862782264,0.014599465248885982
349110,6.883354671732816e-06,0.21398626473452753,0.9974459685284215,0.0037519745609691513,2.0650064015198447e-05,0.28088150105118154,0.9976788773289513,0.00357413264366919,7.571690138906097e-05,0.46408227155481085,0.9982595138015062,0.003393235347220077
349195,2.8277943910698254e-05,0.7860137352654724,0.9972356619665419,0.0047956979788851715,4.948640184372194e-05,0.7183424120903081,0.9978847740773069,0.003655225782075422,9.897280368744388e-05,0.7111058586205875,0.9984395019754133,0.0030767573628162513
349223,0.0,0.0,0.9942219019920323,0.011856587208211911,2.9806259314456036e-05,0.07336392209936005,0.9953647922698197,0.008744444537868584,5.961251862891207e-05,0.08140965213386828,0.9964605230104293,0.0069625995589358185
350230,5.721478430026319e-05,0.33916020527361607,0.9930027123183492,0.01318704070501866,5.721478430026319e-05,0.22009176629808014,0.994167718867479,0.011107320469124696,5.721478430026319e-05,0.1420400396336573,0.995419474049398,0.008919923444290564
350862,1.4275109918346372e-05,0.16958010263680803,0.9993366482260223,0.0013267035479560096,2.8550219836692744e-05,0.17947710508581732,0.9996683241130112,0.0006633517739778938,2.8550219836692744e-05,0.11582866341850037,0.9998341620565059,0.00033167588698883587
351058,2.646692957150041e-05,0.5531464700081437,0.9834499135103411,0.03259767668227449,5.293385914300082e-05,0.4888292218249754,0.9845182066666707,0.028393016782189882,9.263425350025144e-05,0.427912246069596,0.9879065296331309,0.02136886701552332
352156,0.0,0.0,0.996362535240228,0.004712383086866123,2.97645623121112e-05,0.07839826897867533,0.9977686276559681,0.0035738013922987748,2.97645623121112e-05,0.05059568297461706,0.9984171709872476,0.003133522600089447
352699,7.530800975991807e-06,0.33916020527361607,0.9980339409108308,0.0031722387682072807,7.530800975991807e-06,0.22009176629808014,0.9985399953811489,0.002510632301452054,1.5061601951983614e-05,0.17679021233252587,0.9990265316906474,0.001910493566032187
352992,1.7457338628726052e-05,0.3835663673713356,0.9954874191260836,0.005694633757201628,2.6186007943089078e-05,0.3222722491219546,0.9966129632622419,0.0053705353434317805,5.2372015886178155e-05,0.310741538290899,0.9974772274793153,0.004643570234262006
353514,1.894393857112186e-05,0.6843515475204854,0.996796745422316,0.006131977162197266,3.788787714224372e-05,0.6523706084452716,0.9974113907315513,0.004762572729950714,8.20904004748614e-05,0.662367235914783,0.997847524254792,0.004330423570503536
353717,0.0,0.0,0.9968735160756967,0.00558740556047399,0.0,0.0,0.9971905666414639,0.005137162160512498,0.0,0.0,0.9975993749953777,0.0048530770454493334
353800,3.5340684195646025e-05,1.0,0.9972614741466346,0.004984259502773336,4.947695787390444e-05,0.7846170207230129,0.9977376605627594,0.004152302427012016,7.774950523042126e-05,0.6525152821989265,0.9981701804617616,0.0036220621800678574
355356,0.0,0.0,0.9950786744071438,0.008671618686900607,1.1827181227897956e-05,0.06943122193677725,0.9958324667112544,0.007603825899203205,1.1827181227897956e-05,0.04480864360167173,0.9964891338609647,0.0068492134843689805
357757,3.385652957029293e-05,1.0,0.9980418260335575,0.003597624905236696,6.094175322652727e-05,0.92663607790064,0.998321545440145,0.003146884128519968,0.00010834089462493736,0.8492085682863871,0.9987828604133033,0.0024099091023343563
358202,0.0,0.0,0.993259738882746,0.011581078681662494,0.0,0.0,0.994280798231211,0.010177778986317406,0.0,0.0,0.9956859816743966,0.008378991558659215
358651,3.1331510883783597e-05,0.8539316501572934,0.9897694312148513,0.019618669207138183,3.916438860472949e-05,0.6203974344166847,0.992177313084334,0.013921149029068368,7.049589948851309e-05,0.5354998541479884,0.994679814811071,0.010283533342219006
358877,2.5758092870803844e-05,0.7860137352654724,0.9969764939552348,0.005095962714246638,4.507666252390673e-05,0.7133080652109928,0.9976618860962188,0.00403327798631377,9.659284826551442e-05,0.7412943469085697,0.998087459755982,0.003689635364561453
360409,0.0,0.0,0.9956334690307124,0.0070826321983389895,0.0,0.0,0.9966267478719699,0.005935129982733941,0.0,0.0,0.9972543670065483,0.005277218133157383
360909,0.0,0.0,0.9941511033381729,0.008450559268598723,0.0,0.0,0.9953442020145762,0.006630771157343005,0.0,0.0,0.9966069519489921,0.006337897812599551
362406,5.04261005496445e-05,0.13120507751234178,0.9966379314677619,0.004814411806368768,5.04261005496445e-05,0.08514311764162098,0.9966757960453021,0.005924939337097677,0.000100852201099289,0.09130487606052472,0.9974171978233837,0.00512747048986057
362652,1.933911787836984e-05,0.5147714448836773,0.9985724105851768,0.0030719861644100677,3.22318631306164e-05,0.46973689005538183,0.9986516425785341,0.0028063378331444466,8.380284413960264e-05,0.5901703594824734,0.9988209559251547,0.0023779125452894298
363325,6.783616210129296e-06,0.21398626473452753,1.0,0.0,6.783616210129296e-06,0.1388624438735545,1.0,0.0,6.783616210129296e-06,0.08961728720334346,1.0,0.0
365456,2.0016814123864046e-05,0.5296347172140421,0.9962660871153218,0.007110842032465914,2.0016814123864046e-05,0.34369669139214537,0.996349323306718,0.006753023139258003,3.3361356873106744e-05,0.2887385652217635,0.9974398232072959,0.005078230080890647
368660,4.284918515132904e-05,0.5296347172140421,0.9964169177712957,0.006857396608165578,4.284918515132904e-05,0.34369669139214537,0.9971775083769112,0.005418721357070088,7.14153085855484e-05,0.2916044017714563,0.9979679731024417,0.0039605501811120275
369268,8.92379082634303e-05,0.16958010263680803,0.9900218968369094,0.019170260795756476,8.92379082634303e-05,0.11004588314904007,0.9922738758035748,0.01570636168396154,8.92379082634303e-05,0.07102001981682865,0.9961369379017876,0.007786308923267259
369330,8.230046252859941e-06,0.14606834984270645,0.997719573218928,0.003275456461015436,3.2920185011439765e-05,0.2980272981222516,0.9980107577984645,0.0035852305551228067,6.584037002287953e-05,0.3382886582969487,0.9986588004055044,0.002565499349483941
370119,0.0,0.0,0.9957398322387657,0.007338898450243403,6.6054561067441705e-06,0.07336392209936005,0.9955879252576922,0.008570920371706026,1.9816368320232513e-05,0.1169917213926502,0.996766301881291,0.006238237953915039
370610,0.0,0.0,0.9971917201002031,0.0038394053870316027,9.874300158976232e-06,0.06625422345438903,0.9972267304656508,0.0043320583169934885,9.874300158976232e-06,0.04275831251503158,0.9979543345137971,0.0039136775846342784
370964,1.3183654904649216e-05,0.3156484524795145,0.9914320638360751,0.016977265873789272,2.636730980929843e-05,0.35266373843404347,0.9933794507467193,0.0126122122393153,5.273461961859686e-05,0.3684202526685061,0.9947654685047664,0.010402384224073979
371711,0.0,0.0,0.9931047769800804,0.010424208883135767,2.301125250247371e-05,0.20904936749052636,0.9944984181684756,0.008959317266604844,6.903375750742113e-05,0.34569052728882704,0.995261781823387,0.008991019407645927
371872,2.7592486565908105e-05,0.8539316501572934,0.9969003033201806,0.005844610502179282,5.518497313181621e-05,0.8389574121760601,0.9975884634278291,0.004661453835612544,8.967558133920133e-05,0.7204113399108049,0.99832144807828,0.003258467186643817
372057,7.415372066293426e-06,0.13120507751234178,0.9988772195180042,0.002014152100335187,2.9661488265173704e-05,0.29922683201146255,0.9990463335441795,0.0016771287362563985,3.7076860331467135e-05,0.23149586532868913,0.9992819217244986,0.001412771309974734
372176,0.0,0.0,0.9961593336313415,0.007098162571376254,0.0,0.0,0.9967609956013641,0.006006597693689667,0.0,0.0,0.9976143198322862,0.004687570286937422
372621,0.0,0.0,0.9977719274907715,0.005089788903835113,5.137954066690644e-05,0.06943122193677725,0.996674445008984,0.006825884621836999,0.00010275908133381288,0.08211539396811635,0.9968008539288515,0.006617894710995821
372761,0.0,0.0,0.9953366333508178,0.009363680426773458,0.0,0.0,0.9961682465114183,0.007558896682574501,1.2428844863158417e-05,0.0396210670558156,0.9964707739890096,0.007201122125243923
372968,2.6081740173704388e-05,0.33916020527361607,0.9960585527337991,0.004918837185367686,5.2163480347408776e-05,0.28634598975246917,0.9974676824413503,0.0035954483129637498,5.2163480347408776e-05,0.1847983521486889,0.9981013813800026,0.003546285506875363
374150,3.3852403520649966e-05,1.0,0.9898641937898665,0.018913712125669436,4.739336492890995e-05,0.7846170207230129,0.9928846999716848,0.012439382052827032,9.47867298578199e-05,0.7530412374308284,0.9938824378150592,0.011957724988284263
374549,1.4940313447776135e-05,0.5087403079104241,0.9973664920003154,0.004682166254018039,3.735078361944033e-05,0.5481540639795446,0.9986832460001578,0.0025035413896063686,8.964188068665681e-05,0.599980175304226,0.9985396319795055,0.0028903729701873692
375225,6.374420724516659e-06,0.21398626473452753,0.9980308131891646,0.003596859907773209,2.5497682898066637e-05,0.3542454231505416,0.9983819011401328,0.002873465610966792,5.0995365796133274e-05,0.3758453932200497,0.9989253377764851,0.0021674856881932756
375786,1.3010753387674914e-05,0.47036528278595785,0.987603842872202,0.02124257562990354,2.6021506775349827e-05,0.43828689407543014,0.9905433658346677,0.016622580048462003,8.456989701988694e-05,0.6034257299782791,0.9934933302007714,0.01282085425871746
376249,0.0,0.0,0.9944575364433096,0.00961140475159169,0.0,0.0,0.9948576532873107,0.009825180054324369,0.0,0.0,0.9962717129114449,0.007581963930575023
376258,6.376209088648435e-06,0.21398626473452753,0.9983132369926292,0.003366378198383113,2.550483635459374e-05,0.3452783761086435,0.9984819890156242,0.0029512324519400126,7.651450906378122e-05,0.5005362241875875,0.9988653418738507,0.0023491759767425547
376679,7.420379329791339e-06,0.21398626473452753,0.9881658444304741,0.016828397159492237,1.4840758659582678e-05,0.2024832320725062,0.9895286980618998,0.015837862281427858,5.194265530853937e-05,0.3035949991383447,0.9915674781149422,0.015964191995837363
378871,1.2752906068470353e-05,0.48522855511632257,0.9973072100714857,0.004384837464991342,3.8258718205411056e-05,0.6023277671368327,0.9979226435934455,0.0033022846873050557,9.564679551352765e-05,0.710490354953376,0.9986398125287097,0.002567660776881454
379371,0.0,0.0,0.9927106010593029,0.013829167197892789,0.0,0.0,0.9933523135423787,0.01246658963053655,1.4449614195300986e-05,0.03406297225598251,0.9950470272345819,0.009776929260643944
379550,0.0,0.0,0.9883354815489038,0.024789897987401933,0.0,0.0,0.9926905907764543,0.01397642762111581,0.0,0.0,0.9963452953882272,0.007157264027919857
379586,1.5201495827189396e-05,0.14606834984270645,0.9939030505365862,0.007941850362089053,1.5201495827189396e-05,0.09478836436955078,0.9941194492795121,0.009731179385152472,1.5201495827189396e-05,0.06117331537803187,0.995981595271847,0.007748506988965032
379905,0.0,0.0,0.9965225656469958,0.006021170964468048,0.0,0.0,0.9975718071654661,0.003975045377853581,0.0,0.0,0.9980549893211694,0.0038237097508934553
380280,2.6688195144082892e-05,0.7860137352654724,0.9970255572398958,0.005462369347620855,3.3360243930103614e-05,0.5736899196572437,0.9979401248593289,0.003588938233481145,8.006458543224868e-05,0.6153822949746601,0.9983612885328806,0.0032531251226940654
380364,0.0,0.0,0.9921980043855664,0.01401601067604027,0.0,0.0,0.9935736162436491,0.011543756134672258,0.0,0.0,0.9948807745030056,0.009855891425909646
380500,2.561573830961743e-05,0.5531464700081437,0.9926186601563917,0.009353128136158573,3.842360746442614e-05,0.4252084336260237,0.9933588185730609,0.009307263878517396,6.403934577404357e-05,0.34134358217559185,0.9950480250139316,0.009528961152052203
380649,8.227743952608194e-06,0.14606834984270645,0.0,0.6686145530009673,3.291097581043278e-05,0.2980272981222516,0.0,0.5580119381923707,7.404969557347376e-05,0.366454021394356,0.0,0.45951034920482103
380695,0.0,0.0,0.9929908000756693,0.01265169649934893,0.0,0.0,0.9940698936175909,0.011277481688191641,7.227783600159011e-06,0.03406297225598251,0.9943838123579309,0.010686521488324658
380811,0.0,0.0,0.9856697389266807,0.02595852797485222,3.0409001064315038e-05,0.14201905717762703,0.9859084364089513,0.026485531446873604,3.0409001064315038e-05,0.09165446236150611,0.9908287755843446,0.017936194696119432
380967,2.3107763052997653e-05,0.47036528278595785,0.9974015206741289,0.0033416573092039047,2.3107763052997653e-05,0.3052348839397011,0.9977093270718826,0.0031565430784305775,3.466164457949648e-05,0.23173880040451172,0.9986949395342283,0.0022062724321749464
384493,8.227676257394624e-06,0.14606834984270645,0.9964133297799241,0.005814162347604757,3.2910705029578496e-05,0.3088720787393924,0.9972427064142948,0.004600052675921357,5.759373380176237e-05,0.3136979476790896,0.9975346546589297,0.004687800658584077
384538,0.0,0.0,0.9944152598673597,0.008624897802094477,0.0,0.0,0.9953774676007155,0.006910162940846194,0.0,0.0,0.9962411887168663,0.007215453906234972
384777,1.5857410167771398e-05,0.360054614577234,1.0,0.0,3.1714820335542796e-05,0.36352581989644606,1.0,0.0,7.13583457549713e-05,0.4095653169870028,1.0,0.0
384793,0.0,0.0,0.9667319558774115,0.06346961190353176,2.3108831039781854e-05,0.13698471029831175,0.9814240455077978,0.03580436617977064,5.7772077599454635e-05,0.1981598200525848,0.9907120227538989,0.01825679961742046
385717,0.0,0.0,0.997144748837019,0.004654046608608142,0.0,0.0,0.9975088501115644,0.004479627548919855,0.0,0.0,0.9982651036299159,0.0032818894107273554
385906,2.1205609590590365e-05,0.6399453854227659,0.9956833699195137,0.007173947198479058,4.9479755711377514e-05,0.7027284035579429,0.9960116303801696,0.006701607046122936,7.068536530196788e-05,0.556600499391156,0.9969090279495371,0.00602963993445054
388262,0.0,0.0,0.9973481072064863,0.004476014697844033,7.415262092438657e-06,0.07839826897867533,0.9973120744739628,0.005112310444136839,2.2245786277315973e-05,0.12373049383886851,0.9979300340486226,0.0041937207133201145
390206,7.415152121845779e-06,0.13120507751234178,0.9929953205435215,0.009619052283049146,2.2245456365537338e-05,0.22979561007468535,0.9944086904580679,0.008639140084751943,2.9660608487383117e-05,0.18560933392807916,0.9957457164180508,0.008169984841616755
390727,0.0,0.0,0.9998729536477736,0.00016499696747588333,0.0,0.0,0.9998870220588654,0.00020434959701345345,0.0,0.0,0.9999244664168504,0.00014293067549629124
391689,0.0,0.0,0.9900511732845934,0.01937590780397306,0.0,0.0,0.9917392579791346,0.016661082123402407,0.0,0.0,0.9932267584857378,0.014024113535628826
393182,0.0,0.0,0.9943856698286545,0.007399889291194328,0.0,0.0,0.994827058654389,0.008903139604960857,0.0,0.0,0.9971054473063005,0.005170144585058536
393649,6.258801439524331e-06,0.33916020527361607,0.9875393015787935,0.023888242891007584,1.2517602879048662e-05,0.2934556883974402,0.9906274193094393,0.018663620848701896,1.8776404318572994e-05,0.22777135767692597,0.9913471125047437,0.017751523284069235
393878,1.8776404318572994e-05,0.6992148198508501,0.9975139830559435,0.003532416198257127,3.755280863714599e-05,0.6651928536555898,0.9980178912833363,0.002816395743179095,5.632921295571898e-05,0.5336169030414759,0.998257309383509,0.003526997940063187
393984,3.0507337014552e-05,0.8304198973631919,0.9954460572010744,0.008631431335486462,6.8641508282742e-05,0.8899541168509598,0.9962604199334505,0.0067059169248391655,0.00011440251380457,0.7878377906249473,0.9973309122317845,0.005377463989382584
394337,8.01127988207396e-06,0.16958010263680803,0.9962473562584735,0.0050398830095586215,3.204511952829584e-05,0.31646181538412904,0.99669264092565,0.004945566318065568,5.607895917451772e-05,0.31591211280440396,0.9975305210802675,0.004744558027182625
394823,0.0,0.0,0.9961220178909496,0.008600984719122396,0.0,0.0,0.9969773758503321,0.006177812518976235,0.0,0.0,0.9984886879251661,0.0030540209379736334
395051,1.2312541554827748e-05,0.14606834984270645,0.9762601370884199,0.032519483593760654,1.2312541554827748e-05,0.09478836436955078,0.9822452922858069,0.02552973102862109,3.693762466448324e-05,0.13323023844334508,0.9875212761544058,0.02249207336705849
396011,1.469021998604429e-05,0.3451913422468693,0.9970137769747037,0.006622266048437897,2.2035329979066436e-05,0.29343678345195273,0.9979207968853281,0.004282632008892996,2.938043997208858e-05,0.22573080686553987,0.9981896723678327,0.0037294648855953666
397108,0.0,0.0,0.9964225025663765,0.004801128913511155,0.0,0.0,0.9967866726448671,0.004909134080242317,0.0,0.0,0.9970363660378736,0.006062611908084172
397394,1.731856636907597e-05,0.3156484524795145,0.9934834332356648,0.011556643028248792,2.5977849553613953e-05,0.2742654694553681,0.9933320170665926,0.012488079437210016,9.525211502991782e-05,0.46146290940256834,0.9947513415993537,0.0102921232744895
397783,0.0,0.0,0.9947570070012727,0.009555396937929062,0.0,0.0,0.9953353437961221,0.008880058004044369,3.0412237884524734e-05,0.07389464807379723,0.996418995552484,0.007239106399427921
399254,7.155225461154281e-06,0.13120507751234178,0.9967520908127863,0.00453798682835187,2.146567638346284e-05,0.227162174819248,0.9973599344589099,0.003636708054106556,4.293135276692568e-05,0.25380083355372596,0.9983219424094079,0.0028904417455665175
400586,7.827849924461248e-06,0.13120507751234178,0.9951141738957234,0.008648423257341432,7.827849924461248e-06,0.08514311764162098,0.995596034922732,0.008045019216592002,3.131139969784499e-05,0.1653138968789596,0.9964672687482894,0.006839406083496864
400595,0.0,0.0,0.9940988212577129,0.01071619745553054,0.0,0.0,0.9947931891008072,0.009496705560897555,0.0,0.0,0.9956342629210395,0.008862122719405483
401130,1.3246085781651522e-05,0.21398626473452753,0.9958806631469432,0.009397132086117388,1.3246085781651522e-05,0.1388624438735545,0.9959668106205821,0.008437552720817225,1.3246085781651522e-05,0.08961728720334346,0.9964351085583683,0.007244910707284327
401208,1.4941876101963362e-05,0.5087403079104241,0.9946157181524231,0.01070611711417072,2.2412814152945044e-05,0.40350157154648025,0.9948489871701958,0.01069652743185835,3.735469025490841e-05,0.32733468215193123,0.9967367515707117,0.0066485696291026216
401562,2.403383964622188e-05,0.6992148198508501,0.9780527553891882,0.04183901685565009,4.00563994103698e-05,0.5983950669742497,0.9819612346848989,0.03476735668671265,5.607895917451772e-05,0.45635635863870283,0.9865307483185706,0.026126787023864013
401807,0.0,0.0,0.9948568002775667,0.007738511060497532,0.0,0.0,0.9953720319833961,0.007326746120771421,1.2802785886208839e-05,0.03730675036644463,0.9964409323922008,0.006660041600550067
402362,0.0,0.0,0.99893473635285,0.0017301489531516556,3.521374744700331e-05,0.06943122193677725,0.9991319499611402,0.0015116457347778692,0.00010564124234100993,0.11591510428907913,0.9991970436906449,0.0014396661381441951
402905,0.0,0.0,0.995806482836367,0.008313275781729157,0.0,0.0,0.9966981944626692,0.0060387822733976694,3.9331366764995083e-05,0.03475017269886857,0.9978213606738654,0.004246725427152597
403235,0.0,0.0,0.9977505597367233,0.004552527155565122,0.0,0.0,0.9980096661506476,0.0037841811027492216,0.0,0.0,0.9981115127079937,0.0037231111251782743
403501,0.0,0.0,0.9971961120437669,0.004811059426264553,0.0,0.0,0.9974238206610663,0.004470596234850226,0.0,0.0,0.9981370127601892,0.003613167592666578
403742,0.0,0.0,0.992672882671006,0.014283272915243584,0.0,0.0,0.9953466770281864,0.008569945776922449,0.0,0.0,0.9963535218173144,0.006987714564930144
404221,7.153280494434748e-06,0.33916020527361607,0.9936930783893698,0.009668961519852415,2.1459841483304243e-05,0.3597099118518292,0.9940748781358806,0.01018321602390944,5.007296346104324e-05,0.37894288124580955,0.9970374390679403,0.005530299301307999
404435,0.0,0.0,0.9976950720507698,0.0038772089276117526,1.4841309300306473e-05,0.13698471029831175,0.9980752525439295,0.0033763853491154084,2.9682618600612945e-05,0.16122221953963375,0.9985379566654491,0.0028535116904809268
405246,2.9791163940775167e-05,0.16958010263680803,0.9985241593748244,0.0031778382421156492,5.9582327881550334e-05,0.17630010660342912,0.9982342814022866,0.0037881566072890294,8.93734918223255e-05,0.14721582371657374,0.9985460811692018,0.0029873888440120717
405351,1.368850439400991e-05,0.14606834984270645,0.991892931060228,0.015696358611126015,4.106551318202973e-05,0.24655055544758617,0.9911910409734823,0.017900312454684944,5.475401757603964e-05,0.19255316961524818,0.9923795027651815,0.015293591224434657
406370,0.0,0.0,0.9923266435175158,0.014814653736415795,0.0,0.0,0.9939598284390598,0.011610295931872934,3.466364707785455e-05,0.10592927015293566,0.9955661562851553,0.009053196851950348
406415,0.0,0.0,0.996015491390397,0.005837723865022237,0.0,0.0,0.9965617789048051,0.005422350108588474,0.0,0.0,0.997431052975274,0.004874835708850691
408567,6.26021197077733e-06,0.33916020527361607,0.9967995526581064,0.006129611725680673,3.1301059853886655e-05,0.4977962688668735,0.9972817434320179,0.005162036883108708,5.634190773699598e-05,0.4673721068882157,0.9979069849251101,0.004106524514933123
408682,1.3540319686947808e-05,0.48522855511632257,0.9985474584246902,0.0026022631995217703,3.385079921736952e-05,0.523153411299647,0.9987457179819836,0.0023510302327935224,7.447175827821295e-05,0.5473251333835266,0.9989403910110518,0.002165942302758883
408759,7.530574130971745e-06,0.14606834984270645,0.0,0.6686145530009673,3.012229652388698e-05,0.2980272981222516,0.0,0.5580119381923707,6.777516717874571e-05,0.366454021394356,0.0,0.45951034920482103
409395,1.696367229577859e-05,0.360054614577234,0.9923334056882551,0.012890489528157124,1.696367229577859e-05,0.2336508082431053,0.9941917036785968,0.010279483899371895,5.9372853035225065e-05,0.33109111248899514,0.9951397416441481,0.009196752855126809
409942,2.4684044233807267e-05,0.5296347172140421,0.9998660757410563,0.00018645858971143569,4.936808846761453e-05,0.564890104406958,0.9999330378705282,0.0001158376361334337,8.228014744602423e-05,0.5066542807885084,0.999966518935264,6.267843924530701e-05
410040,0.0,0.0,0.9943973618093684,0.011578220244419879,0.0,0.0,0.9948684041243345,0.010097372823670974,0.0,0.0,0.9956092053268863,0.00904670157529277
410457,0.0,0.0,0.9963212070032534,0.004623567580916576,1.4830854108888132e-05,0.1396181455537491,0.9976073907034578,0.0035421743725079693,5.1907989381108456e-05,0.2718083716061122,0.998138720849893,0.003447335877525568
410596,0.0,0.0,0.9894701585083535,0.014437721826747374,0.0,0.0,0.9929409199245155,0.009746362966427264,3.638480570513753e-05,0.03635628798853883,0.9942555864732221,0.011191900585647117
410656,1.154854430599023e-05,0.13120507751234178,1.0,0.0,2.309708861198046e-05,0.14876390584057267,1.0,0.0,3.464563291797069e-05,0.13007033971485746,1.0,0.0
412093,0.0,0.0,0.9903044488319764,0.01714965209642951,7.670888212146085e-06,0.06943122193677725,0.9914012822499456,0.01580211212734877,2.3012664636438255e-05,0.11058442613470502,0.9931926528658395,0.013300814659751853
412741,3.520011264036045e-05,0.14606834984270645,0.9951407323769441,0.0063488801949657895,3.520011264036045e-05,0.09478836436955078,0.9956810346783446,0.006285474995548124,7.04002252807209e-05,0.0984800657444765,0.9973006082494809,0.004825089273226058
412914,0.0,0.0,0.9950964383575325,0.006790904118754692,2.2170982617949626e-05,0.07336392209936005,0.9962635411408174,0.005463185149410571,4.434196523589925e-05,0.08573131804326867,0.9971125789735588,0.0055036538135871
413206,0.00010755001075500108,0.14606834984270645,0.9958163939012057,0.00751381511158179,0.00032265003226500323,0.24655055544758617,0.9957759727331862,0.00804436429169436,0.00043020004302000433,0.1914539693788545,0.9969986814481387,0.005987191659417974
413356,0.0,0.0,0.9949716903512353,0.006542423566119382,0.0,0.0,0.9953704523761658,0.006633925637568967,0.0,0.0,0.9969550606628236,0.0053166903006775165
413431,2.7080272698346074e-05,0.8304198973631919,0.995598435827938,0.006989117615945295,4.739047722210563e-05,0.7542686714597935,0.995957118887071,0.007341107286020086,8.801088626962474e-05,0.6980942830186561,0.9969786638792218,0.005872823989471807
413634,0.0,0.0,0.9961136874047106,0.0073077936357034854,0.0,0.0,0.9967265410947572,0.006298370229464258,0.0,0.0,0.9975039460914452,0.005113219001352794
413950,7.531197987663898e-06,0.21398626473452753,0.9928656711873461,0.013570174390014744,3.0124791950655592e-05,0.3471357245055706,0.9935411674710085,0.012544242978426462,4.518718792598339e-05,0.29284320703473227,0.9950699826096588,0.010044071804312802
414379,2.2246281163332196e-05,0.6399453854227659,0.9946557266377084,0.009036726923387094,3.707713527222033e-05,0.5670429581667765,0.9960059008341251,0.006544854649327458,9.640055170777285e-05,0.6454525849508024,0.9973886303537626,0.00504368208944106
414536,2.7514858023332598e-05,0.7860137352654724,0.9975416709648892,0.004567154865873247,5.5029716046665196e-05,0.7948833326720564,0.9979114048378523,0.003975027694903711,0.00010318071758749725,0.7584303510614125,0.998532840071273,0.002901849973471141
414698,7.316894709885124e-06,0.33916020527361607,0.994487806187221,0.011411472334706662,2.1950684129655373e-05,0.37185395737611554,0.9966285020184165,0.006907032785900534,5.8535157679080995e-05,0.4131432845318367,0.9981259264373576,0.0037496907051777877
416057,0.0,0.0,0.9983281683003467,0.0032286154490065,0.00010969723562966213,0.0636207881989517,0.9983733029743572,0.0030867994102566736,0.00010969723562966213,0.04105877938688905,0.9986324081848539,0.00264973603990275
416431,0.0,0.0,0.9985423881941051,0.0029140461537702222,1.3387776959635852e-05,0.06943122193677725,0.9992711940970527,0.0014573501485571905,2.6775553919271705e-05,0.07887161585765423,0.9996355970485264,0.0007287439314726295
416553,1.1843710397593358e-05,0.33916020527361607,0.997441059987264,0.003241304399215794,2.3687420795186715e-05,0.2895229882348574,0.9978556746836992,0.003397061881006732,3.553113119278007e-05,0.22320497122386784,0.9984814501073267,0.0029635957995144593
416886,0.0,0.0,0.9976337936606168,0.004243377874077947,0.0,0.0,0.9976649593054339,0.004350314509380896,4.023740066391711e-05,0.06869457913685864,0.9983003019830076,0.003306249582602993
417357,0.0,0.0,0.9958205359962815,0.006700745352162396,0.0,0.0,0.9969330808777119,0.005227252412085212,0.0003590664272890485,0.0396210670558156,0.997782069733184,0.004425041855559883
419265,0.0,0.0,0.9903321900194213,0.010424377477107838,0.0,0.0,0.9896667922091682,0.019297197895681836,3.857429409041814e-05,0.03406297225598251,0.9906021088028639,0.018044240646981072
420862,0.0,0.0,0.9968996020483786,0.00554401921616714,0.0,0.0,0.9975608523631377,0.004253331482180261,1.5655087120559825e-05,0.06957298216439683,0.9980918017703215,0.003727249669344469
421328,1.5657048020166276e-05,0.30078518014914984,0.9969894361207734,0.005718171776971104,3.9142620050415694e-05,0.39449523438077905,0.9972504024160209,0.005176726118612865,8.611376411091452e-05,0.46599097441308424,0.9980194349129045,0.00396932621889142
422895,2.0697077572646744e-05,0.4468535299918563,0.9977375979619932,0.003854898866706169,4.82931810028424e-05,0.5626475208496899,0.9979351866603945,0.0038299299717704663,0.00010348538786323371,0.6397412849671837,0.9985183858755893,0.0029527400590353163
423193,0.0,0.0,0.9945712906423649,0.009751276330371183,0.0,0.0,0.995031841060259,0.009705324561767344,0.0,0.0,0.9959520648642135,0.008241015483669432
424938,1.210272795488103e-05,0.13120507751234178,0.9907909869403749,0.01978580851128915,1.210272795488103e-05,0.08514311764162098,0.9924291766507128,0.015642260240472633,2.420545590976206e-05,0.08728687922030569,0.9935853589974366,0.013118517037752277
425043,0.0,0.0,0.9970315366823723,0.0058794687217667676,0.0,0.0,0.9977171293539708,0.004310050547431329,0.0,0.0,0.9981526300675305,0.0037792297848703274
425632,0.0,0.0,0.9969474414070512,0.0056797691569352325,0.0,0.0,0.9974689063993323,0.004476441746382894,0.0,0.0,0.9980524772450167,0.0039334392976336004
425645,1.230481487406022e-05,0.13120507751234178,0.9947251778713456,0.010511570045493579,2.460962974812044e-05,0.16354138662029633,0.9952203722155806,0.009684402729621872,6.15240743703011e-05,0.20882850185870128,0.9958512377357736,0.008288926553625129
425698,6.513172892174423e-06,0.16958010263680803,0.9988861657231307,0.002545616181860233,1.9539518676523268e-05,0.25469837558210445,0.9985254806190245,0.0030721877552362946,6.513172892174422e-05,0.41427539838200483,0.9987315021887081,0.002567702063950595
425827,2.6079019428869475e-05,0.16958010263680803,0.9908275224817722,0.014991177256078403,2.6079019428869475e-05,0.11004588314904007,0.9903231486101596,0.01831107739348025,0.0001043160777154779,0.18146158104752474,0.9927872778485206,0.014229405526974822
426898,1.9134849663864474e-05,0.6164336326286644,0.9963855466466756,0.006112755601964314,3.826969932772895e-05,0.6141069626790936,0.996899025130916,0.005637405582229197,7.65393986554579e-05,0.6064142730263474,0.9978340887020629,0.004332329318132152
427464,1.4941206353000942e-05,0.3451913422468693,0.9971817672579657,0.0036391323848109724,2.2411809529501413e-05,0.2973694836145355,0.9976500950431516,0.0032651328732077175,4.4823619059002825e-05,0.2978360841613212,0.9982939411457583,0.0031950578126195422
427527,4.1070572934492436e-05,0.6992148198508501,0.9946877674416064,0.009698799421264292,5.476076391265658e-05,0.5173633627401372,0.9952117213424604,0.008732213460960987,9.583133684714902e-05,0.43786085285690607,0.9966142738995474,0.006758365719919153
428253,7.3165735022974045e-06,0.13120507751234178,0.993409441181851,0.007734868003737139,1.4633147004594809e-05,0.15457433957839825,0.9947054917758346,0.0072834111548173526,2.9266294009189618e-05,0.17157936122375397,0.9955696158327809,0.008555725066204757
428323,1.534083500164914e-05,0.5087403079104241,0.9874732492682419,0.02100514320290022,3.068167000329828e-05,0.47293279348325756,0.9895350552254577,0.018986101885482592,3.835208750412285e-05,0.34360002109542637,0.9915941372535624,0.016549165903627382
429624,1.3389031705227079e-05,0.13120507751234178,0.9942673057634526,0.010557150568656692,2.6778063410454157e-05,0.15457433957839825,0.9948796614801534,0.009783655572911054,4.016709511568123e-05,0.1331947230583711,0.9959286429856059,0.00802487201849273
429771,8.362602441879912e-05,0.13120507751234178,0.9927982608262373,0.009537420046955314,8.362602441879912e-05,0.08514311764162098,0.993481505190006,0.009830285110551111,8.362602441879912e-05,0.05494858807198588,0.9956456452110609,0.00817768741538245
431522,1.3347481663897064e-05,0.3156484524795145,0.9970451444443891,0.005280729312549681,4.6716185823639724e-05,0.5559026721867443,0.9968666081068965,0.005927281792242787,0.00010677985331117651,0.6799565937062999,0.9976242457876214,0.004560440161495816
431591,0.0,0.0,0.9978201008435421,0.0030077224698419223,0.0,0.0,0.9984110875493023,0.002502834361345539,7.226477814713109e-05,0.03343749138471349,0.9988823450916378,0.002213482438758745
433301,0.0,0.0,0.9913654245646167,0.010201038575500166,0.0,0.0,0.9935277653901716,0.009112367352212897,0.0,0.0,0.9938940330676642,0.012201393571487164
433378,2.0336225596529284e-05,0.6992148198508501,0.9973097601477239,0.0045492909546421935,4.067245119305857e-05,0.667826288911027,0.9975292929423384,0.0042032191024457015,6.778741865509762e-05,0.5759181376438351,0.9983395474595185,0.003127442290342606
434844,1.2426219322771047e-05,0.16958010263680803,0.9945582514190479,0.007855908676742473,3.727865796831314e-05,0.2520649403266671,0.9954220357801022,0.006622535559367865,4.970487729108419e-05,0.1950127733266546,0.9972495950708431,0.00469612603096449
435714,2.301584257163681e-05,0.6164336326286644,0.9829328085980176,0.029894347779138575,2.301584257163681e-05,0.4000232483092519,0.9863127216235696,0.023227691335280538,4.603168514327362e-05,0.36657515413752706,0.9901629471546464,0.019075267311262703
435716,1.3025497411182389e-05,0.3835663673713356,0.9966521263103856,0.006195455885926205,3.2563743527955974e-05,0.4571816076546107,0.9969467601799529,0.005961387402233415,4.5589240939138365e-05,0.36700944010084524,0.997642116099842,0.004673331067990751
436424,1.5342835662887216e-05,0.5087403079104241,0.9914972373997399,0.01614062869260835,1.5342835662887216e-05,0.3301376494471202,0.9910352064223543,0.017369516999522584,3.068567132577443e-05,0.2890374144948404,0.99299053176865,0.013960291981521983
436503,1.1546410798203379e-05,0.21398626473452753,0.9961560945962397,0.007094398090160836,2.3092821596406758e-05,0.21222636597291455,0.9971274538247389,0.00517421547105409,6.927846478922026e-05,0.2749983705921962,0.9976650966455184,0.004626236019280152
437465,2.001614635806217e-05,0.5296347172140421,0.9944166769284329,0.011707149227741132,2.6688195144082892e-05,0.4220949603708207,0.9958750884238293,0.007911683761961637,8.006458543224868e-05,0.5513475683810513,0.9969885000054761,0.006063291765371435
437792,7.67006450524249e-06,0.21398626473452753,0.9924797470227513,0.015063924956743057,2.3010193515727468e-05,0.27191445400928344,0.9934562901388307,0.012630958795632842,4.6020387031454936e-05,0.2809791246419309,0.9945514305409577,0.010891183750480317
438593,1.493975543620351e-05,0.360054614577234,0.9932979542053226,0.012738571895578744,2.987951087240702e-05,0.3667028183788342,0.9941565246768762,0.011117317807212392,3.7349388590508774e-05,0.2707209978259186,0.9954904395305861,0.009304694853018639
438714,0.0,0.0,0.9976010719798414,0.004155286749565379,0.0,0.0,0.9976297437264942,0.00413333304278677,0.0,0.0,0.9983227358678564,0.003244158365040964
439531,2.642147537518495e-05,0.8304198973631919,0.9977706393784105,0.004368063555718582,4.6237581906573665e-05,0.752969406552648,0.9979224565416803,0.003973802001301445,0.00011229127034453604,0.8405745209183965,0.9985523528604683,0.0029296871859708774
440361,7.415207106734491e-06,0.13120507751234178,0.9963553734996484,0.005566634557194183,1.4830414213468982e-05,0.15850703974098104,0.9975654159636116,0.004138615249789611,5.190644974714144e-05,0.28598270401350606,0.9982317246295512,0.003253702419546024
440377,3.040114308297992e-05,0.5531464700081437,0.9888515680539882,0.02169338485837995,3.040114308297992e-05,0.35895421017163465,0.9902822527049195,0.018896929336775888,4.560171462446988e-05,0.2689640772034454,0.9915503706020454,0.016980180361858367
440606,4.2843677701293876e-05,0.6548086577531306,0.9891200796284665,0.01898246214185101,4.2843677701293876e-05,0.424926013816671,0.9911307511131693,0.015531169675165926,5.712490360172517e-05,0.3076708662132313,0.9939493438370409,0.011517835348146061
440703,7.416526988741712e-06,0.33916020527361607,0.9949834566239296,0.008937606147865828,2.2249580966225136e-05,0.35314377643380906,0.9957032780636625,0.007641886445312631,3.708263494370856e-05,0.2986303919359208,0.9965470268468397,0.0068291645530706106
441258,3.2563531449858675e-05,1.0,0.9963295969234919,0.006695429553748677,6.512706289971735e-05,1.0,0.9974777001779401,0.0043666835549848355,0.00011722871321949122,0.9252590738460782,0.9979291041714511,0.004108919867260756
442076,1.6961945874430713e-05,0.48522855511632257,1.0000000000000002,-2.220446049250313e-16,2.544291881164607e-05,0.38113435412201996,1.0000000000000002,-2.220446049250313e-16,5.93668105605075e-05,0.3892781993249938,1.0000000000000002,-2.220446049250313e-16
443748,6.898121641477026e-06,0.13120507751234178,0.9963073139221972,0.005618757152787268,2.069436492443108e-05,0.22082856303278728,0.9961459686367938,0.007407177937304183,4.138872984886216e-05,0.25239679385178765,0.9970257209515048,0.006083037321135277
445291,0.0,0.0,0.9910740645054732,0.014714826967084982,0.0,0.0,0.9926848785705765,0.012869222425055551,6.676325083620971e-06,0.032864970567577,0.9933240527791481,0.013127074115444231
445393,0.0,0.0,0.9893262968526593,0.01828874386606314,3.376211215773659e-05,0.0636207881989517,0.9909004612633788,0.01575098655549928,6.752422431547318e-05,0.08067984644270465,0.9925962082050583,0.014116962873867942
447096,2.7598959519226124e-05,0.8687949224876581,0.9971808097952983,0.005636089567254199,6.209765891825878e-05,0.914856882358379,0.9976238497644256,0.004439757360992911,0.0001103958380769045,0.8425413998456727,0.9982629587979416,0.003415694296099789
447214,0.0,0.0,0.9964874734075145,0.007210513467069424,1.2430389817024662e-05,0.07839826897867533,0.9982437367037574,0.0035537402201581895,3.729116945107399e-05,0.123412443249476,0.9988001933125507,0.0023497198488299045
450646,0.0,0.0,0.9954642961709453,0.005826363417780522,0.0,0.0,0.9964088799382704,0.005205082044240437,0.0,0.0,0.9970127384864131,0.005911188788085081
451016,0.0,0.0,0.9800675049435326,0.027276524736682795,0.0,0.0,0.9836567631405074,0.025849799873655214,5.347736570496537e-05,0.06784830105673413,0.9885333988445136,0.021529726542979404
452722,6.961849067112225e-05,0.21398626473452753,0.9982754437511894,0.0031108220805595834,0.0001392369813422445,0.20829366581033176,0.9984798458486022,0.0028095955946225814,0.00020885547201336674,0.1684889030609977,0.9989606889995926,0.002083658592828608
452802,0.0,0.0,0.9943535477485523,0.010509941719050253,0.0,0.0,0.9940770483499669,0.011569076650074369,0.0,0.0,0.9953582469328458,0.009377048335998608
453402,0.0,0.0,0.9899401493184193,0.018491927827005716,2.2153300841825433e-05,0.07336392209936005,0.9929683293487395,0.012749263132143885,4.4306601683650866e-05,0.08573131804326867,0.9948955626913459,0.010130103998399696
454396,7.228410544805302e-06,0.14606834984270645,0.9901504220072536,0.0163268252277897,1.4456821089610605e-05,0.16815228646891084,0.9913446152501256,0.016148770177616335,5.059887381363712e-05,0.28360450663491293,0.9932649540873962,0.012731055142913636
456674,8.01127988207396e-06,0.13120507751234178,0.9988986097562982,0.001729110882088203,2.403383964622188e-05,0.23690530871965637,0.9991756397830945,0.0014250221157791287,6.409023905659168e-05,0.336051707568866,0.9993691053631529,0.001221991661756768
458296,3.6293688527565054e-05,0.33916020527361607,0.9931362843844308,0.009318442549477956,7.258737705513011e-05,0.2984900352767555,0.9948713364823167,0.00796719998387807,0.0002540558196929554,0.3722009775339085,0.996077268495777,0.0075427915957538795
458979,1.413647351531687e-05,0.5531464700081437,0.9983866840159272,0.003006266613323305,3.5341183788292174e-05,0.5743371894486218,0.9985458430168384,0.0026834586561051777,7.775060433424278e-05,0.5809051529477641,0.998981289363529,0.00202072088707147
459431,0.0,0.0,0.9956917414383423,0.005507574498108181,0.0,0.0,0.995577947338038,0.007467989691474385,0.00014549687181725592,0.06761514326644558,0.9966153417420296,0.006757828806212716
459580,0.0,0.0,0.9979522548158075,0.0025958727088873923,0.0,0.0,0.9986051176541617,0.0021496299713295005,0.0,0.0,0.999302558827081,0.0012432715225933315
460348,0.0,0.0,0.9872147902285937,0.0235378929934148,1.4633682346657301e-05,0.1396181455537491,0.9879691097211378,0.02284592362930191,1.4633682346657301e-05,0.09010499239291735,0.9914030568907071,0.016525371313549753
460592,0.0,0.0,0.9852175824445795,0.027317044048780215,0.0,0.0,0.9886475827156278,0.02089873663608286,0.0,0.0,0.9913464074310842,0.017207436805620386
461273,6.260917474846764e-06,0.16958010263680803,0.9956520837619051,0.0070567605051519156,2.5043669899387055e-05,0.32149616226344435,0.9967269394857444,0.00546941930008959,4.3826422323927345e-05,0.30612387888061676,0.997079421189438,0.005900204105635203
461694,2.4154005941885462e-05,0.16958010263680803,0.9857186095319198,0.021589643009943794,4.8308011883770923e-05,0.17630010660342912,0.9888500158980389,0.018390829450571376,7.246201782565638e-05,0.14721582371657374,0.9921483856831154,0.015430093065829511
462613,0.0,0.0,0.9950581677190755,0.008874235351514026,1.2425756107259127e-05,0.06943122193677725,0.9965010214852024,0.0063363716862468306,7.455453664355477e-05,0.2222624162558338,0.9972752952880375,0.005413312467619833
463222,7.227835841392371e-06,0.21398626473452753,0.992183646982453,0.014426193938216158,7.227835841392371e-06,0.1388624438735545,0.994484343984879,0.009870182434968419,3.613917920696185e-05,0.2258123299808981,0.995693322441707,0.0082360906129837
463879,0.0,0.0,0.0,0.6686145530009673,0.0,0.0,0.0,0.5580119381923707,0.0,0.0,0.0,0.45951034920482103
464936,0.0,0.0,0.9990791426020461,0.001127793709396363,0.0,0.0,0.9987280092112233,0.0022122896382214554,1.3174362690204861e-05,0.03475017269886857,0.9991459914767511,0.0015816450872355391
465189,0.0,0.0,0.9926089885715041,0.011523920347687521,0.0,0.0,0.9944701469147675,0.009527020177398354,0.0,0.0,0.9964039154374573,0.006925037493582788
465299,1.4644182964421958e-05,0.27727342735504823,0.9970060947251278,0.005213008503594019,3.661045741105489e-05,0.3979478965435962,0.9978952119343065,0.003740753771053937,5.125464037547685e-05,0.3272418390620735,0.9983863737905206,0.00317910075481816
466559,0.0,0.0,0.9964574798926383,0.004887398861801562,0.0,0.0,0.9969725421867441,0.004416125548216567,1.1558689244639658e-05,0.03233829114831981,0.9983016055263809,0.0029652618159415464
468000,4.018054458031421e-05,0.6548086577531306,0.9956243558939502,0.008465587229678984,6.696757430052369e-05,0.5548010254700118,0.996300343282239,0.007250992672027004,8.036108916062842e-05,0.3903887578787583,0.9971162485367916,0.005800439067889451
469024,7.227626880989895e-06,0.21398626473452753,0.9927388707320042,0.014419367956558193,7.227626880989895e-06,0.1388624438735545,0.9929709857867153,0.013275541440933283,3.6138134404949476e-05,0.23581065650812402,0.994534949700328,0.010983749253319098
469585,1.5199416342412452e-05,0.16958010263680803,0.9964121211259513,0.006007417309921293,1.5199416342412452e-05,0.11004588314904007,0.9970199554519004,0.00512149303561757,1.5199416342412452e-05,0.07102001981682865,0.9980290824748659,0.0038980462385494142
469642,1.3232239027165787e-05,0.21398626473452753,0.0,0.6686145530009673,2.6464478054331573e-05,0.21726071285222984,0.0,0.5580119381923707,3.969671708149736e-05,0.17255126132628032,0.0,0.45951034920482103
471744,0.0,0.0,0.9919507926124933,0.015532202156269747,0.0,0.0,0.9930132072814075,0.01364232020012697,1.565484204264379e-05,0.06761514326644558,0.9942682085009693,0.011443487635084097
471940,2.259223279036667e-05,0.5296347172140421,0.9912766909067956,0.017836358773609996,3.7653721317277785e-05,0.4954588824701808,0.9935230766517265,0.01146563738407986,6.024595410764446e-05,0.43124035020347556,0.9952254364537563,0.007217025907129655
472127,0.0,0.0,0.9965260846770514,0.004753107548554003,0.0,0.0,0.9974277189781615,0.0036785720230543,0.0,0.0,0.9979917954257334,0.003749263460742196
472405,0.0,0.0,0.9943556293256985,0.010853921339669614,1.5657538321825043e-05,0.15176219107803537,0.9958389976772448,0.0076437361627720865,3.1315076643650086e-05,0.16773614222575514,0.9966182582781038,0.006936653406695318
472629,2.7088341854874207e-05,0.8304198973631919,0.9969927762160614,0.005334822554697227,5.4176683709748415e-05,0.8236998933965708,0.9973030282269015,0.005016998486813535,0.00010835336741949683,0.8114807415142179,0.9979252721431541,0.004091249508988647
473634,6.899787486545415e-06,0.16958010263680803,0.9961625700390453,0.0070251248698546265,2.759914994618166e-05,0.3190952506395664,0.9968573936835256,0.005760150594799892,6.209808737890873e-05,0.380880938536374,0.9977172194387898,0.004559697353567077
473766,7.67006450524249e-06,0.21398626473452753,0.9917585870770547,0.013260192051867802,3.068025802096996e-05,0.3381686774636725,0.9929108793234095,0.012041009174524244,6.136051604193992e-05,0.36087456331186174,0.994283983844172,0.010717180111092274
474416,0.0,0.0,0.9848533085568858,0.028892332262813104,0.0,0.0,0.9880963915461065,0.022852625861151662,0.0,0.0,0.9908383446778251,0.01809146845963578
474685,1.4894028983780403e-05,0.21398626473452753,0.9959313559321554,0.007171769843944053,1.4894028983780403e-05,0.1388624438735545,0.9965603088668908,0.0062226137699506155,4.4682086951341204e-05,0.15919026936774028,0.9975581862452699,0.004594552771278642
475209,3.237670949026109e-05,1.0,0.9960186077786644,0.006611416361024103,5.827807708246996e-05,0.933745776545611,0.9964473681762167,0.005834776807601259,0.00010360547036883547,0.8532702562299841,0.9976541311497424,0.004413601464744388
475915,1.4806150474907276e-05,0.47036528278595785,0.9939571510015848,0.011758949827092769,4.441845142472183e-05,0.5900490851534655,0.9952619326498127,0.009100951862486583,0.00010364305332435094,0.6626143048119055,0.9964432693988657,0.0071605596977442065
476578,0.0,0.0,0.9912825463236326,0.011893164972486148,5.215803885773895e-05,0.13305201013572895,0.9938770443627778,0.009596536991976736,5.215803885773895e-05,0.08586742298856077,0.9967592716162279,0.0058776029842786395
476591,0.0,0.0,0.9912194985291031,0.015168934509062893,0.0,0.0,0.9926881131633662,0.013290205898891839,7.99744081893794e-05,0.035510009908414325,0.9935400158179748,0.012803751295521113
476732,8.797705558390373e-06,0.16958010263680803,0.9929686489628213,0.012437357536465677,1.7595411116780745e-05,0.1884441521277154,0.9928501845551733,0.0127678307408853,6.15839389087326e-05,0.2982621611132545,0.9949280196223989,0.010050474553308845
477226,0.0,0.0,0.9967570520030012,0.005872741094832268,0.0,0.0,0.9973199566631188,0.005554572262404581,0.0,0.0,0.9978794171988898,0.004290092433660387
477492,0.0001224889759921607,0.13120507751234178,0.9922922033850601,0.01020790551450641,0.0001224889759921607,0.08514311764162098,0.9926481292336634,0.011904874430516034,0.0001224889759921607,0.05494858807198588,0.9951424801512699,0.009147775107530879
477950,0.0,0.0,0.9977426334568916,0.003900810841078339,0.0,0.0,0.9982489475438963,0.003082922420049584,8.386447500838645e-05,0.032864970567577,0.9988789802275766,0.0021354590511710085
477997,1.534012901048498e-05,0.5087403079104241,0.9960534178412225,0.008591485100773033,2.3010193515727468e-05,0.39375843764607193,0.9953079761707804,0.009929695194543961,3.068025802096996e-05,0.2925034770027579,0.9963606716086518,0.00744306543831501
479074,0.0,0.0,0.9936123027808037,0.012550708760287643,4.011875150445318e-05,0.06625422345438903,0.9948819910421449,0.00957767913079586,4.011875150445318e-05,0.04275831251503158,0.9961914649524723,0.007478083589928422
480155,1.1552279842426903e-05,0.13120507751234178,0.9932723986313159,0.010514490206871119,2.3104559684853806e-05,0.16354138662029633,0.9949657978393924,0.008994441688110803,5.776139921213451e-05,0.214810379617183,0.9952654869399942,0.009668959438283055
480198,1.430737974647323e-05,0.48522855511632257,0.9925550318311662,0.014328694811679676,3.576844936618308e-05,0.523153411299647,0.9949939980637523,0.010047263520842063,6.438320885912955e-05,0.48381949919300743,0.9965107546704159,0.006859559191980774
480842,7.470268332038487e-06,0.33916020527361607,0.9962630909733147,0.005085259318904944,2.9881073328153947e-05,0.41939799988819815,0.9969634679325546,0.004481088444864106,8.217295165242335e-05,0.5234859548166025,0.9978862589755166,0.003993610791328937
480965,7.1547135252704484e-06,0.21398626473452753,0.9948719890834191,0.00971830577302003,7.1547135252704484e-06,0.1388624438735545,0.9957115821751316,0.007874339742772483,4.292828115162269e-05,0.26803259497967175,0.9967187928978394,0.006607906753409179
481480,7.415317078958296e-06,0.21398626473452753,0.996052817774055,0.005587653899942801,1.4830634157916592e-05,0.21222636597291455,0.9968423123852526,0.004763650085934692,4.4491902473749775e-05,0.2752257872376551,0.9977138626902828,0.004479395337155115
482284,0.0,0.0,0.9938265934936805,0.008460482860208906,0.0,0.0,0.9945183781240615,0.008208538228807983,0.0,0.0,0.9954329507451757,0.00862928516949738
482541,7.415152121845779e-06,0.13120507751234178,0.9930167150521451,0.012242629315457776,1.4830304243691559e-05,0.15850703974098104,0.9945246039199483,0.011547820603185663,2.9660608487383117e-05,0.1770361941037934,0.9949190990642295,0.010185114973705578
482707,2.7627171322996166e-05,0.8539316501572934,0.9960501274509197,0.007161647339318966,6.216113547674137e-05,0.9052116356304492,0.9964291911676684,0.006270893119266074,0.00011050868529198466,0.8366946141003959,0.9972957253535659,0.005105551937846456
482712,1.6455623297871464e-05,0.5087403079104241,0.985490403961266,0.02393468933483255,3.291124659574293e-05,0.46318965958284924,0.9875765893740898,0.024017431565601655,4.93668698936144e-05,0.36711514652262883,0.9898220661156291,0.01982053511212369
482723,0.0,0.0,0.9933884342658338,0.010965833913637025,2.9778300552387474e-05,0.14201905717762703,0.9937337859158897,0.011169670804600264,0.00010422405193335616,0.2690239664157617,0.9954660288399271,0.008688280003891932
483144,2.403383964622188e-05,0.4468535299918563,0.9824614117929844,0.03033561492690806,2.403383964622188e-05,0.28997736516021183,0.9868173121182959,0.024614222029500737,7.210151893866565e-05,0.40582707133984924,0.9903450655718096,0.019190644563407775
483161,2.0696220870069125e-05,0.49125969208957576,0.9944208774115942,0.011126436351566748,5.5189922320184334e-05,0.6698623505528797,0.9951667021811789,0.009481993196217816,0.00012417732522041475,0.786939940549514,0.99655331646349,0.0070345055581663655
483657,0.0,0.0,0.9958965942949163,0.007971315049551508,1.759293467743354e-05,0.13698471029831175,0.9963956430130269,0.007015840043864616,1.759293467743354e-05,0.08840545926477482,0.9972747283197311,0.005464106528232913
487754,0.0,0.0,0.9932130519954505,0.01209574286098516,0.0,0.0,0.9941407048252758,0.010264623935566293,5.768676088837612e-05,0.03475017269886857,0.9956922324148458,0.008128292617276291
488338,2.7594009340572163e-05,0.7860137352654724,0.9967670669455202,0.00473657262894357,6.208652101628737e-05,0.8611375561264454,0.9976723539712861,0.0035859906003438283,0.00012417304203257473,0.8740264248081177,0.9980619655649283,0.0038876933733221187
489088,0.0,0.0,0.9973660009576442,0.005130760046725591,0.0,0.0,0.997758784237911,0.0042317056313083,0.0,0.0,0.9982332513792235,0.0034957317480605837
489162,0.0,0.0,0.9968605879013606,0.004450540138186953,0.0,0.0,0.9972739248494806,0.004177153143844831,0.0,0.0,0.9982032175855832,0.003340810059370666
489387,7.67112358947215e-06,0.16958010263680803,0.9936245540078641,0.011287610847873419,2.301337076841645e-05,0.24703059344735182,0.9946647140066937,0.010067775065537788,6.13689887157772e-05,0.3367648789911279,0.9958622341999277,0.008435738419405784
490496,1.3235216263433744e-05,0.16958010263680803,0.9959940943460076,0.007510227367702538,2.6470432526867487e-05,0.17366667134799177,0.9941784920210607,0.011125887063748214,6.617608131716872e-05,0.22232973526605374,0.995045068831686,0.009121786745226469
490960,2.7620303685239018e-05,0.8687949224876581,0.996238069548245,0.007067816860481968,6.21456832917878e-05,0.914856882358379,0.9969277371620363,0.00558874346482392,9.667106289833657e-05,0.7644259205137576,0.9977498256458034,0.0044130655538333055
491075,0.0,0.0,0.9953082610428524,0.009234146434118606,0.0,0.0,0.9958716317990627,0.008064414090686986,7.037792948131466e-05,0.06894750129312782,0.9968963366922763,0.006384490458510956
491365,1.506319008239565e-05,0.3451913422468693,0.9964828168649642,0.006671978836775172,3.01263801647913e-05,0.36865805394823986,0.9972963769878083,0.0052045607106627634,5.272116528838477e-05,0.3427057723346632,0.9979954877680622,0.004009815519147415
492466,0.0,0.0,0.994917277437221,0.009145182076082958,0.0,0.0,0.9962396520247776,0.006985392214353996,0.0,0.0,0.9969662474898404,0.006003312860649883
493812,1.9509149791252097e-05,0.33916020527361607,0.9954014381786174,0.008373305105876094,1.9509149791252097e-05,0.22009176629808014,0.9959136135984364,0.007236717593620619,3.9018299582504195e-05,0.17437833078197712,0.997384380167451,0.005061808925139883
494320,7.928327915642591e-06,0.21398626473452753,0.9957486486333448,0.00562877893871272,7.928327915642591e-06,0.1388624438735545,0.9958215729300497,0.0062497984423423615,2.378498374692777e-05,0.15591974915563395,0.9970386164320448,0.00553968397393772
494344,2.2245951236874887e-05,0.5147714448836773,0.9956289062562439,0.009313931737725678,2.9661268315833184e-05,0.4034826666009928,0.9951987167226676,0.010202195605133187,5.1907219552708075e-05,0.3670110092896514,0.9964630370960356,0.006949409415078721
494371,0.0,0.0,0.9947710162628256,0.010873779046565136,0.0,0.0,0.9973855081314129,0.005321386308778103,0.0,0.0,0.9946599625124553,0.010939098249961688
494871,2.738375595596692e-05,0.27727342735504823,0.9806075477265572,0.03491289881673121,4.107563393395038e-05,0.24355227021012346,0.9849332434687075,0.026798746033452177,9.584314584588422e-05,0.3028030793960257,0.9890704760756988,0.019856108840966568
494915,1.4146572639113858e-05,0.3451913422468693,0.9926297549897984,0.012166199962393497,2.1219858958670787e-05,0.29025978496956456,0.9940842595953496,0.010053322683480869,3.5366431597784645e-05,0.2536266497426514,0.9958664971380229,0.008142770525042833
495169,0.0,0.0,0.9964845510140228,0.004676571135094287,0.0,0.0,0.9970160850163543,0.0046512542706453565,0.0,0.0,0.9982566619822476,0.003082158541961132
495461,1.4307482097763025e-05,0.47036528278595785,0.9954253796771132,0.006071881676917223,2.861496419552605e-05,0.4422195942380129,0.9960601054652167,0.006133415769689095,5.72299283910521e-05,0.42682762588693834,0.9967189706418834,0.006547757801011003
495681,0.0,0.0,0.9975029768728367,0.004856724056993389,0.0,0.0,0.9977344916208715,0.004313974351610655,0.0007198128486593485,0.14116350199567945,0.9980872542322672,0.0039280437077331585
496122,0.0,0.0,0.9948888949482939,0.010114264265285399,7.986582541330565e-05,0.06943122193677725,0.994948940252606,0.009755167052619204,7.986582541330565e-05,0.04480864360167173,0.9959050752730286,0.007830684302059352
496270,8.228014744602422e-06,0.21398626473452753,0.9954039591204868,0.009180126682478317,1.6456029489204843e-05,0.20511666732794356,0.9954876106292712,0.00865429832857816,3.2912058978409687e-05,0.20543415815890415,0.9964152724419645,0.007027881045394154
496754,6.314965204541723e-06,0.33916020527361607,0.996985826468566,0.005856655859191484,1.894489561362517e-05,0.3499667779514209,0.9972897908458757,0.004938552427076264,4.420475643179206e-05,0.3600078945446026,0.9980425437459169,0.003763152778068835
497950,6.375070922664015e-06,0.21398626473452753,0.9955807822451979,0.006280538311383588,1.275014184532803e-05,0.20829366581033176,0.9958750216646758,0.006853593145276533,2.550028369065606e-05,0.20691196842840778,0.9966419566770849,0.00663630617228074
498476,0.0,0.0,0.9911929159695683,0.012060695403567346,0.0,0.0,0.9932885866230142,0.009564743551681736,3.87131740931439e-05,0.038384638165382894,0.9960251299793818,0.0069507546055813186
499217,2.3654921997894713e-05,0.47036528278595785,0.9903390633112874,0.012377947887997131,4.7309843995789426e-05,0.44803002797583846,0.9922324588971849,0.010999669518371584,4.7309843995789426e-05,0.2891439511852007,0.9946630355142441,0.009745703443056745
499342,2.646868093328569e-05,0.3835663673713356,0.9972195731254713,0.0035391671645981114,2.646868093328569e-05,0.24890832702259458,0.99741628356612,0.0041352521452379136,2.646868093328569e-05,0.1606373070201721,0.9976248228594397,0.0048299200149436675
499461,4.544008724496751e-05,0.13120507751234178,0.9956406367542389,0.00823961182783236,4.544008724496751e-05,0.08514311764162098,0.9955754247791209,0.008687950991850525,4.544008724496751e-05,0.05494858807198588,0.9965432160105623,0.007048626990960497
499489,1.5857032990557135e-05,0.3835663673713356,0.9868786900423931,0.018099009557071756,3.171406598111427e-05,0.38589303732090635,0.9885292881433483,0.018186307964065406,4.757109897167141e-05,0.3247341548167745,0.9915526028521787,0.01628018176255395
500152,1.4806150474907276e-05,0.3451913422468693,0.9925874365832728,0.014306088803657847,4.441845142472183e-05,0.5088197627289398,0.9942329871679962,0.010728008789667884,0.00010364305332435094,0.6166070492521482,0.9952771335483621,0.009331568657965196
500774,8.798324798958279e-06,0.33916020527361607,0.9980055127705005,0.0026248351690160597,8.798324798958279e-06,0.22009176629808014,0.9979622551741654,0.00327752965593961,3.5193299195833114e-05,0.24804136913696057,0.9984956408545405,0.0029835239706060245
501476,0.0,0.0,0.9849749944661511,0.029480469518214425,4.258037044922291e-05,0.07839826897867533,0.9857462739002013,0.0291682565746128,4.258037044922291e-05,0.05059568297461706,0.9889058364153591,0.022067832682369153
502412,8.795538902668566e-06,0.21398626473452753,0.9872324037933826,0.01690057288150739,1.7591077805337133e-05,0.2024832320725062,0.9897492724608894,0.015775034596443863,3.5182155610674265e-05,0.208681771811431,0.9909470854602558,0.017318837744016574
502900,0.0,0.0,0.986011018338567,0.02807730806323434,0.0,0.0,0.9888146402542984,0.021746151340016995,2.639567110993797e-05,0.100365434208273,0.9911074003195349,0.01769174306900197
504951,8.796699478355722e-06,0.33916020527361607,0.9943331076303226,0.013436553655879823,8.796699478355722e-06,0.22009176629808014,0.9951610822227618,0.010165006304066776,2.639009843506716e-05,0.21390633753061047,0.9962907237989522,0.007656722074215503
505448,0.0,0.0,0.9972955627015019,0.0051818512291396,8.796157838256249e-06,0.07336392209936005,0.9979376898371143,0.0037307332452246947,1.7592315676512498e-05,0.08573131804326867,0.9985248692078347,0.002893648190307394
506138,7.404719768380365e-06,0.16958010263680803,0.9860806147206744,0.025505270643046807,1.480943953676073e-05,0.17366667134799177,0.9886493497763518,0.021062555638486535,2.2214159305141098e-05,0.1516998662595333,0.9910209092072095,0.018197352940255297
507413,0.0,0.0,0.9996049334550154,0.0004891045967539198,8.795693628399536e-06,0.06625422345438903,0.999787076285721,0.0003534952171027851,2.6387080885198607e-05,0.11157145746988267,0.9998311550831481,0.00032053983482261084
508766,0.0,0.0,0.9929631840751558,0.009020104277373809,8.795538902668566e-06,0.07336392209936005,0.9948182714564334,0.007607695711638954,3.5182155610674265e-05,0.15722792954098425,0.994890056706585,0.010319512788652896
509838,1.7591077805337133e-05,0.3156484524795145,0.9973958816702545,0.0035024265405415255,2.63866167080057e-05,0.26845503571754253,0.9981437158529071,0.0030211753667399883,6.156877231867996e-05,0.31271193642658096,0.9986002498797107,0.002711825442506311
510794,1.480691779199242e-05,0.5087403079104241,0.9947674828205175,0.009414992016167167,2.961383558398484e-05,0.4747901418801846,0.9951749664202669,0.009410794566068846,5.182421227197347e-05,0.41266830659970705,0.9954511313585181,0.009238837921718064
511254,0.0,0.0,0.9888730854131248,0.02001447358633627,0.0,0.0,0.9904573490782125,0.016503102759731107,0.0,0.0,0.9929481040304085,0.013307639133616312
511315,0.0,0.0,0.9969631465045756,0.005621331635590787,0.0,0.0,0.997390946958087,0.004884615459849003,0.0,0.0,0.998039556052672,0.003927949498516634
512605,8.795616264853597e-06,0.13120507751234178,0.9725470727028107,0.05360981547305092,8.795616264853597e-06,0.08514311764162098,0.9772013813620809,0.04172277581241166,3.518246505941439e-05,0.16044300252201257,0.9794858005768656,0.036489399794506425
513043,2.638847351476875e-05,0.6164336326286644,0.9899525099390722,0.01744264037982991,3.5184631353024996e-05,0.4694544702460292,0.9939910096404017,0.011944669249625053,7.916542054430625e-05,0.48322692824610985,0.996995504820201,0.005991627116805117
513856,0.0,0.0,0.9979424076416612,0.002700796383889281,0.0,0.0,0.9981044831345036,0.0029651926813609236,4.25930658488798e-05,0.03635628798853883,0.9987321426467348,0.002382087496066993
514167,8.795616264853597e-06,0.13120507751234178,0.9921680852688782,0.011018222900256813,1.7591232529707195e-05,0.16354138662029633,0.9933627195631105,0.009673491676166074,4.397808132426798e-05,0.21264480078629988,0.9948958629641002,0.009707540308326018
514271,1.5682338550324625e-05,0.16958010263680803,0.9947038197404984,0.01011399607698803,3.136467710064925e-05,0.1884441521277154,0.9951883228700714,0.009170171260712547,7.841169275162312e-05,0.22979412033008095,0.9964955763299009,0.006991352410830053
515245,2.2209390130147026e-05,0.6399453854227659,0.9972405798271294,0.004816746052623266,2.2209390130147026e-05,0.4152807670887412,0.9978267763874742,0.003944568838701342,5.1821910303676396e-05,0.41078849990148775,0.9983848085900983,0.003198634982183173
