query_index,query_song_id,rec_index,rec_song_id,rank,score,query_title,rec_title,query_artist,rec_artist,query_year,rec_year,query_genre,rec_genre
70108,e77b390101fe12212155793e5ae19c9210ace3c5,438016,9ea39f6972d70e7fdae765d75f503390d318957d,1,0.9025074243545532,The General Lee,NCT 2020 : The Past  Future - Ether,Johnny Cash,NCT,1981,2020,country,misc
70108,e77b390101fe12212155793e5ae19c9210ace3c5,204202,9350630a8ad6d2a2acad961a3e76e6311d2c904a,2,0.9025074243545532,The General Lee,Alone I cannot be 298,Johnny Cash,Emily Dickinson,1981,2013,country,misc
70108,e77b390101fe12212155793e5ae19c9210ace3c5,455872,8dde6b98fd2b75a6aa2a254e28f409f93e6074f7,3,0.9025074243545532,The General Lee,The Singles Song,Johnny Cash,Car Seat Headrest,1981,2010,country,rock
70108,e77b390101fe12212155793e5ae19c9210ace3c5,261794,21c9cc68c467cf8643aeb5073670ca6d9bf61dba,4,0.8895489573478699,The General Lee,Custer,Johnny Cash,Johnny Cash,1981,1964,country,country
70108,e77b390101fe12212155793e5ae19c9210ace3c5,113450,e206f59a5665ec7361ce3c04ac5012e22614d2a5,5,0.8713294267654419,The General Lee,General,Johnny Cash,Yo Gotti,1981,2016,country,rap
70108,e77b390101fe12212155793e5ae19c9210ace3c5,342532,43ad8da8fd6852dbf2f15ed552b91717d2f2db0f,6,0.8467695116996765,The General Lee,Macdonnell On The Heights,Johnny Cash,Stan Rogers,1981,1984,country,pop
70108,e77b390101fe12212155793e5ae19c9210ace3c5,464345,5f41c6b731ce192cad6c382e6dd7383a67c28beb,7,0.865344226360321,The General Lee,General Taylor,Johnny Cash,Great Big Sea,1981,2015,country,pop
70108,e77b390101fe12212155793e5ae19c9210ace3c5,334326,24fb608d2f81daf50c7f08d6e7335dd3c62751e1,8,0.8595194220542908,The General Lee,When the Generals Talk,Johnny Cash,Midnight Oil,1981,1984,country,rock
70108,e77b390101fe12212155793e5ae19c9210ace3c5,443070,5c242f9d403259241f047fd5d7bf2055365b8f66,9,0.8295402526855469,The General Lee,WILD SWANS: Three Daughters of China,Johnny Cash,Jung Chang,1981,2014,country,misc
70108,e77b390101fe12212155793e5ae19c9210ace3c5,110384,2ff2ee39a12e10d3a593b091db112cbdac3dfc37,10,0.8217822909355164,The General Lee,Big Bad Sound,Johnny Cash,Chronixx,1981,2017,country,rock
70108,e77b390101fe12212155793e5ae19c9210ace3c5,232842,3d4252fcaff4e86099c896764bb368e79ebbdd0a,11,0.8098828792572021,The General Lee,Slewfoot,Johnny Cash,Armand Hammer,1981,2020,country,rap
70108,e77b390101fe12212155793e5ae19c9210ace3c5,27855,5d9245ff4da5d33863af305d037862106cb7a6ae,12,0.783474862575531,The General Lee,The General,Johnny Cash,Dispatch,1981,1997,country,rock
70108,e77b390101fe12212155793e5ae19c9210ace3c5,442025,ebe9c64b27561d5ee784af48a9ab8a7698e1006d,13,0.7800782918930054,The General Lee,Heater,Johnny Cash,Chase & Status,1981,2018,country,pop
70108,e77b390101fe12212155793e5ae19c9210ace3c5,498519,46ecca0f76bda9970eb8d38d13baf464e83ac409,14,0.768409252166748,The General Lee,Brave Son Of America,Johnny Cash,C.W. Stoneking,1981,2008,country,rb
70108,e77b390101fe12212155793e5ae19c9210ace3c5,369963,612ec0cef5c1d3531d46103306fdbd6e219ca723,15,0.7586783170700073,The General Lee,The Kite Runner Chapter 12,Johnny Cash,Khaled Hosseini,1981,2003,country,misc
70108,e77b390101fe12212155793e5ae19c9210ace3c5,126424,d382099f53a8cc572be55f8f4003eccd185530d3,16,0.7491844296455383,The General Lee,No Cocaine,Johnny Cash,Alborosie,1981,2009,country,pop
70108,e77b390101fe12212155793e5ae19c9210ace3c5,153557,1de723b0284470a1390f47cae5969ca3a192772f,17,0.7249321341514587,The General Lee,Shark Tank,Johnny Cash,Rob Level,1981,2019,country,rap
70108,e77b390101fe12212155793e5ae19c9210ace3c5,305858,7a39322e8275199277f24fd9df9d45c82141de1a,18,0.7208153605461121,The General Lee,Generally,Johnny Cash,Juggaknots,1981,2001,country,rap
70108,e77b390101fe12212155793e5ae19c9210ace3c5,137802,0e93c3100f36999fd4ab665492389322aa9f40df,19,0.686253011226654,The General Lee,El Niño Considers His Failures,Johnny Cash,Spanish Love Songs,1981,2018,country,rock
70108,e77b390101fe12212155793e5ae19c9210ace3c5,437957,06a36b5f42f3f05a633146c167835ea24ee327bd,20,0.6742860078811646,The General Lee,Gone a Negril,Johnny Cash,General Trees,1981,1986,country,rap
413634,fcad6c466488eaf32327bba209e4a40a323df09c,47974,09c6044ec218f6e5fd0780cc2b5712659f76b426,1,0.9410983324050903,Long Stretch of Love,You Need Me,Lady A,Jacquees,2014,2014,country,rap
413634,fcad6c466488eaf32327bba209e4a40a323df09c,237156,741a886cf0121b84b6582075a08c608fdfd4f865,2,0.9386006593704224,Long Stretch of Love,Baby Were Gonna Love Tonight,Lady A,Lime,2014,1982,country,pop
413634,fcad6c466488eaf32327bba209e4a40a323df09c,53787,15e6066ecbea55e47811f38d5731cfdb476fd84b,3,0.9078518152236938,Long Stretch of Love,Here I Come,Lady A,Trevor Jackson,2014,2015,country,rb
413634,fcad6c466488eaf32327bba209e4a40a323df09c,206989,08923ac99082f09055411e2e58b3302eb23b9127,4,0.925628125667572,Long Stretch of Love,The Life,Lady A,J-Soul,2014,2017,country,rb
413634,fcad6c466488eaf32327bba209e4a40a323df09c,9461,20b31adb0dc93e8716c5c21ab23bbe0e5bf08f35,5,0.9281347990036011,Long Stretch of Love,​love,Lady A,DEAN (),2014,2017,country,rb
413634,fcad6c466488eaf32327bba209e4a40a323df09c,42188,ec48b3b094727dad69e7565a25e64456914bff82,6,0.9403037428855896,Long Stretch of Love,Certainly,Lady A,Erykah Badu,2014,1997,country,rb
413634,fcad6c466488eaf32327bba209e4a40a323df09c,30891,3bfa81275b91a926b284d5f6b04d76d22fa30d5a,7,0.9363404512405396,Long Stretch of Love,Wasnt Looking,Lady A,ELIZA,2014,2017,country,rb
413634,fcad6c466488eaf32327bba209e4a40a323df09c,194480,861a6db23838808fe6d9e0017d357e9cd6ef5a2f,8,0.9391852021217346,Long Stretch of Love,Certainly Flipped It,Lady A,Erykah Badu,2014,1997,country,rb
413634,fcad6c466488eaf32327bba209e4a40a323df09c,174145,c4b2c1508f1dd5c10c213395c3244a860971ca66,9,0.9368422031402588,Long Stretch of Love,Im Still In Love,Lady A,Marcia Aitken,2014,1977,country,rock
413634,fcad6c466488eaf32327bba209e4a40a323df09c,255502,ac12d496a3adf328152994f828afb397ec8ec495,10,0.9189045429229736,Long Stretch of Love,After Midnight,Lady A,KLYMVX,2014,2016,country,pop
413634,fcad6c466488eaf32327bba209e4a40a323df09c,169956,36b2f022e99599c14ec1fa242872a3849aef15c8,11,0.9245883822441101,Long Stretch of Love,Love Man,Lady A,Otis Redding,2014,1969,country,rb
413634,fcad6c466488eaf32327bba209e4a40a323df09c,34468,d0a0bc2795cb5438ade1ba9021cea73cd7fa7b21,12,0.9316362142562866,Long Stretch of Love,I Love You,Lady A,Faith Evans,2014,2002,country,rb
413634,fcad6c466488eaf32327bba209e4a40a323df09c,7798,f32e46bb470529373a7501981a15eb5ae9eae370,13,0.9301369190216064,Long Stretch of Love,Rude Boy,Lady A,Rihanna,2014,2009,country,pop
413634,fcad6c466488eaf32327bba209e4a40a323df09c,93077,8bb3c439fb09bfbf31d0591e629c2f4a4c3d5132,14,0.9225481152534485,Long Stretch of Love,Touch Me,Lady A,Chris Brown,2014,2012,country,rb
413634,fcad6c466488eaf32327bba209e4a40a323df09c,78939,54ce6d4f334767f7fb8284bdae835e4975890928,15,0.9272080659866333,Long Stretch of Love,Love You Down,Lady A,INOJ,2014,1997,country,pop
413634,fcad6c466488eaf32327bba209e4a40a323df09c,175921,eba521bbbdf8001a46ff4bce5af2243f4da7d447,16,0.911870539188385,Long Stretch of Love,Love Goes On Palmistry Remix,Lady A,Hannah Diamond,2014,2020,country,pop
413634,fcad6c466488eaf32327bba209e4a40a323df09c,446694,cf73e96a6eb7843b6adee083586bd3003c92efd6,17,0.9208193421363831,Long Stretch of Love,Whole Lotta Love,Lady A,Hollywood Vampires,2014,2015,country,rock
413634,fcad6c466488eaf32327bba209e4a40a323df09c,164277,d38f04e12a1cc221c2b0507ce4ef92882841a3cc,18,0.9148880243301392,Long Stretch of Love,​i dont lovE you,Lady A,Lindsay Ell,2014,2019,country,country
413634,fcad6c466488eaf32327bba209e4a40a323df09c,195731,d6806ba1475ceb8811e328283adb4c07ce9a581e,19,0.927905797958374,Long Stretch of Love,Make Love,Lady A,Keri Hilson,2014,2009,country,rap
413634,fcad6c466488eaf32327bba209e4a40a323df09c,41260,28fd6a86dfc4ef6987d3f1cd15e12d8bd8a03db6,20,0.9232258200645447,Long Stretch of Love,Love Me Right,Lady A,Amber Mark,2014,2018,country,pop
72169,4caf07ac74f7e39c9ae70f5d9e512a33bd68287d,95004,567e8be7a7da572457cdcbec3f23a501e4215c7f,1,0.5272841453552246,I Ain’t Marching Anymore,Missile,Phil Ochs,DOROTHY,1965,2016,country,rock
72169,4caf07ac74f7e39c9ae70f5d9e512a33bd68287d,268889,8c2f8d45e451c41db8a45ed769cd20834052ec16,2,0.4401860535144806,I Ain’t Marching Anymore,Dancing in the Rain,Phil Ochs,Ruth Lorenzo,1965,2014,country,pop
72169,4caf07ac74f7e39c9ae70f5d9e512a33bd68287d,171299,6d1f07ad56b4ee6ddcd88bc56a27922ad8e5dd85,3,0.47374629974365234,I Ain’t Marching Anymore,Elevator,Phil Ochs,The Black Keys,1965,2006,country,rock
72169,4caf07ac74f7e39c9ae70f5d9e512a33bd68287d,234578,cc940057d5b789a8abfdce3898a983f1293a5af1,4,0.46388569474220276,I Ain’t Marching Anymore,Gun,Phil Ochs,Avatar,1965,2020,country,rock
72169,4caf07ac74f7e39c9ae70f5d9e512a33bd68287d,332568,19542651c75027e8387ee53feb474565b6d90f14,5,0.48004138469696045,I Ain’t Marching Anymore,War Battlecry Remix,Phil Ochs,Bone Thugs-N-Harmony,1965,1998,country,rap
72169,4caf07ac74f7e39c9ae70f5d9e512a33bd68287d,260707,a6b3fa75c24ac27ca85b7940f2c92e2a7f8f50b0,6,0.4832891821861267,I Ain’t Marching Anymore,Wizards,Phil Ochs,Gloryhammer,1965,2013,country,rock
72169,4caf07ac74f7e39c9ae70f5d9e512a33bd68287d,435276,c26f5f0b4c9941dd465f32e3b1f5b180fe826c59,7,0.4476310610771179,I Ain’t Marching Anymore,The War of 1812,Phil Ochs,Mr. Arnold,1965,2014,country,misc
72169,4caf07ac74f7e39c9ae70f5d9e512a33bd68287d,171933,9dc8371b1fddaf24e18b016f237937173b270ad3,8,0.45306870341300964,I Ain’t Marching Anymore,Raise Your Weapon Original Mix,Phil Ochs,deadmau5,1965,2011,country,pop
72169,4caf07ac74f7e39c9ae70f5d9e512a33bd68287d,209477,9e6530516fb82508daf0ce2eff340f70dcd38839,9,0.4861491620540619,I Ain’t Marching Anymore,Handsome Johnny,Phil Ochs,Richie Havens,1965,1966,country,pop
72169,4caf07ac74f7e39c9ae70f5d9e512a33bd68287d,133967,eec7986fd6423c6471fafbcc241f6a1bb6bf4b4f,10,0.45359405875205994,I Ain’t Marching Anymore,Waging War,Phil Ochs,CeCe Winans,1965,2008,country,pop
72169,4caf07ac74f7e39c9ae70f5d9e512a33bd68287d,48421,4a11fa13907fbfbd51a2be21d72ab1302478d58d,11,0.41037437319755554,I Ain’t Marching Anymore,Devil Dogs,Phil Ochs,Sabaton,1965,2019,country,rock
72169,4caf07ac74f7e39c9ae70f5d9e512a33bd68287d,267056,b0e01764b2d7baaf5b97fbd7294a5463a34d5ec2,12,0.4423479735851288,I Ain’t Marching Anymore,Devils Waitin,Phil Ochs,Black Rebel Motorcycle Club,1965,2005,country,rock
72169,4caf07ac74f7e39c9ae70f5d9e512a33bd68287d,247302,79f858d575599430c76cc73c925351d3d0a0d673,13,0.4160744249820709,I Ain’t Marching Anymore,Ask the Angels,Phil Ochs,Patti Smith Group,1965,1976,country,rock
72169,4caf07ac74f7e39c9ae70f5d9e512a33bd68287d,84799,2afeac4b859031caf86a4ff03e67303086d44633,14,0.41276803612709045,I Ain’t Marching Anymore,Battle,Phil Ochs,David Guetta,1965,2018,country,pop
72169,4caf07ac74f7e39c9ae70f5d9e512a33bd68287d,327030,ac0cfaa817b61e6791ed58b4a9ca93bfd1465471,15,0.4347100555896759,I Ain’t Marching Anymore,Chapter 14: War Is the Health of the State,Phil Ochs,Howard Zinn,1965,1980,country,misc
72169,4caf07ac74f7e39c9ae70f5d9e512a33bd68287d,6772,ece646577a9b93e104a5c76038b7d332645c1e38,16,0.4376561939716339,I Ain’t Marching Anymore,Civil War,Phil Ochs,Guns N' Roses,1965,1991,country,rock
72169,4caf07ac74f7e39c9ae70f5d9e512a33bd68287d,482524,2f323ec39c2d3b0988f2719f3a309a762de69e20,17,0.4704827666282654,I Ain’t Marching Anymore,Ive Known No War,Phil Ochs,The Who,1965,1982,country,rock
72169,4caf07ac74f7e39c9ae70f5d9e512a33bd68287d,317057,dec713d05b05f09e4af80193198da20c6400772e,18,0.41987720131874084,I Ain’t Marching Anymore,The War Iz On,Phil Ochs,Krayzie Bone,1965,1999,country,rap
72169,4caf07ac74f7e39c9ae70f5d9e512a33bd68287d,486333,b6071582a2cf8218cb2d552cdf7829352a8dfdbf,19,0.46993064880371094,I Ain’t Marching Anymore,Study War,Phil Ochs,Moby,1965,2009,country,rock
72169,4caf07ac74f7e39c9ae70f5d9e512a33bd68287d,102491,aa673de8c2d7b5a0d327dcb1d9d230d718c6ead4,20,0.48282408714294434,I Ain’t Marching Anymore,War Is Necessary,Phil Ochs,Nas,1965,2008,country,rap
360909,4d701b8ea16e60bf2a1c0ed098676da618707953,306194,accabeeb13b6f8ead88804757b29158b48afe718,1,0.6519879102706909,Boys from Back Home,Drinking Wine Spo-Dee ODee,Scotty McCreery,Jerry Lee Lewis,2018,1973,country,pop
360909,4d701b8ea16e60bf2a1c0ed098676da618707953,284586,dd2de94723a100a7e5406cfc931dbbd5ff1a0610,2,0.45497095584869385,Boys from Back Home,One Day,Scotty McCreery,Nikki Yanofsky & Jacob Collier,2018,2015,country,pop
360909,4d701b8ea16e60bf2a1c0ed098676da618707953,66889,15663eb859a51422a1fa046da9544c43a6886a35,3,0.5178972482681274,Boys from Back Home,Chandelier,Scotty McCreery,Shoreline Mafia,2018,2019,country,rap
360909,4d701b8ea16e60bf2a1c0ed098676da618707953,241493,6300dc0e44f8051eed44c7f3eda4c3ef3ecadc1e,4,0.5013220310211182,Boys from Back Home,Trouble Again,Scotty McCreery,M.I.A.,2018,2013,country,rap
360909,4d701b8ea16e60bf2a1c0ed098676da618707953,79280,56aa0d8f69444d0f0eda5c25ce887fdc1c8b3c75,5,0.47923725843429565,Boys from Back Home,For Your Love,Scotty McCreery,The Yardbirds,2018,1965,country,rock
360909,4d701b8ea16e60bf2a1c0ed098676da618707953,148916,a51e99f1475d456f00136926bff635b5e27197dd,6,0.4503079950809479,Boys from Back Home,Tonight,Scotty McCreery,Stephen Day,2018,2016,country,rb
360909,4d701b8ea16e60bf2a1c0ed098676da618707953,248996,be43411866836e4ea17787959e20a12d0d837bf9,7,0.42791831493377686,Boys from Back Home,Winter Dreams,Scotty McCreery,Accept,2018,1983,country,rock
360909,4d701b8ea16e60bf2a1c0ed098676da618707953,194364,10601d7ef78ddb8f1aa5efce89c7e32794b90841,8,0.5103526711463928,Boys from Back Home,I Fucked a Sasquatch,Scotty McCreery,Seething Fuck Patties,2018,2008,country,pop
360909,4d701b8ea16e60bf2a1c0ed098676da618707953,244293,d9cfb0a635fa88889fa0a13c9148ccb0eb34f885,9,0.41187894344329834,Boys from Back Home,Sweet Gene Vincent,Scotty McCreery,Ian Dury and the Blockheads,2018,2015,country,rock
360909,4d701b8ea16e60bf2a1c0ed098676da618707953,372056,db3052003dd9e73f06c63bb0036c18db0fe9bc14,10,0.38773244619369507,Boys from Back Home,I Woke Up Today,Scotty McCreery,Port O'Brien,2018,2008,country,pop
360909,4d701b8ea16e60bf2a1c0ed098676da618707953,55292,07b8d620e37fff8b8d6503740903d2f5b4513375,11,0.4425199627876282,Boys from Back Home,Jack Be Nimble,Scotty McCreery,Mother Goose Club,2018,2012,country,pop
360909,4d701b8ea16e60bf2a1c0ed098676da618707953,337320,51e724ffb0df51abab741a6b3f0856cbeb0cf495,12,0.5428155064582825,Boys from Back Home,Old Alabama,Scotty McCreery,Brad Paisley,2018,2011,country,country
360909,4d701b8ea16e60bf2a1c0ed098676da618707953,286850,1b27d2ea9a6f88f4334f55b51efdee067447cd6a,13,0.43951499462127686,Boys from Back Home,Double-Tap Rootbeer,Scotty McCreery,Jack Wall,2018,2015,country,pop
360909,4d701b8ea16e60bf2a1c0ed098676da618707953,371539,aa704e51702d08e0037533b22e8f59106b681cc9,14,0.3883711099624634,Boys from Back Home,Dirt Road Diary,Scotty McCreery,Luke Bryan,2018,2013,country,country
360909,4d701b8ea16e60bf2a1c0ed098676da618707953,398716,4cceee3db04818e6324adb887454bf77d0841610,15,0.43835383653640747,Boys from Back Home,Fishhawk,Scotty McCreery,Classic of Poetry,2018,2014,country,misc
360909,4d701b8ea16e60bf2a1c0ed098676da618707953,342358,c93f3df4f6e813b1719e9b0403456e4a50d4443b,16,0.4042729437351227,Boys from Back Home,Tall Cool One,Scotty McCreery,Robert Plant,2018,1988,country,rock
360909,4d701b8ea16e60bf2a1c0ed098676da618707953,385226,81221953592e54b4c5247c9a5cc90ccbe0472fa7,17,0.4384133219718933,Boys from Back Home,Rowdy Beer Drinkin Night,Scotty McCreery,G.G. Allin,2018,1990,country,pop
360909,4d701b8ea16e60bf2a1c0ed098676da618707953,385209,7eebd39294fcf511056d8f54e4905ac5ad4b2dd5,18,0.4810291826725006,Boys from Back Home,I Delight Live,Scotty McCreery,David & Nicole Binion,2018,2020,country,pop
360909,4d701b8ea16e60bf2a1c0ed098676da618707953,358560,3db0a2858e1765d1660d963027293f2c5e371aae,19,0.4732306897640228,Boys from Back Home,Pose,Scotty McCreery,JMSN,2018,2018,country,rb
360909,4d701b8ea16e60bf2a1c0ed098676da618707953,87036,8eaf1aa70120a2658504e12fe4703bf0f6ac2cd5,20,0.3966391682624817,Boys from Back Home,No Nay Never,Scotty McCreery,The Irish Rovers,2018,2015,country,pop
257178,e61052b5dd3ffd91ba4221346efd8015038a012d,389413,1cb4fa91b53f4be0c7f8f434cb672ec5c4b597ff,1,1.0,Elusive Butterfly,Elusive Butterfly,Bob Lind,Val Doonican,1966,1968,country,pop
257178,e61052b5dd3ffd91ba4221346efd8015038a012d,373571,adcddae23e7cf3839038854a70e381143410eebd,2,0.6813245415687561,Elusive Butterfly,Dont Talk,Bob Lind,Kyle Watson,1966,2016,country,pop
257178,e61052b5dd3ffd91ba4221346efd8015038a012d,272618,b6d3766f1f2439b5ebd470721a6e0ca416daaa1c,3,0.5808780789375305,Elusive Butterfly,This Time,Bob Lind,Jon Connor,1966,2013,country,rap
257178,e61052b5dd3ffd91ba4221346efd8015038a012d,243658,ec798f1bd79ad49b4b208d45279f9424ad983cb5,4,0.5804600715637207,Elusive Butterfly,BLOW MY MIND,Bob Lind,DUCKWRTH,1966,2016,country,rap
257178,e61052b5dd3ffd91ba4221346efd8015038a012d,450550,940962d9a9b5865ed317bac2e7273fe1552cf7a2,5,0.6652436852455139,Elusive Butterfly,Spongebob,Bob Lind,Max Wassen,1966,2018,country,rap
257178,e61052b5dd3ffd91ba4221346efd8015038a012d,222030,dcd1cdaf80fa1244c0c81a0dfc7792d77e195215,6,0.4888792335987091,Elusive Butterfly,Diary of a Deadman,Bob Lind,Five Finger Death Punch,1966,2013,country,rock
257178,e61052b5dd3ffd91ba4221346efd8015038a012d,460989,48b08322283d3ab2ea19fbae4c64048cc06a86a5,7,0.6739800572395325,Elusive Butterfly,We Are Dreamers,Bob Lind,Frida Sundemo,1966,2016,country,pop
257178,e61052b5dd3ffd91ba4221346efd8015038a012d,350517,34b247d22d65c82a5bc2b72045917397ec935095,8,0.44334131479263306,Elusive Butterfly,Everwake,Bob Lind,Anathema,1966,2011,country,rock
257178,e61052b5dd3ffd91ba4221346efd8015038a012d,329632,96b311807657afa0da6bd02d42c145947bd9aad5,9,0.6813244819641113,Elusive Butterfly,Ocean Front Apt.,Bob Lind,ayokay,1966,2018,country,pop
257178,e61052b5dd3ffd91ba4221346efd8015038a012d,113825,42abd53434eb3c18cee6608e4fc82d6ba16ab43b,10,0.43120110034942627,Elusive Butterfly,Up from the Skies,Bob Lind,The Jimi Hendrix Experience,1966,1967,country,rock
257178,e61052b5dd3ffd91ba4221346efd8015038a012d,239760,a90642c2e875d36f2a98f561fb8a1dc94bc146da,11,0.5112733840942383,Elusive Butterfly,Thingsll Never Change,Bob Lind,E-40,1966,1996,country,rap
257178,e61052b5dd3ffd91ba4221346efd8015038a012d,243697,2f723411161483150d5652df0420765a8f787e7e,12,0.6739800572395325,Elusive Butterfly,A Drop of Nelson`s Blood,Bob Lind,Storm Weather Shanty Choir,1966,2012,country,pop
257178,e61052b5dd3ffd91ba4221346efd8015038a012d,334332,2f36e8803f338cdf61a76938341f6887190b401e,13,0.6739800572395325,Elusive Butterfly,A Drop of Nelsons Blood,Bob Lind,Jarvis Cocker,1966,2006,country,pop
257178,e61052b5dd3ffd91ba4221346efd8015038a012d,399490,268b8564c583aceb60de2cd91469d2368527ef21,14,0.6739800572395325,Elusive Butterfly,Roll the Old Chariot Along,Bob Lind,David Coffin,1966,2020,country,pop
257178,e61052b5dd3ffd91ba4221346efd8015038a012d,473544,9800bcd8d3d7ab7502c2e21f9bdb38e0d216ca72,15,0.6739800572395325,Elusive Butterfly,Parchman Farm,Bob Lind,John Mayall & The Bluesbreakers,1966,1966,country,rock
257178,e61052b5dd3ffd91ba4221346efd8015038a012d,439809,c13d1f8915dda31c7166c6ea1bfb154c8e6724ec,16,0.673844575881958,Elusive Butterfly,A Drop of Nelsons Blood Roll the Old Chariot Along,Bob Lind,Marc Gunn,1966,2008,country,pop
257178,e61052b5dd3ffd91ba4221346efd8015038a012d,296105,67901091f663ec79a5a1149a53054ad2489c5c99,17,0.6732957363128662,Elusive Butterfly,Nelsons Blood,Bob Lind,Fisherman's Friends,1966,2019,country,pop
257178,e61052b5dd3ffd91ba4221346efd8015038a012d,449606,47b143a22d2555e8e35949e4f36990fd2f143065,18,0.6406222581863403,Elusive Butterfly,Make Out,Bob Lind,The Greeting Committee,1966,2021,country,pop
257178,e61052b5dd3ffd91ba4221346efd8015038a012d,287079,1ee29552676fe69baed5d65c2f00c1465a99cc85,19,0.6675313711166382,Elusive Butterfly,Do You No Harm,Bob Lind,Matt Corby,1966,2016,country,pop
257178,e61052b5dd3ffd91ba4221346efd8015038a012d,112633,dc60d89caa75b32e343487c9da44e4b84b9e6432,20,0.659282386302948,Elusive Butterfly,Leave It Open,Bob Lind,Kate Bush,1966,1982,country,pop
254136,b778fd3ba61b7a7c18b5153a873a5c671e9a2c88,113886,e2d53cdc4fc884479b8d9d8bb79501c3ce43c022,1,0.6884175539016724,Oblivion,Rivers,Lost Dog Street Band,SIX60,2013,2017,country,pop
254136,b778fd3ba61b7a7c18b5153a873a5c671e9a2c88,505474,b186079fef3686467f42e2b5188bb2beabfa9d9b,2,0.3220706880092621,Oblivion,A Moment With You Live,Lost Dog Street Band,planetboom,2013,2022,country,pop
254136,b778fd3ba61b7a7c18b5153a873a5c671e9a2c88,405220,8cfb080973a69e113dea3009f66769c251390153,3,0.30841273069381714,Oblivion,Do You Turn Red?,Lost Dog Street Band,Peter Manos,2013,2020,country,pop
254136,b778fd3ba61b7a7c18b5153a873a5c671e9a2c88,385422,9252e5cd20606f316934da9974d86a38f04d16e9,4,0.6434565782546997,Oblivion,Bolivian Soldier,Lost Dog Street Band,Ariel Pink,2013,2019,country,pop
254136,b778fd3ba61b7a7c18b5153a873a5c671e9a2c88,238501,3e9b11905df64ad41aae7825e0a7861f5228fff0,5,0.6351600289344788,Oblivion,Shadow of the Season,Lost Dog Street Band,Screaming Trees,2013,1992,country,rock
254136,b778fd3ba61b7a7c18b5153a873a5c671e9a2c88,279961,4b6e226d6b7a7b3e3795fe97127f0d21d4633347,6,0.2944347560405731,Oblivion,Good Man Down,Lost Dog Street Band,Ewert and the Two Dragons,2013,2011,country,rock
254136,b778fd3ba61b7a7c18b5153a873a5c671e9a2c88,461707,7a5731c7f03531fa906b784905dc4b0240bca7ea,7,0.6442500352859497,Oblivion,Living in Oblivion,Lost Dog Street Band,Anything Box,2013,1988,country,pop
254136,b778fd3ba61b7a7c18b5153a873a5c671e9a2c88,67733,e1f3b1cdd701ca119f0018015dc7518899d83f17,8,0.6386188268661499,Oblivion,Oblivion,Lost Dog Street Band,Labrinth,2013,2019,country,pop
254136,b778fd3ba61b7a7c18b5153a873a5c671e9a2c88,398893,cb9069c33bc3f1dad0b914c50cfd04c198dccdf5,9,0.5788434147834778,Oblivion,Heroin,Lost Dog Street Band,Ghost Town,2013,2017,country,rock
254136,b778fd3ba61b7a7c18b5153a873a5c671e9a2c88,246343,356c18031001dbfef4df8839a8c80ad852b38371,10,0.6879761219024658,Oblivion,Oblivion,Lost Dog Street Band,TheFatRat,2013,2017,country,pop
254136,b778fd3ba61b7a7c18b5153a873a5c671e9a2c88,47575,f34a7aa2d4343de22350e9be85bdda987643a152,11,0.2759742736816406,Oblivion,Not the News,Lost Dog Street Band,Thom Yorke,2013,2019,country,pop
254136,b778fd3ba61b7a7c18b5153a873a5c671e9a2c88,123494,0aaecb7d5dfa4131c9b806965735a272fbb6c7b4,12,0.6823964715003967,Oblivion,Oblivion,Lost Dog Street Band,Royal Blood,2013,2021,country,rock
254136,b778fd3ba61b7a7c18b5153a873a5c671e9a2c88,503699,40ca4349dbf0c71ad249fca0e8c2289f993f3fd9,13,0.6679559946060181,Oblivion,Eyes of Oblivion,Lost Dog Street Band,The Hellacopters,2013,2022,country,rock
254136,b778fd3ba61b7a7c18b5153a873a5c671e9a2c88,66829,477f977c82c0c383ee106651d8d2b2be0c35b02b,14,0.6651747822761536,Oblivion,Oblivion,Lost Dog Street Band,Dirty Palm,2013,2017,country,pop
254136,b778fd3ba61b7a7c18b5153a873a5c671e9a2c88,367050,ba6011b2cda26853d7eac85e4b6af3a5036228b7,15,0.6136700510978699,Oblivion,Infinity Vibraphones,Lost Dog Street Band,These New Puritans,2013,2019,country,pop
254136,b778fd3ba61b7a7c18b5153a873a5c671e9a2c88,26418,3116eaa4255e11a6c9cbcb31fdb57a4d8e5cba70,16,0.5968057513237,Oblivion,Misery,Lost Dog Street Band,blink-182,2013,2017,country,rock
254136,b778fd3ba61b7a7c18b5153a873a5c671e9a2c88,491733,af5923d7abb45d947e5d3835d03d3e3a43d51272,17,0.6526113748550415,Oblivion,Pink Stallion,Lost Dog Street Band,Mother Falcon,2013,2013,country,pop
254136,b778fd3ba61b7a7c18b5153a873a5c671e9a2c88,374218,a7cb66f353f132d9b9d369e98e5c99c7bd18d292,18,0.6500208973884583,Oblivion,March to the Black Crown,Lost Dog Street Band,Suicide Silence,2013,2011,country,rock
254136,b778fd3ba61b7a7c18b5153a873a5c671e9a2c88,414330,69f0ef0df83bfcdc711fc029c684125559780ac1,19,0.6466476917266846,Oblivion,Welcome oblivion,Lost Dog Street Band,How to Destroy Angels,2013,2013,country,rock
254136,b778fd3ba61b7a7c18b5153a873a5c671e9a2c88,459616,adf88f0f8922ba29ac917fc5197e1b828c8c81e9,20,0.6344294548034668,Oblivion,Into Oblivion Reunion,Lost Dog Street Band,Funeral for a Friend,2013,2007,country,rock
380364,a8f7e9d9d3486eadb788fdcc24baa4f4ab5f61f8,280862,31a935985b036a4bf3e0a9e604ce789595f428ba,1,0.9624678492546082,Officer Norris,They Know Better,Blaze Foley,Idontknowjeffery,1999,2017,country,rap
380364,a8f7e9d9d3486eadb788fdcc24baa4f4ab5f61f8,407487,ca6c392f6a2ca6b31dba155a1fac19002f67a0a9,2,0.9584425091743469,Officer Norris,Rastaman Wheel Out,Blaze Foley,Chronixx,1999,2014,country,pop
380364,a8f7e9d9d3486eadb788fdcc24baa4f4ab5f61f8,337701,93a2d9615df3c1d83a69e81962c000e1853156f4,3,0.9466254115104675,Officer Norris,Officer,Blaze Foley,Operation Ivy,1999,1987,country,rock
380364,a8f7e9d9d3486eadb788fdcc24baa4f4ab5f61f8,346044,59a332ce218a03ca5c657b1ca9431fdc331881e1,4,0.9430893659591675,Officer Norris,Taxi Driver: Job Interview,Blaze Foley,Paul Schrader,1999,1976,country,misc
380364,a8f7e9d9d3486eadb788fdcc24baa4f4ab5f61f8,26743,8fe00d95938c21e8af0938e2a7b861634f3d5a4f,5,0.9316496849060059,Officer Norris,Blood of the Lamb DONDA Original Version,Blaze Foley,Kanye West,1999,2020,country,rap
380364,a8f7e9d9d3486eadb788fdcc24baa4f4ab5f61f8,294201,97604a471f0b9017f2bdf3b1b4df533becb31bfb,6,0.932586133480072,Officer Norris,The Officer,Blaze Foley,Sidney Samson & Shaggy,1999,2018,country,pop
380364,a8f7e9d9d3486eadb788fdcc24baa4f4ab5f61f8,171988,41404cd376ab29063a019e889e96b117d59fe096,7,0.9318135380744934,Officer Norris,Eight Dollar$,Blaze Foley,Skinny,1999,2014,country,rap
380364,a8f7e9d9d3486eadb788fdcc24baa4f4ab5f61f8,107313,03e050829ebeceba9123097edc770a53e2e3aed8,8,0.9218490719795227,Officer Norris,Officer Down,Blaze Foley,Hannah Ellis,1999,2016,country,country
380364,a8f7e9d9d3486eadb788fdcc24baa4f4ab5f61f8,130719,6f06a54f95a17350779104bbff5ddc6dbef15b1e,9,0.9173693656921387,Officer Norris,I Wasnt Ready,Blaze Foley,Orange Is The New Black,1999,2014,country,misc
380364,a8f7e9d9d3486eadb788fdcc24baa4f4ab5f61f8,126345,6359fd7ab237fc81da1b113e149675534c51948c,10,0.9257510900497437,Officer Norris,Mr. Officer,Blaze Foley,Tee Grizzley,1999,2020,country,rap
380364,a8f7e9d9d3486eadb788fdcc24baa4f4ab5f61f8,466819,5c8e69d280f3cfb3b816d80e640d410d948f4576,11,0.8943697810173035,Officer Norris,My Rights,Blaze Foley,The Green (band),1999,2017,country,pop
380364,a8f7e9d9d3486eadb788fdcc24baa4f4ab5f61f8,394859,1869bc7850e2fe2c7689ffa3df9c285cd78b3ec9,12,0.932586133480072,Officer Norris,The Officer feat. Bobso Architect  Hosai,Blaze Foley,Sidney Samson & Shaggy,1999,2018,country,rap
380364,a8f7e9d9d3486eadb788fdcc24baa4f4ab5f61f8,111702,dbec24c4ae91ffd5eb0100fa438ec55945a86ff8,13,0.8802803754806519,Officer Norris,Mr Officer,Blaze Foley,Vybz Kartel,1999,2009,country,rap
380364,a8f7e9d9d3486eadb788fdcc24baa4f4ab5f61f8,164970,dd48177ccc3bf2d8e325e4e5b5480a3232e7661e,14,0.8866384029388428,Officer Norris,Kapernick Effect,Blaze Foley,JAG,1999,2018,country,rap
380364,a8f7e9d9d3486eadb788fdcc24baa4f4ab5f61f8,396306,3bdda805389b8074f2a87dd0254223991a752b65,15,0.8876707553863525,Officer Norris,Woop Woop,Blaze Foley,KRS-One,1999,2015,country,pop
380364,a8f7e9d9d3486eadb788fdcc24baa4f4ab5f61f8,418166,ebacd0eb321a4c9eea1bf0df088bbc64712f759b,16,0.8592814207077026,Officer Norris,City Dont Care,Blaze Foley,Mansions (Rock),1999,2011,country,pop
380364,a8f7e9d9d3486eadb788fdcc24baa4f4ab5f61f8,164141,0f8658a56e5cdee11c983ff87005008755c85339,17,0.8450606465339661,Officer Norris,No Justice No Peace,Blaze Foley,Z-Ro,1999,2016,country,rap
380364,a8f7e9d9d3486eadb788fdcc24baa4f4ab5f61f8,117717,8cbdde4ec260d9136cf2c37f5229c7d4c83bf06e,18,0.8352296948432922,Officer Norris,Officer,Blaze Foley,The Pharcyde,1999,1992,country,rap
380364,a8f7e9d9d3486eadb788fdcc24baa4f4ab5f61f8,133357,83254aaf698b69f023e90420851622d33dc12466,19,0.82380211353302,Officer Norris,El Fusilado,Blaze Foley,Chumbawamba,1999,2008,country,rock
380364,a8f7e9d9d3486eadb788fdcc24baa4f4ab5f61f8,266119,ea3f11edf68c57b19a6beb03d8fb2bb206105036,20,0.8156099319458008,Officer Norris,Fay,Blaze Foley,Alex G,1999,2018,country,rock
74604,37a43075decca1adc000d4acb32492fcc73bbb6b,331821,ac2a966eaddaaf66c9569443b0757d34c989c905,1,0.7987908124923706,More Girls Like You,Oh My God,Kip Moore,Kodie Shane,2017,2016,country,rap
74604,37a43075decca1adc000d4acb32492fcc73bbb6b,316770,2096762e5dd7f8c1f30c53f3a4d62a175b50baae,2,0.7857148051261902,More Girls Like You,Kix,Kip Moore,The Real Tuesday Weld,2017,2007,country,pop
74604,37a43075decca1adc000d4acb32492fcc73bbb6b,303922,4168e09bd0762cbb915eff400750cc9483a42720,3,0.7647562026977539,More Girls Like You,You Are the Lord Live,Kip Moore,Onething Live & Tim Reimherr,2017,2013,country,rock
74604,37a43075decca1adc000d4acb32492fcc73bbb6b,196013,c799aa4597dc07e1840c5d852c32caf975df8f03,4,0.7327121496200562,More Girls Like You,God Put a Rainbow in the Sky,Kip Moore,Mahalia Jackson,2017,2015,country,pop
74604,37a43075decca1adc000d4acb32492fcc73bbb6b,59946,5704cc2d80bb2a5a0267d5ebb288ef684b94992b,5,0.7692153453826904,More Girls Like You,vaya con dios,Kip Moore,Kali Uchis,2017,2020,country,pop
74604,37a43075decca1adc000d4acb32492fcc73bbb6b,276081,aee2df4cc6b7e9e2acf4aaa296cc173dc4380473,6,0.7693775296211243,More Girls Like You,Fever Dream,Kip Moore,Biffy Clyro,2017,2019,country,rock
74604,37a43075decca1adc000d4acb32492fcc73bbb6b,345036,7e677395b036ba69e6b08cfe4348da60596bfbb3,7,0.734004020690918,More Girls Like You,God Made a Woman,Kip Moore,Jerrod Niemann,2017,2017,country,country
74604,37a43075decca1adc000d4acb32492fcc73bbb6b,457944,962603c7ef47cb17be232dbce88e65d12a371834,8,0.7160131931304932,More Girls Like You,Raven and the Rose,Kip Moore,My Dying Bride,2017,2001,country,pop
74604,37a43075decca1adc000d4acb32492fcc73bbb6b,398634,66c4a24191126ff6178e594e989563591f875ac8,9,0.7564498782157898,More Girls Like You,I Talk To God About You,Kip Moore,Ky Rodgers,2017,2018,country,rock
74604,37a43075decca1adc000d4acb32492fcc73bbb6b,490307,683dab8c4193c0b4fb14a184e4cf2289e99e8142,10,0.7606335878372192,More Girls Like You,Rainbow in the Sky Live,Kip Moore,Cageless Birds,2017,2019,country,pop
74604,37a43075decca1adc000d4acb32492fcc73bbb6b,187482,b570fca28eb98aaf3b336c7fe6724a203c1ba593,11,0.7781896591186523,More Girls Like You,Time to Meet Your God,Kip Moore,Ariel Pink,2017,2017,country,pop
74604,37a43075decca1adc000d4acb32492fcc73bbb6b,244247,164ad19b693a80d58529d21cf30768cbfa012991,12,0.7005603313446045,More Girls Like You,Androgynous Mind,Kip Moore,Sonic Youth,2017,1994,country,rock
74604,37a43075decca1adc000d4acb32492fcc73bbb6b,479061,2fbdb93c6d5ff730ad33b49a2af8c6242ffd5445,13,0.7582775950431824,More Girls Like You,Great Is Our God,Kip Moore,Hezekiah Walker,2017,2016,country,pop
74604,37a43075decca1adc000d4acb32492fcc73bbb6b,372169,73dcbe83d0e76097a15afc6015444e2e95ccf693,14,0.7351561784744263,More Girls Like You,Hold On,Kip Moore,Devin Townsend Project,2017,2012,country,rock
74604,37a43075decca1adc000d4acb32492fcc73bbb6b,136658,2195d0c6c826ac6b6c1509031308533cf2c9eccb,15,0.7281061410903931,More Girls Like You,Im Yours,Kip Moore,Casey J,2017,2017,country,rb
74604,37a43075decca1adc000d4acb32492fcc73bbb6b,514482,edde55278b737fa7730442a809fb62f00ca302de,16,0.7578197717666626,More Girls Like You,The Name of the Beast,Kip Moore,Roth Bart Baron,2017,2022,country,pop
74604,37a43075decca1adc000d4acb32492fcc73bbb6b,151191,41eaf85a9253f7c21ca99763a646be6733a31114,17,0.7398229837417603,More Girls Like You,Tears are a Language,Kip Moore,Heritage Singers,2017,2013,country,pop
74604,37a43075decca1adc000d4acb32492fcc73bbb6b,58312,f9a1b66a5434f77b2f326487dc27645713f29909,18,0.7518324255943298,More Girls Like You,Be Still,Kip Moore,Travis Greene,2017,2017,country,rb
74604,37a43075decca1adc000d4acb32492fcc73bbb6b,115348,e07c6d97c8de7f8ca78ef6a3eec55ee9bfd90075,19,0.7399640083312988,More Girls Like You,I will run,Kip Moore,Freddy Rodriguez (Singer),2017,2009,country,pop
74604,37a43075decca1adc000d4acb32492fcc73bbb6b,237194,3db4782116e2d5a78c39158e6a509b2215c9d1cc,20,0.7030853033065796,More Girls Like You,You Are My King,Kip Moore,Chris Tomlin,2017,2000,country,pop
136041,265c3561dffb8ca1c9d85eb3a1eb19dfa1f31875,344706,81131e43e6ba04b9fbf0c80d5effc1124b74500c,1,0.9979860186576843,Suck This Cock Gavin,Thanks For Nothing,Grant MacDonald,Dope,2015,2001,country,pop
136041,265c3561dffb8ca1c9d85eb3a1eb19dfa1f31875,374095,0b1f73f469174c9e6732a3bbd90eda87558f7b4d,2,0.9979860186576843,Suck This Cock Gavin,Whered The Cheese Go?,Grant MacDonald,Ween,2015,2003,country,pop
136041,265c3561dffb8ca1c9d85eb3a1eb19dfa1f31875,439645,5177e16aa7611fad0dc9eb4101376ef2fe7e148f,3,0.9979860186576843,Suck This Cock Gavin,Bitch Im Posh,Grant MacDonald,Princess Nokia,2015,2012,country,rap
136041,265c3561dffb8ca1c9d85eb3a1eb19dfa1f31875,456612,ae0b1392bc76cdcbb8f9d3e12080cad7df7c0353,4,0.9979860186576843,Suck This Cock Gavin,12 Inch - Rocco Vs. Bass-T Rmx,Grant MacDonald,Niels De Vries,2015,2015,country,pop
136041,265c3561dffb8ca1c9d85eb3a1eb19dfa1f31875,181633,8e96c89effec782f180fdbdedfa54a092f1672ce,5,0.9979860186576843,Suck This Cock Gavin,She Did That,Grant MacDonald,Tamar Braxton,2015,2013,country,rb
136041,265c3561dffb8ca1c9d85eb3a1eb19dfa1f31875,263154,f7576279325ba42fe064f5f8e96dc624578ac4e1,6,0.9979860186576843,Suck This Cock Gavin,M,Grant MacDonald,Mindless Self Indulgence,2015,2000,country,rock
136041,265c3561dffb8ca1c9d85eb3a1eb19dfa1f31875,317290,b35742dc5190664c34ae6fdc2b3f16a35995a3aa,7,0.9979860186576843,Suck This Cock Gavin,Chain Reaction Domino,Grant MacDonald,Don Diablo,2015,2015,country,pop
136041,265c3561dffb8ca1c9d85eb3a1eb19dfa1f31875,362163,738b9899f70568ecdf3fdae16fffa1175a63a8af,8,0.9979860186576843,Suck This Cock Gavin,Whats That Noise?,Grant MacDonald,S.O.D.,2015,1985,country,rock
136041,265c3561dffb8ca1c9d85eb3a1eb19dfa1f31875,391955,7b5a946a8d91c27d2a8d5e90b290c5be2836701c,9,0.9979860186576843,Suck This Cock Gavin,Pressure,Grant MacDonald,Smokepurpp,2015,2019,country,rap
136041,265c3561dffb8ca1c9d85eb3a1eb19dfa1f31875,302411,bf4cd6cae2fd721ddc6fcc94ec441bdec5eed48d,10,0.9979860186576843,Suck This Cock Gavin,Sidemen Diss Track,Grant MacDonald,KSI,2015,2017,country,rap
136041,265c3561dffb8ca1c9d85eb3a1eb19dfa1f31875,463290,5f44ccde9e47cdb7c402692de28d46be186a340d,11,0.9979860186576843,Suck This Cock Gavin,Touché,Grant MacDonald,Stela Cole,2015,2022,country,pop
136041,265c3561dffb8ca1c9d85eb3a1eb19dfa1f31875,105271,b183aa6e80faf462a5bb875ee8e6414cb53a29d6,12,0.9979860186576843,Suck This Cock Gavin,Suck My Dick,Grant MacDonald,Horsedick.Mpeg,2015,2013,country,rap
136041,265c3561dffb8ca1c9d85eb3a1eb19dfa1f31875,339574,48c1b4525264948b51f3c08d09dcc19b291a8228,13,0.9979860186576843,Suck This Cock Gavin,Mutilated for Sexual Purposes,Grant MacDonald,Torsofuck,2015,2004,country,rock
136041,265c3561dffb8ca1c9d85eb3a1eb19dfa1f31875,392633,b7a2343e8d60bae01c7dae001b619565c15e4b3f,14,0.9979860186576843,Suck This Cock Gavin,Time I Dont Got Time,Grant MacDonald,Juice WRLD,2015,2021,country,rap
136041,265c3561dffb8ca1c9d85eb3a1eb19dfa1f31875,105352,0c1ae0fe5cf07f1710426687b43e5002349a07ed,15,0.9979860186576843,Suck This Cock Gavin,Suck Me Dead,Grant MacDonald,Playboi Carti,2015,2022,country,rap
136041,265c3561dffb8ca1c9d85eb3a1eb19dfa1f31875,190871,bc6683513b58bfec6b05d34b9e6cfa5e7895263f,16,0.9979860186576843,Suck This Cock Gavin,Better,Grant MacDonald,Valentino Khan,2015,2019,country,pop
136041,265c3561dffb8ca1c9d85eb3a1eb19dfa1f31875,503015,1cbd270d354ef970065d3534c936e341ff292144,17,0.9979860186576843,Suck This Cock Gavin,Walkëd inside,Grant MacDonald,Yeat,2015,2022,country,rap
136041,265c3561dffb8ca1c9d85eb3a1eb19dfa1f31875,327919,15f84f67ae8ca2532d6104a36993727ce98b9739,18,0.9979860186576843,Suck This Cock Gavin,Bitch to the Boys,Grant MacDonald,Shakatak,2015,1982,country,rock
136041,265c3561dffb8ca1c9d85eb3a1eb19dfa1f31875,167438,e51060ad162d92d0c376f0eafe6feff82a48c67f,19,0.9979860186576843,Suck This Cock Gavin,Coco Puffs,Grant MacDonald,Borgore,2015,2018,country,pop
136041,265c3561dffb8ca1c9d85eb3a1eb19dfa1f31875,447350,0c19571c207d65727a883d1801934823b0d71192,20,0.9979860186576843,Suck This Cock Gavin,You’re in the Army Now,Grant MacDonald,Melvins,2015,2013,country,rock
452802,f98f783b75011bbeccd55006fc31ec15106f687a,409161,1a4077a37cc5b785e6053b6ebfb6b583fb47508d,1,0.5648067593574524,Cadillacin,Love,The Cadillac Three,Roger Creager,2017,2000,country,pop
452802,f98f783b75011bbeccd55006fc31ec15106f687a,259376,292c4fbc27a2814dba2eb078086d04541da57c1f,2,0.46803754568099976,Cadillacin,Dont Shake Me Lucifer,The Cadillac Three,Roky Erickson,2017,1987,country,pop
452802,f98f783b75011bbeccd55006fc31ec15106f687a,259653,659a36cd41d7b5172585b467a850ede6afbd11e3,3,0.44579973816871643,Cadillacin,Put That On My Hood,The Cadillac Three,Bow Wow,2017,2010,country,rap
452802,f98f783b75011bbeccd55006fc31ec15106f687a,352721,d8376f7797770b720c5feeb26c0a83e50caa3945,4,0.4914920926094055,Cadillacin,Charged Up,The Cadillac Three,Always Never,2017,2019,country,rb
452802,f98f783b75011bbeccd55006fc31ec15106f687a,272327,96e0b1f3bc67bc82b9493d311b67380456b10e72,5,0.455639123916626,Cadillacin,Good Right Now,The Cadillac Three,Jay Prince,2017,2015,country,rap
452802,f98f783b75011bbeccd55006fc31ec15106f687a,439861,6cbcd24bfbd6deddc63e25ab108d35a64a8170b8,6,0.5115082263946533,Cadillacin,Billys Got His Beer Goggles On,The Cadillac Three,Neal McCoy,2017,2005,country,country
452802,f98f783b75011bbeccd55006fc31ec15106f687a,338436,4b6d1cab8992aa4fc888df2e45817b50a5fcbbe5,7,0.5421537756919861,Cadillacin,Bowlegs,The Cadillac Three,The Nitty Gritty Dirt Band,2017,1976,country,country
452802,f98f783b75011bbeccd55006fc31ec15106f687a,232371,148cb319b0f219de6f98cf9171a4335f957b25a6,8,0.4263746440410614,Cadillacin,How You Be,The Cadillac Three,Toosii,2017,2017,country,rap
452802,f98f783b75011bbeccd55006fc31ec15106f687a,289362,8b8b154c40823a39e980badf0e6b39ed9f0bc4ff,9,0.47864049673080444,Cadillacin,She Was a Doorman,The Cadillac Three,Ana Popovic,2017,2016,country,pop
452802,f98f783b75011bbeccd55006fc31ec15106f687a,29247,3daf9d0375e47f5c5495ac06a52693c6101ecd4d,10,0.4293299913406372,Cadillacin,Bussin Juugs,The Cadillac Three,Gucci Mane,2017,2012,country,rap
452802,f98f783b75011bbeccd55006fc31ec15106f687a,463934,291771bd704c97e6265cd66099695e2ece6e99a2,11,0.5584454536437988,Cadillacin,That Guy,The Cadillac Three,Psychostick,2017,2011,country,rock
452802,f98f783b75011bbeccd55006fc31ec15106f687a,288191,cb8202a58f61e796b7dff387db3cf3901672e88b,12,0.42216986417770386,Cadillacin,Before She Does,The Cadillac Three,Eric Church,2017,2006,country,country
452802,f98f783b75011bbeccd55006fc31ec15106f687a,261546,739f218e0f05acf8b49d7fdf154128e8848a7076,13,0.4223219156265259,Cadillacin,Alive,The Cadillac Three,Snak The Ripper,2017,2014,country,pop
452802,f98f783b75011bbeccd55006fc31ec15106f687a,293716,703f746195c59f6537468dbeeb2419260613394b,14,0.5453640222549438,Cadillacin,Women: Natures Punching Bag,The Cadillac Three,AxCx,2017,1999,country,rock
452802,f98f783b75011bbeccd55006fc31ec15106f687a,105617,18dfe8bfba3cea447b1811c3ecf82679b55c5104,15,0.4200075566768646,Cadillacin,Bangers Beans  Mash,The Cadillac Three,Infant Sorrow,2017,2010,country,rock
452802,f98f783b75011bbeccd55006fc31ec15106f687a,50862,1a04147034573fbe6f5dd11c508a6a54835f1237,16,0.46032994985580444,Cadillacin,Polaroids,The Cadillac Three,Jay Prince,2017,2014,country,rap
452802,f98f783b75011bbeccd55006fc31ec15106f687a,257895,84448c344edc403a949563389a9a64c5d1b337f6,17,0.441038578748703,Cadillacin,You Just Cant See Him From The Road,The Cadillac Three,Chris LeDoux,2017,1992,country,country
452802,f98f783b75011bbeccd55006fc31ec15106f687a,420981,ce20e6b8fe062f077bd9796e355c129f37fbc29c,18,0.4793391823768616,Cadillacin,Rambunctious Boy,The Cadillac Three,John Fogerty,2017,1997,country,pop
452802,f98f783b75011bbeccd55006fc31ec15106f687a,78099,edc54803118179f1c8f96fb1b6c3848c3ebdfbc0,19,0.5485995411872864,Cadillacin,Beer Weed Cooches,The Cadillac Three,Wheeler Walker Jr.,2017,2016,country,country
452802,f98f783b75011bbeccd55006fc31ec15106f687a,400651,13a3c6fa548a02550743cf425dd1d47f49f8732f,20,0.4183964729309082,Cadillacin,7am on St. Clair,The Cadillac Three,King Chip,2017,2014,country,rap
391689,77f283fa78ac60923e0ba30a2e628c651f31bb04,270648,1dad13630c746f73c04e3c1ff5746304d7f29f45,1,0.7441715598106384,A Day for the Cat in the Hat,Contact Redux,Stephen Flaherty,Trocadero,2001,2015,misc,pop
391689,77f283fa78ac60923e0ba30a2e628c651f31bb04,193022,48a59c7b9777b6b1b885f4794e04be90ec0a46ba,2,0.6520304679870605,A Day for the Cat in the Hat,Prince Harry,Stephen Flaherty,Soho dolls,2001,2007,misc,pop
391689,77f283fa78ac60923e0ba30a2e628c651f31bb04,282970,cf20c2702e382e89b9555710d336e4ac06243ad1,3,0.7414378523826599,A Day for the Cat in the Hat,Buick Mackane,Stephen Flaherty,T. Rex,2001,1972,misc,rock
391689,77f283fa78ac60923e0ba30a2e628c651f31bb04,17759,eb6e0c053b827b27368a5fd3f4d29aff1be0bdb2,4,0.6881223917007446,A Day for the Cat in the Hat,Rain,Stephen Flaherty,BTS,2001,2014,misc,pop
391689,77f283fa78ac60923e0ba30a2e628c651f31bb04,218457,117f7058bebcc873789bbd00633901bd19322395,5,0.650214433670044,A Day for the Cat in the Hat,Jessie  My Whetstone,Stephen Flaherty,Saves the Day,2001,1999,misc,rock
391689,77f283fa78ac60923e0ba30a2e628c651f31bb04,437496,3e9c6f84ee93bd2412cd841084ffc807573bfbc7,6,0.6276345252990723,A Day for the Cat in the Hat,Feel My Love,Stephen Flaherty,Isak Danielson,2001,2021,misc,pop
391689,77f283fa78ac60923e0ba30a2e628c651f31bb04,282799,4ae9f2ffd7f7283527f636cd5ae10dcbed882984,7,0.5832462906837463,A Day for the Cat in the Hat,I Do It for Your Love,Stephen Flaherty,Paul Simon,2001,1975,misc,rock
391689,77f283fa78ac60923e0ba30a2e628c651f31bb04,230278,790b16553ee737a68a9e0b4d540e65d19f883e87,8,0.5786222219467163,A Day for the Cat in the Hat,​not okay,Stephen Flaherty,chloe moriondo,2001,2021,misc,pop
391689,77f283fa78ac60923e0ba30a2e628c651f31bb04,152129,23ddb39d8a3c5cbd57f41d00129b020035bf0c68,9,0.7414378523826599,A Day for the Cat in the Hat,Still Raining Still Dreaming,Stephen Flaherty,The Jimi Hendrix Experience,2001,1968,misc,rock
391689,77f283fa78ac60923e0ba30a2e628c651f31bb04,251806,3b3d503fb63354b2a373d18b28561bdb666a2efe,10,0.7414378523826599,A Day for the Cat in the Hat,​patience interlude,Stephen Flaherty,Baby Keem,2001,2021,misc,rap
391689,77f283fa78ac60923e0ba30a2e628c651f31bb04,198769,a3bb7258fc7c3695f7d884917dbdc5355231f7cb,11,0.7414378523826599,A Day for the Cat in the Hat,Buick Mackane / Big Dumb Sex,Stephen Flaherty,Guns N' Roses,2001,1993,misc,rock
391689,77f283fa78ac60923e0ba30a2e628c651f31bb04,26408,6091ceec542631bf03002e7e942a4d8ad5044b3a,12,0.5333694219589233,A Day for the Cat in the Hat,Cold as You,Stephen Flaherty,Taylor Swift,2001,2006,misc,country
391689,77f283fa78ac60923e0ba30a2e628c651f31bb04,294519,89def7563162684fe7653d320d0eb7dff61b385c,13,0.7330172657966614,A Day for the Cat in the Hat,Rainy Day People,Stephen Flaherty,Gordon Lightfoot,2001,1975,misc,country
391689,77f283fa78ac60923e0ba30a2e628c651f31bb04,227906,3364d2070d6f0e5bb853964579410bb89370f454,14,0.7366809248924255,A Day for the Cat in the Hat,Rainy days in la,Stephen Flaherty,adam&steve,2001,2019,misc,pop
391689,77f283fa78ac60923e0ba30a2e628c651f31bb04,224828,d9d1c93a4a3bb9a6773c8eedcf00e390b1b032b0,15,0.6394621133804321,A Day for the Cat in the Hat,Rainy Days,Stephen Flaherty,President Davo,2001,2016,misc,rap
391689,77f283fa78ac60923e0ba30a2e628c651f31bb04,399986,b88722f67b2d57ee2b9d69e7edf7d64865607a41,16,0.7348710894584656,A Day for the Cat in the Hat,Please Dont Go,Stephen Flaherty,Immature,2001,1995,misc,rb
391689,77f283fa78ac60923e0ba30a2e628c651f31bb04,77943,45d0772c538c139f3a5bf15d6f2bb03f31ea22d7,17,0.7308935523033142,A Day for the Cat in the Hat,Rainy Day Dream Away,Stephen Flaherty,The Jimi Hendrix Experience,2001,1968,misc,rock
391689,77f283fa78ac60923e0ba30a2e628c651f31bb04,197895,e621819113c035a546c61f50482dcb01a3dc1cf1,18,0.7308851480484009,A Day for the Cat in the Hat,Standin in the Rain,Stephen Flaherty,Electric Light Orchestra,2001,1977,misc,rock
391689,77f283fa78ac60923e0ba30a2e628c651f31bb04,492098,aa466bc9c0e82a9941cdc2070f9d27df4cbe0f7e,19,0.7261214852333069,A Day for the Cat in the Hat,Rainy Day,Stephen Flaherty,PATEKO,2001,2020,misc,rb
391689,77f283fa78ac60923e0ba30a2e628c651f31bb04,122079,8f66729016fa506d73960cf1bbb3e384dce5968f,20,0.7218031287193298,A Day for the Cat in the Hat,Rainy Night In Georgia,Stephen Flaherty,Brook Benton,2001,1970,misc,pop
202730,2fb162779e1c68875a1406c2f288d0ef32430a60,514074,e1db4ba2c8ff925048a3e234ee8074dc746d893c,1,0.7545521259307861,Eye of the Storm,How A Storm Breaks,Ryan Stevenson,Astyria,2015,2022,misc,pop
202730,2fb162779e1c68875a1406c2f288d0ef32430a60,119781,9e32db26d0143bf8e7c6ebe92f929bbd2daf21ba,2,0.6958487629890442,Eye of the Storm,I feel like going on,Ryan Stevenson,The 5 heartbeats,2015,2015,misc,pop
202730,2fb162779e1c68875a1406c2f288d0ef32430a60,472136,e1ebbbc60d13142db20d2fb65f800f6c6f8e9945,3,0.7433889508247375,Eye of the Storm,Ive been in the storm too long,Ryan Stevenson,The Mighty Clouds Of Joy,2015,1994,misc,pop
202730,2fb162779e1c68875a1406c2f288d0ef32430a60,407465,29b22440fe2bdc01133286f7e6ee32807b89f506,4,0.7399489879608154,Eye of the Storm,The Storm,Ryan Stevenson,Judge (band),2015,1989,misc,rock
202730,2fb162779e1c68875a1406c2f288d0ef32430a60,290151,6504a3904b1c334f9bb42fcd86209b20198338dc,5,0.733372688293457,Eye of the Storm,Rain,Ryan Stevenson,Terence Trent D'Arby,2015,1987,misc,pop
202730,2fb162779e1c68875a1406c2f288d0ef32430a60,224296,c89f318e9c0460ea3d178dbee57c5acf5f363c9a,6,0.7402364015579224,Eye of the Storm,Calm The Storm,Ryan Stevenson,Spoken,2015,2013,misc,pop
202730,2fb162779e1c68875a1406c2f288d0ef32430a60,435772,e3c70e8b1ecf19d4b38cf6f32fcd556cdbe353c2,7,0.6721813082695007,Eye of the Storm,Through the Storm,Ryan Stevenson,Yolanda Adams,2015,1991,misc,rb
202730,2fb162779e1c68875a1406c2f288d0ef32430a60,106310,40f4708f1c4abe8d5ef0039f727058cef58380c1,8,0.7321494817733765,Eye of the Storm,Silent Storm,Ryan Stevenson,Carl Espen,2015,2014,misc,pop
202730,2fb162779e1c68875a1406c2f288d0ef32430a60,201604,2549d2a4c3ffb5f66486e82adbab304559bc0179,9,0.7445803284645081,Eye of the Storm,Winter Ghosts,Ryan Stevenson,JBM,2015,2012,misc,pop
202730,2fb162779e1c68875a1406c2f288d0ef32430a60,205174,a7ae47842349e501839084d38c7961e8b03eddc1,10,0.699928879737854,Eye of the Storm,Youll Never Walk Alone,Ryan Stevenson,Riverdale Cast,2015,2018,misc,pop
202730,2fb162779e1c68875a1406c2f288d0ef32430a60,398930,536adb00427170427cbec5b578a19bc43aa5a4a0,11,0.7034107446670532,Eye of the Storm,Never Let Go,Ryan Stevenson,Dj George A,2015,2020,misc,pop
202730,2fb162779e1c68875a1406c2f288d0ef32430a60,386993,8ce52d0d449d25c01712606fc2bcca8cbfb7ecd7,12,0.6816597580909729,Eye of the Storm,I Walk Alone,Ryan Stevenson,Tarja,2015,2007,misc,rock
202730,2fb162779e1c68875a1406c2f288d0ef32430a60,167399,a61c7761de33b2b5894ccf7e94333b608496a2fd,13,0.7152690291404724,Eye of the Storm,Caught In The Storm,Ryan Stevenson,Our Last Night,2015,2017,misc,rock
202730,2fb162779e1c68875a1406c2f288d0ef32430a60,515164,d7b6afc3ea2626c70125a74085eb9f471672e9c0,14,0.6246654987335205,Eye of the Storm,Zero,Ryan Stevenson,Inge Beckmann,2015,2022,misc,pop
202730,2fb162779e1c68875a1406c2f288d0ef32430a60,32844,5c80233e66efecfac24b0f75ec51e230fb0c84e8,15,0.720722496509552,Eye of the Storm,Take the World By Storm,Ryan Stevenson,Lukas Graham,2015,2015,misc,pop
202730,2fb162779e1c68875a1406c2f288d0ef32430a60,446469,76968c2bd8e1439997f108074acf2271e74536a6,16,0.687001645565033,Eye of the Storm,The Rainbow,Ryan Stevenson,Vickie Winans,2015,2006,misc,pop
202730,2fb162779e1c68875a1406c2f288d0ef32430a60,161859,f5a56a78faec65ff07dc274dde9529498be91f40,17,0.6135677099227905,Eye of the Storm,Til The Storm Passes By,Ryan Stevenson,Gaither Vocal Band,2015,2015,misc,pop
202730,2fb162779e1c68875a1406c2f288d0ef32430a60,487948,d4e60b1603dccb3535c9c5249532178650720a6b,18,0.7069231867790222,Eye of the Storm,The Shore,Ryan Stevenson,Basia Bulat,2015,2010,misc,pop
202730,2fb162779e1c68875a1406c2f288d0ef32430a60,421733,a988df4203c112a6db8d488c873d5553e83a9065,19,0.6624186635017395,Eye of the Storm,Riding the Storm,Ryan Stevenson,Running Wild,2015,1989,misc,pop
202730,2fb162779e1c68875a1406c2f288d0ef32430a60,283663,08dd16d956a3c1e2891430fc4b76c924c378eb61,20,0.709400475025177,Eye of the Storm,I Told the Storm,Ryan Stevenson,Greg O'Quin,2015,2020,misc,pop
187594,c1df923203536a0833ee57775996ec70c298584f,20514,bb6594f83723c2688e8158f09b1a063f9e48f394,1,0.6469002962112427,Chill Out,Honeypie,Naman,JAWNY,2015,2019,misc,pop
187594,c1df923203536a0833ee57775996ec70c298584f,129965,aa3ef5db0e49c6ae1157cb90cf5ef516b50e57c6,2,0.4063378572463989,Chill Out,Sweet 16,Naman,Green Day,2015,2012,misc,rock
187594,c1df923203536a0833ee57775996ec70c298584f,485161,d3ae40cc5cef359fd9c28f98e1b2b8ccded2ad67,3,0.48534587025642395,Chill Out,Firecracker,Naman,Natalie Portman,2015,2018,misc,pop
187594,c1df923203536a0833ee57775996ec70c298584f,96629,e8c9a06a57edf39b3c1adc769477168d3ec74563,4,0.48498469591140747,Chill Out,D Squared,Naman,T Mulla,2015,2018,misc,rap
187594,c1df923203536a0833ee57775996ec70c298584f,150472,68afe8e544ea3faef0288a322e773eba06bb9216,5,0.43777740001678467,Chill Out,Make It Out Alive,Naman,Sylvan LaCue,2015,2014,misc,rap
187594,c1df923203536a0833ee57775996ec70c298584f,426346,8a1ca29f56706fcc3acd2b8b06076a57504b8790,6,0.4288846552371979,Chill Out,If Only,Naman,Wesley Stromberg and Alek Fin,2015,2017,misc,rb
187594,c1df923203536a0833ee57775996ec70c298584f,145868,9163d8052f2dce7a867b60e38719ac4e2ec0c2db,7,0.3873687982559204,Chill Out,Still Lookin,Naman,DOM KENNEDY,2015,2008,misc,rap
187594,c1df923203536a0833ee57775996ec70c298584f,140878,7b7edd3fd3b1f18e5f077b8701efa60ea27be188,8,0.33969610929489136,Chill Out,Celestial Elixir,Naman,Haken,2015,2010,misc,rock
187594,c1df923203536a0833ee57775996ec70c298584f,234145,ecd5f67c12821eff60fc2a083ccea4548f13d713,9,0.36211708188056946,Chill Out,I Am Music,Naman,Common,2015,2002,misc,rap
187594,c1df923203536a0833ee57775996ec70c298584f,398127,97464d833af3d6876fe4037f91e2a7f8d68d6adb,10,0.3996618390083313,Chill Out,Ill Be Around,Naman,Azad Right,2015,2011,misc,rap
187594,c1df923203536a0833ee57775996ec70c298584f,348848,733c3fd50aed8a19532d742702cc3cbdc9b8ac57,11,0.4652932286262512,Chill Out,Hey Mama,Naman,Alexi Blue,2015,2015,misc,rb
187594,c1df923203536a0833ee57775996ec70c298584f,27785,6fb4c8f7ee7602fbf01b8aef450c5a87853afb2e,12,0.5892364978790283,Chill Out,All I Do,Naman,Majid Jordan,2015,2014,misc,rb
187594,c1df923203536a0833ee57775996ec70c298584f,274742,d9c3ee047ecec5b860219db7ac71726dca637411,13,0.6216325759887695,Chill Out,Whatever You Want,Naman,JuneOnnaBeat,2015,2017,misc,rap
187594,c1df923203536a0833ee57775996ec70c298584f,232414,4defab2f88ff5ac8359950dcdb2ea036da8b2c98,14,0.4195484519004822,Chill Out,Still Here,Naman,Harley Poe,2015,2012,misc,rock
187594,c1df923203536a0833ee57775996ec70c298584f,72028,9c49370414bd7fa2bfc2c442868fb498fe5189fc,15,0.5689910650253296,Chill Out,Mama Will Provide,Naman,Stephen Flaherty,2015,1990,misc,pop
187594,c1df923203536a0833ee57775996ec70c298584f,176408,40ec693ccc59081d00208098e3a3a11e76fe0204,16,0.5970205068588257,Chill Out,Provider V4,Naman,Frank Ocean,2015,2017,misc,rb
187594,c1df923203536a0833ee57775996ec70c298584f,476399,01be0d0f3f14244ac6337fec59dc84ecf9d8ebc7,17,0.4447503089904785,Chill Out,Jehovah the Lord Will Provide,Naman,Harry Belafonte,2015,1958,misc,pop
187594,c1df923203536a0833ee57775996ec70c298584f,501138,bf2b2abc546648bec41f04cc6d90252d92268610,18,0.5892183780670166,Chill Out,Provide,Naman,Sunni Coln,2015,2022,misc,rb
187594,c1df923203536a0833ee57775996ec70c298584f,124772,73f27863991efe59260a3f2d53995331e8f43932,19,0.3610075116157532,Chill Out,Taking Back My Heart,Naman,Rusty Clanton,2015,2016,misc,country
187594,c1df923203536a0833ee57775996ec70c298584f,99539,74f0caf32bdd98b99418ff3747d4e14103abb8ef,20,0.5865248441696167,Chill Out,Say Less,Naman,Ashanti,2015,2017,misc,rb
323950,b675123bacb1fea38c607285fabf1d6958f5c64b,514399,322300800f23d04ea3c1f40959d3c3f78b1c322c,1,0.4348355531692505,The Godfather 2 Scene 2,Just Another Dreamer,The Godfather (Film),Low Island,1974,2022,misc,pop
323950,b675123bacb1fea38c607285fabf1d6958f5c64b,393326,c9e7a14451230f057d3d304462ab69ad6df49a42,2,0.3826049268245697,The Godfather 2 Scene 2,The Young Lutherans Guide to the Orchestra,The Godfather (Film),Garrison Keillor,1974,1992,misc,country
323950,b675123bacb1fea38c607285fabf1d6958f5c64b,199821,bab42401cd75e0bf9e8df9d2c9847626941a865f,3,0.3381062150001526,The Godfather 2 Scene 2,One Of A Kind,The Godfather (Film),Ronan Keating & Emeli Sand,1974,2020,misc,pop
323950,b675123bacb1fea38c607285fabf1d6958f5c64b,389735,3d533fe0c6eea7d6a9904b0517bb0d56b0a22982,4,0.3564006984233856,The Godfather 2 Scene 2,The Godfather 2 Scene 1,The Godfather (Film),The Godfather (Film),1974,1974,misc,misc
323950,b675123bacb1fea38c607285fabf1d6958f5c64b,144312,708f625455ffcffb76e29e87ad1b3a2f00581fb2,5,0.3888389468193054,The Godfather 2 Scene 2,Lipstick,The Godfather (Film),Dan + Shay,1974,2016,misc,country
323950,b675123bacb1fea38c607285fabf1d6958f5c64b,188450,f0c016e2b902c7756c07a5cbaddc020b89fd843b,6,0.35614362359046936,The Godfather 2 Scene 2,MERCYCTE // The House on Mango Street,The Godfather (Film),Sandra Cisneros,1974,1984,misc,misc
323950,b675123bacb1fea38c607285fabf1d6958f5c64b,247806,d8bdf416dfb4de81a03fa44006e7e63e8c6147c8,7,0.34051206707954407,The Godfather 2 Scene 2,What Are We Doing,The Godfather (Film),B.o.B,1974,2011,misc,rap
323950,b675123bacb1fea38c607285fabf1d6958f5c64b,369653,9bd1a79548ca0224f9099c92e3810486f7995575,8,0.3388895094394684,The Godfather 2 Scene 2,Clara,The Godfather (Film),Chilly Gonzales & Jarvis Cocker,1974,2017,misc,pop
323950,b675123bacb1fea38c607285fabf1d6958f5c64b,487893,dc99d528046bc082fd2b8eba5c04e9529be87ba4,9,0.3355655372142792,The Godfather 2 Scene 2,GSGD Go Stupid Go Dumb,The Godfather (Film),Wes Beez,1974,2013,misc,rap
323950,b675123bacb1fea38c607285fabf1d6958f5c64b,411206,5f9278f48a87054a57be2b26160a69f4f39afd14,10,0.31091657280921936,The Godfather 2 Scene 2,Death Goes to the Disco,The Godfather (Film),Pulp,1974,1992,misc,pop
323950,b675123bacb1fea38c607285fabf1d6958f5c64b,65385,5161dc05fa9b4138fe6314273b65e9918fdb9734,11,0.37950456142425537,The Godfather 2 Scene 2,Pierre  Andrey,The Godfather (Film),Dave Malloy,1974,2017,misc,pop
323950,b675123bacb1fea38c607285fabf1d6958f5c64b,376231,82986f02554b22fef4f4f54f705ec6cf0850b86c,12,0.3134615421295166,The Godfather 2 Scene 2,The Next Investment,The Godfather (Film),Wordz (SA),1974,2021,misc,rap
323950,b675123bacb1fea38c607285fabf1d6958f5c64b,150445,8900f0244e4a128b96f874ded67521cf5d4011d3,13,0.3089621067047119,The Godfather 2 Scene 2,17th Gwendolyn Brooks Writers’ Conference – Keynote Address: Dr. Donda West On Raising Kanye,The Godfather (Film),Donda West,1974,2007,misc,misc
323950,b675123bacb1fea38c607285fabf1d6958f5c64b,352537,d20b9f9b39b95ecc37e3142beb61271e13ebc9fb,14,0.3210623264312744,The Godfather 2 Scene 2,The Old Black Rum,The Godfather (Film),Great Big Sea,1974,2015,misc,pop
323950,b675123bacb1fea38c607285fabf1d6958f5c64b,501847,d0ffa2ed71d343f9218b9b1ed78b1a937d13fb8f,15,0.33738651871681213,The Godfather 2 Scene 2,Cant Have Mine,The Godfather (Film),Dylan Scott,1974,2022,misc,country
323950,b675123bacb1fea38c607285fabf1d6958f5c64b,404786,681e942c29f7a7d7ae93eeda8d0f0f246513315d,16,0.40141430497169495,The Godfather 2 Scene 2,Cabs in the Rain S O Y K Reprise,The Godfather (Film),Bleed the Rads,1974,2017,misc,pop
323950,b675123bacb1fea38c607285fabf1d6958f5c64b,203982,3e4fcd9063252de15ec76c8b3f7b049a94ed4d27,17,0.31988805532455444,The Godfather 2 Scene 2,Favorite Drink,The Godfather (Film),Taylor Bennett,1974,2015,misc,rap
323950,b675123bacb1fea38c607285fabf1d6958f5c64b,278780,728037de367aecd9e671aac086c5974634efdf88,18,0.3307834565639496,The Godfather 2 Scene 2,Back  To The Future,The Godfather (Film),Robert Zemeckis,1974,1985,misc,misc
323950,b675123bacb1fea38c607285fabf1d6958f5c64b,143519,ed6c9a83aff9a07cb7cfb93bea1819e01d2127df,19,0.31789347529411316,The Godfather 2 Scene 2,Heaven Knows,The Godfather (Film),Five for Fighting,1974,2013,misc,pop
323950,b675123bacb1fea38c607285fabf1d6958f5c64b,308120,2c7253a2f1e19f925846b25bd92111fd4126937c,20,0.31758999824523926,The Godfather 2 Scene 2,Absolutely Everybody,The Godfather (Film),Vanessa Amorosi,1974,1999,misc,pop
413206,5619d8dad88f076287e3eca7ba0e16ec2d77be8b,131090,aa14fa263611aa252ae7363e1a3914c50ce8705e,1,0.3383430242538452,My Five Year Plan,Montana,Listener,Youth Lagoon,2009,2011,misc,rock
413206,5619d8dad88f076287e3eca7ba0e16ec2d77be8b,136335,72b9430d3830cff201317bdb3493d8c0577e4e7a,2,0.3268181383609772,My Five Year Plan,Nothing Matters,Listener,Krayzie Bone & Young Noble,2009,2017,misc,rap
413206,5619d8dad88f076287e3eca7ba0e16ec2d77be8b,432834,a6ab4b66259d93539d7b62b3ac427df7eb7461d8,3,0.2692069113254547,My Five Year Plan,Iron Sharpens Iron,Listener,Culture,2009,1978,misc,pop
413206,5619d8dad88f076287e3eca7ba0e16ec2d77be8b,261691,34ae6ea450c9836931f9be7eecc63c4727882a9d,4,0.2676946520805359,My Five Year Plan,Freaks,Listener,"88rising, ATARASHII GAKKO! & Warren Hue",2009,2021,misc,pop
413206,5619d8dad88f076287e3eca7ba0e16ec2d77be8b,507237,d6bcaa400932f5e0be97de431ae579f092046911,5,0.25217142701148987,My Five Year Plan,GF or PS5?,Listener,David the Baker,2009,2022,misc,rap
413206,5619d8dad88f076287e3eca7ba0e16ec2d77be8b,146718,062fd098f9cadf5983d011caff6bcf44adc96875,6,0.24909771978855133,My Five Year Plan,An Otherwise Disappointing Life,Listener,Frightened Rabbit,2009,2016,misc,rock
413206,5619d8dad88f076287e3eca7ba0e16ec2d77be8b,245127,f4212c67ecdf32b9293b6fd16b50598d163d0d0a,7,0.24503640830516815,My Five Year Plan,Mystery Achievement,Listener,Pretenders,2009,1980,misc,rock
413206,5619d8dad88f076287e3eca7ba0e16ec2d77be8b,132928,d8e8987809a3bf361f736a670e1b042a0acc8691,8,0.2792319059371948,My Five Year Plan,Home Improvement,Listener,Josh Woodward,2009,2004,misc,pop
413206,5619d8dad88f076287e3eca7ba0e16ec2d77be8b,35387,005960489f27f6a391f2b65cf0b7cea101214b42,9,0.31220439076423645,My Five Year Plan,Butterfly,Listener,Demi Lovato,2009,2021,misc,pop
413206,5619d8dad88f076287e3eca7ba0e16ec2d77be8b,282409,13054c980e001db8c0ae74fd817d5e9369ddcc80,10,0.2543979287147522,My Five Year Plan,Georgina,Listener,Vybz Kartel,2009,2013,misc,rap
413206,5619d8dad88f076287e3eca7ba0e16ec2d77be8b,429451,c467c69288ce253141f78ac82bc5b201cbffde62,11,0.2895396053791046,My Five Year Plan,All Day Always,Listener,Skyzoo,2009,2015,misc,rap
413206,5619d8dad88f076287e3eca7ba0e16ec2d77be8b,261882,22aaa60914dbb4ab70373f395493b9687a5c7e77,12,0.32986360788345337,My Five Year Plan,Storm,Listener,Fatboibari,2009,2020,misc,rap
413206,5619d8dad88f076287e3eca7ba0e16ec2d77be8b,95504,56504799a1260c83315a380fbc9b4f5a5e2f33db,13,0.2677658498287201,My Five Year Plan,Gold,Listener,Tory Lanez,2009,2014,misc,rap
413206,5619d8dad88f076287e3eca7ba0e16ec2d77be8b,335258,a36d56bfa5a9d943612f61d7d4ecb40024791ac3,14,0.287986695766449,My Five Year Plan,Winter in America,Listener,Freddie Gibbs,2009,2021,misc,rb
413206,5619d8dad88f076287e3eca7ba0e16ec2d77be8b,294803,cf0ee213d3ffe046ed05c4d44e6ea9334424da56,15,0.3043109178543091,My Five Year Plan,Instructions,Listener,Rudy Francisco,2009,2017,misc,misc
413206,5619d8dad88f076287e3eca7ba0e16ec2d77be8b,85824,e43129cfd1c7dd8c2e5d0d2343ec3152a2f7a668,16,0.25744137167930603,My Five Year Plan,Hamakua,Listener,Nahko,2009,2017,misc,rock
413206,5619d8dad88f076287e3eca7ba0e16ec2d77be8b,476538,b752dd24e1389dba37416d8d444e8e72233dc1fa,17,0.2561870217323303,My Five Year Plan,The Battle of All Saints Road,Listener,Big Audio Dynamite,2009,1988,misc,pop
413206,5619d8dad88f076287e3eca7ba0e16ec2d77be8b,355236,f5aeb42516616f06ee9503af671beaa77c5d7271,18,0.2714141309261322,My Five Year Plan,Patient,Listener,Monica Martin,2009,2019,misc,pop
413206,5619d8dad88f076287e3eca7ba0e16ec2d77be8b,420585,47edc706ad0956f9fb809cffe34f7dd36ef35503,19,0.2512804865837097,My Five Year Plan,IM NOT OKAY I PROMISE,Listener,willow (MSG),2009,2019,misc,rock
413206,5619d8dad88f076287e3eca7ba0e16ec2d77be8b,176460,f0b8d27444501a65f262b699029d93e09384f292,20,0.24325785040855408,My Five Year Plan,Loyalty,Listener,Masicka,2009,2014,misc,rap
98487,48bd22d62233b8e0ee5396c3aaa4d7f4b721b527,147095,3dea8438f005845f89634f02f5ee0755b6074141,1,0.25551486015319824,Grendel Chapter 1,Grendel Chapter 2,John Gardner,John Gardner,2014,2014,misc,misc
98487,48bd22d62233b8e0ee5396c3aaa4d7f4b721b527,230093,2540cc6ecfd3203b7185cc789f6c0d3fbf76af40,2,0.2220739722251892,Grendel Chapter 1,Low Hymnal,John Gardner,Told Slant,2014,2016,misc,rock
98487,48bd22d62233b8e0ee5396c3aaa4d7f4b721b527,398750,6b2874026104748585dccdec252d358c9d636a9c,3,0.22723785042762756,Grendel Chapter 1,Lunatic Lunatic Lunatic,John Gardner,Margot & the Nuclear So and So's,2014,2010,misc,pop
98487,48bd22d62233b8e0ee5396c3aaa4d7f4b721b527,148106,beb53e3934378cb66b02ebb8b6e09aab2d9c4188,4,0.2142767608165741,Grendel Chapter 1,Excuse My Rude,John Gardner,Jessie J,2014,2013,misc,pop
98487,48bd22d62233b8e0ee5396c3aaa4d7f4b721b527,272742,885ed2c46120a22782b43222e37ed67cad92edff,5,0.22046132385730743,Grendel Chapter 1,Knock on the Door,John Gardner,Phil Ochs,2014,1964,misc,pop
98487,48bd22d62233b8e0ee5396c3aaa4d7f4b721b527,280704,5b0934a3cba3679040c31cd7ed3ff722664e0a50,6,0.18354502320289612,Grendel Chapter 1,ゴミ人間でごめんなさい Sorry I’m a Human Like Trash,John Gardner,たかやん Takayan,2014,2020,misc,pop
98487,48bd22d62233b8e0ee5396c3aaa4d7f4b721b527,321801,81499ea7e419d3dffdcd4738453a5821aa8561ec,7,0.19355328381061554,Grendel Chapter 1,The Ladys Dressing Room,John Gardner,Jonathan Swift,2014,2012,misc,misc
98487,48bd22d62233b8e0ee5396c3aaa4d7f4b721b527,488172,6eabf0559a5f8306e382defc9bc019a542a34855,8,0.20850296318531036,Grendel Chapter 1,Life in a Tenement Square,John Gardner,Flogging Molly,2014,2000,misc,rock
98487,48bd22d62233b8e0ee5396c3aaa4d7f4b721b527,294457,bfca20749aa8453d29bd30521ef20e0ac8c110e0,9,0.2166040539741516,Grendel Chapter 1,Anything You Want,John Gardner,MOONZz,2014,2016,misc,pop
98487,48bd22d62233b8e0ee5396c3aaa4d7f4b721b527,485870,c6328965031ac9632714cdaeaaf8aac24d7619bb,10,0.18794474005699158,Grendel Chapter 1,Cliff Hanger,John Gardner,Blackalicious,2014,1999,misc,rap
98487,48bd22d62233b8e0ee5396c3aaa4d7f4b721b527,86182,2e9f634a83e0a50591a09a91346fd700d65e10ee,11,0.2403835654258728,Grendel Chapter 1,The Sieve and the Sand,John Gardner,Ray Bradbury,2014,2014,misc,misc
98487,48bd22d62233b8e0ee5396c3aaa4d7f4b721b527,79804,40c9dc42e4a39ac135dd2962fd88dde023b0a26b,12,0.1962401121854782,Grendel Chapter 1,Giants in the sky from into the woods,John Gardner,Ben Wright,2014,2015,misc,pop
98487,48bd22d62233b8e0ee5396c3aaa4d7f4b721b527,284902,ca1081d6998a2faf27d81419ad0064e39b186d6a,13,0.2241295576095581,Grendel Chapter 1,Медный Всадник the bronze horseman,John Gardner,C,2014,2015,misc,rap
98487,48bd22d62233b8e0ee5396c3aaa4d7f4b721b527,120942,cac42fa66bc2649a301d12dd8b5fad42406b2789,14,0.21040938794612885,Grendel Chapter 1,Winters Gate,John Gardner,Insomnium,2014,2016,misc,rock
98487,48bd22d62233b8e0ee5396c3aaa4d7f4b721b527,423244,b6b7476f17195b7f6aa1fcb4cbf1bc5db4fab873,15,0.20428167283535004,Grendel Chapter 1,Living In The Heart Of The Beast,John Gardner,Henry Cow,2014,1975,misc,pop
98487,48bd22d62233b8e0ee5396c3aaa4d7f4b721b527,341987,4cb04b59c10e84de611117f027f58a24932a4e03,16,0.21875077486038208,Grendel Chapter 1,I Have No Mouth and I Must Scream,John Gardner,Harlan Ellison,2014,2014,misc,misc
98487,48bd22d62233b8e0ee5396c3aaa4d7f4b721b527,337763,cfc183de0447136c16edd1ffa114d16542ae40f2,17,0.20385539531707764,Grendel Chapter 1,Pictures Of You,John Gardner,Oingo Boingo,2014,1983,misc,pop
98487,48bd22d62233b8e0ee5396c3aaa4d7f4b721b527,168331,2177ebf65c744ed8db4273141ee1db34d4b6d6e1,18,0.18555645644664764,Grendel Chapter 1,Face in the Dark,John Gardner,City Wolf,2014,2019,misc,rap
98487,48bd22d62233b8e0ee5396c3aaa4d7f4b721b527,24883,3d78b793b01fb87816d606078a2914a85bc190e2,19,0.1926773339509964,Grendel Chapter 1,St. Lucys Home for Girls Raised by Wolves,John Gardner,Karen Russell (Novelist),2014,2015,misc,misc
98487,48bd22d62233b8e0ee5396c3aaa4d7f4b721b527,302355,3f4d2525660c6b6da02d4706759919bca610be7a,20,0.23289963603019714,Grendel Chapter 1,Tears of a Dragonheart,John Gardner,Bloodbound,2014,2017,misc,rock
225706,5483c402f443a81b03a748ff5103dc4386103536,238849,6e02ffd9611110a05556ab5767f48dd1f5b6e5c1,1,0.39650049805641174,Architect of Destruction,Tampico Trauma,How I Met Your Mother,Jimmy Buffett,2010,1977,misc,country
225706,5483c402f443a81b03a748ff5103dc4386103536,8833,94c45e168a72f1552fb3befc4a29391960f2a936,2,0.32579636573791504,Architect of Destruction,The Next Best American Record,How I Met Your Mother,Lana Del Rey,2010,2019,misc,pop
225706,5483c402f443a81b03a748ff5103dc4386103536,19022,6beb518dee073ca7530dd75fce2dea248a41e986,3,0.3595103323459625,Architect of Destruction,Come Thru Remix,How I Met Your Mother,Jacquees,2010,2016,misc,rap
225706,5483c402f443a81b03a748ff5103dc4386103536,210430,9cd9e7353dcaf0ae72c6314adb301edf60a0ca8d,4,0.3241111636161804,Architect of Destruction,What I Know Now,How I Met Your Mother,SAKIMA,2010,2017,misc,misc
225706,5483c402f443a81b03a748ff5103dc4386103536,142094,b3523392a15dce23e63c34fc3523ac899731fa81,5,0.34332430362701416,Architect of Destruction,Bedroom Fantasy,How I Met Your Mother,Alkaline,2010,2015,misc,rap
225706,5483c402f443a81b03a748ff5103dc4386103536,389637,19ae4bdd3221b7374a290f4d77f32ce3f4da0bbd,6,0.3265376687049866,Architect of Destruction,The Playbook,How I Met Your Mother,How I Met Your Mother,2010,2009,misc,misc
225706,5483c402f443a81b03a748ff5103dc4386103536,411697,47add1c6834c5240f44d7896d6e7d6a213227aae,7,0.3016904592514038,Architect of Destruction,UEFA Champions League Final Medley,How I Met Your Mother,Dua Lipa,2010,2018,misc,pop
225706,5483c402f443a81b03a748ff5103dc4386103536,210195,2ebcd408b91ace5633d484c9f01faab865487b43,8,0.30696627497673035,Architect of Destruction,You Cant Bring Me Down,How I Met Your Mother,Dierks Bentley,2010,2018,misc,country
225706,5483c402f443a81b03a748ff5103dc4386103536,427244,db2db513137fc40af63b0f1c4eac70dc04c123d0,9,0.3129410445690155,Architect of Destruction,Nelson v. Murdock,How I Met Your Mother,Daredevil,2010,2015,misc,misc
225706,5483c402f443a81b03a748ff5103dc4386103536,337921,435598be867b35bd9b8cbe974a5a7903e0b07b7d,10,0.30409783124923706,Architect of Destruction,Aint Nothing Like,How I Met Your Mother,Sir Michael Rocks,2010,2014,misc,rap
225706,5483c402f443a81b03a748ff5103dc4386103536,235303,4147d4dd228520497ae23bfe03e39de3ec4128d8,11,0.30755797028541565,Architect of Destruction,The Perfect Cocktail,How I Met Your Mother,How I Met Your Mother,2010,2010,misc,misc
225706,5483c402f443a81b03a748ff5103dc4386103536,423383,032205d8c891fc6085e830ee16a389e24528ec7b,12,0.29927486181259155,Architect of Destruction,The Pineapple Incident,How I Met Your Mother,How I Met Your Mother,2010,2005,misc,misc
225706,5483c402f443a81b03a748ff5103dc4386103536,222159,653d7af9958fd5921dcc3cfb9cab6142705d7925,13,0.3030298352241516,Architect of Destruction,Spaced,How I Met Your Mother,EARTHGANG & 6LACK,2010,2015,misc,rap
225706,5483c402f443a81b03a748ff5103dc4386103536,404581,1ecda5e9d24e58114f200ee639aaf3cdd9bdcc06,14,0.3217701315879822,Architect of Destruction,Too Young,How I Met Your Mother,Pretty Ricky,2010,2007,misc,pop
225706,5483c402f443a81b03a748ff5103dc4386103536,352341,6797eed2c7a35ce0590d4bf4b197846654add076,15,0.3285697400569916,Architect of Destruction,Babylon Feeling,How I Met Your Mother,Everlast,2010,2000,misc,rap
225706,5483c402f443a81b03a748ff5103dc4386103536,366728,b1ea62ac1bee9f959f8be4e1cb42e026776e6659,16,0.30916690826416016,Architect of Destruction,My Bro,How I Met Your Mother,Teen Titans Go!,2010,2020,misc,pop
225706,5483c402f443a81b03a748ff5103dc4386103536,319265,5ff6e56fc04bf977f4da608c376e7a7f1c174de8,17,0.3339718282222748,Architect of Destruction,Dear God Sofia,How I Met Your Mother,The Color Purple Broadway Cast,2010,2016,misc,rb
225706,5483c402f443a81b03a748ff5103dc4386103536,232463,c14f9ef6aa2991f3b8525dc758a768cc4f33b47e,18,0.34314796328544617,Architect of Destruction,This is Not a Drill,How I Met Your Mother,Pitbull,2010,2014,misc,rap
225706,5483c402f443a81b03a748ff5103dc4386103536,330192,79a6f649aa7e277b4d10d410d589484330dbf2d1,19,0.29866090416908264,Architect of Destruction,Tallahassee Liner notes,How I Met Your Mother,The Mountain Goats,2010,2014,misc,misc
225706,5483c402f443a81b03a748ff5103dc4386103536,241092,fc05e2f8ac2385d3450abe4f5776e9a008af0c76,20,0.29759442806243896,Architect of Destruction,Revelations,How I Met Your Mother,Bill Hicks,2010,2014,misc,misc
251212,ff79978412924defcd7444806ff90dd7e0e59e7e,8340,28328e447d143a50b7ee7bdc53a34d03f6b026fa,1,0.7625307440757751,Wholl Pay Reparations on My Soul?,Independent Women - Part 1,Gil Scott-Heron,Destiny's Child,1970,2000,misc,pop
251212,ff79978412924defcd7444806ff90dd7e0e59e7e,222958,3c72d6e68cd44890605a64eaef3a805b51200f36,2,0.4632214307785034,Wholl Pay Reparations on My Soul?,OBON DAY 2021 Song/Anthem,Gil Scott-Heron,One Britain One Nation (OBON),1970,2021,misc,pop
251212,ff79978412924defcd7444806ff90dd7e0e59e7e,13984,be12a4903e1925415653df4192b2a53d7d887abb,3,0.7579713463783264,Wholl Pay Reparations on My Soul?,Sad Machine,Gil Scott-Heron,Porter Robinson,1970,2014,misc,pop
251212,ff79978412924defcd7444806ff90dd7e0e59e7e,254400,eec5434f7e041e91f092a715163c93fa9e698d65,4,0.5925026535987854,Wholl Pay Reparations on My Soul?,Come Let Go,Gil Scott-Heron,Xavier Rudd,1970,2007,misc,pop
251212,ff79978412924defcd7444806ff90dd7e0e59e7e,457012,d19681ee21da514ce1f45ce464df04d5129dab88,5,0.6786072850227356,Wholl Pay Reparations on My Soul?,Say My Name/Independent Women/Bootylicious/Survivor Medley,Gil Scott-Heron,Fifth Harmony,1970,2016,misc,rb
251212,ff79978412924defcd7444806ff90dd7e0e59e7e,389828,c80166e20f0c14ebd9d5b5a81350e9c21b2fd58a,6,0.753854513168335,Wholl Pay Reparations on My Soul?,Busload of Faith,Gil Scott-Heron,Bob Seger,1970,2017,misc,rock
251212,ff79978412924defcd7444806ff90dd7e0e59e7e,339411,782de2b9943c9216fc2727f7024b8b9be69ab09e,7,0.7497691512107849,Wholl Pay Reparations on My Soul?,The Train from Washington,Gil Scott-Heron,Gil Scott-Heron,1970,1980,misc,pop
251212,ff79978412924defcd7444806ff90dd7e0e59e7e,341009,b6ba269eddb4b21d58707737be99bdd570f64258,8,0.7494489550590515,Wholl Pay Reparations on My Soul?,Sleepwalk,Gil Scott-Heron,Nelward,1970,2019,misc,pop
251212,ff79978412924defcd7444806ff90dd7e0e59e7e,42750,d38f1cd9c444168ea7233a7ed0b6b5667f4add4a,9,0.7494045495986938,Wholl Pay Reparations on My Soul?,I Depend On You,Gil Scott-Heron,Why Don't We,1970,2017,misc,pop
251212,ff79978412924defcd7444806ff90dd7e0e59e7e,65813,1596b4fd51612047b904b20ee822c0be65671d65,10,0.7416203618049622,Wholl Pay Reparations on My Soul?,Deep End,Gil Scott-Heron,Xavier Omr & Sango,1970,2019,misc,rb
251212,ff79978412924defcd7444806ff90dd7e0e59e7e,373975,607b30c3d862bcfb4314ec6624af2b5152f138f2,11,0.7304853200912476,Wholl Pay Reparations on My Soul?,This Time,Gil Scott-Heron,Waylon Jennings,1970,1974,misc,country
251212,ff79978412924defcd7444806ff90dd7e0e59e7e,267584,f376388a9f03646b7f6e0c7621bcb0744d00629b,12,0.7391442656517029,Wholl Pay Reparations on My Soul?,Busload of Faith,Gil Scott-Heron,Lou Reed,1970,1989,misc,rock
251212,ff79978412924defcd7444806ff90dd7e0e59e7e,481009,54705b687ecf840911347d09884c2a0588b9c36c,13,0.7115889191627502,Wholl Pay Reparations on My Soul?,Cant Stop Thinking Bout You,Gil Scott-Heron,Take 6,1970,1996,misc,pop
251212,ff79978412924defcd7444806ff90dd7e0e59e7e,374295,26f96ae3c8db388996cdf8de36d84703c2094553,14,0.7027142643928528,Wholl Pay Reparations on My Soul?,Depend On Myself,Gil Scott-Heron,TLC,1970,1992,misc,rap
251212,ff79978412924defcd7444806ff90dd7e0e59e7e,162895,7fb529e7d3dbc08347064ae1052faf4139e146d5,15,0.7012759447097778,Wholl Pay Reparations on My Soul?,Moonshake,Gil Scott-Heron,Can,1970,1973,misc,rock
251212,ff79978412924defcd7444806ff90dd7e0e59e7e,467364,8a9f26be93dac899dc41012b1fc67484b3d16da6,16,0.6194357872009277,Wholl Pay Reparations on My Soul?,Little Tiger,Gil Scott-Heron,Tune-Yards,1970,2009,misc,pop
251212,ff79978412924defcd7444806ff90dd7e0e59e7e,382962,770158dc9afb64309ebe93455b93e13e223e3569,17,0.6664494276046753,Wholl Pay Reparations on My Soul?,Deception,Gil Scott-Heron,Killstation,1970,2016,misc,rap
251212,ff79978412924defcd7444806ff90dd7e0e59e7e,250471,2207e6fc7eae4893a2c4ad37601f5a47515db95f,18,0.6640312075614929,Wholl Pay Reparations on My Soul?,Throw Me Now Your Arms,Gil Scott-Heron,Damien Jurado,1970,2019,misc,rock
251212,ff79978412924defcd7444806ff90dd7e0e59e7e,421408,cec781be5732118fa7f63d9b23008ba111e17387,19,0.6597700119018555,Wholl Pay Reparations on My Soul?,It All Depends On You,Gil Scott-Heron,Frank Sinatra,1970,1959,misc,pop
251212,ff79978412924defcd7444806ff90dd7e0e59e7e,66749,7c325b74794897f77d42278bc3db0ee790ab933f,20,0.6543048620223999,Wholl Pay Reparations on My Soul?,Dorothy,Gil Scott-Heron,Her's,1970,2016,misc,pop
274350,1e32c5e79eee5f446a0a054c8e0db9ac84081ff9,14859,08fa4b9395dd5eab6aa1b20f123c2338c10f2747,1,0.652703583240509,Purple Giraffe,I Love College,How I Met Your Mother,Asher Roth,2005,2009,misc,rap
274350,1e32c5e79eee5f446a0a054c8e0db9ac84081ff9,442314,d17e7b179983c7fa578e3bbb18046c98ce499022,2,0.46737343072891235,Purple Giraffe,World Aint Right,How I Met Your Mother,Hurt,2005,2009,misc,pop
274350,1e32c5e79eee5f446a0a054c8e0db9ac84081ff9,158462,19b569d497ca382c2e8a5665a2521643a8bd1276,3,0.4827266335487366,Purple Giraffe,We Should Be Friends,How I Met Your Mother,Josh Ramsay,2005,2018,misc,pop
274350,1e32c5e79eee5f446a0a054c8e0db9ac84081ff9,305574,39dbf2822c8f1bd875447f9974f192cf1e883e0f,4,0.5829880237579346,Purple Giraffe,Sex Love and Reggae,How I Met Your Mother,Gyptian,2005,2013,misc,pop
274350,1e32c5e79eee5f446a0a054c8e0db9ac84081ff9,239049,ccf7db17fa57808f4e134c64058be259d52bf125,5,0.6145158410072327,Purple Giraffe,Lifes Too Short,How I Met Your Mother,Darius Rucker,2005,2017,misc,country
274350,1e32c5e79eee5f446a0a054c8e0db9ac84081ff9,293937,4bec9acafbe59e3df69984ab236a7a15cee52f4c,6,0.48463571071624756,Purple Giraffe,Okay Awesome,How I Met Your Mother,How I Met Your Mother,2005,2005,misc,misc
274350,1e32c5e79eee5f446a0a054c8e0db9ac84081ff9,392654,d95a68b1cbf00efad839256ee1e83a1e91efed80,7,0.5877814888954163,Purple Giraffe,Love in the Shadows,How I Met Your Mother,The Magnetic Fields,2005,1999,misc,rock
274350,1e32c5e79eee5f446a0a054c8e0db9ac84081ff9,369249,95d1e4c9fe999caf845d1ae462973f87de2a2210,8,0.5237941741943359,Purple Giraffe,Miss Behave,How I Met Your Mother,YULTRON,2005,2014,misc,rap
274350,1e32c5e79eee5f446a0a054c8e0db9ac84081ff9,451843,59b563ef482a978f35a3359f88decd81ffd3be78,9,0.4828852415084839,Purple Giraffe,If Theres a Bar up in Heaven,How I Met Your Mother,Mark Leach,2005,2016,misc,country
274350,1e32c5e79eee5f446a0a054c8e0db9ac84081ff9,434311,71139d58843ebab4477a71d508e388233fddd908,10,0.5713121891021729,Purple Giraffe,Bar and the Beer,How I Met Your Mother,The White Buffalo,2005,2002,misc,country
274350,1e32c5e79eee5f446a0a054c8e0db9ac84081ff9,232896,bd0cdd5fe4197dd499a07d7e65b582547190fd2e,11,0.613972544670105,Purple Giraffe,Beer  Sex  Chips n Gravy,How I Met Your Mother,Macc Lads,2005,1985,misc,pop
274350,1e32c5e79eee5f446a0a054c8e0db9ac84081ff9,471527,1b8a4988c3828259239b33bc182ccb87cebb2e4a,12,0.5042973756790161,Purple Giraffe,The Heat is on in Saigon Live West End Revival,How I Met Your Mother,Claude-Michel Schnberg,2005,2014,misc,misc
274350,1e32c5e79eee5f446a0a054c8e0db9ac84081ff9,27926,a932031a8dfaf50eeed69b53add1aab20e1741e7,13,0.5431584119796753,Purple Giraffe,Sonic Boom,How I Met Your Mother,Roy Woods,2005,2016,misc,rb
274350,1e32c5e79eee5f446a0a054c8e0db9ac84081ff9,111752,5a55c8d4ce0caf4c460ff7d225045d3a09846558,14,0.4784330725669861,Purple Giraffe,Hidden Track,How I Met Your Mother,Prince Daddy & The Hyena,2005,2015,misc,rock
274350,1e32c5e79eee5f446a0a054c8e0db9ac84081ff9,77673,a4505bfe0fcf6a39241fb001e10d7d6ffafbd5d9,15,0.4666377305984497,Purple Giraffe,Drunk Man Talkin,How I Met Your Mother,Lone Star Ridaz,2005,2010,misc,rap
274350,1e32c5e79eee5f446a0a054c8e0db9ac84081ff9,409161,1a4077a37cc5b785e6053b6ebfb6b583fb47508d,16,0.564415693283081,Purple Giraffe,Love,How I Met Your Mother,Roger Creager,2005,2000,misc,pop
274350,1e32c5e79eee5f446a0a054c8e0db9ac84081ff9,154248,f4fb8fdfbd149f543bcbfcc32f11dc44dcdb688f,17,0.4965217113494873,Purple Giraffe,In Trousers The Dream,How I Met Your Mother,William Finn,2005,1979,misc,pop
274350,1e32c5e79eee5f446a0a054c8e0db9ac84081ff9,427256,a26cc3a20944e1fa24744b6a352c67ade05b9545,18,0.593643844127655,Purple Giraffe,Joyride,How I Met Your Mother,Built to Spill,2005,1994,misc,rock
274350,1e32c5e79eee5f446a0a054c8e0db9ac84081ff9,92696,711476d8e82654ea870b1bf2b13203183fe41e5b,19,0.48324811458587646,Purple Giraffe,Too Fast for Love,How I Met Your Mother,Mtley Cre,2005,1981,misc,rock
274350,1e32c5e79eee5f446a0a054c8e0db9ac84081ff9,111943,960d4cf98da8843869a63e375fa51390d62e2209,20,0.6146849393844604,Purple Giraffe,I Love You All Radio Mix feat. Michael Fassbender,How I Met Your Mother,The Soronprfbs,2005,2014,misc,rock
465189,c275cd6b8a7d8254d84156d7d9636bfe37cd39bf,75126,b58184dcf04df988619936ddf83da4cc3e19d6c0,1,0.7323343753814697,Torias Song,Six Billion,Papooz,Nothing But Thieves,2016,2015,misc,rock
465189,c275cd6b8a7d8254d84156d7d9636bfe37cd39bf,341063,547d182eb4e284eaadccf3820a6062afeaf92a3b,2,0.6326807737350464,Torias Song,Web of Lies,Papooz,Ayreon,2016,2008,misc,rock
465189,c275cd6b8a7d8254d84156d7d9636bfe37cd39bf,224971,4714cd79c872d014cdad746edb3a8d6123e83822,3,0.6914129853248596,Torias Song,Sinking Inside Yourself,Papooz,Hammock,2016,2011,misc,pop
465189,c275cd6b8a7d8254d84156d7d9636bfe37cd39bf,30500,733e5995a07c44f376b78403a6b18ff1b1f29359,4,0.6699637174606323,Torias Song,Cool It Now,Papooz,New Edition,2016,1984,misc,rb
465189,c275cd6b8a7d8254d84156d7d9636bfe37cd39bf,270569,57fe398eaa590460cf81976518f9b9b45d45e16b,5,0.6861095428466797,Torias Song,​yr kind of cool,Papooz,thanks for coming,2016,2015,misc,pop
465189,c275cd6b8a7d8254d84156d7d9636bfe37cd39bf,88561,8e04c2109e539897e86a1e0a29d3118d8d328dac,6,0.68799889087677,Torias Song,Home Soon,Papooz,DOPE LEMON,2016,2017,misc,rock
465189,c275cd6b8a7d8254d84156d7d9636bfe37cd39bf,441275,e8ea40c6529ea559b5a9098e159300c3289cec4a,7,0.6858992576599121,Torias Song,Banyo Blue,Papooz,Cub Sport,2016,2017,misc,pop
465189,c275cd6b8a7d8254d84156d7d9636bfe37cd39bf,372469,9585aea562090578dbb5e43825a21396f7c051ab,8,0.6426639556884766,Torias Song,Summertearz,Papooz,Little Dragon,2016,2011,misc,pop
465189,c275cd6b8a7d8254d84156d7d9636bfe37cd39bf,127000,817f7681b62574b01b0ea63d0c5c8a9a51a89c7c,9,0.6974872350692749,Torias Song,A Dream With A Baseball Player,Papooz,Faye Webster,2016,2021,misc,pop
465189,c275cd6b8a7d8254d84156d7d9636bfe37cd39bf,197289,445ef19b117893399ec59d23ad69ce8594eda3ac,10,0.6454015374183655,Torias Song,Waiting For The Weekend,Papooz,San Cisco,2016,2017,misc,rock
465189,c275cd6b8a7d8254d84156d7d9636bfe37cd39bf,298011,35e75a1fbde38684710b8a6f1b01fda4209178df,11,0.6394287347793579,Torias Song,Dermot See Yourself In My Eyes,Papooz,Fred again..,2016,2021,misc,pop
465189,c275cd6b8a7d8254d84156d7d9636bfe37cd39bf,176911,92f3715ea5d1e52fbe59883e08d0a6e78c93a2e4,12,0.6708325743675232,Torias Song,Tropical,Papooz,INNA,2016,2017,misc,pop
465189,c275cd6b8a7d8254d84156d7d9636bfe37cd39bf,480420,af5d564a956aae5391e6787032520152d58522b2,13,0.5832584500312805,Torias Song,Victory Call,Papooz,Black Veil Brides,2016,2013,misc,pop
465189,c275cd6b8a7d8254d84156d7d9636bfe37cd39bf,134694,6a45dd63956674224940f24adf26eb77cd7f47f1,14,0.6193779706954956,Torias Song,Deleted,Papooz,Mackenzie Nicole,2016,2016,misc,pop
465189,c275cd6b8a7d8254d84156d7d9636bfe37cd39bf,440615,7578b97cbc6139964ab15dcff97e78c7cf2451de,15,0.5731258392333984,Torias Song,Watching In,Papooz,Roman Rouge,2016,2021,misc,pop
465189,c275cd6b8a7d8254d84156d7d9636bfe37cd39bf,101042,ef9fb7ddf740774f8a524c51a2aee646f4a0d2ab,16,0.5747138857841492,Torias Song,Once Upon a Time,Papooz,James Snyder,2016,2008,misc,pop
465189,c275cd6b8a7d8254d84156d7d9636bfe37cd39bf,437022,b7175a4e33ddd3e28e6af7d2ffaec6f50c471fea,17,0.5729093551635742,Torias Song,I Miss You,Papooz,Joe Public,2016,1992,misc,pop
465189,c275cd6b8a7d8254d84156d7d9636bfe37cd39bf,190364,1cdc765ec87e0b5acda92651cabab33447238877,18,0.5623661279678345,Torias Song,Till the Morning Comes,Papooz,The Grateful Dead,2016,1970,misc,rock
465189,c275cd6b8a7d8254d84156d7d9636bfe37cd39bf,338537,3a9c8c566b49f8829c4dee9852426d7cbb665ad8,19,0.6752905249595642,Torias Song,Fuck This Love,Papooz,Demi Lovato,2016,2021,misc,pop
465189,c275cd6b8a7d8254d84156d7d9636bfe37cd39bf,276135,29edec13809e607c11160228d3ed6c07e634930b,20,0.5825793743133545,Torias Song,Better,Papooz,Kerli,2016,2019,misc,pop
384538,a838f2b95144bcb0a14f4faa41888794f206580d,91838,7b0297d1f2432272b0f681a2bb895c0b812a5c8e,1,0.618909478187561,We Walk the Same Line,Hymn for the Missing,Everything But The Girl,Red,1994,2011,pop,rock
384538,a838f2b95144bcb0a14f4faa41888794f206580d,285789,367088d8b509caee1c21315646edb4a12e651d71,2,0.559942901134491,We Walk the Same Line,Taklamakan,Everything But The Girl,Silencer (Band),1994,2001,pop,rock
384538,a838f2b95144bcb0a14f4faa41888794f206580d,239033,8ec402334fbc470cff9918abc2709885b1fd08f4,3,0.551507830619812,We Walk the Same Line,American Dreaming,Everything But The Girl,Dead Can Dance,1994,1994,pop,pop
384538,a838f2b95144bcb0a14f4faa41888794f206580d,253029,0dcd287dbc21d86bcc93787dcc5ea001db9b578c,4,0.5113693475723267,We Walk the Same Line,If I Ever Lose My Faith in You,Everything But The Girl,Disturbed,1994,2020,pop,rock
384538,a838f2b95144bcb0a14f4faa41888794f206580d,337932,42ec6b7546618a99ed2e022549b0fb2633b47f1c,5,0.5258389115333557,We Walk the Same Line,Country Mile,Everything But The Girl,Camera Obscura,1994,2006,pop,rock
384538,a838f2b95144bcb0a14f4faa41888794f206580d,264703,fa8bf04afc42f3a5e9072e1e17fb39ce9fde2938,6,0.5796565413475037,We Walk the Same Line,Flash in the Night,Everything But The Girl,Secret Service,1994,1982,pop,pop
384538,a838f2b95144bcb0a14f4faa41888794f206580d,219186,fd13211532feb73824eb02b80e1334418a8452f2,7,0.5174357891082764,We Walk the Same Line,Where Shadows Forever Reign,Everything But The Girl,Dark Funeral,1994,2016,pop,rock
384538,a838f2b95144bcb0a14f4faa41888794f206580d,64780,9f5f2068e9ddc7c62dd06d7b8ec3af47c425988f,8,0.5221019983291626,We Walk the Same Line,No Milk Today,Everything But The Girl,Herman's Hermits,1994,1966,pop,rock
384538,a838f2b95144bcb0a14f4faa41888794f206580d,438283,855bdb56efb8b7368aba4f8c1ec81b07889d34e3,9,0.513465404510498,We Walk the Same Line,Forlorn Skies,Everything But The Girl,Heaven Shall Burn,1994,2008,pop,rock
384538,a838f2b95144bcb0a14f4faa41888794f206580d,292934,adb246b0bef9c99e9b29f9b05a9dc3af8fa29eee,10,0.4833028316497803,We Walk the Same Line,If I Know Me,Everything But The Girl,George Strait,1994,1991,pop,country
384538,a838f2b95144bcb0a14f4faa41888794f206580d,417894,b6459154691878cd4a9c6588072372299f79810d,11,0.5350074768066406,We Walk the Same Line,Nothing Left to Say,Everything But The Girl,Koe Wetzel,1994,2019,pop,country
384538,a838f2b95144bcb0a14f4faa41888794f206580d,44768,40726c962477f64a86436f42a885103c455df5a5,12,0.5163435935974121,We Walk the Same Line,Miseria Cantare - The Beginning,Everything But The Girl,AFI,1994,2003,pop,rock
384538,a838f2b95144bcb0a14f4faa41888794f206580d,485807,3e35b318a6baa8374848f6e80a1b62e869797f9b,13,0.47478970885276794,We Walk the Same Line,The Slumber,Everything But The Girl,Eluveitie,1994,2019,pop,rock
384538,a838f2b95144bcb0a14f4faa41888794f206580d,174440,d9c816164995f301da62adf7e4aabd11375f7b57,14,0.4721141457557678,We Walk the Same Line,Blind Pig,Everything But The Girl,Emmi,1994,2016,pop,pop
384538,a838f2b95144bcb0a14f4faa41888794f206580d,318345,bc5aefa70568b0a8a0ce8874fc74d8a0ec2e16d5,15,0.49783241748809814,We Walk the Same Line,Orphans of the Storm,Everything But The Girl,Flyte,1994,2017,pop,rock
384538,a838f2b95144bcb0a14f4faa41888794f206580d,192028,82f45e125526b6a61b7b5789a6108b585add95cd,16,0.4638729393482208,We Walk the Same Line,Forlorn,Everything But The Girl,The Devil Wears Prada,1994,2021,pop,rock
384538,a838f2b95144bcb0a14f4faa41888794f206580d,141295,74f2cd23a58c9fb6a3ae2093731457522e53cc26,17,0.5204899907112122,We Walk the Same Line,Stuck Inside A Cloud,Everything But The Girl,George Harrison,1994,2002,pop,rock
384538,a838f2b95144bcb0a14f4faa41888794f206580d,147036,6453fb8517f80c0433e8f9883fc329fb72668968,18,0.5078156590461731,We Walk the Same Line,Eyes on You,Everything But The Girl,Sara Bareilles,1994,2019,pop,pop
384538,a838f2b95144bcb0a14f4faa41888794f206580d,402574,0aed9539e08ef1e9f338a165ae9d1245053668d3,19,0.5723607540130615,We Walk the Same Line,Wild Ones,Everything But The Girl,You Me At Six,1994,2014,pop,rock
384538,a838f2b95144bcb0a14f4faa41888794f206580d,373320,491b566abb9bf066c29824d48b45e6b892d173f5,20,0.5584263205528259,We Walk the Same Line,The Hunt,Everything But The Girl,Wolfheart,1994,2013,pop,rock
410457,dc43ea630a9e25ba4fd860d743ec3f9cb7cbbdec,91898,fb423ee80a779407abca596f0d89ed0ff538fa00,1,0.9969775676727295,Let Me Be There,Let Me Be There,Ekolu,Olivia Newton-John,2015,1973,pop,pop
410457,dc43ea630a9e25ba4fd860d743ec3f9cb7cbbdec,416544,fee78e63f8b854c615d51bc3726bd60d80e25b34,2,0.9969775676727295,Let Me Be There,Let Me Be There,Ekolu,Elvis Presley,2015,1977,pop,country
410457,dc43ea630a9e25ba4fd860d743ec3f9cb7cbbdec,323301,cb9f52027fbf75685ddc0d3357db7cc05ee0cf2f,3,0.729312539100647,Let Me Be There,Foreword,Ekolu,Make Them Suffer,2015,2015,pop,rock
410457,dc43ea630a9e25ba4fd860d743ec3f9cb7cbbdec,499699,326e95cede5b0161e32d2d81d4ba7560e210e051,4,0.7282821536064148,Let Me Be There,Share My Life,Ekolu,Coleske,2015,1996,pop,pop
410457,dc43ea630a9e25ba4fd860d743ec3f9cb7cbbdec,381485,884f93a1bccc48cf49e689f7527f3441c49bff59,5,0.722219705581665,Let Me Be There,Burning The Midnight Oil,Ekolu,Thomm Jutz,2015,2019,pop,country
410457,dc43ea630a9e25ba4fd860d743ec3f9cb7cbbdec,423625,6de52ddf0dc852f337e8e6e0fbb7f2aea2acb4e7,6,0.7129300832748413,Let Me Be There,No differences,Ekolu, (Hiroyuki Sawano),2015,2014,pop,pop
410457,dc43ea630a9e25ba4fd860d743ec3f9cb7cbbdec,394137,7e9c86bda09e7df9333092bbc48c6d8b07686f2c,7,0.7199293375015259,Let Me Be There,1996,Ekolu,Ella Henderson,2015,2014,pop,pop
410457,dc43ea630a9e25ba4fd860d743ec3f9cb7cbbdec,478979,df5f4ee4b176142cfb44bd690f392c99a1953090,8,0.651154100894928,Let Me Be There,Loves Grown Deep,Ekolu,Kenny Nolan,2015,1977,pop,pop
410457,dc43ea630a9e25ba4fd860d743ec3f9cb7cbbdec,511885,8310609e4e7430713930791dc536df988c7515d0,9,0.6658364534378052,Let Me Be There,Wednesdays Child Pt. 1,Ekolu,Aiyana-Lee,2015,2022,pop,pop
410457,dc43ea630a9e25ba4fd860d743ec3f9cb7cbbdec,179356,e9e57dbfa3ab8216ba979689b17b810dd7bd966e,10,0.726130485534668,Let Me Be There,Shine Your Light,Ekolu,Amy Ruffle,2015,2021,pop,pop
410457,dc43ea630a9e25ba4fd860d743ec3f9cb7cbbdec,4864,c3b132753928a1d8164b9abeb4b7102649ad98e4,11,0.6438464522361755,Let Me Be There,For Good,Ekolu,Idina Menzel & Kristin Chenoweth,2015,2003,pop,pop
410457,dc43ea630a9e25ba4fd860d743ec3f9cb7cbbdec,83363,5723358e18d2cc1d7a4af581a24706bd388e8a0f,12,0.6368067860603333,Let Me Be There,Caillou,Ekolu,Caillou,2015,2017,pop,pop
410457,dc43ea630a9e25ba4fd860d743ec3f9cb7cbbdec,312984,187a233513e830285dd2598211b9923bd9d628a2,13,0.6246629357337952,Let Me Be There,The World Would Run Better,Ekolu,KONGOS,2015,2016,pop,rock
410457,dc43ea630a9e25ba4fd860d743ec3f9cb7cbbdec,295818,d80aeab532441b6c3739c4e8bc2374f0429fe16d,14,0.6147505044937134,Let Me Be There,You  You Alone,Ekolu,Umphrey's McGee,2015,2018,pop,rock
410457,dc43ea630a9e25ba4fd860d743ec3f9cb7cbbdec,33322,aefbbdd15864be0df161b00bec951fe230ee3276,15,0.6122524738311768,Let Me Be There,Goodbye,Ekolu,Ramsey,2015,2021,pop,pop
410457,dc43ea630a9e25ba4fd860d743ec3f9cb7cbbdec,468630,0e2483290ba170b0c26aae5d14217758172076d2,16,0.7086201906204224,Let Me Be There,Amigos Para Siempre,Ekolu,Sarah Brightman,2015,1992,pop,pop
410457,dc43ea630a9e25ba4fd860d743ec3f9cb7cbbdec,305711,c981517a9bab180f158c572ed37a0ed505dbd98e,17,0.6074182987213135,Let Me Be There,The Idea That Everything Could Possibly Ever Be Said,Ekolu,Nana Grizol,2015,2008,pop,pop
410457,dc43ea630a9e25ba4fd860d743ec3f9cb7cbbdec,278741,4dc2d4c1d68449e901a86aa22314f543be776573,18,0.695120096206665,Let Me Be There,Sunday Was a Friend of Mine,Ekolu,Blossoms,2015,2020,pop,pop
410457,dc43ea630a9e25ba4fd860d743ec3f9cb7cbbdec,222333,5011033d41fc656dcf97aaa25916dd6f22c7028d,19,0.6850525140762329,Let Me Be There,Irish Heartbeat,Ekolu,Van Morrison,2015,1983,pop,rock
410457,dc43ea630a9e25ba4fd860d743ec3f9cb7cbbdec,235117,b4ed5340b45a7a2420fbfde4bdcd1538d83ca03b,20,0.5872323513031006,Let Me Be There,Reach Out and Touch Somebody’s Hand,Ekolu,Diana Ross,2015,1970,pop,rb
172124,3319023d94ea21550533b44f74f00d1077279c40,226559,5113ed33134bb3094f880619c9f60b51deb7ccce,1,0.9987601041793823,This Masquerade,This Masquerade,Leon Russell,Carpenters,1972,1973,pop,pop
172124,3319023d94ea21550533b44f74f00d1077279c40,415786,879676be48d87e7b2e1badb6eafd0e34617c1cef,2,0.8706069588661194,This Masquerade,Pablo Escobar,Leon Russell,Dubdogz,1972,2020,pop,pop
172124,3319023d94ea21550533b44f74f00d1077279c40,50674,361031b5e55d69cc15b52b1680f91d3ee8c37311,3,0.8555578589439392,This Masquerade,This Masquerade,Leon Russell,George Benson,1972,1976,pop,rb
172124,3319023d94ea21550533b44f74f00d1077279c40,169090,a0d9440af1bfb7ece6f005ec7bced51f4635ad99,4,0.834126889705658,This Masquerade,Oh No Pedro,Leon Russell,Tom Rosenthal,1972,2017,pop,pop
172124,3319023d94ea21550533b44f74f00d1077279c40,122248,2a32de945d0b23f021e84b66c075ee1ef26e290a,5,0.8145341277122498,This Masquerade,St. Petersburg,Leon Russell,Reese Lansangan,1972,2015,pop,pop
172124,3319023d94ea21550533b44f74f00d1077279c40,313066,26bdfa7c0d4fe187cd885de8b7bcc852ec66e484,6,0.8139670491218567,This Masquerade,Same Man I Was Before,Leon Russell,Oingo Boingo,1972,1985,pop,pop
172124,3319023d94ea21550533b44f74f00d1077279c40,143279,191f13a6819ee6e44e4fb8fa211bcb36ea7db878,7,0.8574578762054443,This Masquerade,Cotton Candy Lemonade,Leon Russell,Blu DeTiger,1972,2020,pop,pop
172124,3319023d94ea21550533b44f74f00d1077279c40,230676,ab687d9de8da51f92724a4140a1cf2eb7b976eb2,8,0.8564984798431396,This Masquerade,Mercury,Leon Russell,Moon Taxi,1972,2012,pop,rock
172124,3319023d94ea21550533b44f74f00d1077279c40,239210,d585f75ebaa96b42b23260ccb7c9c7c9800e63d6,9,0.8334383368492126,This Masquerade,Talk,Leon Russell,Liv Dawson,1972,2018,pop,pop
172124,3319023d94ea21550533b44f74f00d1077279c40,41019,b01e1eff78d8233a79a700763d0ab1efda2da779,10,0.799316942691803,This Masquerade,Im Lost Without You,Leon Russell,blink-182,1972,2003,pop,rock
172124,3319023d94ea21550533b44f74f00d1077279c40,64857,91755db75690eab548e63f7ccd9f6df913991176,11,0.8272966146469116,This Masquerade,Famous Last Words,Leon Russell,James Blake,1972,2021,pop,pop
172124,3319023d94ea21550533b44f74f00d1077279c40,308588,2635c4e9a76a3823aff60d76e411ff87c3428468,12,0.8394383788108826,This Masquerade,Lost Friends,Leon Russell,Middle Kids,1972,2018,pop,pop
172124,3319023d94ea21550533b44f74f00d1077279c40,224231,0820730a71beb23c407cb4c393c6eccb265c4580,13,0.8075244426727295,This Masquerade,NeverLand,Leon Russell,Zayion McCall,1972,2016,pop,rb
172124,3319023d94ea21550533b44f74f00d1077279c40,208915,b7719ba5fe0c779523d282ca1fddc308d59f0a89,14,0.814727246761322,This Masquerade,Pisces,Leon Russell,Xan Griffin,1972,2018,pop,pop
172124,3319023d94ea21550533b44f74f00d1077279c40,345532,f7f1af56c4968d437349d96b2c8fb8cb8954e8d2,15,0.8247402906417847,This Masquerade,Gained the World,Leon Russell,Morcheeba,1972,2008,pop,pop
172124,3319023d94ea21550533b44f74f00d1077279c40,219687,d73bfe536cb71e66f4100c2b818f159ee857b27b,16,0.8055373430252075,This Masquerade,Lapse,Leon Russell,Black Math,1972,2016,pop,rock
172124,3319023d94ea21550533b44f74f00d1077279c40,46009,47a1949237d00e7372718aef57a6d3e944a0802a,17,0.8078949451446533,This Masquerade,Last Night,Leon Russell,Ricky Montgomery,1972,2014,pop,pop
172124,3319023d94ea21550533b44f74f00d1077279c40,236672,2b515dbd18975e713458633c026407180c7c8d3f,18,0.8242716193199158,This Masquerade,Lost Without You,Leon Russell,Delta Goodrem,1972,2003,pop,pop
172124,3319023d94ea21550533b44f74f00d1077279c40,112458,e94abb6ef3405e10dc7db89848ffbad13a86e9a8,19,0.8003395199775696,This Masquerade,Members Only,Leon Russell,"Bobby ""Blue"" Bland",1972,1985,pop,pop
172124,3319023d94ea21550533b44f74f00d1077279c40,362493,4904847e382d4dd01df5786a9c690cf0119024c3,20,0.8009355664253235,This Masquerade,Labyrinth,Leon Russell,Elisa,1972,1997,pop,pop
261620,7c60d8a9a75e4411b1236229903791c8a1ed88f8,166694,081e70ce4d6e0d4673fbcc413d75bc2b8ea41912,1,0.4123299717903137,Sumer,Jaguar,Rostam,What So Not,2017,2013,pop,pop
261620,7c60d8a9a75e4411b1236229903791c8a1ed88f8,175065,c8f9454714043262869a457a0ebc589378168fa3,2,0.33011195063591003,Sumer,Goodbye Summer :,Rostam,Beach Bunny,2017,2018,pop,pop
261620,7c60d8a9a75e4411b1236229903791c8a1ed88f8,149177,0584f93a3f43d60541bfabe3563c10bdfe23634e,3,0.1885807067155838,Sumer,Everything Now continued 2,Rostam,Arcade Fire,2017,2017,pop,rock
261620,7c60d8a9a75e4411b1236229903791c8a1ed88f8,504006,2d6430f597d8dfff268119f68de0fef393b9be79,4,0.3347606658935547,Sumer,Be Careful,Rostam,Labrinth,2017,2022,pop,pop
261620,7c60d8a9a75e4411b1236229903791c8a1ed88f8,464332,28fd2cb682718a5bd3f262eec7770b898d37bc81,5,0.38996025919914246,Sumer,Endless Summer,Rostam,Still Corners,2017,2011,pop,pop
261620,7c60d8a9a75e4411b1236229903791c8a1ed88f8,465477,67aba4b6f61936ce5fb8aa58d74e76f882901f47,6,0.15382401645183563,Sumer,One,Rostam,Mild Orange,2017,2020,pop,pop
261620,7c60d8a9a75e4411b1236229903791c8a1ed88f8,504484,04a031d91d17f42e6736c86b7e651985ad9b2e31,7,0.15659232437610626,Sumer,Forever,Rostam,Alison Wonderland,2017,2022,pop,pop
261620,7c60d8a9a75e4411b1236229903791c8a1ed88f8,184814,f94ebd4e8bf60ca90b11a2fd17c7f1f93589b27f,8,0.355207234621048,Sumer,No Matter,Rostam,Basic Tape,2017,2017,pop,pop
261620,7c60d8a9a75e4411b1236229903791c8a1ed88f8,508781,fa18e6ccf8e41edd5a95f8058b889e63d5d3b08c,9,0.3619151711463928,Sumer,​heaven come,Rostam,Taylor Armstrong,2017,2022,pop,pop
261620,7c60d8a9a75e4411b1236229903791c8a1ed88f8,175625,cbcb9502124a8186f679d60474db68af2512502e,10,0.1669159084558487,Sumer,The Combine,Rostam,John Maus,2017,2017,pop,rock
261620,7c60d8a9a75e4411b1236229903791c8a1ed88f8,148820,7b6cc4bf232b51b1179250799faa75dcbb5b4a1b,11,0.17515060305595398,Sumer,Triplbt Theme,Rostam,Jagger Finn,2017,2016,pop,rock
261620,7c60d8a9a75e4411b1236229903791c8a1ed88f8,111957,4f4e1beed4e51b8e00230624eb17c1ae0f959b1d,12,0.19827455282211304,Sumer,Not Right Now,Rostam,Joshua Bassett,2017,2019,pop,pop
261620,7c60d8a9a75e4411b1236229903791c8a1ed88f8,398038,f251dcc4621aec70a5eee63fa4f9f109e7ea0554,13,0.20749986171722412,Sumer,Long Agos And Worlds Apart,Rostam,Small Faces,2017,1968,pop,pop
261620,7c60d8a9a75e4411b1236229903791c8a1ed88f8,277103,512714526e7f63f6584eed9fe5c9971fe685d606,14,0.12439724802970886,Sumer,The End,Rostam,Beach Goons,2017,2018,pop,rock
261620,7c60d8a9a75e4411b1236229903791c8a1ed88f8,200127,d8a77c771360360f69bd82e7c73da842f2a4a1ac,15,0.1365789771080017,Sumer,Voices,Rostam,Russ Ballard,2017,1984,pop,pop
261620,7c60d8a9a75e4411b1236229903791c8a1ed88f8,380851,d50b62dabfa4c3d75479919e7ad5b1603e8dcf50,16,0.2834894061088562,Sumer,Anything,Rostam,CRX,2017,2016,pop,rock
261620,7c60d8a9a75e4411b1236229903791c8a1ed88f8,192792,9981ba50ba01b3bb684e4d129ba9c137548fc75b,17,0.2619631886482239,Sumer,Scoobys in the Back,Rostam,Halfnoise,2017,2017,pop,pop
261620,7c60d8a9a75e4411b1236229903791c8a1ed88f8,129177,a9fe7dccd7f60b2be600af3b121d908caf6c70ef,18,0.3255368173122406,Sumer,I Want It,Rostam,Two Feet,2017,2018,pop,pop
261620,7c60d8a9a75e4411b1236229903791c8a1ed88f8,478866,3e6f5c0f42fbcc47771a8203cab3e53955260bd0,19,0.2692888677120209,Sumer,Need You Now,Rostam,Antoine Bradford,2017,2019,pop,rb
261620,7c60d8a9a75e4411b1236229903791c8a1ed88f8,477911,b90ff5c24d37987f189a2978b74f02e6b82b3645,20,0.11120171844959259,Sumer,Sentimental Journey,Rostam,Pere Ubu,2017,1978,pop,rock
213952,c5ad0447bbcdad2935bb0ff11ffe6563e0181a2d,371555,11d5c27415b80790bff7f841c0276e3a91389760,1,0.9551836848258972,Runaways,Runaway Girl,Lowell,Dion,2018,1961,pop,pop
213952,c5ad0447bbcdad2935bb0ff11ffe6563e0181a2d,207271,294174b3a7467309f06b8429ba8b5d19db875052,2,0.9403047561645508,Runaways,Seventeen,Lowell,The Midnight,2018,2020,pop,pop
213952,c5ad0447bbcdad2935bb0ff11ffe6563e0181a2d,514327,ddbd03780feeb517fa06868ffeb75e63f367ddf5,3,0.9532389640808105,Runaways,Runaway,Lowell,Kali Uchis,2018,2022,pop,pop
213952,c5ad0447bbcdad2935bb0ff11ffe6563e0181a2d,130933,497e154d1d9efcc12cb1f9afc2c4b72bdfaed2d6,4,0.9454277753829956,Runaways,Runaway,Lowell,Avril Lavigne,2018,2007,pop,pop
213952,c5ad0447bbcdad2935bb0ff11ffe6563e0181a2d,341647,330016f903e2b8f73b55785a3086c7d099a0d334,5,0.9512431025505066,Runaways,Runaway,Lowell,Parachute Youth,2018,2015,pop,pop
213952,c5ad0447bbcdad2935bb0ff11ffe6563e0181a2d,373334,93a434be2658112c2b516de08b4f9126f85887bc,6,0.9517160654067993,Runaways,Runaway,Lowell,Moodymann,2018,2004,pop,pop
213952,c5ad0447bbcdad2935bb0ff11ffe6563e0181a2d,447061,8e1a00629a80da2acc4250b7f369761405fe2b16,7,0.9504263997077942,Runaways,Runaway,Lowell,LEBROCK,2018,2018,pop,pop
213952,c5ad0447bbcdad2935bb0ff11ffe6563e0181a2d,233287,0139b66b7e9a4f3ac39ed6a050d71bbe9980557e,8,0.949806809425354,Runaways,Runaway,Lowell,David Soh,2018,2018,pop,pop
213952,c5ad0447bbcdad2935bb0ff11ffe6563e0181a2d,115163,2d7f9300a6a3c6b022ada6d2f5ec288d600dbc1f,9,0.9495393633842468,Runaways,Runaway,Lowell,Felix Cartal,2018,2018,pop,pop
213952,c5ad0447bbcdad2935bb0ff11ffe6563e0181a2d,322548,7f46f6f8c1255a43889cea5474ddeec5dc5e44af,10,0.9495328664779663,Runaways,Runaway,Lowell,Cher,2018,1998,pop,pop
213952,c5ad0447bbcdad2935bb0ff11ffe6563e0181a2d,348858,acf103120b0dcbaac52c0e9653ef2c48ee5dfb66,11,0.9492044448852539,Runaways,Runaway,Lowell,The Skins,2018,2016,pop,rb
213952,c5ad0447bbcdad2935bb0ff11ffe6563e0181a2d,429482,ace76f676487bdf7e0cee4a89d67feaeb17613cf,12,0.9490553140640259,Runaways,Out of My Element,Lowell,Devvon Terrell,2018,2017,pop,rb
213952,c5ad0447bbcdad2935bb0ff11ffe6563e0181a2d,481300,379138a439107478e9ee665ea05c9458c0a1cef8,13,0.9483602046966553,Runaways,Runaway,Lowell,Nice as Fuck,2018,2016,pop,rock
213952,c5ad0447bbcdad2935bb0ff11ffe6563e0181a2d,500985,2662606b439873c6ca031cbc368ab3dc6a839cbb,14,0.9479742050170898,Runaways,Runaway,Lowell,Bakar,2018,2022,pop,pop
213952,c5ad0447bbcdad2935bb0ff11ffe6563e0181a2d,99585,277104ea82da49f1f65d2e88aaa7ce102dce0566,15,0.9478797316551208,Runaways,Make A Shadow,Lowell,Meg Myers,2018,2015,pop,rock
213952,c5ad0447bbcdad2935bb0ff11ffe6563e0181a2d,47090,d51b67c3449082941587dadc451d2ef723777fdd,16,0.9486536383628845,Runaways,Runaway Tin Tin Out Single Remix,Lowell,The Corrs,2018,1999,pop,pop
213952,c5ad0447bbcdad2935bb0ff11ffe6563e0181a2d,332625,38e8c37fb6e406710c683449c4b5b423e20769e3,17,0.9478002190589905,Runaways,Fade to Black,Lowell,Mark Diamond,2018,2013,pop,pop
213952,c5ad0447bbcdad2935bb0ff11ffe6563e0181a2d,100485,668b5384b5558fb7c7139f4b5e667be03e362a0e,18,0.9471978545188904,Runaways,Runaway,Lowell,Krewella,2018,2018,pop,pop
213952,c5ad0447bbcdad2935bb0ff11ffe6563e0181a2d,415568,b73cd4f21091f112f710455fa607af5aa6162caa,19,0.9437599778175354,Runaways,Runaway,Lowell,The Kooks,2018,2011,pop,rock
213952,c5ad0447bbcdad2935bb0ff11ffe6563e0181a2d,237792,e686a631db0654907cbebcafaa518342547f2aec,20,0.9410666227340698,Runaways,Closed Doors,Lowell,Amber Liu,2018,2018,pop,pop
106952,bd098ce7442ac8df51c1a98797eaa1007957f9fe,150655,8a74fba81c003dfb7a9ae56ebf17d48eee37f017,1,0.48651939630508423,마침표 Full Stop,Last Time,IU,Typecast,2017,2002,pop,pop
106952,bd098ce7442ac8df51c1a98797eaa1007957f9fe,87055,5286831460f8a8f9b9d4445ddb5213bf6ac793f4,2,0.43501016497612,마침표 Full Stop,A Little More Homework,IU,Graham Phillips,2017,2008,pop,pop
106952,bd098ce7442ac8df51c1a98797eaa1007957f9fe,172923,9d1b8377a9bf68c8c9c90a9c7c2b86a82d3e4304,3,0.41515806317329407,마침표 Full Stop,Dem Nuh Happy Fi We,IU,Masicka,2017,2018,pop,pop
106952,bd098ce7442ac8df51c1a98797eaa1007957f9fe,124266,8f23622a5c870bc23e2a863b5ca11305d4261a75,4,0.4015740752220154,마침표 Full Stop,Waiting on the Warmth,IU,MorMor,2017,2018,pop,pop
106952,bd098ce7442ac8df51c1a98797eaa1007957f9fe,71595,644bc1630191d90429cd10180866516e86e24bee,5,0.3422442674636841,마침표 Full Stop,Much Too Much,IU,Lennon Stella,2017,2020,pop,pop
106952,bd098ce7442ac8df51c1a98797eaa1007957f9fe,322135,723e6fddb7a743cf10e320c38e37ba65118194a9,6,0.42957863211631775,마침표 Full Stop,Treasure,IU,The Cure,2017,1996,pop,rock
106952,bd098ce7442ac8df51c1a98797eaa1007957f9fe,242092,281d6d5b207c601d8b79c75e18015aae77024d7c,7,0.4012692868709564,마침표 Full Stop,Your Cocoon,IU,Jerry Paper,2017,2018,pop,pop
106952,bd098ce7442ac8df51c1a98797eaa1007957f9fe,421997,f02868d6d6679bd545bc3f7126cbdd4304c50e92,8,0.4244096875190735,마침표 Full Stop,Never Get Over You,IU,George Harrison,2017,2002,pop,rock
106952,bd098ce7442ac8df51c1a98797eaa1007957f9fe,100691,06913b4d0139f0e8074507c0f3f44aba0d8636ba,9,0.3409167528152466,마침표 Full Stop,​im so sad,IU,Garrett Nash,2017,2019,pop,rb
106952,bd098ce7442ac8df51c1a98797eaa1007957f9fe,212486,0c2ab05d3b920646058e9245c2a18a05cab6a4cc,10,0.3930334448814392,마침표 Full Stop,Then I Met You,IU,The Proclaimers,2017,1988,pop,pop
106952,bd098ce7442ac8df51c1a98797eaa1007957f9fe,316928,bd4072e135eaf8c63e9b48f94afcb29b7175364a,11,0.39802372455596924,마침표 Full Stop,Forever in my heart,IU,4 P.M.,2017,1994,pop,pop
106952,bd098ce7442ac8df51c1a98797eaa1007957f9fe,353580,e1acfe1447352af7fdcb150e9174e47c19e17c12,12,0.33761680126190186,마침표 Full Stop,A Song About Apples Always Love Yourself,IU,Reggie Watts,2017,2016,pop,pop
106952,bd098ce7442ac8df51c1a98797eaa1007957f9fe,365096,8b6caa21babbd39522b58a6e323a23ccb0025b16,13,0.3471248745918274,마침표 Full Stop,Shes got that light - orange-mix,IU,Orange Blue,2017,2015,pop,pop
106952,bd098ce7442ac8df51c1a98797eaa1007957f9fe,379706,8f2a8d8858d9aac63ad705b841c75109e57c0508,14,0.32668083906173706,마침표 Full Stop,If I Coulda Woulda Shoulda,IU,Lou Rawls,2017,1977,pop,rb
106952,bd098ce7442ac8df51c1a98797eaa1007957f9fe,90492,505894844f832c94b3937678123a02368bcca55f,15,0.3414287865161896,마침표 Full Stop,Bent,IU,Matchbox Twenty,2017,2000,pop,rock
106952,bd098ce7442ac8df51c1a98797eaa1007957f9fe,13284,c21d66dff05abef5f42c2cb287fd55bef01249ed,16,0.36692529916763306,마침표 Full Stop,Won’t Be Late,IU,Swae Lee,2017,2019,pop,pop
106952,bd098ce7442ac8df51c1a98797eaa1007957f9fe,273687,6131de593dad6e948ec6e20827e7433534863891,17,0.4308485686779022,마침표 Full Stop,Driving,IU,Sibylle Baier,2017,2006,pop,pop
106952,bd098ce7442ac8df51c1a98797eaa1007957f9fe,18031,e5b177b434c1252fa2248b75003812d99506a4a8,18,0.3859565556049347,마침표 Full Stop,The Sign,IU,Ace of Base,2017,1993,pop,pop
106952,bd098ce7442ac8df51c1a98797eaa1007957f9fe,384514,69380d5e5f5b1a6a98c4b84818ee390ac73fba4c,19,0.3429483473300934,마침표 Full Stop,Say Please,IU,Tonight Alive,2017,2013,pop,rock
106952,bd098ce7442ac8df51c1a98797eaa1007957f9fe,21357,875183bc45b662614f8717e7af16a2b089ea26a6,20,0.34991464018821716,마침표 Full Stop,Shame,IU,Summer Walker,2017,2018,pop,rb
352699,c09e64c4d822775af86726ef843a8c6fc9442fd3,433053,6167400fca0e221c975a743526fa6ec6f8ed755d,1,0.7835412621498108,Church,Karaoke,Far East Movement,Ginger Root,2016,2020,pop,rock
352699,c09e64c4d822775af86726ef843a8c6fc9442fd3,506161,7419d49059c41a426b31c75f84697095fbf389f7,2,0.7234193682670593,Church,The Church,Far East Movement,Fellowship Creative,2016,2022,pop,pop
352699,c09e64c4d822775af86726ef843a8c6fc9442fd3,161703,57fe9955388b79fb15acd1c3d8a07a5b13c2529b,3,0.7312586307525635,Church,Drunk Text Message to God,Far East Movement,Watsky,2016,2014,pop,misc
352699,c09e64c4d822775af86726ef843a8c6fc9442fd3,331754,52d7bb05dac63f58a8c1bafaae7e5314c3099e1c,4,0.6983225345611572,Church,My Love,Far East Movement,M.A.G.S.,2016,2015,pop,rock
352699,c09e64c4d822775af86726ef843a8c6fc9442fd3,15227,bda85e5060071eb20019555a26ca7a2ba0d8d469,5,0.6085959076881409,Church,Elsie’s Baby Boy flashback,Far East Movement,Kid Cudi,2016,2020,pop,rap
352699,c09e64c4d822775af86726ef843a8c6fc9442fd3,11772,200a5916348a09324b249ca73652d2130d692c6b,6,0.6789843440055847,Church,Church,Far East Movement,The Game,2016,2012,pop,rap
352699,c09e64c4d822775af86726ef843a8c6fc9442fd3,154433,437ecb3ffec9a5eeec757b9e854cbc4b43e5f9e3,7,0.697969377040863,Church,Take em to Church,Far East Movement,MO3,2016,2016,pop,rap
352699,c09e64c4d822775af86726ef843a8c6fc9442fd3,330184,bdb9301c420acfccf21950c5f66e780b8257be76,8,0.7259454727172852,Church,Church,Far East Movement,Jennifer Lopez,2016,2022,pop,pop
352699,c09e64c4d822775af86726ef843a8c6fc9442fd3,397792,d554cd09c546de4df714e5727292439a60e12c1d,9,0.6410529613494873,Church,Diddy Wa Diddie,Far East Movement,Leon Redbone,2016,1977,pop,pop
352699,c09e64c4d822775af86726ef843a8c6fc9442fd3,256593,bab6c01293a2f83107baf5b4cfbbe5b5e75343d5,10,0.5933846235275269,Church,Downtowns Lights,Far East Movement,Kevin Morby,2016,2017,pop,rock
352699,c09e64c4d822775af86726ef843a8c6fc9442fd3,372645,81176a695a98a51e6c73a8cd5651fbc83bd4026b,11,0.568718671798706,Church,Hallalujah,Far East Movement,Cam'ron,2016,2017,pop,rap
352699,c09e64c4d822775af86726ef843a8c6fc9442fd3,286867,7660eb0fdc5aa2ec265f8e01fda860f3256b8e68,12,0.7244195342063904,Church,Get Right Church,Far East Movement,Chester Baldwin,2016,2015,pop,pop
352699,c09e64c4d822775af86726ef843a8c6fc9442fd3,495419,43c5848e3ce59ba68a2792ce912f1200ec60a68e,13,0.7244195342063904,Church,When You Are A Martian Church,Far East Movement,Rudimentary Peni,2016,1983,pop,rock
352699,c09e64c4d822775af86726ef843a8c6fc9442fd3,506418,549d281aa8d7c2fec21a5ffb38a75cea82a82dcd,14,0.7244195342063904,Church,Monday Thru Sunday,Far East Movement,Cochise,2016,2022,pop,rap
352699,c09e64c4d822775af86726ef843a8c6fc9442fd3,294632,23bb2063fa81e76f7627b7f6bedae65be0052963,15,0.7244195342063904,Church,Do You Like Worms,Far East Movement,The Beach Boys,2016,1993,pop,pop
352699,c09e64c4d822775af86726ef843a8c6fc9442fd3,397247,f9ad1a77d2797213e69097a3e0661682c1413bcc,16,0.7244195342063904,Church,Think of Me When They Sound,Far East Movement,Circa Survive,2016,2014,pop,rock
352699,c09e64c4d822775af86726ef843a8c6fc9442fd3,109554,7013a3fdab3943a44bded28b43ff7de17cf8ddd0,17,0.7240093946456909,Church,Get Right Church,Far East Movement,John Hammond,2016,1967,pop,pop
352699,c09e64c4d822775af86726ef843a8c6fc9442fd3,11061,abfe8488f6556f36979f9041947e88593df6b37c,18,0.673431932926178,Church,Church,Far East Movement,BJ the Chicago Kid,2016,2015,pop,rb
352699,c09e64c4d822775af86726ef843a8c6fc9442fd3,19715,9cdf3541a95e63d0aec9a773f2b8ba822b181065,19,0.6032693386077881,Church,Church,Far East Movement,Chase Atlantic,2016,2017,pop,pop
352699,c09e64c4d822775af86726ef843a8c6fc9442fd3,307813,6822b4c9134f5cc163343cf11917b0c6b3831558,20,0.7154906988143921,Church,Come To Church,Far East Movement,Emo The Musical,2016,2017,pop,rock
469585,354ba0cd482b394b47c49a0c6a4c88921b98690c,231431,7268f2104ad839fe015f23e97d33711510569f9d,1,0.4103843867778778,Wont Let Me Out,My Young Niggas,C-Murder,Doughboyz Cashout,2005,2013,pop,rap
469585,354ba0cd482b394b47c49a0c6a4c88921b98690c,14700,ec2410e531c3c713fc82474908659705312f0491,2,0.40250301361083984,Wont Let Me Out,Locked Up,C-Murder,Akon,2005,2004,pop,rap
469585,354ba0cd482b394b47c49a0c6a4c88921b98690c,380441,84b3bb2506a1f62165b0def4edfffef5fec9767a,3,0.328782320022583,Wont Let Me Out,Gang Bangin’ Mr. Clean the Middle Man,C-Murder,Gucci Mane,2005,2015,pop,rap
469585,354ba0cd482b394b47c49a0c6a4c88921b98690c,365554,2c52ca5e578c3654cdadef477a75be3fec5f0755,4,0.29366153478622437,Wont Let Me Out,Never Get To You,C-Murder,Moon Boots,2005,2017,pop,pop
469585,354ba0cd482b394b47c49a0c6a4c88921b98690c,403753,a059422ae4c8fa7bafef9b93ded6600298420d10,5,0.25203657150268555,Wont Let Me Out,UK Drill Videos be like... Get Man Down,C-Murder,MBbants,2005,2020,pop,misc
469585,354ba0cd482b394b47c49a0c6a4c88921b98690c,275544,df8a6d9dc9b648c7b77c763921b442f056e4ccba,6,0.2635919451713562,Wont Let Me Out,Warden,C-Murder,The Tin Box Boys,2005,2015,pop,country
469585,354ba0cd482b394b47c49a0c6a4c88921b98690c,92397,9736d63a541469876abec6e118185b7e54e3419c,7,0.30070817470550537,Wont Let Me Out,Work Song,C-Murder,Nina Simone,2005,1961,pop,rb
469585,354ba0cd482b394b47c49a0c6a4c88921b98690c,236403,6c6d5c34b405785612e332290f47654c861d3ac9,8,0.28046461939811707,Wont Let Me Out,Tryin’ ta Win,C-Murder,Stat Quo,2005,2006,pop,rap
469585,354ba0cd482b394b47c49a0c6a4c88921b98690c,176152,128a0be67ef096d67b7c40e95bcf15d0424faabe,9,0.3067243695259094,Wont Let Me Out,Frozen,C-Murder,Loose1,2005,2018,pop,rap
469585,354ba0cd482b394b47c49a0c6a4c88921b98690c,101234,d32561d2d48a9a0c5f9323c93d0dc357f3d32a9a,10,0.30167147517204285,Wont Let Me Out,Train Tracks,C-Murder,Jelly Roll,2005,2016,pop,rap
469585,354ba0cd482b394b47c49a0c6a4c88921b98690c,241219,32cb8ce0d8b8f796003ab2820a7685893f1fa361,11,0.25208210945129395,Wont Let Me Out,Live By The Gun,C-Murder,R. City,2005,2015,pop,rap
469585,354ba0cd482b394b47c49a0c6a4c88921b98690c,127807,81befab4496d82422a85f5c8e382d0b90b3b0fee,12,0.33355414867401123,Wont Let Me Out,You Can See,C-Murder,Jadakiss,2005,2015,pop,rap
469585,354ba0cd482b394b47c49a0c6a4c88921b98690c,72390,d0338eec17940b5020ea687686ae8e8b0688e959,13,0.2685781717300415,Wont Let Me Out,God’s My Witness,C-Murder,Lil Baby,2005,2022,pop,rap
469585,354ba0cd482b394b47c49a0c6a4c88921b98690c,78412,770edb1e119f0d4c5f0e731d0f3a9ce3599892b6,14,0.3193145990371704,Wont Let Me Out,What Your Life Like,C-Murder,The Game,2005,2016,pop,rap
469585,354ba0cd482b394b47c49a0c6a4c88921b98690c,292658,fe2388092c21f8625a61342b700b6a8cf0086dbe,15,0.2582710087299347,Wont Let Me Out,How Could You Do This to Me,C-Murder,Guerilla Maab,2005,2002,pop,rap
469585,354ba0cd482b394b47c49a0c6a4c88921b98690c,433838,025512e3fdf5b49e4a1198dc99827aaa2189d153,16,0.2745444178581238,Wont Let Me Out,Dear Supreme Court,C-Murder,Boosie Badazz & C-Murder,2005,2016,pop,rap
469585,354ba0cd482b394b47c49a0c6a4c88921b98690c,428311,f9b70974a7a0c20672ea1938eb4ffb29682e79d5,17,0.2842460870742798,Wont Let Me Out,Front Page,C-Murder,Prime Boys,2005,2016,pop,rap
469585,354ba0cd482b394b47c49a0c6a4c88921b98690c,187418,1f17414630d82fde491b0faa5844343be3d0606b,18,0.3032475709915161,Wont Let Me Out,Loyalty,C-Murder,Lil Zay Osama,2005,2020,pop,rap
469585,354ba0cd482b394b47c49a0c6a4c88921b98690c,192286,df52f1b1577008581b2da9dca8e89503a43f15b9,19,0.30949342250823975,Wont Let Me Out,Cases,C-Murder,Yo Gotti,2005,2012,pop,rap
469585,354ba0cd482b394b47c49a0c6a4c88921b98690c,453582,04c239cbcdde41ee2397c790532cdf706508cdc3,20,0.29124313592910767,Wont Let Me Out,Cookout,C-Murder,Dreamer Isioma,2005,2020,pop,pop
502900,3e8b6840e5215b936d1a63b3906f3fbbdf520a05,51370,f6e2c68ae0fc2832df959b5e725dd439e6c11f01,1,0.8529694080352783,Northern Lights,Fade Away,Ella Henderson,Susanne Sundfr,2022,2014,pop,pop
502900,3e8b6840e5215b936d1a63b3906f3fbbdf520a05,286483,0abedd2a712305ddb1377da195ef34e0840a68a3,2,0.8127720952033997,Northern Lights,I Love You,Ella Henderson,Laureline,2022,2018,pop,pop
502900,3e8b6840e5215b936d1a63b3906f3fbbdf520a05,133267,7f2358217c1fa9f5ac639bf6adc5b5a9534ee5c0,3,0.8368356823921204,Northern Lights,I Kinda Miss You,Ella Henderson,Gracie Abrams,2022,2016,pop,pop
502900,3e8b6840e5215b936d1a63b3906f3fbbdf520a05,402768,71265c3477e15054bc543232dc25f081ff20a1b2,4,0.848628044128418,Northern Lights,One Heartbeat,Ella Henderson,Smokey Robinson,2022,1987,pop,rb
502900,3e8b6840e5215b936d1a63b3906f3fbbdf520a05,161957,bdd289b48c6f2c1181874acee384aa89b3f8a96e,5,0.8251160383224487,Northern Lights,In Love,Ella Henderson,Prince,2022,1978,pop,rock
502900,3e8b6840e5215b936d1a63b3906f3fbbdf520a05,371219,71c57c7d10d264cef7a971ad30a9bde3961cc447,6,0.8313329815864563,Northern Lights,Uh Oh,Ella Henderson,Jeremy Shada,2022,2020,pop,pop
502900,3e8b6840e5215b936d1a63b3906f3fbbdf520a05,313768,6b1e4e334367d40434c922e9c83a42967f8f85e5,7,0.8323211669921875,Northern Lights,Wind It Up,Ella Henderson,Todrick Hall,2022,2015,pop,pop
502900,3e8b6840e5215b936d1a63b3906f3fbbdf520a05,373069,e0b5195999d76ee7a7059f6419596e6fd3c2029c,8,0.7632864713668823,Northern Lights,Red Hot Kinda Love,Ella Henderson,Christina Aguilera,2022,2012,pop,pop
502900,3e8b6840e5215b936d1a63b3906f3fbbdf520a05,4148,4b41510305cae428a614872140005b80702166b9,9,0.7914621233940125,Northern Lights,Fallin All in You,Ella Henderson,Shawn Mendes,2022,2018,pop,pop
502900,3e8b6840e5215b936d1a63b3906f3fbbdf520a05,512322,63bae0ee87d53b7436263c8410f9b72e0a5c9382,10,0.815191924571991,Northern Lights,Push It Up,Ella Henderson,Confidence Man,2022,2022,pop,pop
502900,3e8b6840e5215b936d1a63b3906f3fbbdf520a05,246184,8d344cb6939aff29b9f20900c89fe4e4e4f6da89,11,0.774592399597168,Northern Lights,Nights Like This,Ella Henderson,The Five Heartbeats,2022,1991,pop,rb
502900,3e8b6840e5215b936d1a63b3906f3fbbdf520a05,286213,9254141c41aa4529d4de6a00dc35f68b9a4c6b4d,12,0.78312748670578,Northern Lights,Naked Heart,Ella Henderson,Tuka,2022,2018,pop,rap
502900,3e8b6840e5215b936d1a63b3906f3fbbdf520a05,428658,d4632d010bc683dbafc1bbf4b9d89b0df86ec239,13,0.7807357907295227,Northern Lights,2 AM,Ella Henderson,Marco Luka,2022,2018,pop,rb
502900,3e8b6840e5215b936d1a63b3906f3fbbdf520a05,102493,ceedd0adf1f821e0a900e3e90a6a31aa66a15b42,14,0.8221826553344727,Northern Lights,You Got It On,Ella Henderson,Justin Timberlake,2022,2013,pop,pop
502900,3e8b6840e5215b936d1a63b3906f3fbbdf520a05,128640,de8ef6cedf72517396ee4a1123c3ffb37d3a8b71,15,0.8121410608291626,Northern Lights,Give a Little More,Ella Henderson,Maroon 5,2022,2010,pop,pop
502900,3e8b6840e5215b936d1a63b3906f3fbbdf520a05,62192,a687703076af73dfe18db5e1d6a2c9327ab9209c,16,0.7956272959709167,Northern Lights,I Didn’t Mean to Fall in Love,Ella Henderson,Snoh Aalegra,2022,2019,pop,rb
502900,3e8b6840e5215b936d1a63b3906f3fbbdf520a05,22955,48e519b7f119aba481485dc8f34dcfc806aa3626,17,0.7555587887763977,Northern Lights,Filipina Girl,Ella Henderson,Billy Crawford,2022,2019,pop,rb
502900,3e8b6840e5215b936d1a63b3906f3fbbdf520a05,346386,0752e56249ccd8af27f73c4249d4cdd71bf2396d,18,0.7966017723083496,Northern Lights,Ibiza,Ella Henderson,Mavi Phoenix,2022,2018,pop,rap
502900,3e8b6840e5215b936d1a63b3906f3fbbdf520a05,488775,b592fc2b5e45af99cb734b16e82be7bcc53b9dc0,19,0.7705873250961304,Northern Lights,So It Must Be True,Ella Henderson,The Greeting Committee,2022,2021,pop,pop
502900,3e8b6840e5215b936d1a63b3906f3fbbdf520a05,490047,9933ba03beabdba82af9afe0af11c33358d1e816,20,0.7813178300857544,Northern Lights,Forget About Me,Ella Henderson,ALIUS,2022,2017,pop,pop
45255,a4c0a37c435724e77cc34862519c8e10f8a344e3,330090,cca741530d23d07c3388143748e55e1940209557,1,0.897070050239563,3 AM,3 AM Remix,HAIM,HAIM,2020,2021,pop,rb
45255,a4c0a37c435724e77cc34862519c8e10f8a344e3,313620,8bfc4f6ad7888ad3a07e44caab4dc52b515b9fa5,2,0.7764095067977905,3 AM,10-Year-Taipei Matured 17,HAIM,Sunset Rollercoaster,2020,2016,pop,rock
45255,a4c0a37c435724e77cc34862519c8e10f8a344e3,463933,d691c34dc873c31aded58718607667c74db975f0,3,0.7971713542938232,3 AM,Now Or Never,HAIM,Dope,2020,2001,pop,rock
45255,a4c0a37c435724e77cc34862519c8e10f8a344e3,442825,77c4737b0f212f8a6cd3344ef73eb56e70c6293e,4,0.7412839531898499,3 AM,Temporarily Lost,HAIM,Jason Robert Brown,2020,2014,pop,pop
45255,a4c0a37c435724e77cc34862519c8e10f8a344e3,269519,67c2e59f6c40a347978e3f46284297d0a3d697ba,5,0.6914510130882263,3 AM,Smallest Light,HAIM,Ingrid Michaelson,2020,2017,pop,pop
45255,a4c0a37c435724e77cc34862519c8e10f8a344e3,462401,4957f33bb199dc7883a31ad5a442a4fae6dc0ea8,6,0.7888088226318359,3 AM,No One Has,HAIM,Mudhoney,2020,1988,pop,pop
45255,a4c0a37c435724e77cc34862519c8e10f8a344e3,60954,59a35149d22e140139e069c4450f6c3bf2a59bca,7,0.7569210529327393,3 AM,Nothings the Same,HAIM,Alexander 23 & Jeremy Zucker,2020,2020,pop,pop
45255,a4c0a37c435724e77cc34862519c8e10f8a344e3,505710,e34367fc3d6dd95c105d4ed1acecce4b7735f27e,8,0.7971713542938232,3 AM,You You You,HAIM,GERD,2020,2022,pop,pop
45255,a4c0a37c435724e77cc34862519c8e10f8a344e3,153975,002f91a75d2ef7563c6e6d351198c976eb7612f5,9,0.7971713542938232,3 AM,​u can still come over,HAIM,BETWEEN FRIENDS,2020,2019,pop,pop
45255,a4c0a37c435724e77cc34862519c8e10f8a344e3,449967,bf174ff4b45e86bf8f1de4ed7440d676496bc7fd,10,0.7971713542938232,3 AM,Comfortable,HAIM,Moods,2020,2018,pop,pop
45255,a4c0a37c435724e77cc34862519c8e10f8a344e3,412127,384a1eeb7590a7c958b088f803d67c0d9cad2ffd,11,0.7479768991470337,3 AM,Before the Rain Overthinking,HAIM,Cooliecut,2020,2019,pop,rap
45255,a4c0a37c435724e77cc34862519c8e10f8a344e3,198567,cfc46f1d40bc0caccdff94b861258e4d994a2a6e,12,0.7726578712463379,3 AM,Echo Home,HAIM,The Kills,2020,2016,pop,rock
45255,a4c0a37c435724e77cc34862519c8e10f8a344e3,446214,fe5ed231e7c11160b94eec282759345b29adcc49,13,0.7741936445236206,3 AM,Dont Touch Yourself,HAIM,Russian Village Boys,2020,2020,pop,pop
45255,a4c0a37c435724e77cc34862519c8e10f8a344e3,388339,77d31e8aaa4199f9916a54d9d87f4f522da9d697,14,0.7140358090400696,3 AM,An Almighty Thud,HAIM,We Were Promised Jetpacks,2020,2009,pop,rock
45255,a4c0a37c435724e77cc34862519c8e10f8a344e3,356813,cb5e3b153d9a43baab1e56b14165052d8fb62b6a,15,0.7430543899536133,3 AM,If It Wasnt For You,HAIM,Various Cruelties,2020,2010,pop,rock
45255,a4c0a37c435724e77cc34862519c8e10f8a344e3,278191,25487f509114642058b8b28f606a7caffe651d1d,16,0.7211907505989075,3 AM,Cooler,HAIM,Mikey Mike,2020,2018,pop,pop
45255,a4c0a37c435724e77cc34862519c8e10f8a344e3,180120,dbcd2cc5259fc02e851b4b1cc2dfdd10fdd77797,17,0.7295041084289551,3 AM,Before It Ends,HAIM,Liam Payne,2020,2019,pop,pop
45255,a4c0a37c435724e77cc34862519c8e10f8a344e3,95346,d57d463600ffbe954bc0811125caa13698a5e9e2,18,0.7262367010116577,3 AM,I Lost My Mind @,HAIM,Titus Andronicus,2020,2015,pop,rock
45255,a4c0a37c435724e77cc34862519c8e10f8a344e3,196343,bacc33af4a374af3e00132e3f3e016b343209a59,19,0.7573383450508118,3 AM,Lost,HAIM,Donkeyboy,2020,2015,pop,pop
45255,a4c0a37c435724e77cc34862519c8e10f8a344e3,104154,edce013f724a09890d4fd469910e33a36fde8977,20,0.7579129934310913,3 AM,Find Yourself,HAIM,Brad Paisley,2020,2006,pop,country
500152,d321054046456bb70d75f7bc1fee4fc3ad740b15,388578,37943559bfdb9eeffc4b807365c6c24b78482594,1,0.8853041529655457,Blixky What,T.I.P.,Nas EBK x Yagi B Trend,BeezyB,2022,2018,rap,rap
500152,d321054046456bb70d75f7bc1fee4fc3ad740b15,20285,6b8cc3a1f437ac616bde786807ff0ff4871bcc8a,2,0.8609148263931274,Blixky What,God is Perfect,Nas EBK x Yagi B Trend,Freddie Gibbs & The Alchemist,2022,2020,rap,rap
500152,d321054046456bb70d75f7bc1fee4fc3ad740b15,501020,84fc5fc8cb2281d121f1d460dfbe90dec7c352d0,3,0.8496246933937073,Blixky What,Top of the City,Nas EBK x Yagi B Trend,MoMoney Moo,2022,2022,rap,rap
500152,d321054046456bb70d75f7bc1fee4fc3ad740b15,56945,81b24ec9296990fb616e82b8d836cbc12f2d2f3a,4,0.8614097237586975,Blixky What,On Purpose,Nas EBK x Yagi B Trend,Dougie F,2022,2015,rap,rap
500152,d321054046456bb70d75f7bc1fee4fc3ad740b15,311470,67ce55b09f76009ee3335cc20e0d13e69ccbd2f9,5,0.8337680697441101,Blixky What,Contraband,Nas EBK x Yagi B Trend,Duwap Kaine,2022,2017,rap,rap
500152,d321054046456bb70d75f7bc1fee4fc3ad740b15,515167,17e92a85a1bd55d978d66d584259635492ba2601,6,0.8362887501716614,Blixky What,Hate Me Or Love Me Remix,Nas EBK x Yagi B Trend,YungLiV,2022,2022,rap,rap
500152,d321054046456bb70d75f7bc1fee4fc3ad740b15,454798,8272b4ad87ef4a328a06fd90c6abedde96ec7961,7,0.8409100770950317,Blixky What,SadSouljaFrosty,Nas EBK x Yagi B Trend,Sad Frosty & Soulja Boy,2022,2019,rap,rap
500152,d321054046456bb70d75f7bc1fee4fc3ad740b15,370170,1790da3c452b1329363e4282dd36f146e3e3a1d6,8,0.8043571710586548,Blixky What,Brock Lesnar,Nas EBK x Yagi B Trend,SSG Splurge,2022,2020,rap,rap
500152,d321054046456bb70d75f7bc1fee4fc3ad740b15,84264,af9d8d1761feac88414bec0b76bcbb0caa9bcd1c,9,0.7974526286125183,Blixky What,Get Back Mode,Nas EBK x Yagi B Trend,Boss Top,2022,2019,rap,rap
500152,d321054046456bb70d75f7bc1fee4fc3ad740b15,414902,75f82a630e6954b8b542794788e88fc2d6dd431e,10,0.844935953617096,Blixky What,Kickback,Nas EBK x Yagi B Trend,Slimesito & Fluhkunxhkos,2022,2019,rap,rap
500152,d321054046456bb70d75f7bc1fee4fc3ad740b15,7158,ecf04543d2a2e9cd638be0b0fb781c6cc78339c2,11,0.835131824016571,Blixky What,In and Out,Nas EBK x Yagi B Trend,Lud Foe,2022,2017,rap,rap
500152,d321054046456bb70d75f7bc1fee4fc3ad740b15,395012,6d0d0999a1d39a09944ae9e4f7a8dbf4b585adf4,12,0.8261497616767883,Blixky What,Killswitch,Nas EBK x Yagi B Trend,Soulja Boy,2022,2019,rap,rap
500152,d321054046456bb70d75f7bc1fee4fc3ad740b15,442896,59d746a10b1e19e44cde6845317bfb2a91798645,13,0.8225358724594116,Blixky What,Top 10,Nas EBK x Yagi B Trend,SSG Splurge,2022,2020,rap,rap
500152,d321054046456bb70d75f7bc1fee4fc3ad740b15,254154,b85fbdcd1503c27c44a5263b9a3479b6ab869aba,14,0.8438606262207031,Blixky What,Dead Niggas,Nas EBK x Yagi B Trend,Spinabenz,2022,2020,rap,rap
500152,d321054046456bb70d75f7bc1fee4fc3ad740b15,507685,3088c67ef70e0986643f01b376e4c6f90c510d45,15,0.8241857886314392,Blixky What,Cant Hang,Nas EBK x Yagi B Trend,midwxst,2022,2022,rap,rap
500152,d321054046456bb70d75f7bc1fee4fc3ad740b15,193520,2679f3cbd8a1df1188ad480f661f8fcbc631ee0f,16,0.7833106517791748,Blixky What,Patient,Nas EBK x Yagi B Trend,Lil Tjay,2022,2020,rap,rap
500152,d321054046456bb70d75f7bc1fee4fc3ad740b15,229862,7d430ab5bca6c164d9230c7b09a573e946d3cbde,17,0.809097170829773,Blixky What,Opp Flow,Nas EBK x Yagi B Trend,Jdot Breezy,2022,2021,rap,rap
500152,d321054046456bb70d75f7bc1fee4fc3ad740b15,107152,a2c0eb0f27084266d33f5b1fcb1814f7d8926e03,18,0.8144721984863281,Blixky What,Break Yoself,Nas EBK x Yagi B Trend,G Herbo,2022,2021,rap,rap
500152,d321054046456bb70d75f7bc1fee4fc3ad740b15,308668,2f03e16e92ebdc16567e88b77ced8e5123beab52,19,0.7665748596191406,Blixky What,Facts,Nas EBK x Yagi B Trend,BG Lil Pat & Bando HotHead,2022,2019,rap,rap
500152,d321054046456bb70d75f7bc1fee4fc3ad740b15,109964,2501f508e6c96d18dbddb703ea03a17a2a748e88,20,0.8141393661499023,Blixky What,Blueberry Faygo Demo,Nas EBK x Yagi B Trend,Lil Mosey,2022,2020,rap,rap
179032,a8a1faf10184e7c890b0a7466eb959a347271ac9,6338,39f5fc16025de4cb3be1386d7e453a9fe3208df3,1,0.9508152008056641,Pinocchio Story Freestyle Style Live At Hollywood Bowl 2015,Pinocchio Story,Kanye West,Kanye West,2015,2008,rap,pop
179032,a8a1faf10184e7c890b0a7466eb959a347271ac9,513336,377dae801c7997bb95ce605c7bab55b1a481db9b,2,0.906288743019104,Pinocchio Story Freestyle Style Live At Hollywood Bowl 2015,Ghosts in Me,Kanye West,PETER LAKE,2015,2022,rap,pop
179032,a8a1faf10184e7c890b0a7466eb959a347271ac9,138148,50a74110fe6b40b5d9a1d99cb8f533dfb6270a95,3,0.9221817255020142,Pinocchio Story Freestyle Style Live At Hollywood Bowl 2015,Make Me Feel,Kanye West,Galantis and East & Young,2015,2016,rap,pop
179032,a8a1faf10184e7c890b0a7466eb959a347271ac9,360926,a5ec4d0c25f953b4f515e409fd0e400441928580,4,0.8925235867500305,Pinocchio Story Freestyle Style Live At Hollywood Bowl 2015,Imaginary Friends,Kanye West,Japanese Wallpaper,2015,2019,rap,pop
179032,a8a1faf10184e7c890b0a7466eb959a347271ac9,469188,76f5e48d62583564bbe59d516e0694f6cde42536,5,0.918329656124115,Pinocchio Story Freestyle Style Live At Hollywood Bowl 2015,Real Nigga,Kanye West,Chisanity,2015,2015,rap,rb
179032,a8a1faf10184e7c890b0a7466eb959a347271ac9,436944,73f575b64e10f14ee12092ad77cdd92f87c90a78,6,0.9215778112411499,Pinocchio Story Freestyle Style Live At Hollywood Bowl 2015,How I Feel,Kanye West,Martin Ikin,2015,2019,rap,pop
179032,a8a1faf10184e7c890b0a7466eb959a347271ac9,329618,6e65f75a3aeb0f1747c2dcc5e45b7fa5ad70560b,7,0.9231836199760437,Pinocchio Story Freestyle Style Live At Hollywood Bowl 2015,How U Feel,Kanye West,Snakehips,2015,2017,rap,pop
179032,a8a1faf10184e7c890b0a7466eb959a347271ac9,353535,0d8f90fbbaa6cd2d1e566634873fd16be2b07c2b,8,0.9192942976951599,Pinocchio Story Freestyle Style Live At Hollywood Bowl 2015,Bullit so real,Kanye West,Watermt,2015,2015,rap,pop
179032,a8a1faf10184e7c890b0a7466eb959a347271ac9,50122,4377310b23f0961e94c11b6d08e12f8fdc7c76fa,9,0.9141135811805725,Pinocchio Story Freestyle Style Live At Hollywood Bowl 2015,Real Love,Kanye West,Clean Bandit & Jess Glynne,2015,2014,rap,pop
179032,a8a1faf10184e7c890b0a7466eb959a347271ac9,143028,08c62781d01e88016704e8e1dfe72b959fbe775d,10,0.9159884452819824,Pinocchio Story Freestyle Style Live At Hollywood Bowl 2015,Realize,Kanye West,Juice WRLD,2015,2019,rap,rap
179032,a8a1faf10184e7c890b0a7466eb959a347271ac9,103301,6ad03bd50654449fcba522da8816ab90d353f709,11,0.9142468571662903,Pinocchio Story Freestyle Style Live At Hollywood Bowl 2015,Real Niggas,Kanye West,Gunplay,2015,2012,rap,rap
179032,a8a1faf10184e7c890b0a7466eb959a347271ac9,90245,9e3f51965be0421e7d97e236f8e8322ab8870e52,12,0.9130761027336121,Pinocchio Story Freestyle Style Live At Hollywood Bowl 2015,The Realness,Kanye West,RuPaul,2015,2015,rap,pop
179032,a8a1faf10184e7c890b0a7466eb959a347271ac9,474411,89274c4498dc7b5c031314c296db4348627230ac,13,0.9136323928833008,Pinocchio Story Freestyle Style Live At Hollywood Bowl 2015,First Place,Kanye West,Ryan Leslie,2015,2019,rap,rap
179032,a8a1faf10184e7c890b0a7466eb959a347271ac9,364667,d2905376cd976f5a652f1c6974e514c7eb7565fc,14,0.9129776358604431,Pinocchio Story Freestyle Style Live At Hollywood Bowl 2015,Real Thang,Kanye West,Erykah Badu,2015,2008,rap,rb
179032,a8a1faf10184e7c890b0a7466eb959a347271ac9,199457,523fa147bdc0ffddb3f5be01a9dddc5d876fa4f2,15,0.9136077761650085,Pinocchio Story Freestyle Style Live At Hollywood Bowl 2015,In Real Life,Kanye West,Demi Lovato,2015,2011,rap,pop
179032,a8a1faf10184e7c890b0a7466eb959a347271ac9,285481,087087fae98df0a31c7568e111cf187f1dc5e4dc,16,0.9129006862640381,Pinocchio Story Freestyle Style Live At Hollywood Bowl 2015,Karaoke,Kanye West,Smallpools,2015,2014,rap,pop
179032,a8a1faf10184e7c890b0a7466eb959a347271ac9,49553,3afd9e0f2a65c721a8e073915f232a7801b5ab7a,17,0.9135863780975342,Pinocchio Story Freestyle Style Live At Hollywood Bowl 2015,409,Kanye West,The Beach Boys,2015,1962,rap,pop
179032,a8a1faf10184e7c890b0a7466eb959a347271ac9,398103,abd17820effb86ed32a70786344ca977efab9d72,18,0.9054720401763916,Pinocchio Story Freestyle Style Live At Hollywood Bowl 2015,Big Business,Kanye West,DaBaby,2015,2017,rap,rap
179032,a8a1faf10184e7c890b0a7466eb959a347271ac9,187322,417163c6933d42cc85079377f9258c3fd31bfb41,19,0.9059625267982483,Pinocchio Story Freestyle Style Live At Hollywood Bowl 2015,Pope,Kanye West,Copeland,2015,2018,rap,rock
179032,a8a1faf10184e7c890b0a7466eb959a347271ac9,356884,7d2019ed83731e05d3ca63916bf828deac51bdd7,20,0.9083190560340881,Pinocchio Story Freestyle Style Live At Hollywood Bowl 2015,FrFr,Kanye West,Pyrex,2015,2020,rap,rap
363325,ed7c90bc11459bb69bf914cd13156282dd2bc1b5,274944,1022b6ddf3c436e0fdcee0c5d0a9870c32f422e6,1,1.0,Pull Up to the Spot,Were At The Top Of The World,Playboi Carti,The Juliana Theory,2019,2000,rap,pop
363325,ed7c90bc11459bb69bf914cd13156282dd2bc1b5,261098,2e0bbf70cf1204647c8a013424cd3922fb601a81,2,1.0,Pull Up to the Spot,Right on time,Playboi Carti,Chris lawyer,2019,2015,rap,pop
363325,ed7c90bc11459bb69bf914cd13156282dd2bc1b5,366688,86532886cdc72a9380ef17342bacb8347d6c9057,3,1.0,Pull Up to the Spot,Rebels,Playboi Carti,Wiwek,2019,2016,rap,pop
363325,ed7c90bc11459bb69bf914cd13156282dd2bc1b5,447394,abd8c838aaf7e24c09a54388d17a0f1b28f4116b,4,1.0,Pull Up to the Spot,Cool,Playboi Carti,White Reaper,2019,2014,rap,pop
363325,ed7c90bc11459bb69bf914cd13156282dd2bc1b5,207275,9651ef90d5407c74ecdbde0e472527a4e9e384f3,5,1.0,Pull Up to the Spot,All-Star Me,Playboi Carti,Saves the Day,2019,1999,rap,rock
363325,ed7c90bc11459bb69bf914cd13156282dd2bc1b5,511333,9835f231cba04ce7068f015ade3a8b4e538861b7,6,1.0,Pull Up to the Spot,Toyboat,Playboi Carti,Sharon Van Etten,2019,2022,rap,pop
363325,ed7c90bc11459bb69bf914cd13156282dd2bc1b5,351468,4a6ee48d175d7c505c0dd36ad8a7a82b307b92cf,7,1.0,Pull Up to the Spot,Next Chapter,Playboi Carti,Hydelic,2019,2020,rap,pop
363325,ed7c90bc11459bb69bf914cd13156282dd2bc1b5,315885,7b9fa855bbcdc5b81757c03d80a9fbb37f8615a2,8,1.0,Pull Up to the Spot,Supa Dupa Fly,Playboi Carti,666,2019,2015,rap,pop
363325,ed7c90bc11459bb69bf914cd13156282dd2bc1b5,326668,930c1cee2578436fcec095265a20b7f7ba2010e5,9,1.0,Pull Up to the Spot,Super Fly,Playboi Carti,Jauz,2019,2018,rap,pop
363325,ed7c90bc11459bb69bf914cd13156282dd2bc1b5,237865,bf06dd80fd1f17d36eba62d601a0818bb0c7cf2f,10,1.0,Pull Up to the Spot,You and Me in Time,Playboi Carti,Broadcast,2019,2005,rap,rock
363325,ed7c90bc11459bb69bf914cd13156282dd2bc1b5,108146,b510dfb692e9f805bbcef6ae9fe00c0b261cf86b,11,1.0,Pull Up to the Spot,Poem As the cat,Playboi Carti,William Carlos Williams,2019,2012,rap,misc
363325,ed7c90bc11459bb69bf914cd13156282dd2bc1b5,221657,e2df384407d4df3930a41be4367cc3a8786d4014,12,1.0,Pull Up to the Spot,52 Fabrics,Playboi Carti,Skooly,2019,2018,rap,rap
363325,ed7c90bc11459bb69bf914cd13156282dd2bc1b5,285821,2e9c451361892062d70e70d840092d46119a2dd9,13,1.0,Pull Up to the Spot,Spinning,Playboi Carti,Elan Noon,2019,2020,rap,rock
363325,ed7c90bc11459bb69bf914cd13156282dd2bc1b5,126133,250e8ae597b3307ca62bdf407596d5083b2bb294,14,1.0,Pull Up to the Spot,Waken Baken,Playboi Carti,Wiz Khalifa,2019,2010,rap,rap
363325,ed7c90bc11459bb69bf914cd13156282dd2bc1b5,240977,f9046cb0ff056bce25bf61e95a42f2d0694f370d,15,0.9988428950309753,Pull Up to the Spot,Take It from the Top,Playboi Carti,Ross Lynch,2019,2015,rap,pop
363325,ed7c90bc11459bb69bf914cd13156282dd2bc1b5,29889,f86ea19607347015a69b84f72c9b98989a3e5832,16,0.9987703561782837,Pull Up to the Spot,On Top,Playboi Carti,Flume,2019,2012,rap,rap
363325,ed7c90bc11459bb69bf914cd13156282dd2bc1b5,74660,397f1da805cf7389521d5cbad404f70f695276e0,17,0.9983791708946228,Pull Up to the Spot,Topper Top,Playboi Carti,Sir Spyro,2019,2016,rap,rap
363325,ed7c90bc11459bb69bf914cd13156282dd2bc1b5,310532,bddcea33d301ce378adf92bcddedbfcfa4dc88c3,18,0.998226523399353,Pull Up to the Spot,Top of the World,Playboi Carti,Nico Collins,2019,2019,rap,pop
363325,ed7c90bc11459bb69bf914cd13156282dd2bc1b5,217759,dafa13366158ae47d48d7d1980804de1deb8fdeb,19,0.9977269172668457,Pull Up to the Spot,Take Me To The Top,Playboi Carti,ONE OK ROCK,2019,2015,rap,rock
363325,ed7c90bc11459bb69bf914cd13156282dd2bc1b5,509526,a354c8beb71cf72e862f55242a5d55d33d86484b,20,0.9963958263397217,Pull Up to the Spot,Cherry,Playboi Carti,Blithe,2019,2022,rap,pop
137149,0b5da9ddda0f17c737dd5fbbd1055e4225491459,406802,15164eb670ac19aa337b43e4fc664f56a0d87164,1,0.8255821466445923,Motivation,Wyd?,Lil Wayne,Smokepurpp,2005,2016,rap,rap
137149,0b5da9ddda0f17c737dd5fbbd1055e4225491459,222222,5f9fb7ade721437a2e59cdbafb8dcc6e76a0fc6d,2,0.7085825800895691,Motivation,Beat Laments the World,Lil Wayne,Nujabes,2005,2003,rap,rap
137149,0b5da9ddda0f17c737dd5fbbd1055e4225491459,92153,e2ee4632af3a78f3d1c2e4ad75ea18d3c48a09ad,3,0.8070399761199951,Motivation,New York Skit,Lil Wayne,The Game,2005,2015,rap,rap
137149,0b5da9ddda0f17c737dd5fbbd1055e4225491459,34153,618da9966291774edabe62a06abb83d14866f820,4,0.7256436944007874,Motivation,Standing on Ferraris,Lil Wayne,The Game,2005,2015,rap,rap
137149,0b5da9ddda0f17c737dd5fbbd1055e4225491459,319925,1e5bd3b74259089629cdd3cfce02e2d8b7e9e2af,5,0.7231019735336304,Motivation,Everyday How I Feel,Lil Wayne,Lil Tjay,2005,2019,rap,rap
137149,0b5da9ddda0f17c737dd5fbbd1055e4225491459,200497,ec077bd2d611c51d2d609cc91046f4e3485e8b92,6,0.69231116771698,Motivation,My Spot,Lil Wayne,Famous Dex,2005,2016,rap,rap
137149,0b5da9ddda0f17c737dd5fbbd1055e4225491459,245151,462aa03d48448dfd7920379dc74936755b3eab4e,7,0.7417325973510742,Motivation,Bag Season,Lil Wayne,French Montana & Lil Tjay,2005,2021,rap,rap
137149,0b5da9ddda0f17c737dd5fbbd1055e4225491459,152954,389aadcad79a074e8528e54dee0f6dc8830438c1,8,0.7396450042724609,Motivation,Cant Hold Me,Lil Wayne,Curly Savv & Dah Dah,2005,2016,rap,rap
137149,0b5da9ddda0f17c737dd5fbbd1055e4225491459,237899,13124efa95a6e97a9a7aedd4253b21312a84de16,9,0.7399113178253174,Motivation,Cutmaster C Shit,Lil Wayne,50 Cent,2005,2004,rap,rap
137149,0b5da9ddda0f17c737dd5fbbd1055e4225491459,292377,c6f1afde8c03971ab48da31568c21b568e1f40e8,10,0.7360076904296875,Motivation,Trousers,Lil Wayne,Young Deji,2005,2019,rap,rap
137149,0b5da9ddda0f17c737dd5fbbd1055e4225491459,288664,dad83b058762834f2b1e1dd5bf441627603b759d,11,0.7186877727508545,Motivation,We Want War,Lil Wayne,Chief Keef,2005,2016,rap,rap
137149,0b5da9ddda0f17c737dd5fbbd1055e4225491459,355165,7094c7e8ec7b9785a1d347f3ee0396b818f48c80,12,0.7276785969734192,Motivation,Cant Tell Me Nothin,Lil Wayne,Jon Connor,2005,2014,rap,rap
137149,0b5da9ddda0f17c737dd5fbbd1055e4225491459,63336,211241443819aceb6cc97ef7aae37b37826626f3,13,0.7537194490432739,Motivation,Im Overflow,Lil Wayne,Death Grips,2005,2013,rap,rap
137149,0b5da9ddda0f17c737dd5fbbd1055e4225491459,478573,16f50502aeb3e99727774ea984eadc6a0851f0ef,14,0.7282009124755859,Motivation,Neva Had Shit,Lil Wayne,Plies,2005,2014,rap,rap
137149,0b5da9ddda0f17c737dd5fbbd1055e4225491459,336429,2dc4b68bbf4472af141cd9e3dbdd68d2c4b26a5a,15,0.7927442193031311,Motivation,Mind of a Genius,Lil Wayne,Trkm,2005,2019,rap,pop
137149,0b5da9ddda0f17c737dd5fbbd1055e4225491459,148367,981e0aa8bedc0523057ab5b6a6c3d71961224806,16,0.7142429947853088,Motivation,Aint For Everybody,Lil Wayne,Starlito,2005,2013,rap,rap
137149,0b5da9ddda0f17c737dd5fbbd1055e4225491459,440337,d13ec8d33fcd48ee78d5e56a1903582359d92e44,17,0.7247294187545776,Motivation,Shit,Lil Wayne,GreekDaGod,2005,2014,rap,rap
137149,0b5da9ddda0f17c737dd5fbbd1055e4225491459,421186,5d281156a665cb4991d70edd905e4ddf5340f926,18,0.6667810082435608,Motivation,Chicago,Lil Wayne,Sauce Walka,2005,2018,rap,rap
137149,0b5da9ddda0f17c737dd5fbbd1055e4225491459,268825,d65c5699c78115a1c985eefccf82263b1658ae08,19,0.6811141967773438,Motivation,Halal,Lil Wayne,Lou From Paradise,2005,2017,rap,rap
137149,0b5da9ddda0f17c737dd5fbbd1055e4225491459,66037,315bb5a24c65e293149f2a2889fd4f51f183d73a,20,0.6976252794265747,Motivation,Take Over,Lil Wayne,Lil' Snupe,2005,2013,rap,rap
326791,297a1ad591be96bb5ba82c285b75eb6491618441,463049,2c165ec5bcbe8e54a415ed093f3e947eecf75acd,1,0.364534467458725,At It Again,The Concoction,Chris Webby,Jarv,2012,2018,rap,rap
326791,297a1ad591be96bb5ba82c285b75eb6491618441,175591,31c64d0ee98e6b789fc47d66b2ba63d1a7ac99a8,2,0.3323216140270233,At It Again,Feel It All,Chris Webby,Vinyl Theatre,2012,2018,rap,rock
326791,297a1ad591be96bb5ba82c285b75eb6491618441,108319,9590419537beb01232ec40c2f2be9b980763a4ff,3,0.3248412609100342,At It Again,Chillin Like A Villain,Chris Webby,Indo G,2012,1994,rap,rap
326791,297a1ad591be96bb5ba82c285b75eb6491618441,246982,65d5e582c0093d40d6dce5032adb1c8afad9bc08,4,0.31656962633132935,At It Again,Dopeman Hunter,Chris Webby,Lil B,2012,2011,rap,rap
326791,297a1ad591be96bb5ba82c285b75eb6491618441,262734,a2eec6430a280deca88034a9a42783e795b45340,5,0.27787572145462036,At It Again,Backseat,Chris Webby,Pi'erre Bourne & Cardo,2012,2018,rap,rap
326791,297a1ad591be96bb5ba82c285b75eb6491618441,359089,38199206b9e4ca4f157736fd2ec0799bffb92dc1,6,0.27141743898391724,At It Again,Song for Eric,Chris Webby,Tori Amos,2012,1992,rap,rock
326791,297a1ad591be96bb5ba82c285b75eb6491618441,368146,cd8ee97730be3dde37941666867af50f5d936398,7,0.2778897285461426,At It Again,St. Louis Elegy,Chris Webby,Mark Lanegan,2012,2012,rap,pop
326791,297a1ad591be96bb5ba82c285b75eb6491618441,234814,3414cb785005f43d444bc0619275c972be5cb4b9,8,0.2667897939682007,At It Again,We Pop,Chris Webby,RZA,2012,2003,rap,rap
326791,297a1ad591be96bb5ba82c285b75eb6491618441,269189,c2e24593c2e3f6da42bbe1f38307aa814ec8365f,9,0.33238375186920166,At It Again,Woman Rages Over Extra McRib McScuse Me Bitch?,Chris Webby,"Carla ""Libbie"" Higgins",2012,2020,rap,pop
326791,297a1ad591be96bb5ba82c285b75eb6491618441,450366,00edd1fca564bae604183183ed6a282ae27d19e3,10,0.34275808930397034,At It Again,I Done Bossed Up,Chris Webby,Payroll Giovanni & Peezy,2012,2020,rap,rap
326791,297a1ad591be96bb5ba82c285b75eb6491618441,320938,40b0e5c3cfcfbb407c197c6172fd2f857e52d9da,11,0.2963152527809143,At It Again,Tall Cans,Chris Webby,Afroman,2012,2000,rap,rap
326791,297a1ad591be96bb5ba82c285b75eb6491618441,96457,b0b62e9ef3e68c9e4b46e8708b4069d9840c6649,12,0.3367310166358948,At It Again,Who Do You Love,Chris Webby,G-Unit,2012,2014,rap,rap
326791,297a1ad591be96bb5ba82c285b75eb6491618441,84007,72ec60592bb0470a8f1840b069902a2f6dee535f,13,0.28168487548828125,At It Again,I Can Hear Your Feet Sunrise,Chris Webby,Childish Gambino,2012,2010,rap,rap
326791,297a1ad591be96bb5ba82c285b75eb6491618441,301378,ca04fcac38a273c9f3558fe62f3f598accda7e7e,14,0.2816701829433441,At It Again,Nightmares,Chris Webby,Julius Myth,2012,2011,rap,rap
326791,297a1ad591be96bb5ba82c285b75eb6491618441,472901,708db24b2156f79ddd5235101829815ac7da6334,15,0.2810387909412384,At It Again,Fiesta,Chris Webby,N.O.R.E.,2012,1998,rap,rap
326791,297a1ad591be96bb5ba82c285b75eb6491618441,466271,f205f8d9984cd97c8700e1ee773ba01590d75a52,16,0.27686095237731934,At It Again,Falling Off,Chris Webby,Duke Deuce,2012,2022,rap,rap
326791,297a1ad591be96bb5ba82c285b75eb6491618441,426608,f9aecc1ae034437b4ddd25870e15810bd173cb32,17,0.275413453578949,At It Again,Super Ill Villain,Chris Webby,MadChild,2012,2011,rap,rap
326791,297a1ad591be96bb5ba82c285b75eb6491618441,96115,74a2cdc8229406259b0f8dff954c1bdb63e32a8b,18,0.27799636125564575,At It Again,Get Him,Chris Webby,Scarlxrd,2012,2021,rap,rap
326791,297a1ad591be96bb5ba82c285b75eb6491618441,317760,be54f6872f51c8324810f642c1be9749677471ed,19,0.27340763807296753,At It Again,If It Aint Live It Aint Me,Chris Webby,Mystikal,2012,2001,rap,rap
326791,297a1ad591be96bb5ba82c285b75eb6491618441,324134,432a2ac4fd8edce2f2dd113e2e13ff70a2fce904,20,0.27260956168174744,At It Again,Enforce the Law,Chris Webby,Asher Roth and Nottz Raw,2012,2010,rap,rap
362406,9ad151cfae04fba07a90af11e9a01bde33327494,134761,5d9dbe5f05b865634ac5e58b6b31f67854bd8037,1,0.8199151158332825,Let Em Have It Original Version,Let Em Have It Committee Mix,2Pac,2Pac,1996,2001,rap,rap
362406,9ad151cfae04fba07a90af11e9a01bde33327494,323329,103187ca1283da1df64f6f7912ef0b8a434595bd,2,0.6593706011772156,Let Em Have It Original Version,Closer,2Pac,Mario,1996,2020,rap,rb
362406,9ad151cfae04fba07a90af11e9a01bde33327494,35679,9fa14588c7245c2d5829df3b7722c22a6f497505,3,0.6620988249778748,Let Em Have It Original Version,Sex So Good,2Pac,Jacquees & Nash B,1996,2017,rap,rb
362406,9ad151cfae04fba07a90af11e9a01bde33327494,55786,838ba6af8e11e64acbac0d0d29663607b101aee0,4,0.6649192571640015,Let Em Have It Original Version,Let Em Have It Hutch Mix,2Pac,2Pac,1996,2001,rap,rap
362406,9ad151cfae04fba07a90af11e9a01bde33327494,93291,ac8fefd592bb00d3bbe94f976315612a7d2b70dd,5,0.6475688815116882,Let Em Have It Original Version,Lowkey Sprung,2Pac,Anthony Baeza,1996,2012,rap,rap
362406,9ad151cfae04fba07a90af11e9a01bde33327494,378128,a29088d3761374b3e52dd11d13a95aaf92d43be9,6,0.6616378426551819,Let Em Have It Original Version,Picture Baby,2Pac,Young Thug,1996,2013,rap,rap
362406,9ad151cfae04fba07a90af11e9a01bde33327494,297369,c97d6fd9d083b0e54bb0e3020b5eda5ba43f3214,7,0.6839081048965454,Let Em Have It Original Version,Happy Days,2Pac,Silk,1996,1992,rap,rb
362406,9ad151cfae04fba07a90af11e9a01bde33327494,86912,4b2a4618b8fe435a9880f57997b36e0fb196f137,8,0.6046754121780396,Let Em Have It Original Version,LEAH,2Pac,6ix9ine,1996,2020,rap,rap
362406,9ad151cfae04fba07a90af11e9a01bde33327494,250839,eba95bbbf010c53d3767458b6ee80845ddbc628a,9,0.622073233127594,Let Em Have It Original Version,Can’t Get Enough,2Pac,Faith Evans & The Notorious B.I.G.,1996,2017,rap,rap
362406,9ad151cfae04fba07a90af11e9a01bde33327494,462947,79091031954c910e282403745a7880d6a4351d2b,10,0.650193452835083,Let Em Have It Original Version,No Question,2Pac,Allure,1996,1997,rap,rb
362406,9ad151cfae04fba07a90af11e9a01bde33327494,261172,3f2eb9811dc3795ca1dd7c885d8f7a6b54011d12,11,0.7083433866500854,Let Em Have It Original Version,Girl Dont You Do That,2Pac,Chris Brown,1996,2021,rap,rap
362406,9ad151cfae04fba07a90af11e9a01bde33327494,411952,626539ad66e7a80e962436f76c00cbeffa975db9,12,0.6563885807991028,Let Em Have It Original Version,Whatz Your Phone Number,2Pac,2Pac,1996,2016,rap,rap
362406,9ad151cfae04fba07a90af11e9a01bde33327494,116184,994c74dd6ebba6784804da6ab6f8e65c788db154,13,0.6029796600341797,Let Em Have It Original Version,Moon  Stars Pt. 2,2Pac,Lais,1996,2015,rap,rap
362406,9ad151cfae04fba07a90af11e9a01bde33327494,80904,d0477fa9255adaa7249da909cbd80f48bc00d6a4,14,0.6566843390464783,Let Em Have It Original Version,FutureSex/LoveSound,2Pac,Justin Timberlake,1996,2006,rap,pop
362406,9ad151cfae04fba07a90af11e9a01bde33327494,251556,0125793b9e220603e8a1d076670a2e84b0c40c54,15,0.6406291127204895,Let Em Have It Original Version,I Dont Wanna Be Alone,2Pac,Shai,1996,1995,rap,rb
362406,9ad151cfae04fba07a90af11e9a01bde33327494,25079,010b79de7148be60ccc9775d0cdee9de1d5e104b,16,0.6362228393554688,Let Em Have It Original Version,Use Me,2Pac,Bill Withers,1996,1972,rap,rock
362406,9ad151cfae04fba07a90af11e9a01bde33327494,222858,5d2719bb348c235725ceac8ec7283f9bab8d6388,17,0.6596094369888306,Let Em Have It Original Version,I Want You,2Pac,Inhaler,1996,2017,rap,rock
362406,9ad151cfae04fba07a90af11e9a01bde33327494,139808,ad95392443184762cfc349e76b7c749d8685afea,18,0.6098170280456543,Let Em Have It Original Version,Take,2Pac,Arin Ray,1996,2018,rap,rb
362406,9ad151cfae04fba07a90af11e9a01bde33327494,365280,11020d6b9287731896a668eb963d65c3c453da26,19,0.6592857241630554,Let Em Have It Original Version,This Aint Sex,2Pac,Usher,1996,2008,rap,rb
362406,9ad151cfae04fba07a90af11e9a01bde33327494,158061,d1d184a35d1091ce18a429b47e8ab8f9503fe38f,20,0.6595849394798279,Let Em Have It Original Version,Sex Weed,2Pac,R. Kelly,1996,2005,rap,rb
156900,2163cc3c09328f79c4145a397351e927cea5e371,104983,cd02e7447ed123c81ed0388a386b164b6eaaf83a,1,0.5200167894363403,Deepest Trenches,Life I Live,OTP,S1 (MHG),2020,2018,rap,rap
156900,2163cc3c09328f79c4145a397351e927cea5e371,417192,349b655c52fc26eb6a7c68c7bb648bbfe49fe5f9,2,0.46788889169692993,Deepest Trenches,Sweat  alalalalalong,OTP,Jamaica reggae stars,2020,2015,rap,pop
156900,2163cc3c09328f79c4145a397351e927cea5e371,146253,4e60f4b39acaa8d22e0029057f7d4fabb81ac938,3,0.4821988046169281,Deepest Trenches,Splash Out 3.0,OTP,Russ Millions,2020,2018,rap,rap
156900,2163cc3c09328f79c4145a397351e927cea5e371,4514,a6c30d8a75852f7fdd02a6d6076b97fd357545da,4,0.46062880754470825,Deepest Trenches,Ambush,OTP,OFB,2020,2019,rap,rap
156900,2163cc3c09328f79c4145a397351e927cea5e371,124242,46ccc67f286de8585a5316abebd17b02e7da2dc9,5,0.40486258268356323,Deepest Trenches,Boasy,OTP,Loski,2020,2019,rap,rap
156900,2163cc3c09328f79c4145a397351e927cea5e371,197018,9821d2890a69a7b2667f7bff44c929835348d836,6,0.41575735807418823,Deepest Trenches,Run This Shit,OTP,Skengfield,2020,2019,rap,rap
156900,2163cc3c09328f79c4145a397351e927cea5e371,379163,9f1eec0bfdaf417663fee705a0ecd679999af330,7,0.3491961658000946,Deepest Trenches,Armed  Ready,OTP,7th,2020,2017,rap,rap
156900,2163cc3c09328f79c4145a397351e927cea5e371,109485,dc147326c2bd64981153e631bb4bcd38dda931df,8,0.4587409496307373,Deepest Trenches,Groundworks Cypher 2020,OTP,Groundworks,2020,2021,rap,rap
156900,2163cc3c09328f79c4145a397351e927cea5e371,23117,335dbc33930b43d0b11406b2aca5b9f2abde955f,9,0.43036994338035583,Deepest Trenches,Rise and Tan,OTP,Nito NB,2020,2018,rap,rap
156900,2163cc3c09328f79c4145a397351e927cea5e371,501202,e5ebbc63baa041ded672e9a16d643efb5987b8dd,10,0.3465711772441864,Deepest Trenches,Drill Or Be Drilled 2.0,OTP,Horrid1 & Sav'O,2020,2022,rap,rap
156900,2163cc3c09328f79c4145a397351e927cea5e371,139966,34ba9303903e15b4d30541f2cce04b17acfb5010,11,0.36803144216537476,Deepest Trenches,Tear It Up,OTP,Hollywood Undead,2020,2009,rap,rap
156900,2163cc3c09328f79c4145a397351e927cea5e371,1394,fe32510aafe867040168844e20ed38183955f0a6,12,0.3890734910964966,Deepest Trenches,Next Up?,OTP,CGM,2020,2017,rap,rap
156900,2163cc3c09328f79c4145a397351e927cea5e371,325353,115aac34c07a9b389e5356556b77d3e13a90ca17,13,0.3445718586444855,Deepest Trenches,Mad About Bars,OTP,DigDat,2020,2020,rap,rap
156900,2163cc3c09328f79c4145a397351e927cea5e371,219017,e2ff7ec731654652b81ac4e97b2acd143379e7f3,14,0.3581226170063019,Deepest Trenches,BOSSA,OTP,UGLYFRANK,2020,2014,rap,rap
156900,2163cc3c09328f79c4145a397351e927cea5e371,81572,08dd19b65afa03f015f50398481ca09ce1a7b450,15,0.4258313775062561,Deepest Trenches,Crash x GBG,OTP,410,2020,2019,rap,rap
156900,2163cc3c09328f79c4145a397351e927cea5e371,98020,d3f3aa4efe30df90d1d62ddb8927ee8cf5766765,16,0.4116017818450928,Deepest Trenches,Turn,OTP,OFB,2020,2019,rap,rap
156900,2163cc3c09328f79c4145a397351e927cea5e371,11955,c786569859189064639036cc524be5b5c22dfd70,17,0.44521331787109375,Deepest Trenches,Westwood Crib Session 2019,OTP,OFB,2020,2019,rap,rap
156900,2163cc3c09328f79c4145a397351e927cea5e371,26923,a1353ca003347b6b83cb74cb06305e11074f3260,18,0.36756399273872375,Deepest Trenches,Who?,OTP,CGM,2020,2019,rap,rap
156900,2163cc3c09328f79c4145a397351e927cea5e371,120995,9cbb3333584961f45f14fa0dc4c100453be30d80,19,0.39180803298950195,Deepest Trenches,Lightwork Freestyle 2,OTP,Kwengface,2020,2019,rap,rap
156900,2163cc3c09328f79c4145a397351e927cea5e371,94225,ee2f333a4ac18d16d26ff501809e6010f30376f9,20,0.3898787796497345,Deepest Trenches,Long Run,OTP,Hitman x DA,2020,2020,rap,rap
461273,72893194cd52dbf7ab3c216c88c41405aec573e8,28594,10b869d5db996d43581811954dd3a219f05c01d1,1,0.9340179562568665,Pride N Joy Remix,Pride N Joy,Fat Joe,Fat Joe,2012,2012,rap,rap
461273,72893194cd52dbf7ab3c216c88c41405aec573e8,33349,9e706226e6f1d7feceaed92c3700b8e5c2260d05,2,0.8808941841125488,Pride N Joy Remix,Elenore,Fat Joe,The Turtles,2012,1968,rap,pop
461273,72893194cd52dbf7ab3c216c88c41405aec573e8,351232,155af73c4666a36d68d362efb9243bb883c5d2bc,3,0.9039287567138672,Pride N Joy Remix,Mommys Pride N Joy,Fat Joe,Davina,2012,2015,rap,pop
461273,72893194cd52dbf7ab3c216c88c41405aec573e8,491760,f0d1a9f2bb8b99a3ae16f3b437c2ce5d8b73a25e,4,0.8981500267982483,Pride N Joy Remix,Annie Mae,Fat Joe,John Lee Hooker,2012,1995,rap,rock
461273,72893194cd52dbf7ab3c216c88c41405aec573e8,275801,8c8edb693813224401468fcf3a52c16294a5e128,5,0.8874926567077637,Pride N Joy Remix,Lay Me Down,Fat Joe,Chris Tomlin,2012,2013,rap,rock
461273,72893194cd52dbf7ab3c216c88c41405aec573e8,261664,0ca4a1e02290e99eda93cc0d647b9f01088fcb7f,6,0.9135995507240295,Pride N Joy Remix,Pride and Joy,Fat Joe,Marvin Gaye,2012,1962,rap,rock
461273,72893194cd52dbf7ab3c216c88c41405aec573e8,186427,1798c49a7355055a9c53d84439682488c3205970,7,0.7739917635917664,Pride N Joy Remix,White as Snow,Fat Joe,Cageless Birds,2012,2019,rap,pop
461273,72893194cd52dbf7ab3c216c88c41405aec573e8,165102,8406e6f7384ed4b739dff1ad8cd53363e2e68f85,8,0.854797899723053,Pride N Joy Remix,Up and Away,Fat Joe,Jakob,2012,2017,rap,pop
461273,72893194cd52dbf7ab3c216c88c41405aec573e8,469470,2bf09c675ce0b7fc7adce3c0438101bcba304d72,9,0.8116059303283691,Pride N Joy Remix,No Answer Arrives,Fat Joe,Ray LaMontagne,2012,2018,rap,rock
461273,72893194cd52dbf7ab3c216c88c41405aec573e8,9570,ec0439257b765fb52cbb4b1bc8fb5f54a0584cbf,10,0.8406263589859009,Pride N Joy Remix,Baby Boy,Fat Joe,Childish Gambino,2012,2016,rap,rb
461273,72893194cd52dbf7ab3c216c88c41405aec573e8,95128,893e0877d89b6144766b41b7a4183bc7eda18c07,11,0.8175307512283325,Pride N Joy Remix,Kissin You,Fat Joe,Total,2012,1996,rap,rb
461273,72893194cd52dbf7ab3c216c88c41405aec573e8,410991,6d3fdd22de5e5badf3b6735a8e0182cc1e641785,12,0.7838355302810669,Pride N Joy Remix,Lily My Dear,Fat Joe,Charley Crockett,2012,2020,rap,country
461273,72893194cd52dbf7ab3c216c88c41405aec573e8,469948,eeccee0903f6dd4da533041dcb2f69a9ceb2de39,13,0.8152463436126709,Pride N Joy Remix,Shouts of Joy,Fat Joe,And One,2012,2012,rap,pop
461273,72893194cd52dbf7ab3c216c88c41405aec573e8,228923,c4a799da0a0e0309f0ea31fc555514384b090a13,14,0.8006218671798706,Pride N Joy Remix,Pick Me Up On Your Way Down,Fat Joe,Charlie Walker,2012,1958,rap,country
461273,72893194cd52dbf7ab3c216c88c41405aec573e8,311034,1e3b06506ddc73e1a9512046740cbb77b1dcfdfd,15,0.8059223294258118,Pride N Joy Remix,How We Operate,Fat Joe,Grey's Anatomy Cast,2012,2011,rap,pop
461273,72893194cd52dbf7ab3c216c88c41405aec573e8,276466,91f22189f65935d5c2d95cf755c49fba145a17ad,16,0.7835086584091187,Pride N Joy Remix,Party Boy,Fat Joe,Marlon Williams,2012,2018,rap,rock
461273,72893194cd52dbf7ab3c216c88c41405aec573e8,274659,7cda14354e6f27fc62f0f5d859b6433f9677857c,17,0.7524499893188477,Pride N Joy Remix,LManburg Lullaby,Fat Joe,Bazookla,2012,2020,rap,pop
461273,72893194cd52dbf7ab3c216c88c41405aec573e8,436163,750cc874d977f158dccd64d43ebdb458175bfd8b,18,0.7344480752944946,Pride N Joy Remix,The end,Fat Joe,Llorca,2012,2001,rap,pop
461273,72893194cd52dbf7ab3c216c88c41405aec573e8,357761,5da44333313e5177beb3bae879f842bbfddd8c23,19,0.7983185052871704,Pride N Joy Remix,Joy to Be,Fat Joe,Citizens,2012,2020,rap,rock
461273,72893194cd52dbf7ab3c216c88c41405aec573e8,8903,fc3233d8eadc8959ac964216c1d1a3a9ba05254e,20,0.6957929134368896,Pride N Joy Remix,Johnny Boy,Fat Joe,twenty one pilots,2012,2009,rap,pop
59133,cb5a425e4f561bc8b094d6a7a43738ec5f352ab7,106918,8f699c7e165f5e7e8342c4d6b225aa95017d6b3b,1,0.700332522392273,XXXKIRBY,Repeat,Softwilly,Smokepurpp,2021,2019,rap,rap
59133,cb5a425e4f561bc8b094d6a7a43738ec5f352ab7,255947,f985b12e9907c6e2927e091c484ffca4e8ae5417,2,0.6397260427474976,XXXKIRBY,Kryptonite,Softwilly,Lil Smaller,2021,2018,rap,rap
59133,cb5a425e4f561bc8b094d6a7a43738ec5f352ab7,143771,29082e5b80d499a97ef799d5b81d6153641cb70f,3,0.6619200110435486,XXXKIRBY,Naked,Softwilly,Tinashe,2021,2019,rap,rb
59133,cb5a425e4f561bc8b094d6a7a43738ec5f352ab7,178500,1f0d2f3ce4a3fff8a54ffb7669e6c6ff013f4d6a,4,0.6414104104042053,XXXKIRBY,Talk My Shyt,Softwilly,Aaron May,2021,2019,rap,rap
59133,cb5a425e4f561bc8b094d6a7a43738ec5f352ab7,136592,fa71b09f1ce85acd0e7ac041ec005d5ae7c86d08,5,0.677317202091217,XXXKIRBY,Thrax,Softwilly,ProdByShorty,2021,2020,rap,rap
59133,cb5a425e4f561bc8b094d6a7a43738ec5f352ab7,266825,6fd0ba3a9990db9749c9ada90d1368a210802eb6,6,0.6796765327453613,XXXKIRBY,40 Bars,Softwilly,Joey Trap,2021,2018,rap,rap
59133,cb5a425e4f561bc8b094d6a7a43738ec5f352ab7,76895,d318e563b4074c6acafaaa2f3c76f8c47d8f0148,7,0.6806645393371582,XXXKIRBY,Butterfly Coupe,Softwilly,MilanMakesBeats,2021,2017,rap,rap
59133,cb5a425e4f561bc8b094d6a7a43738ec5f352ab7,137647,67523b6a70209c6b1fd7979c1a677ba8a68f7497,8,0.6884921789169312,XXXKIRBY,Cruise Control,Softwilly,Oliver Francis,2021,2017,rap,rap
59133,cb5a425e4f561bc8b094d6a7a43738ec5f352ab7,168543,f88100ec33d36cca99122fb08bb77dee559dfb6f,9,0.665123462677002,XXXKIRBY,Ignition,Softwilly,Chris Webby,2021,2016,rap,rap
59133,cb5a425e4f561bc8b094d6a7a43738ec5f352ab7,79973,da8e01cff18a23cf8a64e067a2548c0cb9eb27a3,10,0.6023644208908081,XXXKIRBY,Plottin,Softwilly,Roddy Ricch,2021,2017,rap,rap
59133,cb5a425e4f561bc8b094d6a7a43738ec5f352ab7,413242,3c221d646f6b2b881452e2df83b6f4170b6fffa6,11,0.6372993588447571,XXXKIRBY,Renovated,Softwilly,BandGang Biggs,2021,2015,rap,rap
59133,cb5a425e4f561bc8b094d6a7a43738ec5f352ab7,210704,287b3bc754b5775debb33daeab5ea39def78b4e5,12,0.6797128319740295,XXXKIRBY,Good Life,Softwilly,Yung Tory,2021,2018,rap,rap
59133,cb5a425e4f561bc8b094d6a7a43738ec5f352ab7,159374,8cc1927c951fa5021fa56f1477b52fd378930039,13,0.6546697616577148,XXXKIRBY,Balling,Softwilly,Vibe Chemistry,2021,2021,rap,pop
59133,cb5a425e4f561bc8b094d6a7a43738ec5f352ab7,172835,3f486572d4725fffc547279c4a8cb109a79f490c,14,0.5952669382095337,XXXKIRBY,RicHie K II,Softwilly,Da$H,2021,2015,rap,rap
59133,cb5a425e4f561bc8b094d6a7a43738ec5f352ab7,462425,f82e50dece55ada2adadcf9b3554a74033987563,15,0.6843189001083374,XXXKIRBY,Gimme,Softwilly,Angelo,2021,2017,rap,rap
59133,cb5a425e4f561bc8b094d6a7a43738ec5f352ab7,243993,45f8821ec1b497ba9ad87db4814e6b2f56e34c32,16,0.6251975893974304,XXXKIRBY,HOT PINK,Softwilly,AG CLUB,2021,2021,rap,rap
59133,cb5a425e4f561bc8b094d6a7a43738ec5f352ab7,53342,5fbe0ddfec390f2dd08f79e9ebb99254d0059a12,17,0.697826623916626,XXXKIRBY,​yeenreally,Softwilly,Oliver Francis,2021,2015,rap,rap
59133,cb5a425e4f561bc8b094d6a7a43738ec5f352ab7,243157,e06965bc95b17aeee642812104b016063e1dd1cd,18,0.6841604709625244,XXXKIRBY,In the Lab,Softwilly,Joey Trap,2021,2018,rap,rap
59133,cb5a425e4f561bc8b094d6a7a43738ec5f352ab7,163823,4a188820a8dff1d06357af92d015faf5a9488ee3,19,0.6312044262886047,XXXKIRBY,Legends in the Making,Softwilly,Smoke DZA,2021,2013,rap,rap
59133,cb5a425e4f561bc8b094d6a7a43738ec5f352ab7,148127,04f492fb405b10c2fffe10e6902b8b73e242911d,20,0.6482834219932556,XXXKIRBY,Gettin Da Cash,Softwilly,Talk Money Entertainment,2021,2018,rap,rap
472127,1475609aa18e71329086e163a8d3616b777792da,505563,6f4a910b7047ea3dac6fc4cd32d8697b21bd399d,1,0.9466341733932495,A Fistful of Peanuts,Everybody Loves The Sunshine,Gorillaz,Animal Island,2002,2022,rap,pop
472127,1475609aa18e71329086e163a8d3616b777792da,244091,8427f98c80e2dc763588121906d1eb12b161da1c,2,0.9296729564666748,A Fistful of Peanuts,You Are My Sunshine,Gorillaz,The Civil Wars,2002,2012,rap,country
472127,1475609aa18e71329086e163a8d3616b777792da,413031,c4976736573f477861a6feb72d065ee8270a6ced,3,0.9166659116744995,A Fistful of Peanuts,My Only Sunshine,Gorillaz,The Beach Boys,2002,2011,rap,pop
472127,1475609aa18e71329086e163a8d3616b777792da,498842,60fac9f00e501b1ca02228d24b0d3503cd9d256b,4,0.8487226366996765,A Fistful of Peanuts,Post-Youth Depression,Gorillaz,Joe Russell-Brown,2002,2017,rap,pop
472127,1475609aa18e71329086e163a8d3616b777792da,62983,240f2b78e815e30b857443d54e68ed549eb30319,5,0.9234631061553955,A Fistful of Peanuts,You Are My Sunshine,Gorillaz,Jasmine Thompson,2002,2016,rap,pop
472127,1475609aa18e71329086e163a8d3616b777792da,443068,6a8c02494cbb39fb54eaa0123123fce84769a540,6,0.9006112217903137,A Fistful of Peanuts,You Are My Sunshine,Gorillaz,Chuck Berry,2002,1975,rap,rock
472127,1475609aa18e71329086e163a8d3616b777792da,267367,09d45e30690b2a74fe3328b58854e5c8eec0a0ca,7,0.8920194506645203,A Fistful of Peanuts,The Prettiest Girl in the Whole Wide World,Gorillaz,Weezer,2002,2008,rap,pop
472127,1475609aa18e71329086e163a8d3616b777792da,26465,125a6c762ca0b7fc43f3e6ecacc71d975f46709d,8,0.9168833494186401,A Fistful of Peanuts,You Are My Sunshine,Gorillaz,The Hound + The Fox,2002,2017,rap,pop
472127,1475609aa18e71329086e163a8d3616b777792da,65160,09ffdffb4ed2147dbce070a818458123794104fd,9,0.8882101774215698,A Fistful of Peanuts,Its A Sunshine Day,Gorillaz,The Brady Bunch,2002,1973,rap,pop
472127,1475609aa18e71329086e163a8d3616b777792da,468837,d651dd95d1c13788b8dd50e690391fd1ab9fe3f3,10,0.9145705103874207,A Fistful of Peanuts,Old Master Painter / You Are My Sunshine,Gorillaz,Brian Wilson,2002,2004,rap,pop
472127,1475609aa18e71329086e163a8d3616b777792da,320721,162854f618f656ddfd15215fae70adebd7b6667d,11,0.8247494101524353,A Fistful of Peanuts,Now I’m With You,Gorillaz,Jon B,2002,2001,rap,rb
472127,1475609aa18e71329086e163a8d3616b777792da,30280,d3e957a17fe0b544504fc47d2a6b27c1ad5953e9,12,0.9064057469367981,A Fistful of Peanuts,You Are My Sunshine,Gorillaz,Moira Dela Torre,2002,2018,rap,pop
472127,1475609aa18e71329086e163a8d3616b777792da,172346,0b46405ee408e6086c3766906cdd0a60de8158db,13,0.9095225930213928,A Fistful of Peanuts,Sunshine,Gorillaz,Low,2002,1994,rap,rock
472127,1475609aa18e71329086e163a8d3616b777792da,224298,922b05cf8598cb239a675a30a0b31235d5c0bc3e,14,0.9095225930213928,A Fistful of Peanuts,You Are My Sunshine Version 1,Gorillaz,Elizabeth Mitchell,2002,2015,rap,pop
472127,1475609aa18e71329086e163a8d3616b777792da,116305,d55929bd969b7ebe8694b8fea1e347b3befe7f47,15,0.9077281355857849,A Fistful of Peanuts,You Are My Sunshine,Gorillaz,Kina Grannis,2002,2018,rap,country
472127,1475609aa18e71329086e163a8d3616b777792da,92545,6cdaf704eeb0ca065c0924dd126b6775a31add68,16,0.9073172807693481,A Fistful of Peanuts,You Are My Sunshine,Gorillaz,The Countdown Kids,2002,2015,rap,pop
472127,1475609aa18e71329086e163a8d3616b777792da,151029,e48363386d849c39db7738b65dc5e49d48377101,17,0.9066266417503357,A Fistful of Peanuts,You Are My Sunshine,Gorillaz,Morgane Stapleton,2002,2016,rap,country
472127,1475609aa18e71329086e163a8d3616b777792da,87238,b810e26b094e2dff5b4478b0dd15f43059e21fa3,18,0.9073209762573242,A Fistful of Peanuts,​you are my sunshine,Gorillaz,Christina Perri,2002,2019,rap,pop
472127,1475609aa18e71329086e163a8d3616b777792da,305222,b197bffbee63996e7b61d54e3ec1a7701c8cf8ea,19,0.9049456715583801,A Fistful of Peanuts,You Are My Sunshine,Gorillaz,Ray Charles,2002,1975,rap,rock
472127,1475609aa18e71329086e163a8d3616b777792da,509410,b84956a3baf3387496a413804abf6e9c6a735948,20,0.903253972530365,A Fistful of Peanuts,You Are My Sunshine,Gorillaz,Zach Bryan,2002,2022,rap,country
342501,2d03653b190f1e48ff237d1f618a159c367117c7,466776,52a0f08fa6d062a4a8d7bdd3fde71b013db5db68,1,0.8999776244163513,Talk,You Make Me Feel Good,Ayelle,Jason Chen,2018,2011,rb,pop
342501,2d03653b190f1e48ff237d1f618a159c367117c7,301003,6b68953d5d48c6632154fd67c3e80219c20bf6cd,2,0.8472055196762085,Talk,Saw It Coming,Ayelle,Sammy Rae,2018,2019,rb,pop
342501,2d03653b190f1e48ff237d1f618a159c367117c7,58857,79f616662b1cdbd8ee845796db3ade1cbc7ba94a,3,0.8333354592323303,Talk,Them Days,Ayelle,Tory Lanez,2018,2015,rb,rap
342501,2d03653b190f1e48ff237d1f618a159c367117c7,475342,9efda48679896e7b78274b73509e29f24df59c49,4,0.8685552477836609,Talk,Hes Just No Good for You,Ayelle,Mental As Anything,2018,1987,rb,pop
342501,2d03653b190f1e48ff237d1f618a159c367117c7,511813,adc62186a9f2de4afd0d6ec7f4051156e7c0b77d,5,0.8795291185379028,Talk,Anyway,Ayelle,The Dip,2018,2022,rb,pop
342501,2d03653b190f1e48ff237d1f618a159c367117c7,505958,77cdd813bce519eb7eaea82ea1333209f1e9ac00,6,0.8485908508300781,Talk,Good Woman,Ayelle,Tanya Nolan,2018,2022,rb,rb
342501,2d03653b190f1e48ff237d1f618a159c367117c7,418849,dff12cfd61521fff83dcaa50bd57d088d3a34c5c,7,0.8248500823974609,Talk,Im Good,Ayelle,PJ,2018,2016,rb,rb
342501,2d03653b190f1e48ff237d1f618a159c367117c7,151258,aaeb7c0dcd2fbce3e9e7bb6f9cef90f3534f3316,8,0.8323349952697754,Talk,All Night,Ayelle,Men I Trust,2018,2019,rb,pop
342501,2d03653b190f1e48ff237d1f618a159c367117c7,361507,3acf5599c4a29821cec6a400f400cd775d95019b,9,0.8391390442848206,Talk,Good Energy,Ayelle,Mike Sabath,2018,2020,rb,pop
342501,2d03653b190f1e48ff237d1f618a159c367117c7,469452,29594966b563a70808e3f96f81b0dd22984af836,10,0.8323349952697754,Talk,Good Guy,Ayelle,Kane Strang,2018,2017,rb,rock
342501,2d03653b190f1e48ff237d1f618a159c367117c7,145021,5a0a680402377db37b9a60f5bde3a584a2086b44,11,0.8323349952697754,Talk,​repeatinfinite,Ayelle,surrenderdorothy,2018,2018,rb,rap
342501,2d03653b190f1e48ff237d1f618a159c367117c7,198035,a9a423856a4e1a9a3ec3b0729539aacfc9eb06a0,12,0.8323349952697754,Talk,Skinhead,Ayelle,Laurel Aitken,2018,2004,rb,pop
342501,2d03653b190f1e48ff237d1f618a159c367117c7,352177,e4ab8eb582f9828c697224192e17c1b03fc4d4f9,13,0.8323349952697754,Talk,Flow,Ayelle,Tame Impala,2018,2009,rb,rock
342501,2d03653b190f1e48ff237d1f618a159c367117c7,478353,db96f78234a964951ef677a09d60a92e7321cdc3,14,0.8323349952697754,Talk,Make Me Do Anything You Want,Ayelle,Helix,2018,1984,rb,rock
342501,2d03653b190f1e48ff237d1f618a159c367117c7,18774,4c210b8219758baf6808739ed80e61bbdef2dd7c,15,0.8323349952697754,Talk,Paradise,Ayelle,Benny Benassi,2018,2015,rb,pop
342501,2d03653b190f1e48ff237d1f618a159c367117c7,163768,c54a3aa42954bcdfc61871fd61244976b2da6c81,16,0.8323349952697754,Talk,5 Dollar Footlong Subway Ad - Tristan,Ayelle,Charlie Puth,2018,2020,rb,pop
342501,2d03653b190f1e48ff237d1f618a159c367117c7,94006,fe28376708f8422e7528caf889b0aef45293d366,17,0.8323349952697754,Talk,So Good,Ayelle,Warpaint,2018,2016,rb,rock
342501,2d03653b190f1e48ff237d1f618a159c367117c7,415139,fd546f34b454c3d1b57c528720cca2764a17ed8b,18,0.8323349952697754,Talk,Doorway,Ayelle,The Neighbourhood,2018,2014,rb,pop
342501,2d03653b190f1e48ff237d1f618a159c367117c7,373228,f5884737e156210a850f635536f3e4948f6e3639,19,0.8323349952697754,Talk,You Shouldnt Do That,Ayelle,Hawkwind,2018,1971,rb,rock
342501,2d03653b190f1e48ff237d1f618a159c367117c7,488204,f25e81b8b7a75bb49bbe3767eb0e419c8ab01da3,20,0.8323349952697754,Talk,OAppalachia,Ayelle,Baroness,2018,2007,rb,rock
417357,f2fbc5a77fea5d5b503bc57325e07d0568a71db8,371579,5db7c1e207083a501bfd1973a34aecbb013bc762,1,0.9531988501548767,Heavy Love Affair,13 Big Enough for Both of Us,Marvin Gaye,The Magnetic Fields,1981,2016,rb,rock
417357,f2fbc5a77fea5d5b503bc57325e07d0568a71db8,393173,75b753f4f1b9675d45a778de3d856f12e1c73833,2,0.9389899373054504,Heavy Love Affair,In Love With You,Marvin Gaye,112,1981,1996,rb,rb
417357,f2fbc5a77fea5d5b503bc57325e07d0568a71db8,178510,13ee58598c5115b0f15845e5aac8b2dc0a95643a,3,0.9525675773620605,Heavy Love Affair,First time,Marvin Gaye,Josh X,1981,2013,rb,rock
417357,f2fbc5a77fea5d5b503bc57325e07d0568a71db8,52280,dbb0e396d2c687fa2d4978f816f533e98617317e,4,0.9387508034706116,Heavy Love Affair,Love Me Wrong,Marvin Gaye,Allie X,1981,2019,rb,pop
417357,f2fbc5a77fea5d5b503bc57325e07d0568a71db8,116777,ce90ee2c2fee3d01cc4b74b3d979922ae05a9247,5,0.9265302419662476,Heavy Love Affair,Think About Me,Marvin Gaye,Fleetwood Mac,1981,1979,rb,rock
417357,f2fbc5a77fea5d5b503bc57325e07d0568a71db8,478531,d6f8c5a1f41960adc71c7c64fb3002bf9ee2cb5b,6,0.9392088055610657,Heavy Love Affair,Summer Of Love,Marvin Gaye,The B-52's,1981,1986,rb,pop
417357,f2fbc5a77fea5d5b503bc57325e07d0568a71db8,339255,a92153882bfed4715a94ac801d7b87245bbf04ad,7,0.938501238822937,Heavy Love Affair,Love You Back,Marvin Gaye,Halfnoise,1981,2016,rb,pop
417357,f2fbc5a77fea5d5b503bc57325e07d0568a71db8,391915,402da1e1a31e9ba4bf97f12f689dcf1392ee9771,8,0.9362716674804688,Heavy Love Affair,Summer daze,Marvin Gaye,Nick Holder,1981,1999,rb,pop
417357,f2fbc5a77fea5d5b503bc57325e07d0568a71db8,199197,a2ea430b437d88bb69150d9d20d92d6d2b15658d,9,0.9224849939346313,Heavy Love Affair,Special Brew,Marvin Gaye,Bad Manners,1981,1980,rb,pop
417357,f2fbc5a77fea5d5b503bc57325e07d0568a71db8,408829,cbe66d91170f52b3337e3f7ab039dcb75e4788ed,10,0.9033202528953552,Heavy Love Affair,Put That Thang On Me,Marvin Gaye,Twista,1981,2001,rb,rap
417357,f2fbc5a77fea5d5b503bc57325e07d0568a71db8,247604,5b703a2bdbd1f5eba79764f6d26bc85310b4e37a,11,0.9032681584358215,Heavy Love Affair,Therell Be Sad Songs To Make You Cry,Marvin Gaye,Billy Ocean,1981,1986,rb,pop
417357,f2fbc5a77fea5d5b503bc57325e07d0568a71db8,410328,1dd10e3173e40a85f212091dbb71559fbf70af0e,12,0.9102758169174194,Heavy Love Affair,Be My Babe,Marvin Gaye,Jilly (Eurobeat),1981,1998,rb,pop
417357,f2fbc5a77fea5d5b503bc57325e07d0568a71db8,226660,dcb4aa2383c988a185de454c8fd5492d48a887a8,13,0.9234101176261902,Heavy Love Affair,Do You Still Love Me?,Marvin Gaye,Meli'sa Morgan,1981,1986,rb,pop
417357,f2fbc5a77fea5d5b503bc57325e07d0568a71db8,100033,b173c7fa5f4b3a4feb80cae18b2631b32eef4af8,14,0.9306348562240601,Heavy Love Affair,There Are Many Way To Say I Love You,Marvin Gaye,Sylvan Esso,1981,2017,rb,pop
417357,f2fbc5a77fea5d5b503bc57325e07d0568a71db8,480000,f290bb112851186e33e56ee829347f8d351ab68f,15,0.9187805652618408,Heavy Love Affair,Luv 4 Luv,Marvin Gaye,Robin S.,1981,1993,rb,pop
417357,f2fbc5a77fea5d5b503bc57325e07d0568a71db8,350529,bbc9086b75393ccb15b699a25a6e019423382e61,16,0.9117368459701538,Heavy Love Affair,My Forever Love,Marvin Gaye,Levert,1981,1987,rb,rb
417357,f2fbc5a77fea5d5b503bc57325e07d0568a71db8,490728,754896bf034595a98d8ef2b2c5d45bea1b081af3,17,0.9226864576339722,Heavy Love Affair,L-O-V-E,Marvin Gaye,Cast - T.O.T.S.,1981,2019,rb,pop
417357,f2fbc5a77fea5d5b503bc57325e07d0568a71db8,260172,982413e82dc60e63a49c3c53ec91ff112f79cb98,18,0.9179683327674866,Heavy Love Affair,Feel the Same,Marvin Gaye,Olly Murs,1981,2018,rb,pop
417357,f2fbc5a77fea5d5b503bc57325e07d0568a71db8,377165,51bd96c74cd21044a939da4b4c93942d4f1f2f33,19,0.921111524105072,Heavy Love Affair,What If I Told You That I Love You Don Diablo Remix,Marvin Gaye,Ali Gatie,1981,2020,rb,pop
417357,f2fbc5a77fea5d5b503bc57325e07d0568a71db8,33487,f4e430f8a9fbe5ded5ec20df0e6ff7916fff129a,20,0.9171277284622192,Heavy Love Affair,Used to Love You,Marvin Gaye,Yuna,1981,2016,rb,rb
93588,2325d10814c829beece4d48e55240b3115da1fe5,460041,019411b7592ba2ff691643926b8e2993b6423c9f,1,0.8591229319572449,Prayer,Dad,D'Angelo and the Vanguard,Thylacine,2014,2014,rb,pop
93588,2325d10814c829beece4d48e55240b3115da1fe5,235703,74c7b2a4fd7ac34ab9d8367b838550d119820308,2,0.8237912058830261,Prayer,Day by Day,D'Angelo and the Vanguard,Stephen Schwartz,2014,2011,rb,pop
93588,2325d10814c829beece4d48e55240b3115da1fe5,340002,055f4247dfcdfb043ddd0d9bd5fc65250b5b4aec,3,0.8560590147972107,Prayer,Agnostic,D'Angelo and the Vanguard,The Kooks,2014,2020,rb,rock
93588,2325d10814c829beece4d48e55240b3115da1fe5,21282,59c9040e79f054cdcfee7119b23852ceb78a2c47,4,0.7829854488372803,Prayer,I Need You To Survive,D'Angelo and the Vanguard,Hezekiah Walker,2014,2002,rb,pop
93588,2325d10814c829beece4d48e55240b3115da1fe5,67352,e36ecec6c2a38fe92b00f2c97f546f1f390f33b8,5,0.8027830719947815,Prayer,Eaalah Family,D'Angelo and the Vanguard,"Spillage Village, JID & EARTHGANG",2014,2020,rb,rap
93588,2325d10814c829beece4d48e55240b3115da1fe5,187574,143112c1f167ba3d0876b9735a63977c67c61568,6,0.8455185294151306,Prayer,Prayer Loop Song,D'Angelo and the Vanguard,Supaman,2014,2014,rb,rap
93588,2325d10814c829beece4d48e55240b3115da1fe5,99272,74f5ec0d8fc8baf0fc81bfd4675b9b7556ece724,7,0.8239424228668213,Prayer,Pray,D'Angelo and the Vanguard,"Royce da 5'9""",2014,2016,rb,rap
93588,2325d10814c829beece4d48e55240b3115da1fe5,325131,343f5047ac6b521ea2cf3919b70d87484b9155a5,8,0.8315702080726624,Prayer,All Lies,D'Angelo and the Vanguard,Nomeansno,2014,1989,rb,pop
93588,2325d10814c829beece4d48e55240b3115da1fe5,24379,9bf23a3ca5437e89657175f7bfa881edefd5fd2f,9,0.7782633304595947,Prayer,We Pray,D'Angelo and the Vanguard,Dre Island,2014,2017,rb,pop
93588,2325d10814c829beece4d48e55240b3115da1fe5,389650,1fe3a42ae8f8577310fd8fc702a4cc3f39b8dae8,10,0.8275682330131531,Prayer,Pray,D'Angelo and the Vanguard,Tina Cousins,2014,1999,rb,pop
93588,2325d10814c829beece4d48e55240b3115da1fe5,309982,1807de9550972b4a4ad592ecf1ddabff8eaf2f9b,11,0.815326988697052,Prayer,Sorry?,D'Angelo and the Vanguard,Suicidal Tendencies,2014,1988,rb,pop
93588,2325d10814c829beece4d48e55240b3115da1fe5,365411,3a9f529d6c2e1ee0eb216f169624ad06d6659d7f,12,0.8363463282585144,Prayer,Brightest,D'Angelo and the Vanguard,Copeland,2014,2003,rb,rock
93588,2325d10814c829beece4d48e55240b3115da1fe5,261639,ab63a95b4a7dd3b6ecd0e9f2939c6c11bba276dc,13,0.8290711641311646,Prayer,Ciaras Prayer,D'Angelo and the Vanguard,K. Michelle,2014,2020,rb,rb
93588,2325d10814c829beece4d48e55240b3115da1fe5,112812,34dd1c0f3b1a5a4af5266b47223e6dce23dd9f46,14,0.8363463282585144,Prayer,Follow,D'Angelo and the Vanguard,Whitney,2014,2016,rb,rock
93588,2325d10814c829beece4d48e55240b3115da1fe5,266068,2591884a5c750d82a9ccc7077b24fe6bf5771326,15,0.8363463282585144,Prayer,Be Closer,D'Angelo and the Vanguard, (WE),2014,2017,rb,pop
93588,2325d10814c829beece4d48e55240b3115da1fe5,396142,b9a19fc3260aec6541efb5f61d06e6f9f6d2ea7a,16,0.8363463282585144,Prayer,Deity,D'Angelo and the Vanguard,Ministry,2014,1988,rb,rock
93588,2325d10814c829beece4d48e55240b3115da1fe5,345936,30081c46d70daa3f2cbb27a7f6c65bd598aee54a,17,0.8363463282585144,Prayer,Oil in My Lamp,D'Angelo and the Vanguard,Desmond Dekker,2014,1993,rb,rock
93588,2325d10814c829beece4d48e55240b3115da1fe5,229646,e24c20b8f4c0571117d0685022883a6128d37558,18,0.8363463282585144,Prayer,Vital,D'Angelo and the Vanguard,Grouper,2014,2013,rb,rock
93588,2325d10814c829beece4d48e55240b3115da1fe5,189081,91aa5ab49bcbc7dc9be6347402050a189f45b606,19,0.8363463282585144,Prayer,Alone,D'Angelo and the Vanguard,Reece,2014,2017,rb,pop
93588,2325d10814c829beece4d48e55240b3115da1fe5,156729,bc41cbe6d26e077583915d8b34091190b58b1c50,20,0.8363463282585144,Prayer,Mr. Telephone Man,D'Angelo and the Vanguard,Erykah Badu,2014,2015,rb,rb
325080,2e9530bbf1e18689c551f94e9525eab4b0216ba6,346244,5dc687dbfca9124efb2e8b554e924f6465fca150,1,0.6668509840965271,Love Nest,Palimpsest,James Bambu,Smog,2017,2005,rb,pop
325080,2e9530bbf1e18689c551f94e9525eab4b0216ba6,130418,bf7ff072cec8c516ea7f7c4a4d76ffb8a7e80760,2,0.6034016609191895,Love Nest,This Song,James Bambu,BeBe Winans,2017,1997,rb,rb
325080,2e9530bbf1e18689c551f94e9525eab4b0216ba6,67895,1d522b22b9f423147425b359a1e41a4345347d41,3,0.5177651643753052,Love Nest,Theres Something Special,James Bambu,Pharrell Williams,2017,2017,rb,pop
325080,2e9530bbf1e18689c551f94e9525eab4b0216ba6,9997,99cb7d893aa25dc0123f85b2ed7696852803a11d,4,0.6618407368659973,Love Nest,No One Knows Me Like the Piano,James Bambu,Sampha,2017,2017,rb,rb
325080,2e9530bbf1e18689c551f94e9525eab4b0216ba6,280931,c5a5cc2bc23c3ba71e6f01b7ed3e27e2cc034863,5,0.5923192501068115,Love Nest,Numb,James Bambu,Merk & Kremont & SVEA,2017,2020,rb,pop
325080,2e9530bbf1e18689c551f94e9525eab4b0216ba6,349611,5639d65c6e0466390a10bee4640a49b9ae4483f2,6,0.5575615167617798,Love Nest,Special Place,James Bambu,Infected Mushroom,2017,2007,rb,pop
325080,2e9530bbf1e18689c551f94e9525eab4b0216ba6,387013,56e9eb98ea733b0caa9d403b93ccfca097c58a7c,7,0.5888690948486328,Love Nest,Carrie Ends the Call,James Bambu,John K. Samson,2017,2016,rb,rock
325080,2e9530bbf1e18689c551f94e9525eab4b0216ba6,67663,67d69488266fab1fa4f47f85dd4b4f7954519727,8,0.6081924438476562,Love Nest,Maybe,James Bambu,N.E.R.D.,2017,2004,rb,pop
325080,2e9530bbf1e18689c551f94e9525eab4b0216ba6,503798,586f972662e9d149286a7382786172cdd8c18a67,9,0.5888490080833435,Love Nest,Sleep,James Bambu,Adekunle Gold,2017,2022,rb,pop
325080,2e9530bbf1e18689c551f94e9525eab4b0216ba6,123980,4d3487251579614d2c7e4caf8cb863f994df17a4,10,0.580790638923645,Love Nest,Id Love,James Bambu,Auur,2017,2017,rb,pop
325080,2e9530bbf1e18689c551f94e9525eab4b0216ba6,371052,16842216aba3cdc4a78ca6fae3f0cc23a065ae3a,11,0.6337730884552002,Love Nest,Safety,James Bambu,"Football, etc.",2017,2011,rb,pop
325080,2e9530bbf1e18689c551f94e9525eab4b0216ba6,42932,9f4d6b7b2c580e4f9a10afeb6d28af5b489a948a,12,0.49758249521255493,Love Nest,Spinning Song,James Bambu,Nick Cave & The Bad Seeds,2017,2019,rb,rock
325080,2e9530bbf1e18689c551f94e9525eab4b0216ba6,21780,8f367163e2c226a05f61e28f9947e2d5394e4fd4,13,0.6230226755142212,Love Nest,Branches,James Bambu,BONES,2017,2017,rb,rap
325080,2e9530bbf1e18689c551f94e9525eab4b0216ba6,81616,5e70834695881171f2fad5b55e3052d2bd8da2cd,14,0.4918666481971741,Love Nest,Cooties,James Bambu,Dove Cameron,2017,2016,rb,pop
325080,2e9530bbf1e18689c551f94e9525eab4b0216ba6,498622,803395308eb76eaa4c83fbae9cad24e978d8cadc,15,0.60572749376297,Love Nest,Build a Nest,James Bambu,Jeff Parker,2017,2020,rb,pop
325080,2e9530bbf1e18689c551f94e9525eab4b0216ba6,465504,ff7e65fe4673f41205a070b71609556c0c5d6107,16,0.6027494668960571,Love Nest,Peach,James Bambu,Blur,2017,1993,rb,rock
325080,2e9530bbf1e18689c551f94e9525eab4b0216ba6,19664,ba04b9f58a49664e4f8c34bb07f485ab5c31af3e,17,0.5969985127449036,Love Nest,Rattlin Bog,James Bambu,Irish Descendants,2017,2004,rb,pop
325080,2e9530bbf1e18689c551f94e9525eab4b0216ba6,290836,90d0dfe93eafd003afdb601198176dab5b25c3ad,18,0.6059238910675049,Love Nest,Drink Down the Moon,James Bambu,Steeleye Span,2017,1974,rb,pop
325080,2e9530bbf1e18689c551f94e9525eab4b0216ba6,381920,e41a31fa1be3cef323bc75c2b4c871272ddb299d,19,0.5799002051353455,Love Nest,A Rats Nest,James Bambu,Thom Yorke,2017,2006,rb,rock
325080,2e9530bbf1e18689c551f94e9525eab4b0216ba6,416314,7fe96fc289f62cf03d48340868438f489a02747a,20,0.5233650803565979,Love Nest,Little Room,James Bambu,dodie,2017,2015,rb,pop
479074,191f78f5e93a4ea51160e6bce0b1989f7837eba8,125963,b566389cd8c8fd793bed979a681879b234c37a5a,1,0.5949696898460388,Blueberry Cadillac,Monte Carlo,Landon Sears,Aftertheparty,2017,2017,rb,rap
479074,191f78f5e93a4ea51160e6bce0b1989f7837eba8,37308,389c85a89fc65ad0c19d2c384e92c46e0f674899,2,0.591901421546936,Blueberry Cadillac,Drop Out,Landon Sears,Lil Pump,2017,2019,rb,rap
479074,191f78f5e93a4ea51160e6bce0b1989f7837eba8,382444,9a3adc7164cd07c81fbd523f5c20a73ffa55997f,3,0.5351477861404419,Blueberry Cadillac,Died In Your Arms Remix,Landon Sears,"Varick ""Smitty"" Smith",2017,2015,rb,pop
479074,191f78f5e93a4ea51160e6bce0b1989f7837eba8,351264,3eaac258a608f4ae901b58f75c5c47cfdb7121eb,4,0.4681176543235779,Blueberry Cadillac,Pull Up,Landon Sears,Rich The Kid,2017,2013,rb,rap
479074,191f78f5e93a4ea51160e6bce0b1989f7837eba8,417237,4bad39183d01f78ef6b88850c1b7472f11436466,5,0.5221320390701294,Blueberry Cadillac,Wraith,Landon Sears,Young Lungs,2017,2018,rb,rap
479074,191f78f5e93a4ea51160e6bce0b1989f7837eba8,54987,d32002c38a8d74707ec599d628ca03b8d0617593,6,0.5397624373435974,Blueberry Cadillac,Ash Kaashh,Landon Sears,1nonly,2017,2020,rb,rap
479074,191f78f5e93a4ea51160e6bce0b1989f7837eba8,38095,6c91a1d0ef1ee94ca001da36f452dfc2bee95194,7,0.4959140717983246,Blueberry Cadillac,Trap House,Landon Sears,Gucci Mane,2017,2005,rb,rap
479074,191f78f5e93a4ea51160e6bce0b1989f7837eba8,68160,e9598d4d48f76b91e875388e0adb1a6d08725eed,8,0.5164839625358582,Blueberry Cadillac,Steamer,Landon Sears,Brian Fresco,2017,2012,rb,rap
479074,191f78f5e93a4ea51160e6bce0b1989f7837eba8,254069,d22f35d131374b3b44d954ca4202abd971429b45,9,0.4992665648460388,Blueberry Cadillac,Real Is Rarë,Landon Sears,Yeat,2017,2021,rb,rap
479074,191f78f5e93a4ea51160e6bce0b1989f7837eba8,173696,d8611e2919d94389552a32eafb896ab47bbbcfb2,10,0.5482897758483887,Blueberry Cadillac,NIGHTRIDER,Landon Sears,lil aaron,2017,2016,rb,rock
479074,191f78f5e93a4ea51160e6bce0b1989f7837eba8,86027,791b62ca3d709ab417f30eb99677a51a4f6878e0,11,0.5345513820648193,Blueberry Cadillac,Hunnid Bands,Landon Sears,Wiz Khalifa,2017,2018,rb,rap
479074,191f78f5e93a4ea51160e6bce0b1989f7837eba8,164905,9f3b2f39c3407773e9f07947345851d26fa22234,12,0.5157148838043213,Blueberry Cadillac,Bushido,Landon Sears,Tag Shai,2017,2017,rb,rap
479074,191f78f5e93a4ea51160e6bce0b1989f7837eba8,439547,c8b7ea1acc2283d6cb29c2fe79065bf1f4ea6b01,13,0.5295736789703369,Blueberry Cadillac,Moon Rock Demo,Landon Sears,Travis Scott,2017,2018,rb,rap
479074,191f78f5e93a4ea51160e6bce0b1989f7837eba8,194946,ece6ad969ccd7f206e2c41b7c6cc0b8dcf77d573,14,0.5861813426017761,Blueberry Cadillac,Quicktime,Landon Sears,Iggy Azalea,2017,2012,rb,rap
479074,191f78f5e93a4ea51160e6bce0b1989f7837eba8,177885,7fde0219df846c35518c7fc1683ecf4a21e94ef6,15,0.49925732612609863,Blueberry Cadillac,Ambrosia,Landon Sears,Rosie Tucker,2017,2019,rb,pop
479074,191f78f5e93a4ea51160e6bce0b1989f7837eba8,394913,bb4ed55eb43596bf27dbc8310cf29ef393972017,16,0.5703403949737549,Blueberry Cadillac,Hungry Eat,Landon Sears,Soulja Boy,2017,2014,rb,rap
479074,191f78f5e93a4ea51160e6bce0b1989f7837eba8,1017,9d4a02c76814c8709e84efce2c6298b21a09d7f9,17,0.4774588346481323,Blueberry Cadillac,Candy Paint,Landon Sears,Post Malone,2017,2017,rb,rap
479074,191f78f5e93a4ea51160e6bce0b1989f7837eba8,4168,f0d4ab0651c3c241a85bbb60ce999917ccaf5a12,18,0.5445065498352051,Blueberry Cadillac,Juice,Landon Sears,Yo Gotti,2017,2017,rb,rap
479074,191f78f5e93a4ea51160e6bce0b1989f7837eba8,46870,40035469130a89bd638a217847842f564b62a11e,19,0.5536584854125977,Blueberry Cadillac,Whippin My Wrist,Landon Sears,Soulja Boy,2017,2015,rb,rap
479074,191f78f5e93a4ea51160e6bce0b1989f7837eba8,515532,41d38fb3e9d166b2b6a1ea4d44d67d2b72cb34a3,20,0.5910813808441162,Blueberry Cadillac,Bugatti vs Maserati,Landon Sears,LilNate1129,2017,2022,rb,rap
303337,445992e972b3765b2b33a3211575ee38bc23ea0a,294087,74f66ddbd06db61f2232e19a7aa21d5c6b4fd378,1,0.7280676960945129,Waves,Back Home,St. Paul & The Broken Bones,Fritz Kalkbrenner,2016,2014,rb,misc
303337,445992e972b3765b2b33a3211575ee38bc23ea0a,483718,2ed551bce635017d6469db67745d4ac320d5f410,2,0.6756908297538757,Waves,Juliet,St. Paul & The Broken Bones,The Four Pennies,2016,1964,rb,pop
303337,445992e972b3765b2b33a3211575ee38bc23ea0a,413989,ed7c10e6fe97295a63c98a34ef3c8ec15f2a0759,3,0.6640725135803223,Waves,Prada,St. Paul & The Broken Bones,Dolly,2016,2019,rb,rap
303337,445992e972b3765b2b33a3211575ee38bc23ea0a,340503,387ab99199371f64c05d36ae31ec7d93d338f9e5,4,0.6446113586425781,Waves,Lisbeth,St. Paul & The Broken Bones,Veil of Maya,2016,2015,rb,rock
303337,445992e972b3765b2b33a3211575ee38bc23ea0a,277252,37ecf7dcb2497668e05c76e428e3d0e8436d4179,5,0.6566406488418579,Waves,Cherish the Day,St. Paul & The Broken Bones,Robert Glasper Experiment,2016,2012,rb,rb
303337,445992e972b3765b2b33a3211575ee38bc23ea0a,496955,6bbaf6202191cd1745bc67a341bd0193fae9954e,6,0.6877251863479614,Waves,Follow You,St. Paul & The Broken Bones,Rasmus Hagen,2016,2019,rb,pop
303337,445992e972b3765b2b33a3211575ee38bc23ea0a,262304,48a0c3d71901c6a2a5df40495930ecfd1a708f35,7,0.6345348358154297,Waves,Slip Away,St. Paul & The Broken Bones,Josh Garrels,2016,2011,rb,pop
303337,445992e972b3765b2b33a3211575ee38bc23ea0a,96808,240ae6680650e1e7aefec8efe391bdd409a071df,8,0.5862209796905518,Waves,Light Up,St. Paul & The Broken Bones,MUTEMATH,2016,2015,rb,rock
303337,445992e972b3765b2b33a3211575ee38bc23ea0a,381232,b34066bbbf8b1d62a15b6b7fabc4d12228e722a8,9,0.5444017648696899,Waves,Threads,St. Paul & The Broken Bones,David Leonard (Christian),2016,2019,rb,rock
303337,445992e972b3765b2b33a3211575ee38bc23ea0a,436346,600d39e35abd18f6c0b1b78a8484b505236d220e,10,0.605444610118866,Waves,My Love Will Never Die,St. Paul & The Broken Bones,Helmut Lotti,2016,2001,rb,pop
303337,445992e972b3765b2b33a3211575ee38bc23ea0a,251501,a7d9cf0e91b933e1cfc236e4785d6d6476d6776b,11,0.6138871908187866,Waves,Dead Wrong,St. Paul & The Broken Bones,The Fray,2016,2005,rb,rock
303337,445992e972b3765b2b33a3211575ee38bc23ea0a,237694,2768ac9aee78ae462898bf8705ebe9acba2f7e74,12,0.5990229249000549,Waves,Everything Burns,St. Paul & The Broken Bones,Ben Moody,2016,2005,rb,pop
303337,445992e972b3765b2b33a3211575ee38bc23ea0a,256836,50c7dec57f72c721d8fb3b2007509c598811661b,13,0.581796407699585,Waves,Dont Worry Well Be Watching You,St. Paul & The Broken Bones,Gotye,2016,2011,rb,rock
303337,445992e972b3765b2b33a3211575ee38bc23ea0a,425368,eaeeb93fb41f9a04d08a26fc16fe8d494f712b0c,14,0.5227934122085571,Waves,Life Happens,St. Paul & The Broken Bones,Ester Rada -  ,2016,2012,rb,rb
303337,445992e972b3765b2b33a3211575ee38bc23ea0a,81843,ad36279ef601901da1b762943e29d036ea9d6483,15,0.5532963275909424,Waves,Light My Way,St. Paul & The Broken Bones,Audioslave,2016,2002,rb,rock
303337,445992e972b3765b2b33a3211575ee38bc23ea0a,199553,70edefcb77fa33f3f9b6bbec0943209fec92e191,16,0.537845253944397,Waves,Anyone Can Dig a Hole but It Takes a Real Man to Call It Home,St. Paul & The Broken Bones,Underoath,2016,2008,rb,rock
303337,445992e972b3765b2b33a3211575ee38bc23ea0a,442814,b950af1fc8656d0a1ae67fefd04aac977e1d6bec,17,0.6349571943283081,Waves,A Matter of Time,St. Paul & The Broken Bones,Dillon,2016,2014,rb,pop
303337,445992e972b3765b2b33a3211575ee38bc23ea0a,101042,ef9fb7ddf740774f8a524c51a2aee646f4a0d2ab,18,0.5066489577293396,Waves,Once Upon a Time,St. Paul & The Broken Bones,James Snyder,2016,2008,rb,pop
303337,445992e972b3765b2b33a3211575ee38bc23ea0a,22181,65fa6ca3a2f965727883099f0883cb90b80ee130,19,0.5119656920433044,Waves,Seventeen,St. Paul & The Broken Bones,Sharon Van Etten,2016,2019,rb,pop
303337,445992e972b3765b2b33a3211575ee38bc23ea0a,222673,4f521b224378af2421fb72fd2a2c69bae8317a2d,20,0.6079273819923401,Waves,Flaws,St. Paul & The Broken Bones,San Cisco,2016,2020,rb,pop
199663,267243e967ed746b92e69703f09defc1b902b075,455172,c22c769a44b1ed20932d78ab0665d014d72c02c6,1,0.7395649552345276,Hands to Yourself,Can’t You See Me? 世界が燃えてしまった夜、僕たちは... Japanese Ver.,Kyle Dion,TOMORROW X TOGETHER,2019,2020,rb,pop
199663,267243e967ed746b92e69703f09defc1b902b075,31061,03a60bce06fdc3545deadce02046e47ca9ed0cf2,2,0.6628669500350952,Hands to Yourself,Only You,Kyle Dion,Steve Monite,2019,1984,rb,rb
199663,267243e967ed746b92e69703f09defc1b902b075,124338,0726f7a49fcd2055e41260a76ba93f8ba51179a4,3,0.6946378946304321,Hands to Yourself,When the Worlds on Fire,Kyle Dion,The Carter Family,2019,1995,rb,country
199663,267243e967ed746b92e69703f09defc1b902b075,382435,a393926ec776f3a948b27a5ce914df95cd95e4e9,4,0.7249642014503479,Hands to Yourself,Ive Got the Fire,Kyle Dion,Iron Maiden,2019,1983,rb,rock
199663,267243e967ed746b92e69703f09defc1b902b075,384793,a5c755a5f6bb5d11254bf1a3d541117823d8a263,5,0.7213236093521118,Hands to Yourself,Get It Together,Kyle Dion,De Staat,2019,2013,rb,rock
199663,267243e967ed746b92e69703f09defc1b902b075,267011,2a5b256b3ce87097ed166eb8adc5841604f9ce80,6,0.6693304777145386,Hands to Yourself,Carry the Fire,Kyle Dion,Dustin Kensrue,2019,2015,rb,rock
199663,267243e967ed746b92e69703f09defc1b902b075,184599,2cd94950d283cc746bab9cbd05d1b7d30937c1dc,7,0.7005142569541931,Hands to Yourself,Walk Through The Fire,Kyle Dion,Yung Bleu,2019,2022,rb,rb
199663,267243e967ed746b92e69703f09defc1b902b075,319088,14c116ec60523eec2aba11473ba686af7774c90b,8,0.644980251789093,Hands to Yourself,The Telephone Call,Kyle Dion,George Jones & Tammy Wynette,2019,1975,rb,country
199663,267243e967ed746b92e69703f09defc1b902b075,98373,1c96cee965d8bf810478c5228d0c1d1c246b2d58,9,0.6994717121124268,Hands to Yourself,Only You,Kyle Dion,Frank Ocean,2019,2017,rb,pop
199663,267243e967ed746b92e69703f09defc1b902b075,231308,d94d73023b7d919b4e04ddf9664f7f89e894cb85,10,0.667315661907196,Hands to Yourself,Take Me Out,Kyle Dion,Emma Blackery,2019,2018,rb,pop
199663,267243e967ed746b92e69703f09defc1b902b075,62684,bbf1e7243409ecbba670abcbb8d0b8e2066a0972,11,0.6834115982055664,Hands to Yourself,Only You,Kyle Dion,Theophilus London,2019,2018,rb,rb
199663,267243e967ed746b92e69703f09defc1b902b075,510502,a993f4eb738cd6bc70c5101926f6d034c64bb215,12,0.6715272665023804,Hands to Yourself,Fire Burns You Cold,Kyle Dion,Isak Danielson,2019,2022,rb,pop
199663,267243e967ed746b92e69703f09defc1b902b075,309578,afd2de8a69fd1422b605353da96efee9f13cf0fc,13,0.6320845484733582,Hands to Yourself,Thoughts on Fire,Kyle Dion,Ria Mae,2019,2016,rb,pop
199663,267243e967ed746b92e69703f09defc1b902b075,101050,e5ea3560ae64675bdecb374f30d0193e4e329762,14,0.666594386100769,Hands to Yourself,My Ladys on Fire,Kyle Dion,Ty Segall,2019,2017,rb,rock
199663,267243e967ed746b92e69703f09defc1b902b075,292104,d91e400a70b049c5a40d05c24fae0cc4aad10957,15,0.6835975050926208,Hands to Yourself,Take You Home Tonight,Kyle Dion,Jonah Marais,2019,2016,rb,pop
199663,267243e967ed746b92e69703f09defc1b902b075,337344,f0734d2437af35f69f001d37d258d0597706f090,16,0.6797773838043213,Hands to Yourself,Im on Fire,Kyle Dion,Bat for Lashes,2019,2007,rb,pop
199663,267243e967ed746b92e69703f09defc1b902b075,48969,41483fb6b73c5216caa735974c54815aa21dfe94,17,0.669492781162262,Hands to Yourself,Fire,Kyle Dion,The Pointer Sisters,2019,1978,rb,rock
199663,267243e967ed746b92e69703f09defc1b902b075,51043,180df72c17dfec8c3645654566e71e24ef5421f1,18,0.6366335153579712,Hands to Yourself,Fire Ready Aim,Kyle Dion,Green Day,2019,2019,rb,rock
199663,267243e967ed746b92e69703f09defc1b902b075,449572,6069cad88a5ee5bcf1b760e85b30ce46efcf7820,19,0.6693793535232544,Hands to Yourself,Fire,Kyle Dion,Saint Mesa,2019,2019,rb,pop
199663,267243e967ed746b92e69703f09defc1b902b075,502591,6b1b6a05b4d1453844ed6fff75fa0da037e10ff5,20,0.641868531703949,Hands to Yourself,Place On Fire,Kyle Dion,Jasiah,2019,2022,rb,rock
63215,75904a3519297ebdd8de1b49da041a31b92b3f79,295616,5e449a620ecd83f5204ef1458f7fe73ce9459bff,1,0.6222871541976929,Knife,All I Can,Rockwell,Sharon Van Etten,1984,2012,rb,pop
63215,75904a3519297ebdd8de1b49da041a31b92b3f79,297974,afdd584988c57f4a7730e79bf277d6e9c5c15072,2,0.521904468536377,Knife,Hey Light,Rockwell,Animal Collective,1984,2003,rb,pop
63215,75904a3519297ebdd8de1b49da041a31b92b3f79,41519,2b09d65cbc05a2f573ccb3676a9181b9d700cfe1,3,0.5865276455879211,Knife,D-Generation X Break It Down,Rockwell,Jim Johnston,1984,1998,rb,rap
63215,75904a3519297ebdd8de1b49da041a31b92b3f79,376865,691647ad3359b3dcd9d9044046d408f3997ac97f,4,0.4979736804962158,Knife,My Release In Pain,Rockwell,Lacrimas Profundere,1984,2013,rb,pop
63215,75904a3519297ebdd8de1b49da041a31b92b3f79,515335,e7eb458814b2c1694e1d77fc0edb53b22b4e936f,5,0.5603877305984497,Knife,Take Me Somewhere,Rockwell,DLMT,1984,2022,rb,pop
63215,75904a3519297ebdd8de1b49da041a31b92b3f79,346845,52586b5716f3a9be2845ccc086cf4f0153f54565,6,0.5343273878097534,Knife,You broke me in two,Rockwell,Andie Case,1984,2015,rb,pop
63215,75904a3519297ebdd8de1b49da041a31b92b3f79,175181,bb7915c6f3ff2e6a079e9b6d69b01b54423faee5,7,0.5644370317459106,Knife,Dopamine,Rockwell,With Confidence,1984,2018,rb,rock
63215,75904a3519297ebdd8de1b49da041a31b92b3f79,127860,7ca8110c7b4672a3645a1b41c4ff7547b3d6c715,8,0.5275300741195679,Knife,Heart Beat Here,Rockwell,Dashboard Confessional,1984,2016,rb,rock
63215,75904a3519297ebdd8de1b49da041a31b92b3f79,185997,d020b7fbea3497890830ebb6b1c8af2bbf320caa,9,0.5199322700500488,Knife,Keepsake,Rockwell,State Radio,1984,2005,rb,pop
63215,75904a3519297ebdd8de1b49da041a31b92b3f79,465418,46cb12d2b62a2c85af1e2a938a0de3426f443e5c,10,0.6006118059158325,Knife,Ocean,Rockwell,Liza Anne,1984,2015,rb,rock
63215,75904a3519297ebdd8de1b49da041a31b92b3f79,344164,14ed91b4c107fd61d3f30877b3d9260493d19024,11,0.46404731273651123,Knife,Coming Back to a Man,Rockwell,Dawes,1984,2011,rb,rock
63215,75904a3519297ebdd8de1b49da041a31b92b3f79,434682,c2b592b3f83e78329b8da78b69a999f59a37a8d2,12,0.49492183327674866,Knife,3:45,Rockwell,Phonte and Eric Roberson,1984,2016,rb,rb
63215,75904a3519297ebdd8de1b49da041a31b92b3f79,369528,af49cbaaeb5c6b2abea3c243be09e1c07227af4b,13,0.55592942237854,Knife,Heal You,Rockwell,Jamal Woon,1984,2015,rb,rb
63215,75904a3519297ebdd8de1b49da041a31b92b3f79,304108,734201bd454a55a5c24060febd1574251bac901a,14,0.5304068326950073,Knife,Forgotten Faces,Rockwell,gizmo,1984,2016,rb,misc
63215,75904a3519297ebdd8de1b49da041a31b92b3f79,401501,f64e5511cb64700299e47d3ead1f42361bd476e8,15,0.5617969036102295,Knife,Great Big World,Rockwell,Anne Hathaway,1984,2005,rb,pop
63215,75904a3519297ebdd8de1b49da041a31b92b3f79,484396,194c1059cb87440dd31371a119ef890127d27015,16,0.5117506384849548,Knife,Through the looking glass,Rockwell,Pete Doherty,1984,2015,rb,pop
63215,75904a3519297ebdd8de1b49da041a31b92b3f79,407095,659d69707a2f52f5037f282cd869e46d9bca9f87,17,0.47583580017089844,Knife,Hundred Story City,Rockwell,Original Cast of Ordinary Days,1984,2010,rb,pop
63215,75904a3519297ebdd8de1b49da041a31b92b3f79,282375,e009de7d73b8a68f6efb284835443d2d4c0cd278,18,0.49707794189453125,Knife,Faux Suede Drifter,Rockwell,Goldfrapp,1984,2017,rb,pop
63215,75904a3519297ebdd8de1b49da041a31b92b3f79,444755,ce7b187d4d51fbf6da1d76fc5b915b7c29e05a5b,19,0.4933711290359497,Knife,Brightside,Rockwell,Sabina Ddumba,1984,2017,rb,pop
63215,75904a3519297ebdd8de1b49da041a31b92b3f79,306188,f0964599663991e75ee222b26f235380b85c6d80,20,0.576025664806366,Knife,Never Had It,Rockwell,Flobots,1984,2007,rb,rap
268053,05ded3f172ce4de7e520eebf5eec97aee3f56e47,5695,1d1202e7766b220ad1164aa5285564317855645d,1,0.8391607999801636,Ghost,Runaway,Johnny Stimson,Lil Peep,2017,2018,rb,rap
268053,05ded3f172ce4de7e520eebf5eec97aee3f56e47,26153,dcc2c2bfb865f55c5d00cb4ea603053830c8549f,2,0.7083317637443542,Ghost,The Most,Johnny Stimson,Rich Homie Quan,2017,2015,rb,rap
268053,05ded3f172ce4de7e520eebf5eec97aee3f56e47,510058,9d53b209ba163cfee7b39f76c793c2e69462e1d4,3,0.8242641091346741,Ghost,Ghost,Johnny Stimson,Surf,2017,2022,rb,rap
268053,05ded3f172ce4de7e520eebf5eec97aee3f56e47,122362,dcb412fbcd66fc39e9f2457eccba242c5222d5a0,4,0.8298909664154053,Ghost,Ghostboy,Johnny Stimson,Robotaki,2017,2016,rb,pop
268053,05ded3f172ce4de7e520eebf5eec97aee3f56e47,77318,03e9d143dbe40a9e1de61bc3abe93f9bedc13bd9,5,0.6959869861602783,Ghost,Black Bull,Johnny Stimson,Foals,2017,2019,rb,rock
268053,05ded3f172ce4de7e520eebf5eec97aee3f56e47,103759,a7b736384e322cd13a85e941976a169acff9ce2f,6,0.7070047855377197,Ghost,Shake It Out,Johnny Stimson,Manchester Orchestra,2017,2009,rb,rock
268053,05ded3f172ce4de7e520eebf5eec97aee3f56e47,421595,37ffb5a74ed29b27a0e7c2422d1b179808e3e409,7,0.812222957611084,Ghost,Dancing With Your Ghost,Johnny Stimson,CAZZETTE,2017,2015,rb,pop
268053,05ded3f172ce4de7e520eebf5eec97aee3f56e47,143739,aeb09982513946c26d49c7a14dba7000d4bd2884,8,0.6648186445236206,Ghost,​i swear i try my best,Johnny Stimson,guccihighwaters,2017,2017,rb,rap
268053,05ded3f172ce4de7e520eebf5eec97aee3f56e47,62736,9489a0fb4f90799bd631a2fda4b72b113eae7265,9,0.7810301184654236,Ghost,Sleepless Nights,Johnny Stimson,ayokay,2017,2018,rb,pop
268053,05ded3f172ce4de7e520eebf5eec97aee3f56e47,169587,4d54503e2d58eb6a2c9ea2c620a8651d7d7f3659,10,0.7227347493171692,Ghost,​lil ghost,Johnny Stimson,sadeyes,2017,2019,rb,rap
268053,05ded3f172ce4de7e520eebf5eec97aee3f56e47,421329,6ed1766a6c1ab50bb22684be0ba7faa044e21ff9,11,0.7646445631980896,Ghost,The Ghost of Macon Jones,Johnny Stimson,Joe Bonamassa,2017,2018,rb,rock
268053,05ded3f172ce4de7e520eebf5eec97aee3f56e47,434746,8620283c377f969b3662cb551ef50cf477391638,12,0.7731010317802429,Ghost,GHOST,Johnny Stimson,Zior Park,2017,2021,rb,pop
268053,05ded3f172ce4de7e520eebf5eec97aee3f56e47,165717,527bf6b4df7299841e028786b13e652faf0726e7,13,0.775432825088501,Ghost,Weighty Ghost,Johnny Stimson,Wintersleep,2017,2007,rb,rock
268053,05ded3f172ce4de7e520eebf5eec97aee3f56e47,107591,a8e9849742e4e1153ba01b0e6fff325d86480a70,14,0.7710488438606262,Ghost,Visiting Statue,Johnny Stimson,Grimes,2017,2012,rb,pop
268053,05ded3f172ce4de7e520eebf5eec97aee3f56e47,231985,8160fecf5e945f08ce4207ee2e853cc04a0cf7cc,15,0.7378097772598267,Ghost,Boy From The 5,Johnny Stimson,Noah NorTH,2017,2016,rb,rap
268053,05ded3f172ce4de7e520eebf5eec97aee3f56e47,272440,6091e74d94c8c60f288250738f045fc1f4732e94,16,0.7710488438606262,Ghost,Ghstbstrs,Johnny Stimson,Vargskelethor,2017,2018,rb,pop
268053,05ded3f172ce4de7e520eebf5eec97aee3f56e47,461213,f4fc45140430f408d09cc6f343577b2cbb1830a3,17,0.7710488438606262,Ghost,CRAWLING DEMO,Johnny Stimson,Aries,2017,2019,rb,rock
268053,05ded3f172ce4de7e520eebf5eec97aee3f56e47,53148,b6c70a5936f6f29c4c1850dbbe6a1f30dbfd3d92,18,0.7710488438606262,Ghost,I Dreamt We Spoke Again,Johnny Stimson,Death Cab for Cutie,2017,2018,rb,rock
268053,05ded3f172ce4de7e520eebf5eec97aee3f56e47,234850,65e7ec4c4e62bbbcf11b6bfba4449ed30ef0d1df,19,0.7710488438606262,Ghost,Ghost 2WEI Remix,Johnny Stimson,Marvin Brooks,2017,2021,rb,pop
268053,05ded3f172ce4de7e520eebf5eec97aee3f56e47,287637,97daa3b2db8bfaaf63ba69121d13c64c59082bb0,20,0.7710488438606262,Ghost,Ghost,Johnny Stimson,Devin Townsend Project,2017,2011,rb,rock
143170,ad3b70e8a1ce26d2aad6620cff105d29d9968995,411290,3d97c7539f215c6eea12f26dde210cb38e2568bc,1,0.988779604434967,Im In Love,Black Lover,"Evelyn ""Champagne"" King",Yukinose,1981,2020,rb,pop
143170,ad3b70e8a1ce26d2aad6620cff105d29d9968995,253207,b9db7f345666008e37b03b583d45244e97b4c49b,2,0.9870165586471558,Im In Love,More More More,"Evelyn ""Champagne"" King",Dagny,1981,2017,rb,pop
143170,ad3b70e8a1ce26d2aad6620cff105d29d9968995,448448,4e097fe182783e12ead59ec8955cf98401a3e6d2,3,0.987718939781189,Im In Love,For You To Love,"Evelyn ""Champagne"" King",Luther Vandross,1981,1988,rb,rb
143170,ad3b70e8a1ce26d2aad6620cff105d29d9968995,149784,814df1e5653aa90f3a3b3ac6bf93ed8109fe5572,4,0.9881945848464966,Im In Love,What is Love?,"Evelyn ""Champagne"" King",Howard Jones,1981,1983,rb,pop
143170,ad3b70e8a1ce26d2aad6620cff105d29d9968995,194027,4d932d0b3a0b26a5c8fbf875748c4dd01bd9fbe2,5,0.9886291027069092,Im In Love,I Feel Love,"Evelyn ""Champagne"" King",Mounika.,1981,2015,rb,pop
143170,ad3b70e8a1ce26d2aad6620cff105d29d9968995,374313,000b3c5213b858c31610429105ea96a0ac7d077d,6,0.9884740114212036,Im In Love,Swanee,"Evelyn ""Champagne"" King",George Gershwin,1981,1993,rb,pop
143170,ad3b70e8a1ce26d2aad6620cff105d29d9968995,25279,f23288d1a6c2cd0e10b8769a48cf97aae6228050,7,0.9884740114212036,Im In Love,Casio,"Evelyn ""Champagne"" King",Jungle,1981,2018,rb,rb
143170,ad3b70e8a1ce26d2aad6620cff105d29d9968995,38163,bdffef0e338991472cba76c3bf213f62219176ff,8,0.9880621433258057,Im In Love,Not Too Young,"Evelyn ""Champagne"" King",Sabina Ddumba,1981,2015,rb,rb
143170,ad3b70e8a1ce26d2aad6620cff105d29d9968995,175749,774ee374ae0c6479459842b94fe76ad1cf7c4ba8,9,0.9882996082305908,Im In Love,Swanee,"Evelyn ""Champagne"" King",Al Jolson,1981,1990,rb,pop
143170,ad3b70e8a1ce26d2aad6620cff105d29d9968995,113864,4f4febb0c9c49a73e8cb9070d92f3c90193e3ef4,10,0.9879130125045776,Im In Love,The Future,"Evelyn ""Champagne"" King",Motez,1981,2017,rb,pop
143170,ad3b70e8a1ce26d2aad6620cff105d29d9968995,406818,cd26089d54363719315a62032f3947880db4ac1f,11,0.9880621433258057,Im In Love,Not Too Young,"Evelyn ""Champagne"" King",Icona Pop,1981,2017,rb,pop
143170,ad3b70e8a1ce26d2aad6620cff105d29d9968995,439595,dd102002a63fd4a4bdbe8688fed37359b090083b,12,0.9877482652664185,Im In Love,Speed of Love,"Evelyn ""Champagne"" King",Kelly Rowland,1981,2021,rb,rb
143170,ad3b70e8a1ce26d2aad6620cff105d29d9968995,278136,b1a26dd1fa733887d54251483ae7c6d391821eaf,13,0.9875351190567017,Im In Love,99 1/2,"Evelyn ""Champagne"" King",Carol Lynn Townes,1981,1984,rb,rb
143170,ad3b70e8a1ce26d2aad6620cff105d29d9968995,243521,a57e7401ccdba76191c5dfbde06029722851d0ce,14,0.9873790144920349,Im In Love,Let You Love Me Acoustic,"Evelyn ""Champagne"" King",Rita Ora,1981,2018,rb,pop
143170,ad3b70e8a1ce26d2aad6620cff105d29d9968995,314581,51b94ee780ad3dabf0e10bea0394a88edc2fc54d,15,0.9874169826507568,Im In Love,Little Bit of Love,"Evelyn ""Champagne"" King",Tritonal,1981,2019,rb,pop
143170,ad3b70e8a1ce26d2aad6620cff105d29d9968995,30557,21496e0ec7183c9a8c469aaff105583af7df7b3e,16,0.9867264628410339,Im In Love,Love,"Evelyn ""Champagne"" King",John Lennon,1981,1970,rb,rock
143170,ad3b70e8a1ce26d2aad6620cff105d29d9968995,84815,7bb2960c08334c89795668c3633e2c4bffc81a0e,17,0.9872461557388306,Im In Love,Love Me Like That,"Evelyn ""Champagne"" King",The Knocks,1981,2016,rb,pop
143170,ad3b70e8a1ce26d2aad6620cff105d29d9968995,403911,17bffa60d7f68b1f2d8bd66286a455cb3dc6576f,18,0.9871712923049927,Im In Love,Tainted Love,"Evelyn ""Champagne"" King",Isaac Dunbar,1981,2022,rb,pop
143170,ad3b70e8a1ce26d2aad6620cff105d29d9968995,6703,3a101a741b233a1f75c3f99c80c738349c6bd110,19,0.98731929063797,Im In Love,Let You Love Me,"Evelyn ""Champagne"" King",Rita Ora,1981,2018,rb,pop
143170,ad3b70e8a1ce26d2aad6620cff105d29d9968995,450929,e5f0e4a244f99e675d0d62e6f868cc6050af1e9d,20,0.9870172739028931,Im In Love,First Love Song,"Evelyn ""Champagne"" King",Emilie Nicolas,1981,2020,rb,pop
349223,dbeef1fbf63f4919398ff4c33ac63640bd399e12,487159,e80e7d92f07081fed81c4880a33e9e60cf5f57d1,1,0.5823033452033997,A Flat,Take Care,Staind,SASAMI,1999,2019,rock,rock
349223,dbeef1fbf63f4919398ff4c33ac63640bd399e12,203900,ef86901f282b9d5dd5a2d32bf91938a040d41167,2,0.4875763952732086,A Flat,I Fucked Up,Staind,The Word Alive,1999,2018,rock,rock
349223,dbeef1fbf63f4919398ff4c33ac63640bd399e12,269775,2a26d275254195e32c864fd4985b9c5747a7c76d,3,0.5198155641555786,A Flat,I NEED U,Staind,CRIM,1999,2021,rock,rap
349223,dbeef1fbf63f4919398ff4c33ac63640bd399e12,320848,4de547244ea9d6fd80512bfca2e37c91b98f1e09,4,0.49692225456237793,A Flat,​hurting,Staind,slchld,1999,2019,rock,rb
349223,dbeef1fbf63f4919398ff4c33ac63640bd399e12,332234,3d2b5d29acdd7cfdf3c5313a53c357f3b7bf8df9,5,0.5202651023864746,A Flat,Nothing,Staind,Lewis Watson,1999,2012,rock,pop
349223,dbeef1fbf63f4919398ff4c33ac63640bd399e12,212003,9d65c23c11c0014e908b2201e0ca9f796aeee296,6,0.46025049686431885,A Flat,Intoxicated,Staind,Caliban,1999,2018,rock,rock
349223,dbeef1fbf63f4919398ff4c33ac63640bd399e12,184153,9da62a699b3c2d39793c6e3b1fee192ea44b25e7,7,0.5196113586425781,A Flat,Matrix,Staind,SoFaygo,1999,2020,rock,rap
349223,dbeef1fbf63f4919398ff4c33ac63640bd399e12,116035,bf09fdcbe67d5037c5238b54f085611200a8dce3,8,0.4757087826728821,A Flat,Trash,Staind,Show Me the Body,1999,2017,rock,rock
349223,dbeef1fbf63f4919398ff4c33ac63640bd399e12,222100,a2f2542e4785489310ef1e0ed1ece7819cdef6a1,9,0.5309388637542725,A Flat,Gold Wings,Staind,Shaun Frank & Krewella,1999,2018,rock,pop
349223,dbeef1fbf63f4919398ff4c33ac63640bd399e12,389610,4acf09b4289479e6cea85f266a1761c9aef4bdb6,10,0.48940813541412354,A Flat,​text talk touch,Staind,Alt Bloom & gnash,1999,2020,rock,pop
349223,dbeef1fbf63f4919398ff4c33ac63640bd399e12,510088,9520c37467b3023c6b18a131f265d7208e80734c,11,0.45703431963920593,A Flat,​thread,Staind,blackwinterwells,1999,2022,rock,pop
349223,dbeef1fbf63f4919398ff4c33ac63640bd399e12,424734,ddb35303e9ee86434267c857565eb23bf84ba42d,12,0.4827333092689514,A Flat,Enchantment Passing Through Reprise,Staind,Elton John,1999,2000,rock,pop
349223,dbeef1fbf63f4919398ff4c33ac63640bd399e12,87129,eab0f95bcdf7ca902c8c5466e5d97feb679acc50,13,0.46199706196784973,A Flat,Ill Be Back,Staind,The Beatles,1999,1964,rock,rock
349223,dbeef1fbf63f4919398ff4c33ac63640bd399e12,456250,7d3a3b02df73852e47b1593d557355d2ce653a08,14,0.549115777015686,A Flat,Dont Give Up,Staind,Yung Mal & Lil Quill,1999,2017,rock,rap
349223,dbeef1fbf63f4919398ff4c33ac63640bd399e12,291029,3ee2586e2ab376637b5bbe69e804096173b88e83,15,0.45772314071655273,A Flat,I Lost Control,Staind,Flatsound,1999,2011,rock,pop
349223,dbeef1fbf63f4919398ff4c33ac63640bd399e12,42722,76998abe3850f10384d12fbd29a572b561c500ac,16,0.4759899973869324,A Flat,I Want You,Staind,Marian Hill,1999,2016,rock,pop
349223,dbeef1fbf63f4919398ff4c33ac63640bd399e12,68097,0d4b813be14f000d95302135d32c24d3df03f9a3,17,0.4864724278450012,A Flat,Ape Dos Mil,Staind,Glassjaw,1999,2002,rock,rock
349223,dbeef1fbf63f4919398ff4c33ac63640bd399e12,20604,cfc63cebe12843860c32c089810e5d29dd07f996,18,0.514590859413147,A Flat,OPEN UP,Staind,Daniel Caesar,1999,2019,rock,rb
349223,dbeef1fbf63f4919398ff4c33ac63640bd399e12,33156,11549ce4e1536249fa560574915cb460fa9265f5,19,0.5441309213638306,A Flat,Cocaine,Staind,Pink Sweat$,1999,2018,rock,rb
349223,dbeef1fbf63f4919398ff4c33ac63640bd399e12,411693,68e5d5a5c0056dc1dca4de92988004854da32d74,20,0.5488606691360474,A Flat,Seagull,Staind,Aquilo,1999,2018,rock,misc
159320,cab71e599187b697d97ed4f3ac57767e54a9b921,188396,707d84f19507176b4cd6551310975b4e9da0eac5,1,1.0,Dialogue I Want to Be Alone,I Want To Be Alone Dialogue,Jackson C. Frank,Jackson C. Frank,1965,2013,rock,pop
159320,cab71e599187b697d97ed4f3ac57767e54a9b921,364906,a256d9a1276c668e105455f2e1333cf5c9dc49d9,2,0.9606393575668335,Dialogue I Want to Be Alone,I Want To Be Alone,Jackson C. Frank,Chromatics,1965,2019,rock,pop
159320,cab71e599187b697d97ed4f3ac57767e54a9b921,155156,57b7aaaf3dacc421c9dcaf9315c2a91e3effc764,3,0.6790812015533447,Dialogue I Want to Be Alone,The Lament,Jackson C. Frank,Tribulation,1965,2018,rock,rock
159320,cab71e599187b697d97ed4f3ac57767e54a9b921,420564,97a325ef51f7c1f315b92eb1f99bae0f362fa0b0,4,0.6118507385253906,Dialogue I Want to Be Alone,The Death of Rock N Roll,Jackson C. Frank,Miracle of Sound,1965,2018,rock,rock
159320,cab71e599187b697d97ed4f3ac57767e54a9b921,26855,518ab3b6ce0759cd0e21af7a6f67e86b8f1cb2b5,5,0.5632028579711914,Dialogue I Want to Be Alone,The Song of Purple Summer,Jackson C. Frank,Duncan Sheik,1965,2006,rock,rock
159320,cab71e599187b697d97ed4f3ac57767e54a9b921,104122,b05e7482e52fd0d863c5da9ffa49c2e98f0733d4,6,0.5628810524940491,Dialogue I Want to Be Alone,Ali,Jackson C. Frank,Mustafa,1965,2021,rock,rb
159320,cab71e599187b697d97ed4f3ac57767e54a9b921,157269,922d8ca7114d417389926900345df28a9405bc63,7,0.5103209018707275,Dialogue I Want to Be Alone,Left You Behind,Jackson C. Frank,Stick to Your Guns,1965,2015,rock,rock
159320,cab71e599187b697d97ed4f3ac57767e54a9b921,215147,7b2123a6c4e5b91ad89c7db0da258ee64daa75ce,8,0.623059093952179,Dialogue I Want to Be Alone,Hazel Chandeliers,Jackson C. Frank,rum.gold,1965,2020,rock,rb
159320,cab71e599187b697d97ed4f3ac57767e54a9b921,429636,87966ee3dfc746a3b469d6f0a7df226f81b2700c,9,0.6274307370185852,Dialogue I Want to Be Alone,How Long Will They Mourn Me? Rare Original Remix Version,Jackson C. Frank,Thug Life,1965,2016,rock,rap
159320,cab71e599187b697d97ed4f3ac57767e54a9b921,114211,f26be1aa8c55fe69b831d9373151a42fc56a594d,10,0.4880922734737396,Dialogue I Want to Be Alone,Live Like a Dream,Jackson C. Frank,Thirty Seconds to Mars,1965,2018,rock,pop
159320,cab71e599187b697d97ed4f3ac57767e54a9b921,453482,c5380ed62587b3cfe17539d7586e3d563fb764c5,11,0.4847847819328308,Dialogue I Want to Be Alone,Only Because of You,Jackson C. Frank,Roger Hodgson,1965,1984,rock,pop
159320,cab71e599187b697d97ed4f3ac57767e54a9b921,213763,072e915be2eff0d99eb825c7dc2ca2a9aca0a007,12,0.5152348279953003,Dialogue I Want to Be Alone,Broken Lungs,Jackson C. Frank,Thrice,1965,2008,rock,rock
159320,cab71e599187b697d97ed4f3ac57767e54a9b921,95813,143550adecb56e3991c17bf4326c371a5761f2d4,13,0.5904317498207092,Dialogue I Want to Be Alone,Rose of Sharyn,Jackson C. Frank,Killswitch Engage,1965,2004,rock,rock
159320,cab71e599187b697d97ed4f3ac57767e54a9b921,502320,8710fbb90da3b0292ef53cdf73faf9f98a85e702,14,0.5499008893966675,Dialogue I Want to Be Alone,​la belle indifférence,Jackson C. Frank,Foxtails (indie),1965,2022,rock,rock
159320,cab71e599187b697d97ed4f3ac57767e54a9b921,61090,596281d80ea38d104df0031c4619a1c50ec482ae,15,0.5532801747322083,Dialogue I Want to Be Alone,Battle Born,Jackson C. Frank,The Killers,1965,2012,rock,rock
159320,cab71e599187b697d97ed4f3ac57767e54a9b921,388516,c9706d07101262e295baf287bdc059d9bfac5705,16,0.5892050266265869,Dialogue I Want to Be Alone,Radio,Jackson C. Frank,He Is We,1965,2017,rock,pop
159320,cab71e599187b697d97ed4f3ac57767e54a9b921,203915,427e57a48b40d5d8d6f49041284ed3ac3cad52a7,17,0.5418323278427124,Dialogue I Want to Be Alone,The Hound Of Blood and Rank,Jackson C. Frank,Coheed and Cambria,1965,2007,rock,rock
159320,cab71e599187b697d97ed4f3ac57767e54a9b921,405414,ba5de7b6094d6c7cbd07f275875add74c877b66c,18,0.6110382080078125,Dialogue I Want to Be Alone,Goin Down Jordan,Jackson C. Frank,Harry Belafonte,1965,1961,rock,pop
159320,cab71e599187b697d97ed4f3ac57767e54a9b921,190526,2156f2f91b3f5d03236f90d41168dee0fffe9763,19,0.4225286841392517,Dialogue I Want to Be Alone,O Were My Love Yon Lilac Fair,Jackson C. Frank,Robert Burns,1965,2013,rock,misc
159320,cab71e599187b697d97ed4f3ac57767e54a9b921,102755,76aa285ab64dea94c91a9e9fe34dd1f841798943,20,0.5137778520584106,Dialogue I Want to Be Alone,My Love Id Do Anything for You,Jackson C. Frank,Morrissey,1965,2017,rock,rock
7904,6c1150be75bb1df12453c1f91aa7a2b9a66d9d82,308711,9cdb1bfe21b121a6b0abcfbdd2376ffeb469752e,1,0.7408261299133301,Hallelujah,SHIN BRUISE,Panic! at the Disco,Petite League,2015,2017,rock,rock
7904,6c1150be75bb1df12453c1f91aa7a2b9a66d9d82,420569,bf4fa5e0d17d9cb7e3797b596be89c864bda2461,2,0.6034350395202637,Hallelujah,​hallelujah,Panic! at the Disco,Bill Wurtz,2015,2018,rock,pop
7904,6c1150be75bb1df12453c1f91aa7a2b9a66d9d82,336482,213a38e39a2129cc74bbbd03cf3f6df4d7296b58,3,0.6752973794937134,Hallelujah,Pretty Blue Eyes,Panic! at the Disco,Steve Lawrence,2015,1959,rock,pop
7904,6c1150be75bb1df12453c1f91aa7a2b9a66d9d82,337065,afee491ff89043421877cb5fefb29a6850030acb,4,0.6105775833129883,Hallelujah,Run Away,Panic! at the Disco,The Soundlovers,2015,1997,rock,pop
7904,6c1150be75bb1df12453c1f91aa7a2b9a66d9d82,100798,314c795900e3b8d51cfa0cb592f50bf6f553f332,5,0.625148594379425,Hallelujah,Kathrin With a K,Panic! at the Disco,Super Whatevr,2015,2017,rock,rock
7904,6c1150be75bb1df12453c1f91aa7a2b9a66d9d82,60352,8165fbf0fe135d4c51954de9d60fd2633f444e77,6,0.7100919485092163,Hallelujah,Da Butt,Panic! at the Disco,E.U.,2015,1988,rock,rb
7904,6c1150be75bb1df12453c1f91aa7a2b9a66d9d82,282183,a5263bbaf794b2cd8d24e3dae7bfdb0c4368ae60,7,0.6027694344520569,Hallelujah,Matty Healy,Panic! at the Disco,Georgia Twinn,2015,2021,rock,pop
7904,6c1150be75bb1df12453c1f91aa7a2b9a66d9d82,434319,d997af298c66c746a21f090f472e68c88aeb87d9,8,0.7393457889556885,Hallelujah,Route 66,Panic! at the Disco,The Cheetah Girls,2015,2006,rock,pop
7904,6c1150be75bb1df12453c1f91aa7a2b9a66d9d82,117975,e5a715393d4e79370084a975f8efae2c43bcdf9b,9,0.5940781831741333,Hallelujah,I Will Celebrate,Panic! at the Disco,Don Moen,2015,2015,rock,pop
7904,6c1150be75bb1df12453c1f91aa7a2b9a66d9d82,163651,8a13e4787bdbbf81962a780e563fc63dce41cdf9,10,0.6033645868301392,Hallelujah,Meet Me at the Mezzanine,Panic! at the Disco,YUNGBLUD,2015,2019,rock,rock
7904,6c1150be75bb1df12453c1f91aa7a2b9a66d9d82,418535,0889bf76f4dc1d08642fb7e6927b4a6624cced1d,11,0.554539144039154,Hallelujah,Miss Sunflower,Panic! at the Disco,Ryan Adams,2015,2015,rock,pop
7904,6c1150be75bb1df12453c1f91aa7a2b9a66d9d82,422350,f46a8ded1254a42c3a90e17ec89857654f0bc25a,12,0.6152819395065308,Hallelujah,We Dont Believe Whats On TV Reading  Leeds Festival Version,Panic! at the Disco,twenty one pilots,2015,2016,rock,pop
7904,6c1150be75bb1df12453c1f91aa7a2b9a66d9d82,82015,64a286c8930bb8beefb7c2255efe361858ba045b,13,0.6046862006187439,Hallelujah,Mockingbird,Panic! at the Disco,Ruston Kelly,2015,2018,rock,country
7904,6c1150be75bb1df12453c1f91aa7a2b9a66d9d82,167668,7e190fe2a4f8d14473352ca98ded66671922e863,14,0.618768572807312,Hallelujah,One That Got Away,Panic! at the Disco,Forrest.,2015,2018,rock,pop
7904,6c1150be75bb1df12453c1f91aa7a2b9a66d9d82,416279,362181042572a3a5d48166df2a915b16d0ced882,15,0.669814944267273,Hallelujah,Oh Well,Panic! at the Disco,Peter Green,2015,2015,rock,rock
7904,6c1150be75bb1df12453c1f91aa7a2b9a66d9d82,315637,2b57393d0c37de21f71836e488c7aeedf9478185,16,0.6588028073310852,Hallelujah,8/28/1997,Panic! at the Disco,Tori Kelly,2015,2019,rock,pop
7904,6c1150be75bb1df12453c1f91aa7a2b9a66d9d82,472437,43350273f2510abfb836337df5a4f6429cbaa685,17,0.5637038946151733,Hallelujah,Monday,Panic! at the Disco,pinkiscool,2015,2019,rock,pop
7904,6c1150be75bb1df12453c1f91aa7a2b9a66d9d82,13623,b6b010827b71c483dde8bb42bdb8e1c2aa520cfc,18,0.6209347248077393,Hallelujah,Summer In the City,Panic! at the Disco,Now United,2015,2017,rock,pop
7904,6c1150be75bb1df12453c1f91aa7a2b9a66d9d82,76919,08e5aff3ac43400a2264c01c16fb7aa34d7bb985,19,0.6310553550720215,Hallelujah,Pretty Boy,Panic! at the Disco,TV Girl,2015,2018,rock,pop
7904,6c1150be75bb1df12453c1f91aa7a2b9a66d9d82,373981,abadd0ae7369551c3164d0cefaef40e44b4f663d,20,0.5497766733169556,Hallelujah,Thats why we praise him,Panic! at the Disco,Jonathan Butler,2015,2009,rock,pop
115669,c8119e4573230d40d040800b925161373842e714,245761,850bbb9e8668cdf4a9b4fd7cead16a6b899922ca,1,0.9998881816864014,Death Is Not the End,Death Is Not the End,Nick Cave & The Bad Seeds,Bob Dylan,1996,1988,rock,rock
115669,c8119e4573230d40d040800b925161373842e714,504490,bcc6245e43d9a50d76176f76fecf2fdbafeb4ba3,2,0.554175615310669,Death Is Not the End,Into the Night,Nick Cave & The Bad Seeds,Cult of Luna,1996,2022,rock,rock
115669,c8119e4573230d40d040800b925161373842e714,487068,c564b966edcd77a319c00737dfe455b50e4ff06c,3,0.4668178856372833,Death Is Not the End,All Is White,Nick Cave & The Bad Seeds,milie Simon,1996,2005,rock,pop
115669,c8119e4573230d40d040800b925161373842e714,488918,18d33feb5b28cc913babcf579b3e6de322f39f7a,4,0.46244749426841736,Death Is Not the End,Ended with the Night,Nick Cave & The Bad Seeds,Caravan Palace,1996,2008,rock,pop
115669,c8119e4573230d40d040800b925161373842e714,475802,1ecdf3ca1b47440b940e0574b2a2240a13416d61,5,0.4471631944179535,Death Is Not the End,Tennessee Flat-Top Box,Nick Cave & The Bad Seeds,Rosanne Cash,1996,1987,rock,country
115669,c8119e4573230d40d040800b925161373842e714,307491,d934851bfc84128c1e4d7708736488be71b307ba,6,0.4204648733139038,Death Is Not the End,Little Death,Nick Cave & The Bad Seeds,You Me At Six,1996,2011,rock,rock
115669,c8119e4573230d40d040800b925161373842e714,435997,fa71814f27f7fffd4ce16e0043455811fec58394,7,0.42358189821243286,Death Is Not the End,Light The Sky On Fire,Nick Cave & The Bad Seeds,Jefferson Starship,1996,1978,rock,pop
115669,c8119e4573230d40d040800b925161373842e714,294125,fa0863da26939bbcf27e0b98b7ce1fe6ad7e4213,8,0.38825559616088867,Death Is Not the End,Nobody But You,Nick Cave & The Bad Seeds,Delta Heavy,1996,2017,rock,pop
115669,c8119e4573230d40d040800b925161373842e714,286312,57db1127b83b710348b65bd52b7ce38eb63bfee1,9,0.40467432141304016,Death Is Not the End,Who Shot Ya? Freestyle,Nick Cave & The Bad Seeds,Justin Bieber,1996,2012,rock,pop
115669,c8119e4573230d40d040800b925161373842e714,133330,80956b360804100ca4e7c74f7ceb034929c6cdbd,10,0.396279901266098,Death Is Not the End,You Aint That Young Kid,Nick Cave & The Bad Seeds,Hamilton Leithauser & Rostam,1996,2016,rock,rock
115669,c8119e4573230d40d040800b925161373842e714,155434,981802e3b8c3875c49b197ae7fddc8f00fa63ab4,11,0.3483533263206482,Death Is Not the End,Dark Storms,Nick Cave & The Bad Seeds,Our Last Night,1996,2013,rock,rock
115669,c8119e4573230d40d040800b925161373842e714,420971,c2e9d5ce2629720fc1c40e15700f75debaa25bdc,12,0.3536723852157593,Death Is Not the End,Beautiful Death,Nick Cave & The Bad Seeds,Wintersun,1996,2004,rock,rock
115669,c8119e4573230d40d040800b925161373842e714,79156,8b426ffcafdfb718c4a43772da336e9c9984dd1c,13,0.377524197101593,Death Is Not the End,A Poem for Black Hearts,Nick Cave & The Bad Seeds,Amiri Baraka,1996,2013,rock,misc
115669,c8119e4573230d40d040800b925161373842e714,253351,2952bf6cf41464151ce926d1211db9eb4077e081,14,0.43670734763145447,Death Is Not the End,Shake off Your Flesh,Nick Cave & The Bad Seeds,The Huntress and the Holder of Hands,1996,2017,rock,pop
115669,c8119e4573230d40d040800b925161373842e714,211996,60073812532190d2bcb302e9d91d83d4abc9b161,15,0.4012746810913086,Death Is Not the End,Driftwood Heart,Nick Cave & The Bad Seeds,SayWeCanFly,1996,2015,rock,rock
115669,c8119e4573230d40d040800b925161373842e714,162516,902375324ba4706d5db9418c1f49f273fe049802,16,0.41509518027305603,Death Is Not the End,Deepest Lonely,Nick Cave & The Bad Seeds,Birdy,1996,2021,rock,pop
115669,c8119e4573230d40d040800b925161373842e714,413673,daf5f19bcb56128299e8c0dc3de9e28b65c4989f,17,0.3719818890094757,Death Is Not the End,Birth Pains of Astral Projection,Nick Cave & The Bad Seeds,Maudlin Of The Well,1996,2001,rock,rock
115669,c8119e4573230d40d040800b925161373842e714,358939,4cde317b67482c6483bc300c2c921d09ca51737c,18,0.36847642064094543,Death Is Not the End,Spirit Rider,Nick Cave & The Bad Seeds,Jamey Johnson,1996,2018,rock,country
115669,c8119e4573230d40d040800b925161373842e714,121983,f0025805d03c6e95527647f3195fcbb8511753a7,19,0.41878312826156616,Death Is Not the End,What lips my lips have kissed and where and why Sonnet XLIII,Nick Cave & The Bad Seeds,Edna St. Vincent Millay,1996,2013,rock,misc
115669,c8119e4573230d40d040800b925161373842e714,465808,26e77840bd8a1fba220c42e73d5eba65aa953ce5,20,0.34781867265701294,Death Is Not the End,Wild Grapes,Nick Cave & The Bad Seeds,Kenneth Slessor,1996,2017,rock,misc
135317,a71760debb40daa8b9c86fe1ab9aee1087bdb59c,423981,4b9ab23ed96cc3c8ab33669dca2f530eca0ee382,1,0.8606442809104919,Pilgrimage,Better Luck Next Life,R.E.M.,Unlike Pluto,1983,2021,rock,rock
135317,a71760debb40daa8b9c86fe1ab9aee1087bdb59c,246264,589ded177ab03f65f8fa36faa577b1e05abc7c69,2,0.8445688486099243,Pilgrimage,Wanderlust,R.E.M.,AlunaGeorge,1983,2016,rock,pop
135317,a71760debb40daa8b9c86fe1ab9aee1087bdb59c,135235,6c4f5a6cf46c520f3ab1c4ce3629aca03d0ad8be,3,0.7710868120193481,Pilgrimage,Teddy Bruckshot 2,R.E.M.,Loski,1983,2020,rock,rap
135317,a71760debb40daa8b9c86fe1ab9aee1087bdb59c,261251,728916a8dd5b45fb8f9b10bf4adda68fee48ea10,4,0.8366531729698181,Pilgrimage,It Must Be Luck,R.E.M.,Sons Of The East,1983,2019,rock,pop
135317,a71760debb40daa8b9c86fe1ab9aee1087bdb59c,348417,dad620fde79e5051966fcf58b0683c29180e18fd,5,0.7014796733856201,Pilgrimage,For You,R.E.M.,Peter Bradley Adams,1983,2009,rock,pop
135317,a71760debb40daa8b9c86fe1ab9aee1087bdb59c,467815,c20b72c08bf329a40e2629ed82add58e7b88d900,6,0.7623529434204102,Pilgrimage,By Your Side,R.E.M.,The Black Crowes,1983,1999,rock,rock
135317,a71760debb40daa8b9c86fe1ab9aee1087bdb59c,132646,8e3e8222f4512fd62cf50e0dc2cc0ef39c929d71,7,0.6699923276901245,Pilgrimage,Fortune,R.E.M.,Krewella,1983,2017,rock,pop
135317,a71760debb40daa8b9c86fe1ab9aee1087bdb59c,217344,b5ed9f14a007f10d3dde141518fa59506e28ca10,8,0.7261176109313965,Pilgrimage,Serpent Is Lord,R.E.M.,Alex G,1983,2014,rock,rock
135317,a71760debb40daa8b9c86fe1ab9aee1087bdb59c,239122,046fb9b91b18b290c04ce53476fec8a91ecd8ef7,9,0.6223325133323669,Pilgrimage,Jackpot,R.E.M.,Selina Mour,1983,2017,rock,pop
135317,a71760debb40daa8b9c86fe1ab9aee1087bdb59c,47238,ef72b01804ef9d96243a5aa82b7991da43ea60c7,10,0.6279386281967163,Pilgrimage,Sinners,R.E.M.,Barns Courtney,1983,2018,rock,rock
135317,a71760debb40daa8b9c86fe1ab9aee1087bdb59c,374272,4499fa869c8e18287da57621194b7cc3b7ea00db,11,0.7203159332275391,Pilgrimage,Bismillah,R.E.M.,Basboi,1983,2021,rock,rap
135317,a71760debb40daa8b9c86fe1ab9aee1087bdb59c,277580,914fe5c7b0b9081abdc5e2ba176aed941723a890,12,0.5746186375617981,Pilgrimage,Torn,R.E.M.,Hanna Ferm,1983,2019,rock,pop
135317,a71760debb40daa8b9c86fe1ab9aee1087bdb59c,132180,df70b78c14ee17ce93db86f414a1005e2a979472,13,0.5527678728103638,Pilgrimage,Roll the Bones,R.E.M.,Rush,1983,1991,rock,rock
135317,a71760debb40daa8b9c86fe1ab9aee1087bdb59c,488383,eb4fa5219b14375bbd62ca58638b6c8338e74504,14,0.5625829696655273,Pilgrimage,El Diablo,R.E.M.,ZZ Top,1983,1976,rock,rock
135317,a71760debb40daa8b9c86fe1ab9aee1087bdb59c,90425,f6ed6eaa2e16fa428126f9a90f8ce2db652d7b2e,15,0.5553557276725769,Pilgrimage,In the Evening,R.E.M.,Led Zeppelin,1983,1979,rock,rock
135317,a71760debb40daa8b9c86fe1ab9aee1087bdb59c,142695,a967e9907b39b698d5ff0d7da89383637e2948b5,16,0.5277078151702881,Pilgrimage,Im Havin a Ball,R.E.M.,Group.,1983,2016,rock,pop
135317,a71760debb40daa8b9c86fe1ab9aee1087bdb59c,298128,44a5cfce86550b9a056aff50919e79d3e817c4ec,17,0.5491818189620972,Pilgrimage,How Can I Refuse? Reprise,R.E.M.,Barbie,1983,2004,rock,pop
135317,a71760debb40daa8b9c86fe1ab9aee1087bdb59c,243803,a12253c9ec2d246d874f251ef64a81ca5ba3daab,18,0.6216206550598145,Pilgrimage,My Life,R.E.M.,Lars Frederiksen And The Bastards,1983,2004,rock,rock
135317,a71760debb40daa8b9c86fe1ab9aee1087bdb59c,308209,72d6145ca950afcf9b6c03b6fe4bcdbb8d87789f,19,0.5596518516540527,Pilgrimage,Why Me,R.E.M.,Styx,1983,1979,rock,pop
135317,a71760debb40daa8b9c86fe1ab9aee1087bdb59c,345356,e0a49b8c9e49b9edecdef68211383480237d70a9,20,0.7261176109313965,Pilgrimage,Hold Out,R.E.M.,Washed Out,1983,2009,rock,rock
85326,50d1efae9bbd8d5b269f395433b7590ef650c8ff,125446,190020b4574cc08286e33a2d02a8b0763113e7ad,1,0.4814719259738922,Slipknot,Cafe DAthens,Slipknot,Foals,1996,2019,rock,rock
85326,50d1efae9bbd8d5b269f395433b7590ef650c8ff,496136,f00d860e07e2ac925817d54c212ca15dbd593201,2,0.4150220453739166,Slipknot,Sexy And Im Homeless Sexy And I Know It Parody,Slipknot,Bart Baker,1996,2015,rock,pop
85326,50d1efae9bbd8d5b269f395433b7590ef650c8ff,152351,f1331c83d947a9ec7789719e0fd32db0aef31dd6,3,0.383220374584198,Slipknot,Grinding All Season,Slipknot,Kodak Black,1996,2022,rock,rap
85326,50d1efae9bbd8d5b269f395433b7590ef650c8ff,393877,07281315a5240876b7ecb262fc84ee82cf6529fc,4,0.293258935213089,Slipknot,Me Vs Gravity,Slipknot,Star_Stuy,1996,2013,rock,rap
85326,50d1efae9bbd8d5b269f395433b7590ef650c8ff,197398,362d2c1c40868eb88bbeb5907a84d15fea3d0b0d,5,0.3468514382839203,Slipknot,In the Belly of a Shark,Slipknot,Gallows,1996,2006,rock,rock
85326,50d1efae9bbd8d5b269f395433b7590ef650c8ff,124195,7aab7ae52fdd8b02bb81bf146e42f9a1f96220ec,6,0.36397770047187805,Slipknot,Cosmonaut,Slipknot,At the Drive-In,1996,2000,rock,rock
85326,50d1efae9bbd8d5b269f395433b7590ef650c8ff,76991,4ca2577b5094d752189c24eb716ae00e6046f24e,7,0.3080514371395111,Slipknot,Devils Haircut,Slipknot,Beck,1996,1996,rock,rock
85326,50d1efae9bbd8d5b269f395433b7590ef650c8ff,493937,c71bf8949a67012e34829dc0d3e5ab627590ddb8,8,0.3423061966896057,Slipknot,Interstellar,Slipknot,ATLiens,1996,2018,rock,pop
85326,50d1efae9bbd8d5b269f395433b7590ef650c8ff,38876,62458567d88675e9fbd097ddec590201c1f07ab8,9,0.2948298752307892,Slipknot,Roulette Dares The Haunt Of,Slipknot,The Mars Volta,1996,2003,rock,rock
85326,50d1efae9bbd8d5b269f395433b7590ef650c8ff,20112,ed2bc5b4a59c14053e872447a1cabd709087a32c,10,0.3412545621395111,Slipknot,Maxipads 4 Everyone,Slipknot,XXXTENTACION,1996,2017,rock,rap
85326,50d1efae9bbd8d5b269f395433b7590ef650c8ff,481500,0df2f1a83d82a8ef86a9629074041614b32f78c4,11,0.3297879695892334,Slipknot,That Lean,Slipknot,Borgore,1996,2013,rock,rap
85326,50d1efae9bbd8d5b269f395433b7590ef650c8ff,307570,fbe5be8d8827c459d079ee86a5fc7e0a763e064e,12,0.40591615438461304,Slipknot,A Bastard Angel,Slipknot,Spiritual Front,1996,2006,rock,rock
85326,50d1efae9bbd8d5b269f395433b7590ef650c8ff,450069,0078d1adbfd0c2d716ec69c7d5668ff9085be7b1,13,0.337399959564209,Slipknot,China,Slipknot,Red Rockers,1996,1981,rock,pop
85326,50d1efae9bbd8d5b269f395433b7590ef650c8ff,66556,1ca01b9ec2e85d1c3b0cd064abad74e5eeddf638,14,0.32636284828186035,Slipknot,Poor Boxer Shorts,Slipknot,Mom Jeans.,1996,2016,rock,rock
85326,50d1efae9bbd8d5b269f395433b7590ef650c8ff,345119,6ba6318e03ce70d41ab43977df50fa8ee3254716,15,0.32817161083221436,Slipknot,Bleed,Slipknot,Soulfly,1996,1998,rock,rock
85326,50d1efae9bbd8d5b269f395433b7590ef650c8ff,360833,f2ec14370cb350a1d0802e04cc314383db0b0f33,16,0.3026462495326996,Slipknot,Unrequited,Slipknot,Madi Sipes & The Painted Blue,1996,2018,rock,pop
85326,50d1efae9bbd8d5b269f395433b7590ef650c8ff,154958,6c79156494aa7282bd03abfaff5a6acc93dbfc80,17,0.30971047282218933,Slipknot,Unaware,Slipknot,Annisokay,1996,2018,rock,rock
85326,50d1efae9bbd8d5b269f395433b7590ef650c8ff,255040,7b25597c3c3467b1dd5ac0e7896a4fd9ae643892,18,0.4046836495399475,Slipknot,Ritual Knife,Slipknot,Uncle Acid & The Deadbeats,1996,2011,rock,rock
85326,50d1efae9bbd8d5b269f395433b7590ef650c8ff,6116,5871a9ca063fbde143db6c6e9eaa3b00123a0bb8,19,0.4068368375301361,Slipknot,Cold Little Heart,Slipknot,Michael Kiwanuka,1996,2016,rock,rb
85326,50d1efae9bbd8d5b269f395433b7590ef650c8ff,499712,c372011983ab25cee9466ef8816bd0eec509ee2b,20,0.2978682816028595,Slipknot,Leeches,Slipknot,Deaf Havana,1996,2011,rock,rock
326965,7037ad3f149c521bc77d0138b01315f31b612e1a,145763,676920355a80ce4906861d114e5dfd951ab11d89,1,0.9987038969993591,Girls Just Want To Have Fun,Girls Just Wanna Have Fun,STRFKR,Miley Cyrus,2009,2008,rock,pop
326965,7037ad3f149c521bc77d0138b01315f31b612e1a,477045,2a8f88c5a68871a07c8e92e2a40db50b09f26773,2,0.9955971837043762,Girls Just Want To Have Fun,Hey Now Girls Just Want to Have Fun,STRFKR,Cyndi Lauper,2009,1994,rock,pop
326965,7037ad3f149c521bc77d0138b01315f31b612e1a,209773,a261de19890c35df3b5b6a49af370c7480b3c9b9,3,0.9961183667182922,Girls Just Want To Have Fun,Girls Just Wanna Have Fun,STRFKR,Chromatics,2009,2015,rock,pop
326965,7037ad3f149c521bc77d0138b01315f31b612e1a,297009,98a7953f2f44c60304a8e3f99cefdbae6680af42,4,0.9961183667182922,Girls Just Want To Have Fun,Girls Just Wanna Have Some,STRFKR,Chromatics,2009,2015,rock,pop
326965,7037ad3f149c521bc77d0138b01315f31b612e1a,8402,c5d001ae9f18635811d6b2ad593020774b2038d0,5,0.9951702356338501,Girls Just Want To Have Fun,Girls Just Want to Have Fun,STRFKR,Cyndi Lauper,2009,1983,rock,pop
326965,7037ad3f149c521bc77d0138b01315f31b612e1a,117638,d9b46eb02a304ffb9f10294df795118598c0c159,6,0.9942649602890015,Girls Just Want To Have Fun,Girls Just Wanna Have Fun,STRFKR,"Charlotte Lawrence, Nina Nesbitt & Sasha Alex Sloan",2009,2018,rock,pop
326965,7037ad3f149c521bc77d0138b01315f31b612e1a,66922,61c420a2617cd01a05f75f3d6c8754d574224071,7,0.9889529347419739,Girls Just Want To Have Fun,Girls Just Want to Have Fun,STRFKR,Robert Hazard,2009,2016,rock,rock
326965,7037ad3f149c521bc77d0138b01315f31b612e1a,421120,6c425709f41383fec1a92cf71a7171c7798e6493,8,0.9900842308998108,Girls Just Want To Have Fun,Girls Just Wanna Have Fun,STRFKR,Big Daddy,2009,1985,rock,pop
326965,7037ad3f149c521bc77d0138b01315f31b612e1a,441526,df41a2c2326c715fd4e03b17e12cc2486eff44bf,9,0.9825004935264587,Girls Just Want To Have Fun,Youll Never Get Over Me,STRFKR,a-ha,2009,2000,rock,pop
326965,7037ad3f149c521bc77d0138b01315f31b612e1a,302751,434f5cfdfafa50066152b9e77695448afc05516f,10,0.9825004935264587,Girls Just Want To Have Fun,Cum Undun,STRFKR,Peaches,2009,2000,rock,pop
326965,7037ad3f149c521bc77d0138b01315f31b612e1a,85950,dca70dbb54dfde0aad7cb46f01fc522f040cc59a,11,0.9825004935264587,Girls Just Want To Have Fun,Cool Slut,STRFKR,Chastity Belt,2009,2015,rock,pop
326965,7037ad3f149c521bc77d0138b01315f31b612e1a,270170,5a6403cc55c638fec44a4979e58cfa16be29f919,12,0.9825004935264587,Girls Just Want To Have Fun,Dumb,STRFKR,Timmy Trumpet,2009,2020,rock,pop
326965,7037ad3f149c521bc77d0138b01315f31b612e1a,139571,f63050e923939809df5064d6962f05f4cd14d6b5,13,0.9825004935264587,Girls Just Want To Have Fun,Just for Us Pt. 2,STRFKR,benny blanco,2009,2018,rock,pop
326965,7037ad3f149c521bc77d0138b01315f31b612e1a,230515,bb08e282ca8a834e3f0b30d26ebb103049bb4b85,14,0.9825004935264587,Girls Just Want To Have Fun,Weightless,STRFKR,Coals,2009,2014,rock,pop
326965,7037ad3f149c521bc77d0138b01315f31b612e1a,402636,16978952b8824d6e89153efa2d77eac740d3d838,15,0.9825004935264587,Girls Just Want To Have Fun,WHTNSE,STRFKR,WHTKD,2009,2017,rock,rock
326965,7037ad3f149c521bc77d0138b01315f31b612e1a,94459,c3a5218dd14b40c7bff71d00efd254f1dbd9599a,16,0.9825004935264587,Girls Just Want To Have Fun,Benzo,STRFKR,Teen Suicide,2009,2012,rock,rock
326965,7037ad3f149c521bc77d0138b01315f31b612e1a,210819,50653a772038556a0acf24d614f8d75e196bfc3d,17,0.9825004935264587,Girls Just Want To Have Fun,Take Me As I Am,STRFKR,Au Revoir Simone,2009,2009,rock,pop
326965,7037ad3f149c521bc77d0138b01315f31b612e1a,414354,84362a02e807be1e11e8265f31a426e6c0c32e1e,18,0.9825004935264587,Girls Just Want To Have Fun,No New Wave No Fun,STRFKR,mclusky,2009,2002,rock,rock
326965,7037ad3f149c521bc77d0138b01315f31b612e1a,231603,1c2671b45cd5a3ecaa27bc09c2bb056d4b9b14e9,19,0.9825004935264587,Girls Just Want To Have Fun,Water,STRFKR,Juan Wauters,2009,2014,rock,rock
326965,7037ad3f149c521bc77d0138b01315f31b612e1a,412844,a30514445b947901e2be7d06b888146fa965859b,20,0.9825004935264587,Girls Just Want To Have Fun,Living On The Edge,STRFKR,Lebanon Hanover,2009,2020,rock,rock
424938,adade2da1d9fcf383d010d65c527e3359f0b06b6,513974,c20433a1da2b3432adb1b98a95f1eeeaadf95aa8,1,0.689044713973999,Castaway,Long Road To Nowhere,Blues Traveler,The Lagoons,2015,2022,rock,pop
424938,adade2da1d9fcf383d010d65c527e3359f0b06b6,506128,8e13b25fff2edd08dff41911e4cd514197cadbca,2,0.6443080306053162,Castaway,​core,Blues Traveler,sadeyes,2015,2022,rock,rap
424938,adade2da1d9fcf383d010d65c527e3359f0b06b6,499356,6e43daf8bdfa05c625e662c033955e3f66bb278b,3,0.6719248294830322,Castaway,Nothing but a Dream,Blues Traveler,Jess Delgado,2015,2014,rock,pop
424938,adade2da1d9fcf383d010d65c527e3359f0b06b6,501039,e8ec514e8aedf829f37e647aea81d855f21ce4c6,4,0.6442701816558838,Castaway,Dont Want Summer,Blues Traveler,Sodaboy64,2015,2022,rock,rock
424938,adade2da1d9fcf383d010d65c527e3359f0b06b6,2758,0beb82ebf2fb989bf141f346b008006843637f7b,5,0.557475209236145,Castaway,​teen romance,Blues Traveler,Lil Peep,2015,2016,rock,rap
424938,adade2da1d9fcf383d010d65c527e3359f0b06b6,433986,de06417773db07c8f9a273b16ca0ce3323b86537,6,0.5608153343200684,Castaway,Underneath the Sky,Blues Traveler,Dash Berlin,2015,2014,rock,pop
424938,adade2da1d9fcf383d010d65c527e3359f0b06b6,457097,76b570f6b06ffb8ce879526f689dbea788bc5274,7,0.5933710932731628,Castaway,Safe And Sound,Blues Traveler,Chris Cornell,2015,2007,rock,rock
424938,adade2da1d9fcf383d010d65c527e3359f0b06b6,16053,470f4c4e7a8f7973d76137369fb156323014eebd,8,0.5593379139900208,Castaway,Lovin Me,Blues Traveler,Kid Cudi,2015,2020,rock,rap
424938,adade2da1d9fcf383d010d65c527e3359f0b06b6,134830,53c49978c29ace9211f06b4c2905461120595ff3,9,0.6374193429946899,Castaway,Let You Down,Blues Traveler,Three Days Grace,2015,2003,rock,rock
424938,adade2da1d9fcf383d010d65c527e3359f0b06b6,498850,70ca4e011e47361a94ac8afa5a075ef02973e446,10,0.5775664448738098,Castaway,The Searchers,Blues Traveler,Felix Cartal,2015,2018,rock,pop
424938,adade2da1d9fcf383d010d65c527e3359f0b06b6,13780,3f48a8844c9add77a4175f99afc578debb0127fb,11,0.6447829604148865,Castaway,​past lives,Blues Traveler,sapientdream,2015,2018,rock,pop
424938,adade2da1d9fcf383d010d65c527e3359f0b06b6,489564,19756c3427698626e6dce4f269d117f6f3baac0e,12,0.5617153644561768,Castaway,Dont Hesitate,Blues Traveler,Laidback Luke,2015,2015,rock,pop
424938,adade2da1d9fcf383d010d65c527e3359f0b06b6,77520,b4e8e5fcad26a7bf3b8339853a7d6865b8c2cb8b,13,0.5643187165260315,Castaway,I Believe,Blues Traveler,Darren Espanto,2015,2015,rock,pop
424938,adade2da1d9fcf383d010d65c527e3359f0b06b6,3898,d839cf79e2106374229435134ef023e3f8ad79f2,14,0.6509298086166382,Castaway,Finally // beautiful stranger,Blues Traveler,Halsey,2015,2019,rock,pop
424938,adade2da1d9fcf383d010d65c527e3359f0b06b6,181464,438ad013fc309dbce5aebe4b5a97054d91c934b7,15,0.6128982901573181,Castaway,Shadow Guide,Blues Traveler,Unleash the Archers,2015,2017,rock,rock
424938,adade2da1d9fcf383d010d65c527e3359f0b06b6,208765,f4cd7f85012da3d681c6498628cf5df5d780acb4,16,0.5420603156089783,Castaway,Lighthouse,Blues Traveler,William Prince,2015,2020,rock,country
424938,adade2da1d9fcf383d010d65c527e3359f0b06b6,114548,d7198849d48f6cd8a3328a7f16fb787a1338976c,17,0.5537806749343872,Castaway,Some Sunsick Day,Blues Traveler,Morgan Delt,2015,2016,rock,pop
424938,adade2da1d9fcf383d010d65c527e3359f0b06b6,187161,cb9afc097ed65263f2de5f4a6e7fcbdd0e9c88a6,18,0.636612594127655,Castaway,Caught Air,Blues Traveler,ZOE Worship,2015,2018,rock,pop
424938,adade2da1d9fcf383d010d65c527e3359f0b06b6,497218,d7c1398a0b1cadd1c13cb815c24f7339641bb630,19,0.6542549133300781,Castaway,Alone Again,Blues Traveler,Yves V & SESA,2015,2021,rock,pop
424938,adade2da1d9fcf383d010d65c527e3359f0b06b6,173715,bf347a551ad7bcfd1ccf372ae5ace6809972b801,20,0.5427343249320984,Castaway,Sailor,Blues Traveler,Petula Clark,2015,1961,rock,pop
406370,057e88896b725ba424228be9207a1ebf6f92e545,52004,e7dd50c2c8b4aa446c40f19e7fe6e7c3b4d3c0a8,1,0.4482346177101135,Wrath of the Norsemen,Dig Up Her Bones,Amon Amarth,Misfits,2011,1997,rock,rock
406370,057e88896b725ba424228be9207a1ebf6f92e545,380712,73b737961adce288acd7c6bc4e8a9999518ed5dc,2,0.37521734833717346,Wrath of the Norsemen,Woyaya,Amon Amarth,Book Of Love,2011,1993,rock,pop
406370,057e88896b725ba424228be9207a1ebf6f92e545,335824,3a238218cc2a27e2c60bfb2ab1dcafac91149d57,3,0.36744266748428345,Wrath of the Norsemen,Nausicaä Get Mine II verse 2 demo,Amon Amarth,Rav,2011,2016,rock,rap
406370,057e88896b725ba424228be9207a1ebf6f92e545,471718,d9b7efa8b48008230c8540d70c51e60e9b08d334,4,0.30768099427223206,Wrath of the Norsemen,Time Collapse II / The 7th Terror,Amon Amarth,Fuzz,2011,2015,rock,rock
406370,057e88896b725ba424228be9207a1ebf6f92e545,266967,5bd3af13a4d719c9d21186d9d6e0851230cb6b3b,5,0.2970416843891144,Wrath of the Norsemen,Ghouls Night Out,Amon Amarth,Misfits,2011,1981,rock,rock
406370,057e88896b725ba424228be9207a1ebf6f92e545,87480,bafc889c18d8394be6d6dc8355af364921c9b707,6,0.4061855673789978,Wrath of the Norsemen,Piece by Piece,Amon Amarth,Slayer,2011,1986,rock,rock
406370,057e88896b725ba424228be9207a1ebf6f92e545,379590,1263473c45c91e49054cc4b8360f68d41c09bb12,7,0.3226888179779053,Wrath of the Norsemen,Tired and Red,Amon Amarth,Sodom,2011,1989,rock,rock
406370,057e88896b725ba424228be9207a1ebf6f92e545,430334,02535ee38cfa0e57356b8c70bca3a5e01cd7f082,8,0.3031836450099945,Wrath of the Norsemen,Supernova,Amon Amarth,Primal Fear,2011,2018,rock,rock
406370,057e88896b725ba424228be9207a1ebf6f92e545,364834,e81c02f5e2ebd8c86c64fe79bf66b906b5df4985,9,0.2778741121292114,Wrath of the Norsemen,Jocasta,Amon Amarth,Noah and the Whale,2011,2008,rock,pop
406370,057e88896b725ba424228be9207a1ebf6f92e545,307952,1f7326ee941ce1654d7f1b5563c1625ece5a8744,10,0.3238210082054138,Wrath of the Norsemen,Intoxicated,Amon Amarth,Orion Sun,2011,2017,rock,rb
406370,057e88896b725ba424228be9207a1ebf6f92e545,313896,559c13b9068981452942608b6a3b709a6c53415c,11,0.3832494020462036,Wrath of the Norsemen,Death Valley Nights,Amon Amarth,Blue yster Cult,2011,1977,rock,rock
406370,057e88896b725ba424228be9207a1ebf6f92e545,492308,04468534c7d67b301f33edad43257e9c0868ee58,12,0.2833922803401947,Wrath of the Norsemen,Master OConnor,Amon Amarth,Ondara,2011,2019,rock,pop
406370,057e88896b725ba424228be9207a1ebf6f92e545,209498,4735db9c0421e4fd5171754e9934dea100308cf4,13,0.29962095618247986,Wrath of the Norsemen,Unit 731,Amon Amarth,Slayer,2011,2009,rock,rock
406370,057e88896b725ba424228be9207a1ebf6f92e545,504658,3cdd9844ffe4e432cd53a97015840129b918eeb7,14,0.28635373711586,Wrath of the Norsemen,You Are What I Eat,Amon Amarth,Toecutta,2011,2022,rock,rap
406370,057e88896b725ba424228be9207a1ebf6f92e545,77334,d05d63940ec94f5577a41d4f0daebca9c12b4ec8,15,0.32271361351013184,Wrath of the Norsemen,Smoke,Amon Amarth,Brian Fallon,2011,2016,rock,rock
406370,057e88896b725ba424228be9207a1ebf6f92e545,491932,3475fb8be4636f7158e7bc3237f6a27d6c02a684,16,0.3034953773021698,Wrath of the Norsemen,Nightmare/The Dreamtime,Amon Amarth,Motrhead,2011,1991,rock,rock
406370,057e88896b725ba424228be9207a1ebf6f92e545,275022,fbcfa286d3fedc1042b3804a039092586c767711,17,0.2893140912055969,Wrath of the Norsemen,Def 2 Ego,Amon Amarth,Silas,2011,2019,rock,rap
406370,057e88896b725ba424228be9207a1ebf6f92e545,115045,e14b2f171fc607c87251b43d79b25b7edc16c9b0,18,0.29408693313598633,Wrath of the Norsemen,Die Yet Another Night,Amon Amarth,Korn,2011,2016,rock,rock
406370,057e88896b725ba424228be9207a1ebf6f92e545,209585,08d2864c804975f91dacbf957a2bd6448c3b174c,19,0.28757286071777344,Wrath of the Norsemen,Death Defying Acts,Amon Amarth,Angus & Julia Stone,2011,2014,rock,rock
406370,057e88896b725ba424228be9207a1ebf6f92e545,203776,bfaad375411621f2f345901c9ed599c110d64d25,20,0.3531936705112457,Wrath of the Norsemen,Old King Coal,Amon Amarth,Sturgill Simpson,2011,2013,rock,country
410596,0c8ecde0222d702b81d1709c7b20cc9dcfe10788,215111,6a179ba606123bfd7da4db8520b355a0005d5221,1,0.8106279373168945,Buttons to Push the Buttons,Happinezz,Modest Mouse,Boris Brejcha,1996,2019,rock,pop
410596,0c8ecde0222d702b81d1709c7b20cc9dcfe10788,144424,739c1cb6738a23836dc9f46c66cdcd7ae775745d,2,0.6462622880935669,Buttons to Push the Buttons,So What Does This All  Mean?,Modest Mouse,Goody Grace,1996,2016,rock,pop
410596,0c8ecde0222d702b81d1709c7b20cc9dcfe10788,25483,e2f543a70e514513133fc0a8f460985fc77ebbfa,3,0.7434638738632202,Buttons to Push the Buttons,La vie en Rose,Modest Mouse,Edith Piaf,1996,2013,rock,pop
410596,0c8ecde0222d702b81d1709c7b20cc9dcfe10788,505104,c33799e6c8da82c64af6ab6bfabd7ffad5c89db7,4,0.6821064949035645,Buttons to Push the Buttons,Complete Me,Modest Mouse,JINJIN  ROCKY,1996,2022,rock,pop
410596,0c8ecde0222d702b81d1709c7b20cc9dcfe10788,183607,e447aaec660710cf50afe95798d4bcce84c8f851,5,0.7551483511924744,Buttons to Push the Buttons,Sooth Lady Wine,Modest Mouse,Matt Corby,1996,2015,rock,rock
410596,0c8ecde0222d702b81d1709c7b20cc9dcfe10788,111671,77530f99a700e499b841359f372f464b68d05961,6,0.8106279373168945,Buttons to Push the Buttons,We Like to Party The Vengabus,Modest Mouse,Vengaboys,1996,1998,rock,pop
410596,0c8ecde0222d702b81d1709c7b20cc9dcfe10788,184464,b6c94caec6229559609d8f11099428cd5dc269f8,7,0.8106279373168945,Buttons to Push the Buttons,We Like to Party More Airplay,Modest Mouse,Vengaboys,1996,1999,rock,pop
410596,0c8ecde0222d702b81d1709c7b20cc9dcfe10788,438418,5942268a66d309db28a1d2452d0c72a15facdc57,8,0.8106279373168945,Buttons to Push the Buttons,Idea of Happiness,Modest Mouse,Van She,1996,2012,rock,pop
410596,0c8ecde0222d702b81d1709c7b20cc9dcfe10788,336404,dd7c9347f0228eb9a8c89bda106ba98fdd1bae06,9,0.8106279373168945,Buttons to Push the Buttons,Happiness,Modest Mouse,Pet Shop Boys,1996,2016,rock,pop
410596,0c8ecde0222d702b81d1709c7b20cc9dcfe10788,134723,32a36719ea7f2e091b6ced6b509c8bd55355ee6b,10,0.8106279373168945,Buttons to Push the Buttons,The Moments of Happiness,Modest Mouse,Original London Cast of Cats,1996,1981,rock,pop
410596,0c8ecde0222d702b81d1709c7b20cc9dcfe10788,351075,24627b36a267229013fdf8373ad97a46fce7ce22,11,0.8106279373168945,Buttons to Push the Buttons,More of Just the Same,Modest Mouse,Infected Mushroom & WHITENO1SE,1996,2020,rock,pop
410596,0c8ecde0222d702b81d1709c7b20cc9dcfe10788,363433,72c162014651cf04e2c8d7618e6a5c5c7e163731,12,0.8106279373168945,Buttons to Push the Buttons,Almost There,Modest Mouse,Moderator,1996,2015,rock,rb
410596,0c8ecde0222d702b81d1709c7b20cc9dcfe10788,458177,0f174aec4eb801eaccb05390c2fcfea708b9ba77,13,0.8106279373168945,Buttons to Push the Buttons,Happiness,Modest Mouse,Chastity Belt,1996,2013,rock,rock
410596,0c8ecde0222d702b81d1709c7b20cc9dcfe10788,425649,2487282a7159108a296d076427ac09b8c3ccc0ae,14,0.8087169528007507,Buttons to Push the Buttons,Happiness,Modest Mouse,Lea Salonga,1996,1981,rock,pop
410596,0c8ecde0222d702b81d1709c7b20cc9dcfe10788,121635,ace50e39f60e374e4df22a9b22591de48d043f43,15,0.8076814413070679,Buttons to Push the Buttons,Happiness,Modest Mouse,IAMX,1996,2015,rock,pop
410596,0c8ecde0222d702b81d1709c7b20cc9dcfe10788,46934,02fa1e6731e6c8f389710c17c3ae9a37abd93c12,16,0.8057993650436401,Buttons to Push the Buttons,HAPPINESS,Modest Mouse,NEEDTOBREATHE,1996,2016,rock,rock
410596,0c8ecde0222d702b81d1709c7b20cc9dcfe10788,222805,cee2802fcdf06123c1c65f40c1426e3ceb9263eb,17,0.8047125339508057,Buttons to Push the Buttons,Happiness is,Modest Mouse,Ray Conniff,1996,2015,rock,pop
410596,0c8ecde0222d702b81d1709c7b20cc9dcfe10788,258721,e5b28861c72b9a57258e293f65f4bdf53702fb39,18,0.807243824005127,Buttons to Push the Buttons,Happiness,Modest Mouse,David Benoit,1996,2000,rock,pop
410596,0c8ecde0222d702b81d1709c7b20cc9dcfe10788,181462,28388b1097297edd9313766a3728fcf13a6a6c53,19,0.8068597912788391,Buttons to Push the Buttons,Happiness 1999,Modest Mouse,Clark Gesner,1996,1999,rock,pop
410596,0c8ecde0222d702b81d1709c7b20cc9dcfe10788,84919,ed3bcff3fc0320da9e41f999bef9e1795945069c,20,0.8037720918655396,Buttons to Push the Buttons,Shake Up Christmas,Modest Mouse,Train,1996,2010,rock,rock
179213,507b1ccbb069474fab6483d54385cfb2b96054f0,274803,aa15bc95d2e928e05bc07849083540bc480c72c5,1,0.8637723922729492,XOXO,​dropeverything,JUMEX & Lil Xan,surrenderdorothy,2020,2018,rap,rap
179213,507b1ccbb069474fab6483d54385cfb2b96054f0,165140,9659b9b51c85adfa1e66bb136201469b9d98ceff,2,0.7704671621322632,XOXO,Shouldnt End This Way,JUMEX & Lil Xan,Reality Club,2020,2017,rap,pop
179213,507b1ccbb069474fab6483d54385cfb2b96054f0,474297,3d7cc7e88be769f0dc9dac0f425c1e16afbd55c1,3,0.8001672029495239,XOXO,Lasan,JUMEX & Lil Xan,Michael Kiwanuka,2020,2012,rap,pop
179213,507b1ccbb069474fab6483d54385cfb2b96054f0,48425,b6a2adf027b3c0bbe2cff6605f4bb586a4f49dfd,4,0.8482394814491272,XOXO,Life Is Strange,JUMEX & Lil Xan,MARINA,2020,2019,rap,pop
179213,507b1ccbb069474fab6483d54385cfb2b96054f0,100230,44237b46cf4f234d71ab024935e36c4ed584e18d,5,0.7770834565162659,XOXO,So Far Gone,JUMEX & Lil Xan,Thousand Foot Krutch,2020,2012,rap,rock
179213,507b1ccbb069474fab6483d54385cfb2b96054f0,273953,c9bf213f3d3fa96f3cc4b32860076d298a3e73f4,6,0.7757687568664551,XOXO,Whyd You Make Me Cry,JUMEX & Lil Xan,Odina,2020,2017,rap,pop
179213,507b1ccbb069474fab6483d54385cfb2b96054f0,508252,0c6c1a728c6a26376f746d61983315e7437047b3,7,0.7896308302879333,XOXO,Learn to let go,JUMEX & Lil Xan,Asiah,2020,2022,rap,pop
179213,507b1ccbb069474fab6483d54385cfb2b96054f0,167691,3931a8569124a6b85298ef129c26c5aabfb0a9ac,8,0.8255594968795776,XOXO,Beyondless,JUMEX & Lil Xan,Iceage,2020,2018,rap,rock
179213,507b1ccbb069474fab6483d54385cfb2b96054f0,314410,d1adbaba20136d34d9ab29a13f733e858b29721e,9,0.8251670598983765,XOXO,Purple Eyes,JUMEX & Lil Xan,The Toxic Avenger,2020,2017,rap,pop
179213,507b1ccbb069474fab6483d54385cfb2b96054f0,12056,e71f8eb413a210f8b5d1acc221856f66c3b48259,10,0.6662862300872803,XOXO,Gravel to Tempo,JUMEX & Lil Xan,Hayley Kiyoko,2020,2016,rap,pop
179213,507b1ccbb069474fab6483d54385cfb2b96054f0,270576,642e4e3a29aa94b2cca8b496c22747997511e508,11,0.8037080764770508,XOXO,King of the Lost Boys,JUMEX & Lil Xan,Little Voice Cast,2020,2020,rap,pop
179213,507b1ccbb069474fab6483d54385cfb2b96054f0,430369,407533755dc2f3b7a0f4cd6a3645a09009e1687c,12,0.8059394359588623,XOXO,Get It Wrong,JUMEX & Lil Xan,Mali-Koa,2020,2020,rap,pop
179213,507b1ccbb069474fab6483d54385cfb2b96054f0,174511,c59692d3d69f1b9be17e4c40ffcb3cddf736428a,13,0.785285472869873,XOXO,Better Days,JUMEX & Lil Xan,Ant Clemons & Justin Timberlake,2020,2020,rap,rb
179213,507b1ccbb069474fab6483d54385cfb2b96054f0,355079,0b2d35e59a30e409a7117e97bbe25a4969178798,14,0.792795717716217,XOXO,Fog,JUMEX & Lil Xan,Yellow Ostrich,2020,2011,rap,pop
179213,507b1ccbb069474fab6483d54385cfb2b96054f0,455938,547c66c45c0f89d445a3483738b362c855ce4773,15,0.7916858196258545,XOXO,Good Luck With You,JUMEX & Lil Xan,Lucia Zambetti,2020,2021,rap,pop
179213,507b1ccbb069474fab6483d54385cfb2b96054f0,502388,8c379e7ba56405de204591b1d9ee1261650db8fa,16,0.8244388103485107,XOXO,I lost my mind,JUMEX & Lil Xan,Metronomy,2020,2022,rap,pop
179213,507b1ccbb069474fab6483d54385cfb2b96054f0,225685,0deacaa2441940237d2b1c2141d5d45c15966bc4,17,0.7824817895889282,XOXO,22,JUMEX & Lil Xan,Zack Villere,2020,2017,rap,rb
179213,507b1ccbb069474fab6483d54385cfb2b96054f0,22957,21590792e57793f3385e8a5fc8c2b2a00ecc7aea,18,0.7300745248794556,XOXO,Im Sorry,JUMEX & Lil Xan,Curly Bamm,2020,2017,rap,pop
179213,507b1ccbb069474fab6483d54385cfb2b96054f0,438292,2152486ee7eb4c091b523cec5d5eee9a98d04eaf,19,0.7880639433860779,XOXO,No Time,JUMEX & Lil Xan,Hayden James,2020,2013,rap,pop
179213,507b1ccbb069474fab6483d54385cfb2b96054f0,443996,74c86c026e5075f4990208484c38dfee295ea1c1,20,0.7742003202438354,XOXO,Sad Song,JUMEX & Lil Xan,Au Revoir Simone,2020,2007,rap,pop
72090,1cf8dc6395cadb4f3e1b8f41d422e800db6654dd,161190,22dc711325a8ecd9e276778fd242010d81cd539e,1,0.381439745426178,Queensbridge Zoo,2083,Vince Staples,83HADES,2013,2019,rap,rap
72090,1cf8dc6395cadb4f3e1b8f41d422e800db6654dd,115559,aecc6204ec3b904149707127a05faf366a734030,2,0.3511371910572052,Queensbridge Zoo,Final Thought Skit,Vince Staples,Eminem,2013,2004,rap,rap
72090,1cf8dc6395cadb4f3e1b8f41d422e800db6654dd,361231,425c7568093055ad4a64e7ba46e463808b9bff8f,3,0.3674446940422058,Queensbridge Zoo,So You Say You a Gangsta,Vince Staples,Comethazine,2013,2021,rap,rap
72090,1cf8dc6395cadb4f3e1b8f41d422e800db6654dd,105105,9071fd182b360948bbb7ec4186a6b4de5d503651,4,0.30364906787872314,Queensbridge Zoo,Coup De Grâce,Vince Staples,360,2013,2017,rap,rap
72090,1cf8dc6395cadb4f3e1b8f41d422e800db6654dd,502119,71a3c82d181babd3909e0239c3aac73eef3fea36,5,0.30928683280944824,Queensbridge Zoo,BGB,Vince Staples,Official TS,2013,2022,rap,rap
72090,1cf8dc6395cadb4f3e1b8f41d422e800db6654dd,66887,38be0e6e0c00432e44fa447d697993475a0b5c7f,6,0.35678574442863464,Queensbridge Zoo,Judge Scott Convicted,Vince Staples,Young Nudy,2013,2017,rap,rap
72090,1cf8dc6395cadb4f3e1b8f41d422e800db6654dd,202820,8528fbda4590579c6d0832bc2fa35a91374600de,7,0.33388757705688477,Queensbridge Zoo,Bulletproof,Vince Staples,Upchurch,2013,2016,rap,rap
72090,1cf8dc6395cadb4f3e1b8f41d422e800db6654dd,293360,4dcb7a49b8b29d70ba04a72cc8cbac21499a1539,8,0.3117295801639557,Queensbridge Zoo,Hill Top Badness,Vince Staples,Chronic Law,2013,2018,rap,rap
72090,1cf8dc6395cadb4f3e1b8f41d422e800db6654dd,59618,ea4fe6f30d4dcb8b0c0cbfcfb9f26f4f5abeb8e0,9,0.3369902968406677,Queensbridge Zoo,KD Freestyle,Vince Staples,Jay Critch,2013,2019,rap,rap
72090,1cf8dc6395cadb4f3e1b8f41d422e800db6654dd,355969,4ce0dee90eec9d9a09e4fd333bfc75a29b5eb99b,10,0.29778265953063965,Queensbridge Zoo,Nola,Vince Staples,OBN Jay,2013,2020,rap,rap
72090,1cf8dc6395cadb4f3e1b8f41d422e800db6654dd,240649,7abf59edea4c8ff53cd1627b2dd580c35edc78f9,11,0.35153728723526,Queensbridge Zoo,Take Off,Vince Staples,Popp Hunna,2013,2020,rap,rap
72090,1cf8dc6395cadb4f3e1b8f41d422e800db6654dd,461917,e3a8deee688b5daa3861956579240596c4601a46,12,0.33532899618148804,Queensbridge Zoo,Here With Me,Vince Staples,Shyne,2013,2004,rap,rap
72090,1cf8dc6395cadb4f3e1b8f41d422e800db6654dd,480113,bf7f5525407d1e5cae91d7b348c7c1b57b0a452e,13,0.37779325246810913,Queensbridge Zoo,Everywhere,Vince Staples,21 Savage,2013,2020,rap,rap
72090,1cf8dc6395cadb4f3e1b8f41d422e800db6654dd,136781,a78a8730f3bd028e7a0693c9340aaaaaa04e7676,14,0.29949355125427246,Queensbridge Zoo,Zino Always Said,Vince Staples,Nines,2013,2012,rap,rap
72090,1cf8dc6395cadb4f3e1b8f41d422e800db6654dd,355517,550b9880b0c7637d80d3290e0c5339992ce448eb,15,0.32387274503707886,Queensbridge Zoo,Arabian Sams,Vince Staples,Conway the Machine,2013,2017,rap,rap
72090,1cf8dc6395cadb4f3e1b8f41d422e800db6654dd,54108,a84c8aca76e99ccd7b9f94875a50b1e0d32afc5c,16,0.327362060546875,Queensbridge Zoo,I Got It,Vince Staples,J. Cole,2013,2009,rap,rap
72090,1cf8dc6395cadb4f3e1b8f41d422e800db6654dd,193061,d4ffb87ef2b8505a1406ccea7dc0fedffa780b43,17,0.32010021805763245,Queensbridge Zoo,KeKe Freestyle,Vince Staples,DaBaby,2013,2018,rap,rap
72090,1cf8dc6395cadb4f3e1b8f41d422e800db6654dd,375006,576c2f3c0fe22863aa661417e1c4de69b2e6fe4e,18,0.30668187141418457,Queensbridge Zoo,America As A Gun Culture,Vince Staples,Richard Hofstadter,2013,1970,rap,misc
72090,1cf8dc6395cadb4f3e1b8f41d422e800db6654dd,476330,fff0d631f97dad4103c92070eb6d476f81159bbb,19,0.29781171679496765,Queensbridge Zoo,Let A Nigga Know,Vince Staples,Saigon,2013,2004,rap,rap
72090,1cf8dc6395cadb4f3e1b8f41d422e800db6654dd,502401,b88832588dcad0ff3ce68717b89c342dd88a2a28,20,0.3386993408203125,Queensbridge Zoo,Free Kay Flock,Vince Staples,FWC Big Key,2013,2022,rap,rap
30066,d41d5047d86d75fe19b65e8312bc59ec252f2440,71064,ebadbd9c60060f8354d602bf397950675d1b3b58,1,0.5600175261497498,Caught Up,Carry You Home,Majid Jordan,Tisto,2019,2017,rb,pop
30066,d41d5047d86d75fe19b65e8312bc59ec252f2440,46332,ad874cc462e5d23d7cdbbc40d8d5e54093ca54e5,2,0.5297254920005798,Caught Up,Fresh,Majid Jordan,Lil Uzi Vert & Gucci Mane,2019,2016,rb,rap
30066,d41d5047d86d75fe19b65e8312bc59ec252f2440,138157,39ac2ebb391dc5f7d95bf20acdb8895511dcdeb4,3,0.5206307172775269,Caught Up,You,Majid Jordan,Q,2019,2018,rb,rb
30066,d41d5047d86d75fe19b65e8312bc59ec252f2440,244569,3521b096a34a59fd73b4924d386313dd09ccbc2a,4,0.46724212169647217,Caught Up,Show Me,Majid Jordan,Jill Scott,2019,2000,rb,rb
30066,d41d5047d86d75fe19b65e8312bc59ec252f2440,380578,b2aae21fef2fefe7a9adfd444da9edb74cded14c,5,0.46568620204925537,Caught Up,Paint Your Pretty Picture,Majid Jordan,Bill Withers,2019,1975,rb,rb
30066,d41d5047d86d75fe19b65e8312bc59ec252f2440,379250,f2023a8e5f6b292a89a7a949b2a72ae2bdd5807d,6,0.40959104895591736,Caught Up,Perfect Year,Majid Jordan,Dina Carroll,2019,1996,rb,pop
30066,d41d5047d86d75fe19b65e8312bc59ec252f2440,201949,b0edbb0455260f0acdff57a6e44e963c41888fcb,7,0.43151095509529114,Caught Up,Real Love,Majid Jordan,Lo Moon,2019,2018,rb,rock
30066,d41d5047d86d75fe19b65e8312bc59ec252f2440,314290,d5e812b8b9d259afabfa175995f3446bb4adadf5,8,0.437010794878006,Caught Up,Homo Rainbow,Majid Jordan,Ween,2019,2002,rb,pop
30066,d41d5047d86d75fe19b65e8312bc59ec252f2440,494747,587e05d89450f30e010eb64073c30643de1c8f7b,9,0.45583608746528625,Caught Up,Gold Dust,Majid Jordan,Jonathan Jeremiah,2019,2012,rb,pop
30066,d41d5047d86d75fe19b65e8312bc59ec252f2440,357260,b23b2aa0fd1673ae126df1a2385d46c725b140f6,10,0.5307586193084717,Caught Up,Over My Head,Majid Jordan,Drowning Pool,2019,2011,rb,pop
30066,d41d5047d86d75fe19b65e8312bc59ec252f2440,389592,7353c828952002e8306109b9e893d2be9b8799ec,11,0.5514199733734131,Caught Up,Bass Drop Bigger,Majid Jordan,TT The Artist,2019,2016,rb,rap
30066,d41d5047d86d75fe19b65e8312bc59ec252f2440,353963,9bdedbf8ec81447c05d08ea48f0a0c41da11cdd1,12,0.4713625907897949,Caught Up,Potential,Majid Jordan,SonReal,2019,2017,rb,rap
30066,d41d5047d86d75fe19b65e8312bc59ec252f2440,474742,f05e202ae2e1fe9bc539914523fcb67b8659d5d8,13,0.4087603688240051,Caught Up,Executive Branch,Majid Jordan,Snoop Dogg,2019,2012,rb,rap
30066,d41d5047d86d75fe19b65e8312bc59ec252f2440,512180,da392ce6b8feae79edab13f5aed8e2aaf52a22bb,14,0.42294156551361084,Caught Up,Rest,Majid Jordan,Saltnpaper,2019,2022,rb,pop
30066,d41d5047d86d75fe19b65e8312bc59ec252f2440,64068,5999baa79a126282d46db23927759313bbd8d20e,15,0.4775061011314392,Caught Up,Miles Away,Majid Jordan,Memphis May Fire,2019,2012,rb,rock
30066,d41d5047d86d75fe19b65e8312bc59ec252f2440,449956,eaa0f8d2da23c8b39349d5fa1344cd6bfd86040f,16,0.40706148743629456,Caught Up,Better With You,Majid Jordan,MOA (Rock),2019,2018,rb,rock
30066,d41d5047d86d75fe19b65e8312bc59ec252f2440,3091,059e3aacca9e67285b1f5108336d9f1208714072,17,0.45233869552612305,Caught Up,Ill Show You,Majid Jordan,Justin Bieber,2019,2015,rb,pop
30066,d41d5047d86d75fe19b65e8312bc59ec252f2440,20704,b25f1c679732bc74b29cdb8d1ce47265cf3d00fe,18,0.49079811573028564,Caught Up,Pieces,Majid Jordan,Sum 41,2019,2005,rb,rock
30066,d41d5047d86d75fe19b65e8312bc59ec252f2440,32746,50486368b8fc06ba4630299390b0d6c63537bbf8,19,0.4142493009567261,Caught Up,True to You,Majid Jordan,Milo Amor,2019,2018,rb,rb
30066,d41d5047d86d75fe19b65e8312bc59ec252f2440,271160,1cf6c4a2467b81b70b2e58e1949bcfb121866a7e,20,0.4664992094039917,Caught Up,Through Stars,Majid Jordan,Unleash the Archers,2019,2020,rb,rock
226710,e630210062f679a932a5f0cbbaf16f187311693d,307121,f9cdd818731a34724366d76fa829afcc92ddd21d,1,0.7877613306045532,Watching Me Fall,The Last Line,The Cure,Linkin Park,2000,2014,rock,rock
226710,e630210062f679a932a5f0cbbaf16f187311693d,395564,0f0874c5b9448a77dc80578526871c69ddb74207,2,0.6284130215644836,Watching Me Fall,Move,The Cure,Kid Runner,2000,2013,rock,rock
226710,e630210062f679a932a5f0cbbaf16f187311693d,15243,16b1b92fdd3d832963344bb4a0785ab27f1384b5,3,0.732917070388794,Watching Me Fall,Goodbye Theme from Dark A Netflix Original Series,The Cure,Apparat,2000,2011,rock,pop
226710,e630210062f679a932a5f0cbbaf16f187311693d,276567,cf0a56a59544460690623c195c56cf0d47f8c85d,4,0.6770866513252258,Watching Me Fall,Waiting,The Cure,Zhavia Ward,2000,2020,rock,pop
226710,e630210062f679a932a5f0cbbaf16f187311693d,311141,55384a59ca149c7554af3c92ef923080ff53275f,5,0.7454875707626343,Watching Me Fall,Sailing Away,The Cure,Chris De Burgh,2000,1988,rock,pop
226710,e630210062f679a932a5f0cbbaf16f187311693d,345232,e36e34799a0836782f341054b88ce9576eae1ef9,6,0.683807909488678,Watching Me Fall,Hex,The Cure,The Birthday Massacre,2000,2017,rock,rock
226710,e630210062f679a932a5f0cbbaf16f187311693d,67123,c4e37e5d4cca3812347236d9a23140f63c3a9bf2,7,0.6129331588745117,Watching Me Fall,3/3,The Cure,The Japanese House,2000,2017,rock,pop
226710,e630210062f679a932a5f0cbbaf16f187311693d,22246,39ca93894b7da5f721598233526a928a9c113857,8,0.5917878746986389,Watching Me Fall,World Ablaze,The Cure,Big Sean,2000,2013,rock,rap
226710,e630210062f679a932a5f0cbbaf16f187311693d,421189,62f5632329035a4361b8b7765f2b47f54ed37cd6,9,0.6103655099868774,Watching Me Fall,Kids,The Cure,LIONE,2000,2019,rock,pop
226710,e630210062f679a932a5f0cbbaf16f187311693d,369063,1887628b822b7dbff3a7592f0096167d452dd978,10,0.7476898431777954,Watching Me Fall,All Im Losing Is Me,The Cure,Saves the Day,2000,2001,rock,rock
226710,e630210062f679a932a5f0cbbaf16f187311693d,322320,fc999099ff5a6ba6ea5a6687aa1659a7b201fce9,11,0.7689389586448669,Watching Me Fall,Never Alone,The Cure,Winterpark,2000,2015,rock,pop
226710,e630210062f679a932a5f0cbbaf16f187311693d,445990,7bfdbdaef7ff052c67f8f0120e2500c3483950e8,12,0.6668948531150818,Watching Me Fall,Black Box,The Cure,3OH!3,2000,2016,rock,pop
226710,e630210062f679a932a5f0cbbaf16f187311693d,279009,4fdd8469c1e12b39ef4c296ac21df32cbd816a6a,13,0.6974303722381592,Watching Me Fall,Speed of Love,The Cure,Owl City,2000,2015,rock,pop
226710,e630210062f679a932a5f0cbbaf16f187311693d,9960,d7c168103bf37ef5e7b0fe6ab17730f852957e98,14,0.6169622540473938,Watching Me Fall,​castles,The Cure,Lil Peep & Lil Tracy,2000,2016,rock,rap
226710,e630210062f679a932a5f0cbbaf16f187311693d,333641,0b1f726effc25ab3c6d55d2acb7e4429db5045df,15,0.6482501029968262,Watching Me Fall,I Disappear,The Cure,The Faint,2000,2004,rock,rock
226710,e630210062f679a932a5f0cbbaf16f187311693d,401810,d11450b7ea0324272ed7504d7285ef02ed89e9b0,16,0.6898362040519714,Watching Me Fall,Chamber For Sleep Part One,The Cure,Screaming Females,2000,2018,rock,rock
226710,e630210062f679a932a5f0cbbaf16f187311693d,105956,df80b60e382602f8dd1f2c966569c92036272772,17,0.5487991571426392,Watching Me Fall,Tears,The Cure,Matt Hammitt,2000,2017,rock,pop
226710,e630210062f679a932a5f0cbbaf16f187311693d,91434,8319f9d8714b6d05cb8436fc2f93bf4487bcc8f7,18,0.6518755555152893,Watching Me Fall,Summer Years,The Cure,Death Cab for Cutie,2000,2018,rock,rock
226710,e630210062f679a932a5f0cbbaf16f187311693d,79445,062a0918206f11386c62ca3fb85c1977f36fb8d4,19,0.5725647211074829,Watching Me Fall,Jasper Avenue,The Cure,CaRter,2000,2019,rock,pop
226710,e630210062f679a932a5f0cbbaf16f187311693d,42664,b177a855c91edc850be90962eac29c5fa4f3be16,20,0.7353334426879883,Watching Me Fall,24 Songs,The Cure,Playboi Carti,2000,2022,rock,rap
291496,1695be2d0003f1f4bf112644354503646f587726,371808,49e7f2ff4d81d46b430ec230a6b703834a3f3a24,1,0.48239845037460327,No more favors,The Smoke,Jay kill & the hustle standard,Amorphis,2014,2006,rap,rock
291496,1695be2d0003f1f4bf112644354503646f587726,350503,54ee4a68441824b6261284f3d200ecdcc9753fe2,2,0.4245704412460327,No more favors,After The Flood,Jay kill & the hustle standard,Black Gold,2014,2009,rap,pop
291496,1695be2d0003f1f4bf112644354503646f587726,126341,660790a6b99abd8ed0c319689062ac00680ba593,3,0.39822858572006226,No more favors,For the Turnstiles,Jay kill & the hustle standard,Neil Young,2014,1974,rap,rock
291496,1695be2d0003f1f4bf112644354503646f587726,43361,db5bef638d11a01955197a79fea3028e0f03dedd,4,0.4204652011394501,No more favors,We Are...,Jay kill & the hustle standard,Noah Cyrus,2014,2018,rap,pop
291496,1695be2d0003f1f4bf112644354503646f587726,60075,9e69b182b6c069ca814d7645de84c97a70aa79bd,5,0.4337024986743927,No more favors,The Chase Is On,Jay kill & the hustle standard,Hoodie Allen,2014,2011,rap,rap
291496,1695be2d0003f1f4bf112644354503646f587726,243747,d6fa4886b009fed58130e1249041706037fb1e45,6,0.39061689376831055,No more favors,Rise,Jay kill & the hustle standard,Godfather of Harlem,2014,2019,rap,rb
291496,1695be2d0003f1f4bf112644354503646f587726,47968,117a759e6dbd2a0ea01e483442e13d64cb600739,7,0.392583966255188,No more favors,Trndsttr,Jay kill & the hustle standard,Black Coast,2014,2014,rap,pop
291496,1695be2d0003f1f4bf112644354503646f587726,422177,97890db8c99a902cdbb216a09e0c45cb42293728,8,0.40479740500450134,No more favors,Phantom Pain,Jay kill & the hustle standard,Kid Dakota,2014,2011,rap,pop
291496,1695be2d0003f1f4bf112644354503646f587726,511603,879ea7d258ef11eb012e127845be425be92765c0,9,0.4315081834793091,No more favors,Town of Mercy,Jay kill & the hustle standard,Aoife O'Donovan,2014,2022,rap,country
291496,1695be2d0003f1f4bf112644354503646f587726,402521,aadebc0a355ec7f11dbaa9a509a1ca4d62c051f7,10,0.4059390127658844,No more favors,Im Growing Old,Jay kill & the hustle standard,Bobby Cole,2014,1967,rap,rb
291496,1695be2d0003f1f4bf112644354503646f587726,3629,b0aa4f4fa5684f861604d23aa646f4636b4361c8,11,0.4307519793510437,No more favors,The Other,Jay kill & the hustle standard,Lauv,2014,2015,rap,pop
291496,1695be2d0003f1f4bf112644354503646f587726,453244,d8775e3a7b456b3cbe4d4353b875a95294c27e9b,12,0.4154187738895416,No more favors,In the Yard,Jay kill & the hustle standard,Bowerbirds,2014,2012,rap,rock
291496,1695be2d0003f1f4bf112644354503646f587726,74190,5f5b93b2fdbe67bcb8d4fb33660d3fadd8b647d1,13,0.43010833859443665,No more favors,Danger High Voltage,Jay kill & the hustle standard,Electric Six,2014,2003,rap,rock
291496,1695be2d0003f1f4bf112644354503646f587726,444736,27d246b0c1edb39251407c3ddc927dc8ca870d62,14,0.4598326086997986,No more favors,The Way It Dimmed,Jay kill & the hustle standard,Amanda Shires,2014,2016,rap,country
291496,1695be2d0003f1f4bf112644354503646f587726,13755,3925089bbab0d18194493df4337f863874f52c6b,15,0.46043920516967773,No more favors,Trndsttr Lucian Remix,Jay kill & the hustle standard,Black Coast,2014,2014,rap,pop
291496,1695be2d0003f1f4bf112644354503646f587726,468585,f5fcaea4f4aa3a2849bf0ec3e07695528ebc596e,16,0.39240315556526184,No more favors,Young and Restless,Jay kill & the hustle standard,Robin Loxley,2014,2016,rap,pop
291496,1695be2d0003f1f4bf112644354503646f587726,180474,67a68b6ef6748faae7175ae49b6f8302222574e9,17,0.4042918384075165,No more favors,Tired,Jay kill & the hustle standard,Daithi De Nogla,2014,2013,rap,rock
291496,1695be2d0003f1f4bf112644354503646f587726,81889,2ca83db430e5d4b2b1f8cf293da6e74f6c717fad,18,0.389513224363327,No more favors,Fine,Jay kill & the hustle standard,Noah Kahan,2014,2017,rap,pop
291496,1695be2d0003f1f4bf112644354503646f587726,414269,17aecf7f8a8787a67cc897a755e4bc18d1e63062,19,0.40410417318344116,No more favors,Play With Fire Alternate Version,Jay kill & the hustle standard,Sam Tinnesz,2014,2018,rap,rock
291496,1695be2d0003f1f4bf112644354503646f587726,18132,1806d2955502a992675ca990b16454e4e4d6c2cd,20,0.40741872787475586,No more favors,Gone Away,Jay kill & the hustle standard,H.E.R.,2014,2017,rap,rb
440975,f3df01c35c561c4c2b933984965f8eb56f14be99,94689,fdc2e4d3e46e5033a09a74ea59ad9c54f4f22f11,1,0.5429013967514038,Darkness,Be Apart,Mic Righteous,Porches,2020,2016,rap,pop
440975,f3df01c35c561c4c2b933984965f8eb56f14be99,371265,eb03630b336753b2378fd8a94118f1b2cceea773,2,0.4226842522621155,Darkness,Sharks,Mic Righteous,Morphine,2020,1995,rap,rock
440975,f3df01c35c561c4c2b933984965f8eb56f14be99,103300,3b1a8a6289165cec203721b7c68b61f6cfaf7451,3,0.538945198059082,Darkness,The Dripping Tap,Mic Righteous,King Gizzard & The Lizard Wizard,2020,2022,rap,rock
440975,f3df01c35c561c4c2b933984965f8eb56f14be99,312825,6a78602e0fc6027cf0eedf17bd9787f7bd21b67b,4,0.4031548500061035,Darkness,Hanging,Mic Righteous,Ane Brun,2020,2015,rap,rock
440975,f3df01c35c561c4c2b933984965f8eb56f14be99,460770,b30860c22e808f8d0caf90f89e452cd37b96e133,5,0.4385664761066437,Darkness,Act Like That,Mic Righteous,Bridget Kelly,2020,2015,rap,rb
440975,f3df01c35c561c4c2b933984965f8eb56f14be99,133062,fbe8c574e7a5150399d8be48874a7b18905589cd,6,0.44495636224746704,Darkness,You Keep Me Hangin’ On Single Version,Mic Righteous,Vanilla Fudge,2020,1967,rap,pop
440975,f3df01c35c561c4c2b933984965f8eb56f14be99,263522,b2d8b13398331fcbfc48b892e68d5fe4d871f4bc,7,0.4440106153488159,Darkness,Where You Are,Mic Righteous,Tenille Townes,2020,2018,rap,country
440975,f3df01c35c561c4c2b933984965f8eb56f14be99,461759,98b118f76302148a0eb530133a0e1a75b510f137,8,0.4834951162338257,Darkness,Hanging By a Thread,Mic Righteous,Aaron Espe,2020,2015,rap,pop
440975,f3df01c35c561c4c2b933984965f8eb56f14be99,365038,be7abd68ccb5897f5824f109eecfeb11147afdd2,9,0.4581475257873535,Darkness,Down The Line,Mic Righteous,Mike Perry & Ten Times,2020,2020,rap,pop
440975,f3df01c35c561c4c2b933984965f8eb56f14be99,59373,259970526b53f124b44edc35b2425ead8bb443cc,10,0.4058934152126312,Darkness,End Up with You,Mic Righteous,Carrie Underwood,2020,2018,rap,country
440975,f3df01c35c561c4c2b933984965f8eb56f14be99,204160,db6ae3587d3734587a3098c2b91309b62a7f4d74,11,0.4903143048286438,Darkness,Let Go,Mic Righteous,Sharon Van Etten,2020,2020,rap,rock
440975,f3df01c35c561c4c2b933984965f8eb56f14be99,487820,7eed369c26cf8ad3cde7eb0f53ee225e1c53fc84,12,0.47820189595222473,Darkness,Diamond in the Rough,Mic Righteous,Bass Drum of Death,2020,2018,rap,rock
440975,f3df01c35c561c4c2b933984965f8eb56f14be99,446859,06f39eb7c0f7a0452873572052311a2f4c764294,13,0.40444415807724,Darkness,The Continual Condition,Mic Righteous,Silverstein,2020,2015,rap,rock
440975,f3df01c35c561c4c2b933984965f8eb56f14be99,203109,daf23dd322b151f5c970b931ba9d290747e6f517,14,0.4259019196033478,Darkness,Hanging Around,Mic Righteous,Charli XCX,2020,2014,rap,rock
440975,f3df01c35c561c4c2b933984965f8eb56f14be99,89224,8d7fe8427e3fbcd7ea3aa0231625b7f7a5e18a8b,15,0.4149852991104126,Darkness,Sea of Air,Mic Righteous,Portugal. The Man,2020,2013,rap,rock
440975,f3df01c35c561c4c2b933984965f8eb56f14be99,108758,f0546daf5186516a9f155684882de32ffd5c8289,16,0.37934476137161255,Darkness,Hanging On,Mic Righteous,Falling in Reverse,2020,2017,rap,rock
440975,f3df01c35c561c4c2b933984965f8eb56f14be99,459912,9cb5e4ac436bc3aed3e1e3d9171c57f087100320,17,0.46811407804489136,Darkness,Tell Me Something,Mic Righteous,Ahmad Abdul,2020,2019,rap,pop
440975,f3df01c35c561c4c2b933984965f8eb56f14be99,472466,3008eafb549c0e73c84035a9ede890f425516a13,18,0.38539811968803406,Darkness,NEED YOU RIGHT NOW,Mic Righteous,Dro Kenji & Highway,2020,2022,rap,rap
440975,f3df01c35c561c4c2b933984965f8eb56f14be99,495088,7d5961f7517d17895b5a4a64846255f6ed579522,19,0.38191527128219604,Darkness,Lollipop,Mic Righteous,Margaret,2020,2018,rap,pop
440975,f3df01c35c561c4c2b933984965f8eb56f14be99,116998,02252468c406f8e0f2ded99350af6da1862222bb,20,0.387570858001709,Darkness,Refrigerator Door,Mic Righteous,Luke Combs,2020,2019,rap,country
17891,d652974f51db5332e0773e467e3f900e1ae9f8e8,40070,98a132ace0d425f24ede084906812ac68299478a,1,0.9903035759925842,Basketball,Basketball,Kurtis Blow,Bow Wow,1984,2002,rap,rap
17891,d652974f51db5332e0773e467e3f900e1ae9f8e8,118638,292d197400e3e4891afa636ae256a286d625d9cd,2,0.9883017539978027,Basketball,XXL Freshman Freestyle: OJ da Juiceman,Kurtis Blow,OJ da Juiceman,1984,2010,rap,rap
17891,d652974f51db5332e0773e467e3f900e1ae9f8e8,515269,d9ce0e418a992a8215f9f00b2204b16cc9da337c,3,0.9875548481941223,Basketball,Basketball,Kurtis Blow,Barrie,1984,2022,rap,pop
17891,d652974f51db5332e0773e467e3f900e1ae9f8e8,88778,b5edb15c6e7babe9648a5afe2540bc1f57199286,4,0.9831342101097107,Basketball,Basketball Jones,Kurtis Blow,Barry White,1984,1996,rap,rap
17891,d652974f51db5332e0773e467e3f900e1ae9f8e8,446700,fc4b406cbaf26f52da2f6d2ff1b03fcb686ace04,5,0.9788118600845337,Basketball,Basketball freestyle,Kurtis Blow,DJ Blazin,1984,2016,rap,rap
17891,d652974f51db5332e0773e467e3f900e1ae9f8e8,81936,292e4fc502253bd4cbd3f7674bdd6dfd93aaf30d,6,0.9683207869529724,Basketball,Basketball Jones,Kurtis Blow,Cheech & Chong,1984,1973,rap,rock
17891,d652974f51db5332e0773e467e3f900e1ae9f8e8,272640,645f30445fa9cdde30d3dff2a75ae0eec05b20fb,7,0.965440034866333,Basketball,Harden Soul Remix,Kurtis Blow,Stephen Curry,1984,2013,rap,rap
17891,d652974f51db5332e0773e467e3f900e1ae9f8e8,122329,ac69fd2bfd57412011953ab50fb58ccf57bd6c5e,8,0.9390996694564819,Basketball,Your Mother is a Basketball,Kurtis Blow,Joe Hawley,1984,2016,rap,rap
17891,d652974f51db5332e0773e467e3f900e1ae9f8e8,186015,ee90c9544c834331b89a53a5b25ebfefcbcdb301,9,0.8859211802482605,Basketball,My Right Lung,Kurtis Blow,Action Bronson,1984,2017,rap,rap
17891,d652974f51db5332e0773e467e3f900e1ae9f8e8,454128,88fe874af810c7f1d3d95e3db54f577581dcb7c4,10,0.8766869306564331,Basketball,Niggas Hollering,Kurtis Blow,Little Brother,1984,2019,rap,rap
17891,d652974f51db5332e0773e467e3f900e1ae9f8e8,378603,5a425d789e116057c19bb2c14a14c57872aecf88,11,0.8538763523101807,Basketball,Hoopla,Kurtis Blow,KyleYouMadeThat,1984,2021,rap,rap
17891,d652974f51db5332e0773e467e3f900e1ae9f8e8,338043,8c34235e78fa4afc566eaf4bcb7acc60a432995d,12,0.8341976404190063,Basketball,Love  Basketball,Kurtis Blow,Kirko Bangz,1984,2016,rap,rap
17891,d652974f51db5332e0773e467e3f900e1ae9f8e8,236304,863ccd1782796f85bef7170a00dfe89faf636a7d,13,0.8131715655326843,Basketball,Kevin Durant Joins The Roc Nation Sports/CAA Family,Kurtis Blow,Roc Nation Sports,1984,2013,rap,misc
17891,d652974f51db5332e0773e467e3f900e1ae9f8e8,472139,801cf7b16d9655ed8647d3cd081c623b2d3ebf8c,14,0.8171683549880981,Basketball,How Much Is That Hound Dog In The Window?,Kurtis Blow,Homer & Jethro,1984,1953,rap,country
17891,d652974f51db5332e0773e467e3f900e1ae9f8e8,79901,aa6c5ed394b678ea41d23562029f2e997ccd4c93,15,0.8154293298721313,Basketball,Give Me the Ball,Kurtis Blow,Eminem,1984,2011,rap,rap
17891,d652974f51db5332e0773e467e3f900e1ae9f8e8,55322,47683cc2abeaf46bda2e6d6491f60abdb7b4a31a,16,0.7851427793502808,Basketball,Sports,Kurtis Blow,Viagra Boys,1984,2018,rap,rock
17891,d652974f51db5332e0773e467e3f900e1ae9f8e8,329877,b71578f8266bdbb67c283afed3a642ad491e62f6,17,0.7821290493011475,Basketball,Say What You Want To,Kurtis Blow,All-4-One,1984,2015,rap,rb
17891,d652974f51db5332e0773e467e3f900e1ae9f8e8,490283,b1136cc5316737a5e4c4d22705998b7684d74d64,18,0.7772883772850037,Basketball,Made,Kurtis Blow,Agar Agar,1984,2018,rap,pop
17891,d652974f51db5332e0773e467e3f900e1ae9f8e8,352101,6cc9841acc2f712e063273343a029236327f562d,19,0.7353318333625793,Basketball,Pinocchio,Kurtis Blow,UnoTheActivist,1984,2021,rap,rap
17891,d652974f51db5332e0773e467e3f900e1ae9f8e8,402671,3eb62a4f164172d76588f0d1b01e26273e6de121,20,0.7154299020767212,Basketball,BB Song,Kurtis Blow,Blonder,1984,2018,rap,rock
151416,eb28149dd075bb7191b831e80214706f0e410de9,216567,f39cbac12ffbe627705d336ba152f41db5750bd7,1,0.573911190032959,Real Shit,Chopstix,Tay Capone,Smokepurpp,2015,2020,rap,rap
151416,eb28149dd075bb7191b831e80214706f0e410de9,340525,be265e0b5b614c3908f44d0d1bef97343d0cc8d3,2,0.4098920226097107,Real Shit,Deep In,Tay Capone,Tay Capone,2015,2019,rap,rap
151416,eb28149dd075bb7191b831e80214706f0e410de9,400154,510b35051514cf21b64e00a1efab84e93ffa1825,3,0.3937707841396332,Real Shit,No Questions,Tay Capone,BlocBoy JB,2015,2017,rap,rap
151416,eb28149dd075bb7191b831e80214706f0e410de9,458254,d6405659698d0f6c0fec5e5d4b04aeb43b28b9e2,4,0.4678501784801483,Real Shit,Leave It To Me Half Evil,Tay Capone,Lucki,2015,2021,rap,rap
151416,eb28149dd075bb7191b831e80214706f0e410de9,414158,5d7d96dea82d5c21a025b31c18773ea651793899,5,0.4396660327911377,Real Shit,Get Loose,Tay Capone,Lucki & F1lthy,2015,2020,rap,rap
151416,eb28149dd075bb7191b831e80214706f0e410de9,465040,a9c0c5e3f442d39e9de797b372890b8b90104010,6,0.3911987245082855,Real Shit,Wass Ties,Tay Capone,Burna Bandz,2015,2019,rap,rap
151416,eb28149dd075bb7191b831e80214706f0e410de9,509862,1228ae3154d5be5259e12f4e7714b5d7e9f49925,7,0.4584827423095703,Real Shit,Better Off,Tay Capone,Josh Setterfield,2015,2022,rap,country
151416,eb28149dd075bb7191b831e80214706f0e410de9,276297,5c55c5fb4bfbb789d8d252a4f80ca558c1b93f2c,8,0.4971560835838318,Real Shit,KeedToven,Tay Capone,Lil Keed,2015,2018,rap,rap
151416,eb28149dd075bb7191b831e80214706f0e410de9,431405,f66b152c60e9277e19ada9a000c78968cf9e3ef7,9,0.5645368695259094,Real Shit,App Cap,Tay Capone,SahBabii,2015,2021,rap,rap
151416,eb28149dd075bb7191b831e80214706f0e410de9,167257,263b91a31f543418eabc4bbe8aa869a652c8dca2,10,0.3989267945289612,Real Shit,I Remember,Tay Capone,Lil Tracy,2015,2017,rap,rap
151416,eb28149dd075bb7191b831e80214706f0e410de9,469899,9c0c0ac5816ac27c96709085d6ce6840e15059d9,11,0.3958145081996918,Real Shit,Response 3,Tay Capone,Mori Briscoe,2015,2020,rap,rap
151416,eb28149dd075bb7191b831e80214706f0e410de9,86024,72e137a0438f8193b2959bfee2617775254a62e3,12,0.4059150516986847,Real Shit,Body Bag,Tay Capone,Rich The Kid & YoungBoy Never Broke Again,2015,2020,rap,rap
151416,eb28149dd075bb7191b831e80214706f0e410de9,162188,1c1f2e39f4baa6f0cbd85e7336525082cbf838a2,13,0.48439502716064453,Real Shit,Huhhhhh,Tay Capone,cupcakKe,2015,2021,rap,rap
151416,eb28149dd075bb7191b831e80214706f0e410de9,268142,c2b4d23209d0107a438a21cc191c108330c65e0a,14,0.43819329142570496,Real Shit,Gave That Back,Tay Capone,Tee Grizzley,2015,2021,rap,rap
151416,eb28149dd075bb7191b831e80214706f0e410de9,501741,df9a9407a3fa3a273f9f67ecf9f323fe49962bb8,15,0.48515355587005615,Real Shit,CAP,Tay Capone,ONEFOUR,2015,2022,rap,rap
151416,eb28149dd075bb7191b831e80214706f0e410de9,37140,020434028ddb25d2fc8abf15d5add7fda87d58bd,16,0.5131472945213318,Real Shit,Cap Talk,Tay Capone,Birdman,2015,2019,rap,rap
151416,eb28149dd075bb7191b831e80214706f0e410de9,243631,07bfde3083ecad6ca10729cbe18d3cf0f2d0ccb4,17,0.4026595950126648,Real Shit,Fentanyl,Tay Capone,Conway the Machine,2015,2018,rap,rap
151416,eb28149dd075bb7191b831e80214706f0e410de9,73064,69c2c14c482f6f3b2c94b8fac83ccd329203e55f,18,0.41794446110725403,Real Shit,Beeper,Tay Capone,DaBaby,2015,2018,rap,rap
151416,eb28149dd075bb7191b831e80214706f0e410de9,457976,291c0e9066e20120fec8bceddb658aa09db10a12,19,0.4825671315193176,Real Shit,Cappin Kirk,Tay Capone,Lil Flash,2015,2016,rap,rap
151416,eb28149dd075bb7191b831e80214706f0e410de9,133948,a9e3549a219dc026466bb5da2f19d6798830ca68,20,0.451781690120697,Real Shit,How I Live,Tay Capone,Key Glock,2015,2018,rap,rap
242946,7a28d7c0b1d56f109c9c14bf9c6a3ce739dd1760,425426,e43d11fe5b0b0885fbfe453038ddf5a28a112376,1,0.4244368076324463,Dirt Sledding,Fragile The Spark,The Killers,Billy Corgan,2015,2019,rock,rock
242946,7a28d7c0b1d56f109c9c14bf9c6a3ce739dd1760,342087,5cc5a85b1638720512c3cdb8ab735fcc00781ff9,2,0.4224734306335449,Dirt Sledding,Reception Fades,The Killers,Rise Against,2015,2000,rock,rock
242946,7a28d7c0b1d56f109c9c14bf9c6a3ce739dd1760,426866,78316360e85a25ec2238f2a628e2dc6ddd2752c4,3,0.34617799520492554,Dirt Sledding,Brown Skin Girl Beyoncé cover BBC Radio 1 Live Lounge,The Killers,Stormzy,2015,2019,rock,pop
242946,7a28d7c0b1d56f109c9c14bf9c6a3ce739dd1760,237024,d9da0e86807e4c7fba385d2e9dada15bc61092f1,4,0.3121354579925537,Dirt Sledding,Unmeltable Me Outtake,The Killers,Josh Gad,2015,2019,rock,pop
242946,7a28d7c0b1d56f109c9c14bf9c6a3ce739dd1760,222379,9810bce99dd9d29f35354e79c3a1b48e95a5bc56,5,0.36636751890182495,Dirt Sledding,Icon,The Killers,DAAN,2015,2010,rock,pop
242946,7a28d7c0b1d56f109c9c14bf9c6a3ce739dd1760,355539,663d4024cbc50df7f85b3bac1068787c77afcfbc,6,0.36416080594062805,Dirt Sledding,Fear of Heights,The Killers,Been Stellar,2015,2020,rock,rock
242946,7a28d7c0b1d56f109c9c14bf9c6a3ce739dd1760,265467,aa49d9b1ba3be140bbc04e2282c32b01d9074628,7,0.3203323483467102,Dirt Sledding,Bloody Nose,The Killers,Tiny Moving Parts,2015,2019,rock,rock
242946,7a28d7c0b1d56f109c9c14bf9c6a3ce739dd1760,201310,f7ba382e40aa197114f0e3451402563fb8ddd189,8,0.36942631006240845,Dirt Sledding,All That We Are Living For,The Killers,"Hardwell, Atmozfears & M.BRONX",2015,2017,rock,pop
242946,7a28d7c0b1d56f109c9c14bf9c6a3ce739dd1760,462199,b5e81a1f2815abbc9f7bb9c1045fca666f09ec44,9,0.350940465927124,Dirt Sledding,I know,The Killers,Vashti Bunyan,2015,1964,rock,pop
242946,7a28d7c0b1d56f109c9c14bf9c6a3ce739dd1760,199709,69f252fb5a04cfd0e6591ca4eb7b2617a7fe3f7c,10,0.3815613389015198,Dirt Sledding,Cherrybomb,The Killers,Dan Auerbach,2015,2017,rock,rock
242946,7a28d7c0b1d56f109c9c14bf9c6a3ce739dd1760,400905,a825863d0aadb01214267426fb8e26151dc908f3,11,0.32390230894088745,Dirt Sledding,Blow Up,The Killers,Jet Life,2015,2011,rock,rap
242946,7a28d7c0b1d56f109c9c14bf9c6a3ce739dd1760,416269,829c2aad4e6497cd9ed6e918e227b9ac5fa98585,12,0.3638969659805298,Dirt Sledding,Middle Of The Night,The Killers,Wes Swing,2015,2011,rock,pop
242946,7a28d7c0b1d56f109c9c14bf9c6a3ce739dd1760,70823,81c2e4257121b754a70c9ed444a48b8e95c6d478,13,0.34905344247817993,Dirt Sledding,Degenerates,The Killers,A Day To Remember,2015,2019,rock,rock
242946,7a28d7c0b1d56f109c9c14bf9c6a3ce739dd1760,38417,130563be2ceccf08fed16e3db0b0c423b2a78283,14,0.32986798882484436,Dirt Sledding,Razzmatazz,The Killers,I DONT KNOW HOW BUT THEY FOUND ME,2015,2020,rock,rock
242946,7a28d7c0b1d56f109c9c14bf9c6a3ce739dd1760,459241,8701067a868d72898061c7a4f017cc83d6a06dfd,15,0.31528767943382263,Dirt Sledding,Your Sisters Clothes,The Killers,Pulp,2015,1994,rock,rock
242946,7a28d7c0b1d56f109c9c14bf9c6a3ce739dd1760,232709,ffe845bfb2435223b2ef4b6274e5d2863b2282ab,16,0.3375360369682312,Dirt Sledding,Every Part,The Killers,Emily King,2015,2011,rock,rb
242946,7a28d7c0b1d56f109c9c14bf9c6a3ce739dd1760,325470,c23ecbabbb5d87ab91b68d8908534d2918a0f5bc,17,0.3244706988334656,Dirt Sledding,Mexico,The Killers,Jefferson Airplane,2015,1970,rock,rock
242946,7a28d7c0b1d56f109c9c14bf9c6a3ce739dd1760,509277,bedb1e2bc4f0d50b2b0f4054c5c50ad74e0783a8,18,0.346571683883667,Dirt Sledding,California Belongs To You,The Killers,Erin Rae,2015,2022,rock,country
242946,7a28d7c0b1d56f109c9c14bf9c6a3ce739dd1760,26635,6f4cb8f4c4a668630f2bd451b6bd31b1339de4f4,19,0.3158801198005676,Dirt Sledding,You Hold It All Together,The Killers,Maverick City Music & UPPERROOM,2015,2020,rock,pop
242946,7a28d7c0b1d56f109c9c14bf9c6a3ce739dd1760,494670,c2a2b013435ae03ebd1f7ede633838a9eafec2ef,20,0.30919331312179565,Dirt Sledding,Home to Me,The Killers,Ross Ellis,2015,2020,rock,country
506826,e3619200f9e02f01d4c5e6ac8ea443c493126e24,426488,86416ccfda6a63915837a043faa3ef0e4feb5c98,1,0.6893937587738037,Lonely Fans,See Some Pussy,Coi Leray,Boosie Badazz,2022,2015,rap,rap
506826,e3619200f9e02f01d4c5e6ac8ea443c493126e24,86392,c253909feee06ec34f7e31da0109feb4acb67c52,2,0.5818958282470703,Lonely Fans,JUDGEMENT NIGHT,Coi Leray,HEALTH & Ghostemane,2022,2019,rap,rap
506826,e3619200f9e02f01d4c5e6ac8ea443c493126e24,63312,ff228f41ba867cc2e025c736e744caa4c458cc32,3,0.5798274874687195,Lonely Fans,Runnin,Coi Leray,Chief Keef,2022,2015,rap,rap
506826,e3619200f9e02f01d4c5e6ac8ea443c493126e24,317490,924009693ef0254284e4aed17964064ba85a3e46,4,0.5572652816772461,Lonely Fans,Be Like Superman,Coi Leray,Mindless Self Indulgence,2022,2015,rap,rock
506826,e3619200f9e02f01d4c5e6ac8ea443c493126e24,437811,921511b666d0b5e2a4f568e0c69b02302ccbed71,5,0.555851936340332,Lonely Fans,​Show Off,Coi Leray,Rad Cat,2022,2019,rap,pop
506826,e3619200f9e02f01d4c5e6ac8ea443c493126e24,189560,0a5c63ab7145dfab80907c0e6e72e34afe814a27,6,0.5730553865432739,Lonely Fans,Heavens Gate,Coi Leray,Dawn Landes & Piers Faccini,2022,2016,rap,rock
506826,e3619200f9e02f01d4c5e6ac8ea443c493126e24,203959,37e3b673400688918e14471cc31da2a453bb605a,7,0.6849137544631958,Lonely Fans,I Want Mo,Coi Leray,Rich The Kid & London On Da Track,2022,2020,rap,rap
506826,e3619200f9e02f01d4c5e6ac8ea443c493126e24,81950,04eefe33417beb62593c8d534ecc31933550557b,8,0.6111204028129578,Lonely Fans,Just Wanna,Coi Leray,SD,2022,2013,rap,rap
506826,e3619200f9e02f01d4c5e6ac8ea443c493126e24,14310,7741488b5af0a97f225299ccc4b39273545cd617,9,0.6297042369842529,Lonely Fans,Got Money,Coi Leray,Lil Wayne,2022,2008,rap,rap
506826,e3619200f9e02f01d4c5e6ac8ea443c493126e24,287515,e0c24bb86ff526d3f020f31c7e7bd17bf57b880f,10,0.6583576798439026,Lonely Fans,Early In The Morning,Coi Leray,Ashanti,2022,2014,rap,rap
506826,e3619200f9e02f01d4c5e6ac8ea443c493126e24,57901,e61a5e076f689e721b5235c3470391851a24adbd,11,0.569621741771698,Lonely Fans,White Bitchez,Coi Leray,SD,2022,2013,rap,rap
506826,e3619200f9e02f01d4c5e6ac8ea443c493126e24,303468,99d7ce2251892272ad71832a725200aa5dbf3dbd,12,0.6003561019897461,Lonely Fans,My Avenue,Coi Leray,Boosie Badazz,2022,2009,rap,pop
506826,e3619200f9e02f01d4c5e6ac8ea443c493126e24,114658,d1f8791f05cfdfe1b1df8113cc5c04f84e5334d6,13,0.6254141330718994,Lonely Fans,Psycho,Coi Leray,iann dior,2022,2020,rap,rap
506826,e3619200f9e02f01d4c5e6ac8ea443c493126e24,467514,6919401d340127152a924110e3ac54e951a39b61,14,0.5963270664215088,Lonely Fans,Been Dat,Coi Leray,CHASETHEMONEY,2022,2020,rap,rap
506826,e3619200f9e02f01d4c5e6ac8ea443c493126e24,23528,34f04024f02439b33fb7b980f2e2f3e75685c5f8,15,0.5626083612442017,Lonely Fans,No Small Talk,Coi Leray,Childish Gambino,2022,2014,rap,rap
506826,e3619200f9e02f01d4c5e6ac8ea443c493126e24,62938,10f68cd1282237189a043a309b7726f2d495c85d,16,0.5482808351516724,Lonely Fans,Obama BasedGod,Coi Leray,Lil B,2022,2012,rap,rap
506826,e3619200f9e02f01d4c5e6ac8ea443c493126e24,212860,3f79eaf5cd69d7c1716111fe8920f5ef313b67fb,17,0.6171094179153442,Lonely Fans,Cant Fuck With You,Coi Leray,Young Scooter,2022,2015,rap,rap
506826,e3619200f9e02f01d4c5e6ac8ea443c493126e24,9647,db83287bb37478ba81c48412ea100b34f7d6fa35,18,0.5336509346961975,Lonely Fans,Pretty Mami,Coi Leray,Lil Uzi Vert,2022,2017,rap,rap
506826,e3619200f9e02f01d4c5e6ac8ea443c493126e24,417778,2e085fdff3a4d677dfafd4009c5a8285378af64a,19,0.6219488978385925,Lonely Fans,4HUNNID,Coi Leray,DaBaby,2022,2022,rap,rap
506826,e3619200f9e02f01d4c5e6ac8ea443c493126e24,360150,6c26186cf0e39f74e85526066bf9071fff743840,20,0.5916018486022949,Lonely Fans,Boy Looka Here,Coi Leray,Rich Boy,2022,2007,rap,rap
441302,edfbc6a9bf940734615899607dc99220acd51082,457131,34a706d5b46cae3f0e558ade445c30019f98300b,1,0.7483524084091187,Where Are You Know,Dont Make Me Love You,Chris Sails,Christina Aguilera,2018,1999,rap,pop
441302,edfbc6a9bf940734615899607dc99220acd51082,44780,71af09a0a429cbcc5ba86fb77fef06dde44cf69b,2,0.6840477585792542,Where Are You Know,Three Times a Lady,Chris Sails,Commodores,2018,1978,rap,rb
441302,edfbc6a9bf940734615899607dc99220acd51082,29144,f665cbd8400534a343177bc1df54aaaae41a114f,3,0.6835511922836304,Where Are You Know,How to Love,Chris Sails,YoungBoy Never Broke Again,2018,2016,rap,rap
441302,edfbc6a9bf940734615899607dc99220acd51082,160560,76889bd0ef68775f0a0de8bcdd4e9c9578f4cdc0,4,0.7214586734771729,Where Are You Know,Without,Chris Sails,Shy Girls,2018,2013,rap,rb
441302,edfbc6a9bf940734615899607dc99220acd51082,78469,0389101fce7a4f65208310f7edff05f47020919e,5,0.6234566569328308,Where Are You Know,Sondela,Chris Sails,Riky Rick,2018,2015,rap,rap
441302,edfbc6a9bf940734615899607dc99220acd51082,2824,9b3ba74f25461473e601c7a3261652432f52b18d,6,0.6919608116149902,Where Are You Know,​off the table,Chris Sails,Ariana Grande & The Weeknd,2018,2020,rap,rb
441302,edfbc6a9bf940734615899607dc99220acd51082,113081,db66590d26b32947328adea9f5a42afd1bd20780,7,0.6465745568275452,Where Are You Know,Fallen,Chris Sails,Sevyn Streeter,2018,2017,rap,rb
441302,edfbc6a9bf940734615899607dc99220acd51082,121435,e79562ba76261e29393b44e3dafd4c872185af04,8,0.6492005586624146,Where Are You Know,Cant Fuck W Ya,Chris Sails,BBG Baby Joe,2018,2019,rap,rap
441302,edfbc6a9bf940734615899607dc99220acd51082,232261,199c760573fe8b9662813a149972a33a779b9dd1,9,0.6500098705291748,Where Are You Know,Lien,Chris Sails,Chief Keef,2018,2018,rap,rap
441302,edfbc6a9bf940734615899607dc99220acd51082,235360,423704c8f57303a2be9df1424ee0581f754af5fa,10,0.7156015634536743,Where Are You Know,Only For You,Chris Sails,Tomorrows Bad Seeds,2018,2010,rap,pop
441302,edfbc6a9bf940734615899607dc99220acd51082,329797,b131cd5d73cbc38bec3df97dc6a3c799eec4ca42,11,0.695775032043457,Where Are You Know,Big Dummy,Chris Sails,Supa Bwe,2018,2017,rap,rap
441302,edfbc6a9bf940734615899607dc99220acd51082,121719,7140b1a66904ae0c4a3792f8fa86efb010306be1,12,0.7451568245887756,Where Are You Know,Tea Leaf Dancers,Chris Sails,Flying Lotus,2018,2007,rap,rap
441302,edfbc6a9bf940734615899607dc99220acd51082,90598,8e7fe93eced3a4707afe3652336cf77e250e56c4,13,0.6546624898910522,Where Are You Know,Destiny,Chris Sails,Malaika,2018,2003,rap,pop
441302,edfbc6a9bf940734615899607dc99220acd51082,68521,72919384dd8ac41704b5be9ef079e6c7791a01ed,14,0.7429859042167664,Where Are You Know,For the Fickle,Chris Sails,Reese Lansangan,2018,2017,rap,pop
441302,edfbc6a9bf940734615899607dc99220acd51082,458493,75f0afa64e551e6058ebb456bad9dd32c4e0095a,15,0.6803820133209229,Where Are You Know,Nice N Slow,Chris Sails,Freddie Jackson,2018,1988,rap,pop
441302,edfbc6a9bf940734615899607dc99220acd51082,249302,7fd75f9dcc84f0a0a1da512b8547dec014a1b1cc,16,0.6367925405502319,Where Are You Know,Not Steady s,Chris Sails,Paloma Mami,2018,2018,rap,rb
441302,edfbc6a9bf940734615899607dc99220acd51082,506148,d37a743abcb41d3a5b737a0a67b15ca4845f07cb,17,0.6854344010353088,Where Are You Know,Love U Already,Chris Sails,Fleurie,2018,2022,rap,pop
441302,edfbc6a9bf940734615899607dc99220acd51082,277944,c454e543f25daf3ae1274bc9c6ff708c43a14653,18,0.6567050218582153,Where Are You Know,Keep It Between Us,Chris Sails,Kelly Rowland,2018,2011,rap,rb
441302,edfbc6a9bf940734615899607dc99220acd51082,510584,0eacaab019831341d426f9cac0244ec947e12454,19,0.6311768889427185,Where Are You Know,Rewrite,Chris Sails,Blooom,2018,2022,rap,pop
441302,edfbc6a9bf940734615899607dc99220acd51082,435830,623b9fa9e909c259ffb1b9ebdcfbef8337d0cd44,20,0.6520281434059143,Where Are You Know,Dimming Light,Chris Sails,Tennis,2018,2013,rap,pop
59059,835c7d328cec07187b2a6023425362fe533cf1cb,128476,c504bdd9ec7b3bcd8a1034cc7f7e73cb4a302a37,1,0.4351414442062378,Absolute Power,Sunday,Parkway Drive,David Bowie,2018,2002,rock,rock
59059,835c7d328cec07187b2a6023425362fe533cf1cb,224694,2670499d47b6fe406cc2673a0f101484624d5495,2,0.38853973150253296,Absolute Power,Silence,Parkway Drive,Dave Thomas Junior,2018,2016,rock,pop
59059,835c7d328cec07187b2a6023425362fe533cf1cb,494925,bf39d84b2687f926cfcb0c7553d790da3c0292d7,3,0.3475629985332489,Absolute Power,250,Parkway Drive,Lil golo & Cult Shtta,2018,2021,rock,rap
59059,835c7d328cec07187b2a6023425362fe533cf1cb,195240,542dc335d91d7b7bfa6f2d7fbfd929e23fa68d29,4,0.34015852212905884,Absolute Power,Bending the Arc to Fear,Parkway Drive,Trivium,2018,2020,rock,rock
59059,835c7d328cec07187b2a6023425362fe533cf1cb,363208,4246e8ed890ad40daa2d4ca4f866ac4b30af894d,5,0.36675214767456055,Absolute Power,So Long Farewell Im Gone,Parkway Drive,Middle Kids,2018,2018,rock,pop
59059,835c7d328cec07187b2a6023425362fe533cf1cb,22318,e0aeccdd9d1638b69d9545e6fd3fe2b0db91e87b,6,0.347972571849823,Absolute Power,Alps,Parkway Drive,Novo Amor & Ed Tullett,2018,2016,rock,pop
59059,835c7d328cec07187b2a6023425362fe533cf1cb,28327,89a137f9b883cb83ed37e0afe3a75548df0bf456,7,0.3297710120677948,Absolute Power,Put It On Me,Parkway Drive,Matt Maeson,2018,2018,rock,rock
59059,835c7d328cec07187b2a6023425362fe533cf1cb,434360,31d3693fc53a7669074902c82d3782ecba620545,8,0.3892394006252289,Absolute Power,New Road,Parkway Drive,Brick + Mortar,2018,2018,rock,pop
59059,835c7d328cec07187b2a6023425362fe533cf1cb,163193,f1d9fb69575ffd5478347b5900ccc4ce0685cf9f,9,0.38039928674697876,Absolute Power,Won the War,Parkway Drive,Life.Church Worship,2018,2018,rock,pop
59059,835c7d328cec07187b2a6023425362fe533cf1cb,202005,430d26b1e01c78e50ca608142df3d42470955d8d,10,0.371149480342865,Absolute Power,The Anatomy of Time Babel,Parkway Drive,Silent Planet,2018,2018,rock,rock
59059,835c7d328cec07187b2a6023425362fe533cf1cb,126291,a87faddb408c4727c2587f1c6065d4fd2a8e49b2,11,0.3719259798526764,Absolute Power,Megalodon,Parkway Drive,Mastodon,2018,2004,rock,rock
59059,835c7d328cec07187b2a6023425362fe533cf1cb,119004,ac459e83e5ca29e418c801e2c1470bbea59b2143,12,0.34662574529647827,Absolute Power,Dreadnought,Parkway Drive,Sabaton,2018,2022,rock,rock
59059,835c7d328cec07187b2a6023425362fe533cf1cb,59380,f4b0f2b27cb0eb1f8c20946134de6004fa07db92,13,0.3350166380405426,Absolute Power,Prince of Peace,Parkway Drive,Hillsong UNITED,2018,2015,rock,pop
59059,835c7d328cec07187b2a6023425362fe533cf1cb,332603,734e0c24c530d4844ce7fc01e42eceb324fa4f1e,14,0.34348994493484497,Absolute Power,War Sweater,Parkway Drive,Wakey!Wakey!,2018,2009,rock,pop
59059,835c7d328cec07187b2a6023425362fe533cf1cb,74597,39f0bef8a2ed535d1cad1d23fdb4d414c4a9be00,15,0.37982767820358276,Absolute Power,I Will Fear No More,Parkway Drive,The Afters,2018,2018,rock,rock
59059,835c7d328cec07187b2a6023425362fe533cf1cb,344143,cd59514f8e8179256caf65bea15641ff3f65053a,16,0.3783869743347168,Absolute Power,Blinded by Rainbows,Parkway Drive,The Rolling Stones,2018,1994,rock,rock
59059,835c7d328cec07187b2a6023425362fe533cf1cb,472561,39111404fd741af9cf3e9c7418688c749f0b8984,17,0.3432563543319702,Absolute Power,Do You Know,Parkway Drive,Henry Green,2018,2015,rock,rb
59059,835c7d328cec07187b2a6023425362fe533cf1cb,103535,99493c50424ca9594d866b9ec60f512d15012951,18,0.315327525138855,Absolute Power,Made For This,Parkway Drive,Carrollton,2018,2017,rock,rock
59059,835c7d328cec07187b2a6023425362fe533cf1cb,279619,c3bf5b3761053353f981e6280c8cc030ce9478e0,19,0.35125118494033813,Absolute Power,I Think I Understand,Parkway Drive,Joni Mitchell,2018,1969,rock,rock
59059,835c7d328cec07187b2a6023425362fe533cf1cb,212750,be5b10ea32624c93b08e31fe9fa610991cf72110,20,0.3363789916038513,Absolute Power,Epithelial,Parkway Drive,Crywolf,2018,2015,rock,pop
293298,89ad9f8aa0f335819e235a538f32dfa9791db441,326798,ba80c0a11c27d88e12d95454d7dfd42c04a609f1,1,0.51859050989151,Grey Cassette,Im From Texas FAKE,Trae tha Truth,Trae tha Truth,2008,2012,rap,rap
293298,89ad9f8aa0f335819e235a538f32dfa9791db441,380012,f5d367ba8e85934abbf77efeb5343e723b095dc0,2,0.34762364625930786,Grey Cassette,Crystal Clods,Trae tha Truth,Steven Universe,2008,2016,rap,pop
293298,89ad9f8aa0f335819e235a538f32dfa9791db441,375542,ec443e83f73b5fe1492319608469a672c4f4b6c0,3,0.3567151427268982,Grey Cassette,Ivory,Trae tha Truth,Ollane,2008,2022,rap,rb
293298,89ad9f8aa0f335819e235a538f32dfa9791db441,333322,c72cc8c433ea0b078c5e5a1c6bcc8b166e057bb8,4,0.45431408286094666,Grey Cassette,Hood Figga,Trae tha Truth,Gorilla Zoe,2008,2015,rap,pop
293298,89ad9f8aa0f335819e235a538f32dfa9791db441,175101,918ee3217a8b5cd090120f6411ee36770d80e441,5,0.3594820499420166,Grey Cassette,Patna Dem,Trae tha Truth,Young Thug,2008,2013,rap,rap
293298,89ad9f8aa0f335819e235a538f32dfa9791db441,303181,c2c489c251b84e609821499f25a747c18f7502cd,6,0.3541795611381531,Grey Cassette,Pimp On,Trae tha Truth,Twista,2008,2004,rap,rap
293298,89ad9f8aa0f335819e235a538f32dfa9791db441,194754,feb8f3d6cbaa6cb3fcf1a4ec774a600c0742e4fe,7,0.42166435718536377,Grey Cassette,Hittem,Trae tha Truth,Sickick,2008,2014,rap,rap
293298,89ad9f8aa0f335819e235a538f32dfa9791db441,244568,98b115ffc4b0801dbbfea98d42110a88c7dd38bf,8,0.39919355511665344,Grey Cassette,Dope House Fam,Trae tha Truth,Baby Bash,2008,2015,rap,pop
293298,89ad9f8aa0f335819e235a538f32dfa9791db441,13182,24fcd4eea18ebf8f6a7a89a276a37ef40f2de0fc,9,0.4271811842918396,Grey Cassette,Aint Me,Trae tha Truth,Meek Mill,2008,2013,rap,rap
293298,89ad9f8aa0f335819e235a538f32dfa9791db441,400922,09c567a3f585bd74d0506fa8fdc90488a33b936b,10,0.3690737783908844,Grey Cassette,In the Hood,Trae tha Truth,Trae tha Truth,2008,2006,rap,rap
293298,89ad9f8aa0f335819e235a538f32dfa9791db441,26869,1e80cb5f75a14f61afae2e58b23a0cea1d377a48,11,0.3663841485977173,Grey Cassette,You Alright Yeah?,Trae tha Truth,Don-E,2008,2016,rap,rap
293298,89ad9f8aa0f335819e235a538f32dfa9791db441,412719,0c090a7377b0ac48414da4ac2e0d81a16c0fcb89,12,0.35472989082336426,Grey Cassette,Nigga Like Me,Trae tha Truth,Z-Ro,2008,2007,rap,rap
293298,89ad9f8aa0f335819e235a538f32dfa9791db441,45314,fc1071ff43f009673beb64913680bdc558f7d3b2,13,0.37092000246047974,Grey Cassette,Not a Rapper,Trae tha Truth,42 Dugg,2008,2020,rap,rap
293298,89ad9f8aa0f335819e235a538f32dfa9791db441,125834,99d274055a61d0fc72081186788d8a1aec7e0180,14,0.3807348906993866,Grey Cassette,King Kong,Trae tha Truth,Ace Hood,2008,2016,rap,rap
293298,89ad9f8aa0f335819e235a538f32dfa9791db441,428992,43b91d6d76c712ea224ea935348e417a03f8f59b,15,0.3739451766014099,Grey Cassette,Hood Shit,Trae tha Truth,Joey Trap,2008,2019,rap,rap
293298,89ad9f8aa0f335819e235a538f32dfa9791db441,72454,6734961ef025ebb3d5544dcafdc97e5157d72afe,16,0.3814851641654968,Grey Cassette,Summertime,Trae tha Truth,Z-Ro,2008,2012,rap,rap
293298,89ad9f8aa0f335819e235a538f32dfa9791db441,148560,f321ef3d0c21ac5491b6fe3d3dd04927c7874653,17,0.34402140974998474,Grey Cassette,Wit Me,Trae tha Truth,$tupid Young,2008,2019,rap,rap
293298,89ad9f8aa0f335819e235a538f32dfa9791db441,422849,b3d8148d37f643c521d107058bf7e978815fae2a,18,0.40593066811561584,Grey Cassette,All Around The World,Trae tha Truth,Jay 305,2008,2017,rap,rap
293298,89ad9f8aa0f335819e235a538f32dfa9791db441,138254,29f72e7ca95a6ca59a59dbe462d41ab9bfd4089d,19,0.3754154443740845,Grey Cassette,Hoods Hottest,Trae tha Truth,Jaykae,2008,2017,rap,rap
293298,89ad9f8aa0f335819e235a538f32dfa9791db441,31174,027385d0afc3d76663ef3d42db6fb1dfff02a1e2,20,0.36886051297187805,Grey Cassette,Welcome 2 Houston,Trae tha Truth,Slim Thug,2008,2011,rap,rap
288392,58c959cb920bd3c80f86a4610a0b1ee18a85794d,301580,c84a47f598f2e035ed3d7a47197c8b7817e60d9e,1,0.6408254504203796,Sleeping with the Light On,Pain Lies On The Riverside,Busted,LIVE (Band),2003,1991,pop,rock
288392,58c959cb920bd3c80f86a4610a0b1ee18a85794d,393616,fe854830b8709b516f0433a8d97850965bdc5609,2,0.5633597373962402,Sleeping with the Light On,To Make It Right,Busted,yaeow,2003,2020,pop,pop
288392,58c959cb920bd3c80f86a4610a0b1ee18a85794d,368199,4c78ca4b50b108542288056d1fb9fa56cb98a821,3,0.529599666595459,Sleeping with the Light On,The Wheel Weaves as the Wheel Wills,Busted,The Body and Thou,2003,2014,pop,rock
288392,58c959cb920bd3c80f86a4610a0b1ee18a85794d,468206,ba39af0c6cdbb1a818968c11406b80db08038fd1,4,0.49548399448394775,Sleeping with the Light On,So Many Things,Busted,City High,2003,2001,pop,rb
288392,58c959cb920bd3c80f86a4610a0b1ee18a85794d,53572,42df829ed5018840fe2b6cbdd61e0c04c64e2ae8,5,0.5383508205413818,Sleeping with the Light On,Heroes,Busted,Peter Gabriel,2003,2010,pop,pop
288392,58c959cb920bd3c80f86a4610a0b1ee18a85794d,237054,48a680d1ae647dbd1025b160871237606a439bf5,6,0.51936274766922,Sleeping with the Light On,Tilt You Back,Busted,Halsey,2003,2014,pop,pop
288392,58c959cb920bd3c80f86a4610a0b1ee18a85794d,451603,bedd501db766c2d6a464b08b22c2f24eb78ac21c,7,0.5817562341690063,Sleeping with the Light On,Farther Down,Busted,Matthew Sweet,2003,1998,pop,pop
288392,58c959cb920bd3c80f86a4610a0b1ee18a85794d,371602,d854e0c95a03a6f05c0ee47bdbb57c57db56e465,8,0.49744337797164917,Sleeping with the Light On,Let Go of Your Pain,Busted,Montell Fish,2003,2018,pop,rb
288392,58c959cb920bd3c80f86a4610a0b1ee18a85794d,441328,eb02220c8bc53fffce74493b150c34d3b5566439,9,0.5451765060424805,Sleeping with the Light On,Feelings,Busted,Doc Marky T,2003,2021,pop,pop
288392,58c959cb920bd3c80f86a4610a0b1ee18a85794d,61513,87bbc655d9f5037a899d714df51ce48785749e90,10,0.5358151197433472,Sleeping with the Light On,Aquasun,Busted,Basement,2003,2016,pop,rock
288392,58c959cb920bd3c80f86a4610a0b1ee18a85794d,311352,10d8c9d8296782b3596d0dae14aaee3281799ed5,11,0.5134907364845276,Sleeping with the Light On,Cowtown,Busted,They Might Be Giants,2003,1988,pop,pop
288392,58c959cb920bd3c80f86a4610a0b1ee18a85794d,177153,2ff646e56f52b17abed5f9ada9f76a34be7b1f1b,12,0.5085585117340088,Sleeping with the Light On,If I Needed You,Busted,The Broken Circle Breakdown Bluegrass Band,2003,2012,pop,country
288392,58c959cb920bd3c80f86a4610a0b1ee18a85794d,271149,93e6935babf761804c7b979cfb71a0e118d19540,13,0.47956979274749756,Sleeping with the Light On,Dont Rain In LA,Busted,Cold Hart,2003,2017,pop,rap
288392,58c959cb920bd3c80f86a4610a0b1ee18a85794d,434483,2fb7ed01e4f13c8ec020fe942d1b85c905e2b18b,14,0.6006593108177185,Sleeping with the Light On,Wash Me Clean,Busted,k.d. lang,2003,1992,pop,pop
288392,58c959cb920bd3c80f86a4610a0b1ee18a85794d,310555,7dd1b88b56f555062f24f65642dc156bca21553b,15,0.5131003260612488,Sleeping with the Light On,The Common Cold,Busted,MARINA,2003,2012,pop,pop
288392,58c959cb920bd3c80f86a4610a0b1ee18a85794d,162589,b735ed75273dfb3551de04fc52bc5747acf17e17,16,0.5455900430679321,Sleeping with the Light On,Loved Despite of Great Faults,Busted,Blonde Redhead,2003,2000,pop,rock
288392,58c959cb920bd3c80f86a4610a0b1ee18a85794d,224564,bd11efc476e91590d5784b3cf7c49c3e230584a6,17,0.46499043703079224,Sleeping with the Light On,Slow Train,Busted,Kevin Morby,2003,2013,pop,rock
288392,58c959cb920bd3c80f86a4610a0b1ee18a85794d,42211,55b4fa0e8eadddcf3f410fa83bc8d3774bd8185b,18,0.4920400381088257,Sleeping with the Light On,Reaper,Busted,Clairo,2003,2021,pop,pop
288392,58c959cb920bd3c80f86a4610a0b1ee18a85794d,62160,6d877ef67991fb609e844e49d9e89806c5822e51,19,0.5489848852157593,Sleeping with the Light On,Sea Calls Me Home,Busted,Julia Holter,2003,2015,pop,pop
288392,58c959cb920bd3c80f86a4610a0b1ee18a85794d,14469,f366ed2d7d5b4d88f7068d9abf62c4c1161f79bf,20,0.562593936920166,Sleeping with the Light On,Swim in the Light,Busted,Kid Cudi,2003,2016,pop,rap
344698,c75941296b82cc0c93b4f1bfbc43f7418db707e9,259459,5074d0810b5d879a0d5cfffcf12f45e8106d7186,1,0.6266965866088867,Loyalty,Loyalty Is Royalty R.I.F. - Rapping Is Fundamental,9th Wonder,Masta Killa,2011,2011,rap,rap
344698,c75941296b82cc0c93b4f1bfbc43f7418db707e9,324917,80f2734c1e8cfc3d3c105df86aa4c301372cfd27,2,0.4354899227619171,Loyalty,Special Lady,9th Wonder,Bibi Mascel,2011,1982,rap,rb
344698,c75941296b82cc0c93b4f1bfbc43f7418db707e9,363452,04f561da5663046cd0a52a334b75671c0193f50b,3,0.394937664270401,Loyalty,Breastmilk,9th Wonder,The Koreatown Oddity,2011,2021,rap,rap
344698,c75941296b82cc0c93b4f1bfbc43f7418db707e9,442206,d0acc416cb37e6a39bc06e93f4cf3cd01e93ffb1,4,0.43299412727355957,Loyalty,Exquisite,9th Wonder,Azealia Banks,2011,2020,rap,rap
344698,c75941296b82cc0c93b4f1bfbc43f7418db707e9,392944,400bde8635c2c67507c8ecc4b21275ba69b8cd9e,5,0.5025106072425842,Loyalty,Lady of Magic,9th Wonder,Maze featuring Frankie Beverly,2011,1977,rap,rb
344698,c75941296b82cc0c93b4f1bfbc43f7418db707e9,286688,5d21a7768fed562776bf949de770c415594aa1db,6,0.4336566925048828,Loyalty,Coney Island,9th Wonder,Good Old War,2011,2008,rap,rock
344698,c75941296b82cc0c93b4f1bfbc43f7418db707e9,100642,9baf332d9c38e70acefa08abca664f4c0b27e5ba,7,0.39290377497673035,Loyalty,Candy,9th Wonder,Iggy Pop,2011,1990,rap,rock
344698,c75941296b82cc0c93b4f1bfbc43f7418db707e9,160642,2919107bff5dd0b1a6f787383cdcd85a3da308ff,8,0.40783241391181946,Loyalty,The Eolian Harp,9th Wonder,Samuel Taylor Coleridge,2011,2013,rap,misc
344698,c75941296b82cc0c93b4f1bfbc43f7418db707e9,334782,e930b2a073e982c4b5c5513bcf733fa58f842546,9,0.4174797534942627,Loyalty,Pot Roast and Kisses,9th Wonder,The Reverend Peyton's Big Damn Band,2011,2015,rap,rock
344698,c75941296b82cc0c93b4f1bfbc43f7418db707e9,165568,1600dcb4e3356d2662a20f0202fd9a678a87c9ce,10,0.3960607051849365,Loyalty,Unspoken,9th Wonder,Alex Burey,2011,2014,rap,rock
344698,c75941296b82cc0c93b4f1bfbc43f7418db707e9,276930,1d41440a55277b5aaff3f86e0391239ca68f6cd7,11,0.3996075987815857,Loyalty,The Sweetest Thing Mahogany Mix,9th Wonder,Fugees,2011,2003,rap,rb
344698,c75941296b82cc0c93b4f1bfbc43f7418db707e9,261363,8a706f8cec1c9fb55007319af16151fdff31570b,12,0.4634345471858978,Loyalty,Playback,9th Wonder,Collie Buddz,2011,2011,rap,rap
344698,c75941296b82cc0c93b4f1bfbc43f7418db707e9,225762,bf5d30b61eb6733abdfe13d3500c147a140ee53d,13,0.38495072722435,Loyalty,I Love You Im Sorry Please Help Me Thank You,9th Wonder,Bad Books,2011,2019,rap,rock
344698,c75941296b82cc0c93b4f1bfbc43f7418db707e9,159549,ddc27536ea209b5036f9e3fcfd00f7b27b03a692,14,0.42195719480514526,Loyalty,Sunset,9th Wonder,Marques Houston,2011,2015,rap,pop
344698,c75941296b82cc0c93b4f1bfbc43f7418db707e9,310325,7a8f3b47d550662eb8c302aab08d5e03e197b4ff,15,0.4210931062698364,Loyalty,Barcelona,9th Wonder,Alfred Garca,2011,2018,rap,pop
344698,c75941296b82cc0c93b4f1bfbc43f7418db707e9,96866,b1baaa7fa9f6108ff7ba78488018f64cc6f71661,16,0.4188360571861267,Loyalty,Whenever I Call You Friend,9th Wonder,Kenny Loggins,2011,1978,rap,pop
344698,c75941296b82cc0c93b4f1bfbc43f7418db707e9,209178,24aa430a519c929f63eeef4455c0f6ce2696ecf3,17,0.4482887387275696,Loyalty,Baby Blue with Diamonds,9th Wonder,Zachary Kibbee,2011,2015,rap,rb
344698,c75941296b82cc0c93b4f1bfbc43f7418db707e9,159889,4882a76e53efb806e4d801bdd0bdc5efed203d08,18,0.40474995970726013,Loyalty,Mango,9th Wonder,Sevana,2011,2020,rap,rb
344698,c75941296b82cc0c93b4f1bfbc43f7418db707e9,145537,3574023e4f409058788a2c1e4a54d3f307605f22,19,0.3775727152824402,Loyalty,Ravens Pie,9th Wonder,Raven-Symon,2011,2018,rap,pop
344698,c75941296b82cc0c93b4f1bfbc43f7418db707e9,55696,812199e8e604e2d4d9d74cfc41184a36fa59d5f2,20,0.4074239134788513,Loyalty,I Feel Fine,9th Wonder,The Beatles,2011,1964,rap,rock
296327,fc2ea51917ec2e2868378598a73d1cb75ad64184,434005,afa0f9b7a44da7d4cda87333ac50c106a64c52d1,1,0.7133716940879822,Hotter Than The Sun,Hot Like Summer,Z-Mane,Austin Mahone,2013,2016,rap,pop
296327,fc2ea51917ec2e2868378598a73d1cb75ad64184,375963,41d5bf4a7983431fef07de0d6c722e990dfce83c,2,0.7095987796783447,Hotter Than The Sun,Amazing Remix,Z-Mane,CFO$,2013,2016,rap,rap
296327,fc2ea51917ec2e2868378598a73d1cb75ad64184,427613,05b3f2b9f90b7708515e0327706c8d4764a96b94,3,0.6596804857254028,Hotter Than The Sun,Fire On The Sun,Z-Mane,The Animals,2013,1977,rap,pop
296327,fc2ea51917ec2e2868378598a73d1cb75ad64184,248810,2b4bf025e3908617bbac60d4ec50c90aecf2189f,4,0.5945791602134705,Hotter Than The Sun,Diablo,Z-Mane,Iggy Azalea,2013,2018,rap,rap
296327,fc2ea51917ec2e2868378598a73d1cb75ad64184,468247,13094643b633f457e87b74431dc35d035baa02ea,5,0.6731648445129395,Hotter Than The Sun,Marry Me,Z-Mane,Scouting For Girls,2013,2017,rap,pop
296327,fc2ea51917ec2e2868378598a73d1cb75ad64184,445575,726bd84f209b312e01a53fc8ab6349a3761a0874,6,0.6033107042312622,Hotter Than The Sun,Senorita,Z-Mane,MC Jin,2013,2004,rap,rap
296327,fc2ea51917ec2e2868378598a73d1cb75ad64184,58822,5757d765169a5a06c892931bd25e3d5d952d89c7,7,0.6370776295661926,Hotter Than The Sun,Cool Down,Z-Mane,Kolohe Kai,2013,2010,rap,pop
296327,fc2ea51917ec2e2868378598a73d1cb75ad64184,205240,3090c9f5cdb29bed5baf3bd0b96145190cd2381e,8,0.7024356126785278,Hotter Than The Sun,Holocene,Z-Mane,Zella Day,2013,2021,rap,pop
296327,fc2ea51917ec2e2868378598a73d1cb75ad64184,448295,ebda5c567cce4ea45c5616349207d3ae2e949b71,9,0.649028480052948,Hotter Than The Sun,You Know Me So Well,Z-Mane,Vanguart,2013,2009,rap,rock
296327,fc2ea51917ec2e2868378598a73d1cb75ad64184,101945,031d4c4637fde2d9d913051f462bcc8221562581,10,0.6965766549110413,Hotter Than The Sun,Hot,Z-Mane,INNA,2013,2008,rap,pop
296327,fc2ea51917ec2e2868378598a73d1cb75ad64184,177530,ef3a31debd4ea708bbd2ee4da9608045252e36ae,11,0.6256681680679321,Hotter Than The Sun,Hasta Que Salga El Sol,Z-Mane,Ozuna,2013,2019,rap,pop
296327,fc2ea51917ec2e2868378598a73d1cb75ad64184,93959,e4cdc3a7d932e91938005c5f283918dfd89e6660,12,0.6944519281387329,Hotter Than The Sun,Hot as Ice,Z-Mane,Britney Spears,2013,2007,rap,pop
296327,fc2ea51917ec2e2868378598a73d1cb75ad64184,87972,6394ed1df7db44b02c92f5b1cfa865b700e77226,13,0.6680063009262085,Hotter Than The Sun,Planets Album Version,Z-Mane,Blue's Clues,2013,1997,rap,pop
296327,fc2ea51917ec2e2868378598a73d1cb75ad64184,182269,b550181902340e0bc89573db9fc3c5fd34619506,14,0.7054072022438049,Hotter Than The Sun,Comin In Hot,Z-Mane,Adam Lambert,2013,2019,rap,rock
296327,fc2ea51917ec2e2868378598a73d1cb75ad64184,130680,663a09a0530641e85d060f271feca24109d99303,15,0.6151034832000732,Hotter Than The Sun,Rodeo,Z-Mane,Kazzie,2013,2015,rap,rap
296327,fc2ea51917ec2e2868378598a73d1cb75ad64184,435387,13e26c6105a271ba3e899283a1805f11c0d63373,16,0.6363428831100464,Hotter Than The Sun,Boat Dock,Z-Mane,B Will,2013,2018,rap,rap
296327,fc2ea51917ec2e2868378598a73d1cb75ad64184,482878,ab821c4c1d076edea97bcef03d7ca919406ac29c,17,0.6870865821838379,Hotter Than The Sun,Temperature,Z-Mane,Agnes Monica,2013,2017,rap,pop
296327,fc2ea51917ec2e2868378598a73d1cb75ad64184,236515,d937d00e144410314629a3d070ceca096fd054d9,18,0.6415085196495056,Hotter Than The Sun,Fire,Z-Mane,JMSN,2013,2012,rap,rb
296327,fc2ea51917ec2e2868378598a73d1cb75ad64184,21443,db30a3d82ed82264bd240c68ebc9c367e3edb78d,19,0.6665693521499634,Hotter Than The Sun,The Rap Battle 5 Parody,Z-Mane,Supa Hot Fire,2013,2012,rap,rap
296327,fc2ea51917ec2e2868378598a73d1cb75ad64184,234251,1e6c9a56b8cbed91de59ff1643e17c13398266b8,20,0.5941572189331055,Hotter Than The Sun,Hotter Than Hell,Z-Mane,Kiss,2013,1974,rap,rock
310893,2fb689105cf5c01a3fa02cc4e908c6d38d5fd776,80385,ae7b66967321a2c38fade3a08a900886d673af40,1,0.839425802230835,If You Hadnt But You Did From Two On The Aisle 1951,If You Hadnt but You Did,Kristin Chenoweth,Kristin Chenoweth,2015,2015,pop,pop
310893,2fb689105cf5c01a3fa02cc4e908c6d38d5fd776,230466,d5fef381e1dcc5e8c7385ab722baa1e9be893b46,2,0.5489336848258972,If You Hadnt But You Did From Two On The Aisle 1951,Dont Say Its Over,Kristin Chenoweth,Gun (band),2015,1994,pop,pop
310893,2fb689105cf5c01a3fa02cc4e908c6d38d5fd776,443618,8406816401bec56fe52574e1aae21f209314f514,3,0.8124287724494934,If You Hadnt But You Did From Two On The Aisle 1951,If You Hadnt But You Did,Kristin Chenoweth,Liza Minnelli,2015,1987,pop,pop
310893,2fb689105cf5c01a3fa02cc4e908c6d38d5fd776,307323,ecf91170c54516253ac73b7dcac768688686e059,4,0.49615222215652466,If You Hadnt But You Did From Two On The Aisle 1951,Beautiful,Kristin Chenoweth,MBNel,2015,2021,pop,rap
310893,2fb689105cf5c01a3fa02cc4e908c6d38d5fd776,506446,718f387e02b143bc2408972f338e3fd4ab34bd41,5,0.5114443302154541,If You Hadnt But You Did From Two On The Aisle 1951,Call,Kristin Chenoweth,Iyanya,2015,2022,pop,pop
310893,2fb689105cf5c01a3fa02cc4e908c6d38d5fd776,152015,b8ed3ffff49a9be95ead6eac70e4440851556513,6,0.4954977333545685,If You Hadnt But You Did From Two On The Aisle 1951,Yr So Beautiful,Kristin Chenoweth,Thaiboy Digital,2015,2014,pop,rap
310893,2fb689105cf5c01a3fa02cc4e908c6d38d5fd776,234690,9e87e9f1ca17fdde58df79b84c17686359c4154c,7,0.49484607577323914,If You Hadnt But You Did From Two On The Aisle 1951,Free Drip Tony Montana Online,Kristin Chenoweth,Stefflon Don,2015,2018,pop,rap
310893,2fb689105cf5c01a3fa02cc4e908c6d38d5fd776,259980,caef3c09bf53dfe34e7770a4a7c51adc5d9b7ac4,8,0.5504651665687561,If You Hadnt But You Did From Two On The Aisle 1951,Nuclear Hands Up,Kristin Chenoweth,Zomboy,2015,2012,pop,pop
310893,2fb689105cf5c01a3fa02cc4e908c6d38d5fd776,172400,dfb7b033dcc88c842f3aeca7ade0c1c3efae15d1,9,0.4552532434463501,If You Hadnt But You Did From Two On The Aisle 1951,Cupid,Kristin Chenoweth,Lloyd,2015,2011,pop,rb
310893,2fb689105cf5c01a3fa02cc4e908c6d38d5fd776,490842,23915b6dc20917120ff8cc6e88139f4cbf4f4173,10,0.49734529852867126,If You Hadnt But You Did From Two On The Aisle 1951,Man Up,Kristin Chenoweth,Nikki Lane,2015,2014,pop,pop
310893,2fb689105cf5c01a3fa02cc4e908c6d38d5fd776,342727,b393f141175b04907e59e6da489a81ac0fe0a219,11,0.5501089692115784,If You Hadnt But You Did From Two On The Aisle 1951,Kiss My Ass,Kristin Chenoweth,Jadakiss,2015,2009,pop,pop
310893,2fb689105cf5c01a3fa02cc4e908c6d38d5fd776,195328,e3675dfd0f3ab1f9f0f53beefe1a664b301167bb,12,0.45140358805656433,If You Hadnt But You Did From Two On The Aisle 1951,Married to the Game,Kristin Chenoweth,Alpoko Don Aka Don Dada,2015,2012,pop,rap
310893,2fb689105cf5c01a3fa02cc4e908c6d38d5fd776,503599,4bb1e347844bfd45397bfc5ff705cc8a69e6f90f,13,0.5400723814964294,If You Hadnt But You Did From Two On The Aisle 1951,Ride It,Kristin Chenoweth,RUSSELL!,2015,2022,pop,rb
310893,2fb689105cf5c01a3fa02cc4e908c6d38d5fd776,14025,c2783eba224b5b1cdc51fbb0bd8311cd0ea7757f,14,0.486647367477417,If You Hadnt But You Did From Two On The Aisle 1951,PONPONPON,Kristin Chenoweth,Kyary Pamyu Pamyu,2015,2011,pop,pop
310893,2fb689105cf5c01a3fa02cc4e908c6d38d5fd776,45170,70bee15d272a626c0533785b593719e1f60c46b9,15,0.4604138433933258,If You Hadnt But You Did From Two On The Aisle 1951,Chemistry,Kristin Chenoweth,Simi & Falz,2015,2016,pop,rap
310893,2fb689105cf5c01a3fa02cc4e908c6d38d5fd776,211789,3cf8cc5a20e7be690c1146b77c81da44dd9e4906,16,0.4912460744380951,If You Hadnt But You Did From Two On The Aisle 1951,Talk,Kristin Chenoweth,Spencer Sutherland,2015,2018,pop,pop
310893,2fb689105cf5c01a3fa02cc4e908c6d38d5fd776,150621,9a4bb4b56678262462528d8b15513426ab54fa7f,17,0.4504959285259247,If You Hadnt But You Did From Two On The Aisle 1951,I Do,Kristin Chenoweth,Morgan Evans,2015,2017,pop,country
310893,2fb689105cf5c01a3fa02cc4e908c6d38d5fd776,363607,a0731a4087e67106e3cfbfb98f03b770b68f9d7a,18,0.5372210741043091,If You Hadnt But You Did From Two On The Aisle 1951,You Stole My Heart,Kristin Chenoweth,Nils Landgren,2015,1999,pop,pop
310893,2fb689105cf5c01a3fa02cc4e908c6d38d5fd776,127220,b6fd65835f137b1ec96de575a36389c18c64e481,19,0.4507734179496765,If You Hadnt But You Did From Two On The Aisle 1951,Aboki Remix,Kristin Chenoweth,Ice Prince,2015,2013,pop,rap
310893,2fb689105cf5c01a3fa02cc4e908c6d38d5fd776,150135,59adfa5e699ca2f1b79603f50f322ab7ad0b8cbe,20,0.48957616090774536,If You Hadnt But You Did From Two On The Aisle 1951,Intro,Kristin Chenoweth,"Brandz, Zion",2015,2019,pop,rap
210689,a6a2f18e1555176620302110ad85171c18fbb033,183391,5c1e0b5e5def554d8ece7bb3f193b7ace8470f4e,1,0.7551641464233398,I Love You,Ive Got that Tune,Alex Clare,Chinese Man,2011,2006,pop,pop
210689,a6a2f18e1555176620302110ad85171c18fbb033,369832,301c94566110ed92539c5eb5d111eb43761f5704,2,0.5894171595573425,I Love You,If You Dare,Alex Clare,AC/DC,2011,1990,pop,rock
210689,a6a2f18e1555176620302110ad85171c18fbb033,365615,b6966fbd32d671c802dcc520bcb7fa1f50c91ddb,3,0.6757895946502686,I Love You,Far Away,Alex Clare,Wolfmother,2011,2009,pop,pop
210689,a6a2f18e1555176620302110ad85171c18fbb033,332747,dc8bacc4872353f6d8b7fa3bd83282c4d948c3a3,4,0.7538658380508423,I Love You,Were Breaking Up,Alex Clare,Against Me!,2011,2010,pop,rock
210689,a6a2f18e1555176620302110ad85171c18fbb033,339794,cdaa979705e891fb8c51d6c7ba37d54262fadec5,5,0.725263774394989,I Love You,Hello,Alex Clare,Galantis,2011,2017,pop,pop
210689,a6a2f18e1555176620302110ad85171c18fbb033,254946,27e754d87f8fefaf2a8afcf527394b582c07d17e,6,0.5763532519340515,I Love You,Weeping Pirates,Alex Clare,Groundation,2011,2003,pop,pop
210689,a6a2f18e1555176620302110ad85171c18fbb033,202547,e5bb826e9450b09579c813a4651779cb42202764,7,0.5722082853317261,I Love You,Papa-Oom-Mow-Mow,Alex Clare,The Rivingtons,2011,1962,pop,rock
210689,a6a2f18e1555176620302110ad85171c18fbb033,231125,36d54c963e72dc99f05e8ee07cbd3acafed059b1,8,0.7394400238990784,I Love You,If Love Is Just A Word,Alex Clare,Bleib Modern,2011,2015,pop,rock
210689,a6a2f18e1555176620302110ad85171c18fbb033,148079,2130e687358925bc4cc3f0c112fd2722f360fcec,9,0.6819458603858948,I Love You,Back to Black,Alex Clare,Glee Cast,2011,2011,pop,pop
210689,a6a2f18e1555176620302110ad85171c18fbb033,94790,e309aab74c819079aeed9881cdc2a62eeda0bbc3,10,0.7078381776809692,I Love You,The Sweetest Sounds,Alex Clare,Brandy & Paolo Montalbn,2011,1997,pop,pop
210689,a6a2f18e1555176620302110ad85171c18fbb033,432183,57e3ab915e0bc19a5fd8eebb612d7bdba4d130c5,11,0.6650567650794983,I Love You,Deadstream Rostam Version,Alex Clare,Jim-E Stack,2011,2016,pop,pop
210689,a6a2f18e1555176620302110ad85171c18fbb033,331071,29406e7bdbb9a6761fca8b1ab6a304783ce9f373,12,0.7187645435333252,I Love You,I Love You,Alex Clare,The Zombies,2011,1965,pop,rock
210689,a6a2f18e1555176620302110ad85171c18fbb033,19348,f1987170755158c6b89a487466acd770c91db468,13,0.6610004901885986,I Love You,How Hard I Try,Alex Clare,filous,2011,2015,pop,pop
210689,a6a2f18e1555176620302110ad85171c18fbb033,207973,c999c692a68230fe28d414bd4bf468bac315dfd2,14,0.6370904445648193,I Love You,​bow,Alex Clare,Kasabian,2011,2014,pop,rock
210689,a6a2f18e1555176620302110ad85171c18fbb033,119519,03954c6ef144356139ee7df5569ff270d42102d7,15,0.713370680809021,I Love You,Neverland,Alex Clare,Holland,2011,2018,pop,pop
210689,a6a2f18e1555176620302110ad85171c18fbb033,218127,98888f74cbfeb064554281edea87feb81f99e83c,16,0.6289430856704712,I Love You,I Dont Get To Say I Love You Anymore,Alex Clare,Tessa Violet,2011,2016,pop,pop
210689,a6a2f18e1555176620302110ad85171c18fbb033,223516,e2efe37e519a74d9e5b9cde1330aad49e6de2f56,17,0.6267776489257812,I Love You,Im Not OK,Alex Clare,Trent Dabbs,2011,2012,pop,pop
210689,a6a2f18e1555176620302110ad85171c18fbb033,248319,96045623182843600ab5a19c4008c20ba35dd368,18,0.7039451599121094,I Love You,Kindness Soul Hymns Version,Alex Clare,Isla Vista Worship,2011,2019,pop,pop
210689,a6a2f18e1555176620302110ad85171c18fbb033,230775,d62bef362a3e64ae0e07a6cc255e19f207770635,19,0.6147065162658691,I Love You,Dare I Say Love?,Alex Clare, pink cig ,2011,2020,pop,rock
210689,a6a2f18e1555176620302110ad85171c18fbb033,351696,35d5f7b602bbe25a8fa536fe8c9d8ab600c7fd59,20,0.6897262930870056,I Love You,Back to Black BBC Radio 1 Live Session,Alex Clare,Sam Fender,2011,2020,pop,pop
473271,603c1678471df82964c12c3f8bad98f3614fde05,469110,bbe0f5483ae7f71a03a307a81d937c3d356d94de,1,0.8846381902694702,Magic,Why Are We In Love?,Kisch,Furniture,2021,1983,pop,rock
473271,603c1678471df82964c12c3f8bad98f3614fde05,327541,f551b6ac4136ff290ba582e60d60d24edb0d393b,2,0.8011152148246765,Magic,Emotion In Motion,Kisch,Ric Ocasek,2021,1986,pop,pop
473271,603c1678471df82964c12c3f8bad98f3614fde05,471190,e3948810cc4e92abb63b5a204f3f5727d98e83fd,3,0.8173428773880005,Magic,Im Not That Kind Of Boy,Kisch,AxCx,2021,1998,pop,rock
473271,603c1678471df82964c12c3f8bad98f3614fde05,496113,d5b5ff2b203b01e6fcc1227c4640465a0c95f744,4,0.856384813785553,Magic,June in January,Kisch,Dean Martin,2021,1959,pop,pop
473271,603c1678471df82964c12c3f8bad98f3614fde05,245574,174414a85a4a6af990f8f339a9476fd863d1566a,5,0.7895900011062622,Magic,Something Like You,Kisch,*NSYNC,2021,2001,pop,pop
473271,603c1678471df82964c12c3f8bad98f3614fde05,369427,e8897bac43d2f319265a5d08b6f717e29139cc50,6,0.733212411403656,Magic,Malibu,Kisch,Grant Terry,2021,2017,pop,pop
473271,603c1678471df82964c12c3f8bad98f3614fde05,459821,130797f6d275f9c5282fe294753809cfc77a110f,7,0.832732081413269,Magic,Welcome to Scatland,Kisch,Scatman John,2021,1995,pop,pop
473271,603c1678471df82964c12c3f8bad98f3614fde05,422732,b2c9eb62d00fb19fb4d29d6bcade1b5fd1f7b387,8,0.8015093803405762,Magic,Tonight,Kisch,Monsieur Minimal,2021,2020,pop,pop
473271,603c1678471df82964c12c3f8bad98f3614fde05,34118,fb92a274f91f0dd1dad35169239e2f2eb4a25dee,9,0.7036076784133911,Magic,Blast Off,Kisch,Silk Sonic,2021,2021,pop,rb
473271,603c1678471df82964c12c3f8bad98f3614fde05,282587,0f63b9e65837b7cb3a68596fe3740522400a0ffc,10,0.828231155872345,Magic,Gravity,Kisch,Blondie,2021,2017,pop,rock
473271,603c1678471df82964c12c3f8bad98f3614fde05,468291,f23b7c1d174a8016097364d7f78f47b30b9bca0f,11,0.6695935726165771,Magic,Chapter VIII: Kiss the Go-Goat,Kisch,Ghost,2021,2019,pop,misc
473271,603c1678471df82964c12c3f8bad98f3614fde05,368869,32bc60f179c4aa945727b724bcd0575c168d0e4d,12,0.800830066204071,Magic,All I Want,Kisch,vbnd,2021,2016,pop,rb
473271,603c1678471df82964c12c3f8bad98f3614fde05,464888,f18ca5178c783a44977e3855bd222a82240f3c89,13,0.8199165463447571,Magic,Silent,Kisch,Archive,2021,2012,pop,pop
473271,603c1678471df82964c12c3f8bad98f3614fde05,345131,71d0fd2d39cc5d33fdbbe60f43f7cfc981b58dc7,14,0.7606833577156067,Magic,Up Bedroom Mix,Kisch,Sing Street,2021,2016,pop,pop
473271,603c1678471df82964c12c3f8bad98f3614fde05,262210,ad712329ef383eda17dbf0787142470a5184c8c5,15,0.6877882480621338,Magic,Closing In,Kisch,Imogen Heap,2021,2005,pop,pop
473271,603c1678471df82964c12c3f8bad98f3614fde05,292312,87e8d953ba39cd6083886cdc602dcd3a94b25649,16,0.7905120253562927,Magic,Not Alone/Goin Back to Hogwarts Reprise,Kisch,Team StarKid,2021,2009,pop,misc
473271,603c1678471df82964c12c3f8bad98f3614fde05,428756,41fcfdde0157b0a5c60cc720b120f40bab0bf91f,17,0.7790326476097107,Magic,1963,Kisch,Rachael Yamagata,2021,2004,pop,pop
473271,603c1678471df82964c12c3f8bad98f3614fde05,346803,b9992e245a147c5de7a61b7f802dec4f88b7154f,18,0.7671871185302734,Magic,A Newlywed Couple,Kisch,"Kristen Anderson-Lopez, Sara Mann, Jessica Rotter, Cindy Bourquin, Elyse Willis, Laura Dickinson, Robert Lopez, Eric Bradley, Greg Whipple & Jasper Randall",2021,2021,pop,pop
473271,603c1678471df82964c12c3f8bad98f3614fde05,129197,8ef22016c32a8cfddc47a3d59b6d4e6e22946950,19,0.7959232926368713,Magic,​i love you i love you,Kisch,JUNG,2021,2019,pop,pop
473271,603c1678471df82964c12c3f8bad98f3614fde05,84040,51fca62e72d0c8895780b11b66316b9080e11ed9,20,0.7791825532913208,Magic,TNT,Kisch,M Huncho,2021,2019,pop,rap
440128,91ea9a22b53070e1cf4b7636649489848eb69f0d,95905,ea3a64ddacc75fe93dc8118f4e8d81f0a2202b98,1,0.6916896104812622,Bible Love,Sundays,Unknown T,Emotional Oranges,2021,2019,rap,pop
440128,91ea9a22b53070e1cf4b7636649489848eb69f0d,167250,4f38b6a31042a1cb8a72ab57a592f574bf3395b5,2,0.5622027516365051,Bible Love,Seven Years in Tibet,Unknown T,David Bowie,2021,1997,rap,rock
440128,91ea9a22b53070e1cf4b7636649489848eb69f0d,257342,b12fac8af9c8632195ec0e81a11f1dd7ae76715a,3,0.6154490113258362,Bible Love,Julian 19,Unknown T,The Booyah! Kids,2021,2019,rap,pop
440128,91ea9a22b53070e1cf4b7636649489848eb69f0d,404795,20ab837efed27e1905ab07f70f67a1d8b7b426fc,4,0.6182934641838074,Bible Love,So Much Love,Unknown T,Afro Bros,2021,2018,rap,pop
440128,91ea9a22b53070e1cf4b7636649489848eb69f0d,343218,e4fa6e6b41c9ac4d6ef89f0e8008758fbf5ff2d5,5,0.6262915134429932,Bible Love,Together,Unknown T,Mystery Skulls,2021,2015,rap,pop
440128,91ea9a22b53070e1cf4b7636649489848eb69f0d,148659,e76b1dce6df41de29089f7e2c4d2c2d17bbe1b2f,6,0.6376838088035583,Bible Love,Very Special Love,Unknown T,Sarah Geronimo,2021,2008,rap,pop
440128,91ea9a22b53070e1cf4b7636649489848eb69f0d,407870,4347b976f39d6c4a2676b27927a9a42821590c05,7,0.6590679287910461,Bible Love,Saturday Love,Unknown T,Toro y Moi,2021,2011,rap,pop
440128,91ea9a22b53070e1cf4b7636649489848eb69f0d,120507,95fc773ac0818ac58e319b6db35f4a9f3629cc14,8,0.6196271181106567,Bible Love,People 2014,Unknown T,Barbra Streisand,2021,2014,rap,pop
440128,91ea9a22b53070e1cf4b7636649489848eb69f0d,222514,b3fbddd7194e96a6ef0b6e9cf1ce042c35acfc58,9,0.5441175699234009,Bible Love,Rough Love,Unknown T,Jay Electronica,2021,2020,rap,rap
440128,91ea9a22b53070e1cf4b7636649489848eb69f0d,500621,6ba02937526d94966fcf96dcb36653f03a9ce0be,10,0.6271777749061584,Bible Love,Easy,Unknown T,Nick Carter,2021,2022,rap,country
440128,91ea9a22b53070e1cf4b7636649489848eb69f0d,231552,dacf5e838a99c50db838becaa28a459885461dc1,11,0.5903273224830627,Bible Love,Headstart,Unknown T,Jade Bird,2021,2020,rap,rock
440128,91ea9a22b53070e1cf4b7636649489848eb69f0d,407020,eb154c42a0191fbe308edefd86f5cff09ee30367,12,0.6021340489387512,Bible Love,Special Kind of Love,Unknown T,Acappella,2021,1993,rap,pop
440128,91ea9a22b53070e1cf4b7636649489848eb69f0d,244964,21fe14b3911d64e36e94ae5cb638f3f910c02c1e,13,0.5950392484664917,Bible Love,You Are Very Special,Unknown T,Zain Bhikha,2021,2009,rap,pop
440128,91ea9a22b53070e1cf4b7636649489848eb69f0d,245827,c42f5697c886686a89c5c81683ed1f3ceed22426,14,0.5823798179626465,Bible Love,Hold On,Unknown T,Lilla Vargen,2021,2017,rap,pop
440128,91ea9a22b53070e1cf4b7636649489848eb69f0d,122076,3c7ba1a877ed3b994ee016c542ce53e2b10aefbb,15,0.6268887519836426,Bible Love,Never Know,Unknown T,Focalistic,2021,2019,rap,rap
440128,91ea9a22b53070e1cf4b7636649489848eb69f0d,396865,425be9490993043bfe5ca63460b9fa15fcf14193,16,0.601284384727478,Bible Love,Special,Unknown T,Lowkey,2021,2008,rap,rap
440128,91ea9a22b53070e1cf4b7636649489848eb69f0d,496402,3adb313eb57791a4cb723bd8416dd573a0016e6a,17,0.6510641574859619,Bible Love,Starting again,Unknown T,George Duke,2021,1978,rap,pop
440128,91ea9a22b53070e1cf4b7636649489848eb69f0d,441696,ed9f725f0432431e3b8bb63b43817ef0776e7781,18,0.5565645098686218,Bible Love,​wish you the best,Unknown T,Joy Oladokun,2021,2021,rap,pop
440128,91ea9a22b53070e1cf4b7636649489848eb69f0d,352919,2ecfb9f2c2b88bf378f99f458277c3ac68ad1092,19,0.5723641514778137,Bible Love,Never Say You Cant Survive,Unknown T,Curtis Mayfield,2021,1977,rap,rb
440128,91ea9a22b53070e1cf4b7636649489848eb69f0d,175221,1b5fe8f8b1f6c296e056bf1d94c81efc8ae23afe,20,0.6439608335494995,Bible Love,If You Want My Love,Unknown T,Cheap Trick,2021,1982,rap,rock
327332,76b6ebb9cf4a410bc3986200fdf364963d0c7e14,30370,d4b54422b33048372c3b074ec297eeba0f8dde1e,1,0.6712619662284851,Barely Finished,Weapon of Choice,BrvndonP & Mission,Fatboy Slim,2017,2001,rap,pop
327332,76b6ebb9cf4a410bc3986200fdf364963d0c7e14,411220,29fc7cde0733bc7a77b41b7578dc86b164a1b112,2,0.4917246699333191,Barely Finished,The Bottle,BrvndonP & Mission,Corey Smith,2017,2005,rap,country
327332,76b6ebb9cf4a410bc3986200fdf364963d0c7e14,257479,bdd1aa7db142e6830ae0c56dc2343b95bccb01ed,3,0.5148918032646179,Barely Finished,Whenever You Call,BrvndonP & Mission,Tion Wayne,2017,2019,rap,rap
327332,76b6ebb9cf4a410bc3986200fdf364963d0c7e14,193432,910053cb051739cfef3e57127d0673bb44d147c1,4,0.5429506301879883,Barely Finished,Kings,BrvndonP & Mission,Emery Bingham,2017,2019,rap,pop
327332,76b6ebb9cf4a410bc3986200fdf364963d0c7e14,272138,b34fa9c55c87aceb1350c98cb0690b63cb6105a1,5,0.5375709533691406,Barely Finished,First Place,BrvndonP & Mission,A Boogie wit da Hoodie,2017,2020,rap,rap
327332,76b6ebb9cf4a410bc3986200fdf364963d0c7e14,166522,94f02cd504e57280f695c6ea2d7308565dd53188,6,0.572350025177002,Barely Finished,Everywhere,BrvndonP & Mission,Chase Rice,2017,2020,rap,country
327332,76b6ebb9cf4a410bc3986200fdf364963d0c7e14,138952,6c53fda5379448709c0c194384ede6bbe6fc3e21,7,0.5746341943740845,Barely Finished,Hymn,BrvndonP & Mission,Diane Coffee,2017,2013,rap,rock
327332,76b6ebb9cf4a410bc3986200fdf364963d0c7e14,191112,7acaccf6572b4709d59cd408185df3d6f11a1bdf,8,0.4908178746700287,Barely Finished,All Over,BrvndonP & Mission,Wiz Khalifa & Curren$y,2017,2009,rap,rap
327332,76b6ebb9cf4a410bc3986200fdf364963d0c7e14,143696,55c9925c02b41687e7c8319a3305393238ff87b8,9,0.46981847286224365,Barely Finished,2 Smart,BrvndonP & Mission,Hooks,2017,2019,rap,rap
327332,76b6ebb9cf4a410bc3986200fdf364963d0c7e14,249284,7f0a0c56e5c43ab25a1838e2c61ab74c12b01b33,10,0.5866917967796326,Barely Finished,Squad,BrvndonP & Mission,Chaz French,2017,2017,rap,rap
327332,76b6ebb9cf4a410bc3986200fdf364963d0c7e14,36489,e3df9e8cc9c301a94bc7e4b19c407f189f958928,11,0.4895331859588623,Barely Finished,The Show,BrvndonP & Mission,Wale,2017,2012,rap,rap
327332,76b6ebb9cf4a410bc3986200fdf364963d0c7e14,377411,fdbab57db306f19c9e6beea66af453767de39b3d,12,0.4934920072555542,Barely Finished,24,BrvndonP & Mission,Swoope,2017,2021,rap,rap
327332,76b6ebb9cf4a410bc3986200fdf364963d0c7e14,351661,b533afce6576c9a2b0a9cf3433656b19f42eacdb,13,0.5164855718612671,Barely Finished,Where They At,BrvndonP & Mission,JayO Sama,2017,2016,rap,rap
327332,76b6ebb9cf4a410bc3986200fdf364963d0c7e14,391278,508746b01ba3763637460733f7c1c21b06dbe9f3,14,0.5160794258117676,Barely Finished,Necessary,BrvndonP & Mission,Bahja,2017,2017,rap,rb
327332,76b6ebb9cf4a410bc3986200fdf364963d0c7e14,506425,8766651c58d265e64dfd35b38606fc96f8c496e1,15,0.5629474520683289,Barely Finished,Killers,BrvndonP & Mission,Snoop Dogg,2017,2022,rap,rap
327332,76b6ebb9cf4a410bc3986200fdf364963d0c7e14,71825,18661cab8fb7ce64d84c9c65f85c72bed79f5fb9,16,0.5421851873397827,Barely Finished,Star Team,BrvndonP & Mission,Lastclass & lil fly,2017,2018,rap,rap
327332,76b6ebb9cf4a410bc3986200fdf364963d0c7e14,413402,74b095648005d2580a10f3d2bcde71b37dc77612,17,0.4703443646430969,Barely Finished,Customz,BrvndonP & Mission,Little Simz,2017,2017,rap,rap
327332,76b6ebb9cf4a410bc3986200fdf364963d0c7e14,245052,0db68a7c3639b30e2d7ef9f5f3c674751ccde5f3,18,0.539781928062439,Barely Finished,Find Me,BrvndonP & Mission,Hakkz,2017,2017,rap,rap
327332,76b6ebb9cf4a410bc3986200fdf364963d0c7e14,9350,8e6c2b0f62e3a8261e1c8118caf7faaefb3ae0ac,19,0.5629465579986572,Barely Finished,Yah Mean,BrvndonP & Mission,Playboi Carti,2017,2017,rap,rap
327332,76b6ebb9cf4a410bc3986200fdf364963d0c7e14,50770,07aeae616f7b9ff057c82d30e676c42d16cccdad,20,0.5124253034591675,Barely Finished,The Pursuit,BrvndonP & Mission,Ivan B,2017,2014,rap,rap
291570,ba098e3f9293d83b5c1afb02fb91303e18462c30,470918,60c75478fe8a4fb836f8589c8dfc458c9205074b,1,0.9610047936439514,War Evermore,The War Years,The Word Alive,City and Colour,2018,2019,rock,rock
291570,ba098e3f9293d83b5c1afb02fb91303e18462c30,62669,0799fa8410ea56d69351b4cf9d76e118a6a6cdaf,2,0.9440072178840637,War Evermore,A Love Like War,The Word Alive,All Time Low,2018,2013,rock,rock
291570,ba098e3f9293d83b5c1afb02fb91303e18462c30,380456,8308c34a200188f78883f94b6e9d7ed490e7d5d3,3,0.942220151424408,War Evermore,La Cancion de Guerra,The Word Alive,Culture Club,2018,1984,rock,pop
291570,ba098e3f9293d83b5c1afb02fb91303e18462c30,278491,67ac37101b657a1a25ae94c1f3c9a28eeadcdef3,4,0.9425267577171326,War Evermore,Hurry on Sundown,The Word Alive,Hawkwind,2018,1970,rock,rock
291570,ba098e3f9293d83b5c1afb02fb91303e18462c30,295404,d956cf3cddb05736821f465801509b8e42a48433,5,0.9425267577171326,War Evermore,Oh No,The Word Alive,Jack and Eliza,2018,2015,rock,rock
291570,ba098e3f9293d83b5c1afb02fb91303e18462c30,447561,0a281c11fe9bbeb98c17f6e1aa513c6d3b1f243c,6,0.9425267577171326,War Evermore,Red Sleeping Beauty,The Word Alive,McCarthy,2018,1986,rock,pop
291570,ba098e3f9293d83b5c1afb02fb91303e18462c30,502392,5dd9f43475ddf8dc6b45216048c18f2589fa4671,7,0.9425267577171326,War Evermore,American Teenager,The Word Alive,Ethel Cain,2018,2022,rock,pop
291570,ba098e3f9293d83b5c1afb02fb91303e18462c30,38773,39582c6c8c04b1242defe2f8befe67784fde284b,8,0.9425267577171326,War Evermore,Down By The Riverside,The Word Alive,Mahalia Jackson,2018,1996,rock,pop
291570,ba098e3f9293d83b5c1afb02fb91303e18462c30,409667,8084fdb157acf36f9d1a770c80ebc2666f49f641,9,0.9425267577171326,War Evermore,WAR,The Word Alive,CAMERON AZI,2018,2021,rock,rap
291570,ba098e3f9293d83b5c1afb02fb91303e18462c30,163777,e30393f6ab68eb7b1980c4a2eb543fb3648fc6e0,10,0.9425267577171326,War Evermore,Down by the riverside,The Word Alive,Gospel Dream,2018,2015,rock,pop
291570,ba098e3f9293d83b5c1afb02fb91303e18462c30,284878,99a6de5196759269a06439476442e4081c49827a,11,0.9425267577171326,War Evermore,Not A Robot But A Ghost,The Word Alive,Andrew Bird,2018,2009,rock,rock
291570,ba098e3f9293d83b5c1afb02fb91303e18462c30,172753,12e0c73441eae2f4c5a9866c76e8ba940fbe4738,12,0.9423738121986389,War Evermore,The War Song,The Word Alive,Culture Club,2018,1984,rock,pop
291570,ba098e3f9293d83b5c1afb02fb91303e18462c30,366707,b47b0e1d71f2dbeb3eafdf9f6080b76080930066,13,0.9422301054000854,War Evermore,Stop the war,The Word Alive,Sankomota,2018,1991,rock,pop
291570,ba098e3f9293d83b5c1afb02fb91303e18462c30,449487,fdde0ff197b947d36751079fe63f595d3dc1021a,14,0.9419287443161011,War Evermore,Private Lily,The Word Alive,Moriarty,2018,2007,rock,pop
291570,ba098e3f9293d83b5c1afb02fb91303e18462c30,44180,efe5b6008ab763b86872a0d758d041f463c8407d,15,0.9411160945892334,War Evermore,War,The Word Alive,grandson,2018,2017,rock,rock
291570,ba098e3f9293d83b5c1afb02fb91303e18462c30,259989,037dd42a30a7351aa763345edfd9874977777342,16,0.9410685896873474,War Evermore,Lets Have a War,The Word Alive,A Perfect Circle,2018,2004,rock,rock
291570,ba098e3f9293d83b5c1afb02fb91303e18462c30,333462,93fadf2488644fda81979879050e9c6c150cca65,17,0.9343886375427246,War Evermore,LifeWar,The Word Alive,Demon Hunter,2018,2010,rock,rock
291570,ba098e3f9293d83b5c1afb02fb91303e18462c30,236374,88b683cbb908ab6ee859477f009cc8688e0d1c88,18,0.9362903833389282,War Evermore,War In A Babylon,The Word Alive,Max Romeo,2018,1976,rock,rock
291570,ba098e3f9293d83b5c1afb02fb91303e18462c30,232076,cdc2ea34158deafb64d651ab8081a3b1a2374612,19,0.9405525922775269,War Evermore,Tug of War,The Word Alive,Paul McCartney,2018,1982,rock,rock
291570,ba098e3f9293d83b5c1afb02fb91303e18462c30,499459,c2b2f11af3baba1c7546c2d07ccc7ed9d90d4ce7,20,0.9403457045555115,War Evermore,Army of Hardcore,The Word Alive,Neophyte,2018,1998,rock,pop
142622,08f634023e675015487610e6d9e5ac73b7224802,386140,e7112b14588715225538964a999d291bdda29ecd,1,0.8803202509880066,Make You Mine,Goodbye,Mike Williams,Marcus Alexander,2020,2016,pop,rock
142622,08f634023e675015487610e6d9e5ac73b7224802,417767,46fd78f2fc4af74f036b67f79a3cd63529b3bb17,2,0.7766828536987305,Make You Mine,Unfolding,Mike Williams,Luca Fogale,2020,2019,pop,pop
142622,08f634023e675015487610e6d9e5ac73b7224802,352834,8e696a15f0f673022fe955033e730599cfcb2a61,3,0.8153326511383057,Make You Mine,Marbles,Mike Williams,Snarls,2020,2020,pop,rock
142622,08f634023e675015487610e6d9e5ac73b7224802,448316,dfd469a79dd3743d49126731209eb8cf0211c77f,4,0.6428626179695129,Make You Mine,Dead in the Water,Mike Williams,Spelles,2020,2017,pop,pop
142622,08f634023e675015487610e6d9e5ac73b7224802,472258,cbd6156fff892e173064a9f06a372f78212e4986,5,0.6995700001716614,Make You Mine,Hear Me Out,Mike Williams,Girls Aloud,2020,2004,pop,pop
142622,08f634023e675015487610e6d9e5ac73b7224802,474799,1581f851df36311bca392758d11d36db229e6a55,6,0.7689568400382996,Make You Mine,Fading Star,Mike Williams,Weaving the Fate,2020,2012,pop,rock
142622,08f634023e675015487610e6d9e5ac73b7224802,77712,8922cc0350a52dc716c7c95890e0f53678caa1f3,7,0.7292031049728394,Make You Mine,Tell Me Where You Are,Mike Williams,PinkPantheress,2020,2022,pop,pop
142622,08f634023e675015487610e6d9e5ac73b7224802,386949,9bbf3e907901b7e25c6edd1ed23af700ccf158f9,8,0.7600212097167969,Make You Mine,런 내 사람 Alone English Ver.,Mike Williams,Yu Jei (),2020,2021,pop,pop
142622,08f634023e675015487610e6d9e5ac73b7224802,448096,2538f85af3eabeb50443309d09857f1701167208,9,0.7147452235221863,Make You Mine,Stay a While Ummet Ozcan Remix,Mike Williams,Dimitri Vegas & Like Mike,2020,2016,pop,pop
142622,08f634023e675015487610e6d9e5ac73b7224802,369135,ee58f851fa42fc91ece70c924eb0429155269688,10,0.7082269191741943,Make You Mine,Broken,Mike Williams,Jamie Grey,2020,2019,pop,pop
142622,08f634023e675015487610e6d9e5ac73b7224802,379749,e4de396d82dd403edc96e3c3949198a1400b9e6f,11,0.7002991437911987,Make You Mine,Undone,Mike Williams,Dropout,2020,2016,pop,pop
142622,08f634023e675015487610e6d9e5ac73b7224802,473276,f63d3e52b9c08b4e007b86ba5b0078b4bfad77dd,12,0.6085980534553528,Make You Mine,My Ego Dies At The End,Mike Williams,Jensen McRae,2020,2021,pop,rb
142622,08f634023e675015487610e6d9e5ac73b7224802,487501,5984d258f13c1edfc7068192b4cd9ddc8c2ccc7d,13,0.68318110704422,Make You Mine,World Without End,Mike Williams,A.A. Bondy,2020,2007,pop,pop
142622,08f634023e675015487610e6d9e5ac73b7224802,171589,041b6edcc4770b4e6d598c10b1311f3e2a2a69d7,14,0.7032990455627441,Make You Mine,Standing on the Edge of Summer,Mike Williams,Thursday,2020,2001,pop,rock
142622,08f634023e675015487610e6d9e5ac73b7224802,314838,a312692a452c0f725176da77a2b36280a1584190,15,0.6315587759017944,Make You Mine,By Your Side,Mike Williams,Mike Perry,2020,2020,pop,pop
142622,08f634023e675015487610e6d9e5ac73b7224802,55882,45976a5e7adcaaf7d03d7e775d8f96bb0200c767,16,0.7480518817901611,Make You Mine,Afterlife,Mike Williams,ILLENIUM,2020,2016,pop,pop
142622,08f634023e675015487610e6d9e5ac73b7224802,392571,740fe617a5b0b94fa3cbc22924099536827c57c5,17,0.6493609547615051,Make You Mine,When Will You Come Back Home,Mike Williams,Ryan Adams & The Cardinals,2020,2005,pop,country
142622,08f634023e675015487610e6d9e5ac73b7224802,317120,067ee1eacde9eb1af0cfc427c05995e29486e5c6,18,0.641457736492157,Make You Mine,Comet,Mike Williams,The Midnight,2020,2016,pop,pop
142622,08f634023e675015487610e6d9e5ac73b7224802,289761,9f66f858ca77a96a183df29446441fcd729e0f05,19,0.7480518817901611,Make You Mine,Outro Lost in a World with You,Mike Williams,Yellow Days,2020,2017,pop,rock
142622,08f634023e675015487610e6d9e5ac73b7224802,193610,b72134120c9bc7c9e5ffdc29f308fa461e3746b3,20,0.7480518817901611,Make You Mine,Dont Let It Pass,Mike Williams,Junip,2020,2010,pop,pop
19215,e4c3fbf01a60e004db2deb6d65e778532379e42f,145099,c4d46bd21fedca7aac171e91ea47201fc6ab2f46,1,0.983633279800415,Drown,Drown,Ar'mon & Trey,BONES,2017,2017,rb,rap
19215,e4c3fbf01a60e004db2deb6d65e778532379e42f,315754,459a3ae7c243c654ba2ce288f7f913f0e0443bf0,2,0.9621712565422058,Drown,Find My Way,Ar'mon & Trey,John Vincent III,2017,2016,rb,pop
19215,e4c3fbf01a60e004db2deb6d65e778532379e42f,427382,931b06316fc7861456a13a8b795c0b02a8518d7c,3,0.983633279800415,Drown,Crossed the ocean of my mind,Ar'mon & Trey,Sangri,2017,2020,rb,rock
19215,e4c3fbf01a60e004db2deb6d65e778532379e42f,514927,69869b7b05ab5746b8089f49e55dadfc4fbfce8a,4,0.983633279800415,Drown,Close My Eyes,Ar'mon & Trey,Matt Fax & Jack Dawson,2017,2022,rb,pop
19215,e4c3fbf01a60e004db2deb6d65e778532379e42f,330639,877de65628ef95a7e7d663d970d1d7dcc33880a9,5,0.983633279800415,Drown,The Door,Ar'mon & Trey,Silverchair,2017,1997,rb,rock
19215,e4c3fbf01a60e004db2deb6d65e778532379e42f,488762,28f4b2c9c2474981a99dcc3192857fb74978cb15,6,0.983633279800415,Drown,Infinite Potentiality,Ar'mon & Trey,Machine Girl,2017,2020,rb,pop
19215,e4c3fbf01a60e004db2deb6d65e778532379e42f,500436,955c5f2867432878b154db6e312134e75fe18646,7,0.983633279800415,Drown,​nothing to do,Ar'mon & Trey,Oso Oso,2017,2022,rb,rock
19215,e4c3fbf01a60e004db2deb6d65e778532379e42f,345257,45f2f4357245930a04bbf528126e64e7cc5d39fe,8,0.983633279800415,Drown,Fading Away,Ar'mon & Trey,Sean Stemaly,2017,2018,rb,country
19215,e4c3fbf01a60e004db2deb6d65e778532379e42f,330611,ad0c555ba743ff73acf2486c314d2d23f6add815,9,0.9817355871200562,Drown,Drown U,Ar'mon & Trey,"Iglooghost, Kai Whiston & BABii",2017,2019,rb,pop
19215,e4c3fbf01a60e004db2deb6d65e778532379e42f,139180,a6258bb742ece28717564371cb894f4b1b2ada3d,10,0.9801894426345825,Drown,Beltsville Blues,Ar'mon & Trey,The Amity Affliction,2017,2018,rb,rock
19215,e4c3fbf01a60e004db2deb6d65e778532379e42f,422193,dde66720174f703f96fb72e3fa926a998c8128e1,11,0.9773547649383545,Drown,Drown Her,Ar'mon & Trey,GFOTY,2017,2015,rb,pop
19215,e4c3fbf01a60e004db2deb6d65e778532379e42f,392062,8710a86b61f14fb1169ae9b0a2500a50189e2e54,12,0.9755510687828064,Drown,Drowning,Ar'mon & Trey,Abbey Glover,2017,2018,rb,pop
19215,e4c3fbf01a60e004db2deb6d65e778532379e42f,160375,1ccebcfa3dee96bfce1552a4827c4e338a7dacc5,13,0.9646028280258179,Drown,Drown,Ar'mon & Trey,BAEKHYUN EXO,2017,2021,rb,pop
19215,e4c3fbf01a60e004db2deb6d65e778532379e42f,342902,73e14476a65c5a6c01117d0c4148eb2c6b699216,14,0.9570050239562988,Drown,Drown,Ar'mon & Trey,Ja Rule,2017,2012,rb,rap
19215,e4c3fbf01a60e004db2deb6d65e778532379e42f,72443,7e585a26e2f0fa9f6317377816fad608b2d8c987,15,0.9554187059402466,Drown,Drown,Ar'mon & Trey,Prateek Kuhad,2017,2018,rb,pop
19215,e4c3fbf01a60e004db2deb6d65e778532379e42f,7484,d18c35361a50bd222cc828a462a3cc5d4f05d195,16,0.9603101015090942,Drown,Head Above Water,Ar'mon & Trey,Avril Lavigne,2017,2018,rb,pop
19215,e4c3fbf01a60e004db2deb6d65e778532379e42f,301883,2c5f83d65bf185cd5fe270c01be68d550181dc3c,17,0.967897891998291,Drown,Drown,Ar'mon & Trey,Ekali,2017,2020,rb,pop
19215,e4c3fbf01a60e004db2deb6d65e778532379e42f,289936,28c1229386e384987ef8b24042da236f232568ed,18,0.9607396125793457,Drown,Let Me Drown,Ar'mon & Trey,Andrew Lippa,2017,2000,rb,pop
19215,e4c3fbf01a60e004db2deb6d65e778532379e42f,48693,21f2cc1e6b59f697c659e2ec15a0b0d459205c62,19,0.9625399112701416,Drown,Drowning,Ar'mon & Trey,Mario,2017,2018,rb,rb
19215,e4c3fbf01a60e004db2deb6d65e778532379e42f,266290,d9c680a73973c28361c1a5da264a13ed4de7119e,20,0.9623327255249023,Drown,Drown Me Out,Ar'mon & Trey,Pity Sex,2017,2013,rb,rock
260739,de88e8fd3cef5c1009b93a14b9016cf9e4727ec8,63393,4d54d734f498c8acc00665fd067ac437f71da0a6,1,0.9751243591308594,Across The Universe - triple j Like A Version,Across the Universe,AURORA,Fiona Apple,2019,1998,pop,pop
260739,de88e8fd3cef5c1009b93a14b9016cf9e4727ec8,454186,953ecdbef3ed56a5001d8421a78131a88457750b,2,0.9295235276222229,Across The Universe - triple j Like A Version,Name Tag Premier  The Guru,AURORA,Gang Starr,2019,1991,pop,rap
260739,de88e8fd3cef5c1009b93a14b9016cf9e4727ec8,113793,8b69bfa4d23525387fad692586a7c7b12f053227,3,0.9293150305747986,Across The Universe - triple j Like A Version,Ella Guru,AURORA,Captain Beefheart & His Magic Band,2019,1969,pop,rock
260739,de88e8fd3cef5c1009b93a14b9016cf9e4727ec8,499220,9b2c10a21a59b6701b66ca13a5768e6b6b9fe844,4,0.920046865940094,Across The Universe - triple j Like A Version,Across the Universe,AURORA,Laibach,2019,1988,pop,pop
260739,de88e8fd3cef5c1009b93a14b9016cf9e4727ec8,158314,05a41b1492d9d95134d779b3481b852e6573ea6b,5,0.9226656556129456,Across The Universe - triple j Like A Version,Metal Guru,AURORA,T. Rex,2019,1972,pop,rock
260739,de88e8fd3cef5c1009b93a14b9016cf9e4727ec8,87897,1adbb1f8c99116159f486377ec20c76ac6edaeff,6,0.918576180934906,Across The Universe - triple j Like A Version,Ong Namo,AURORA,Snatam Kaur,2019,2004,pop,pop
260739,de88e8fd3cef5c1009b93a14b9016cf9e4727ec8,3500,6449ef65638a2588b0fa982ed76b7f376255a43e,7,0.920046865940094,Across The Universe - triple j Like A Version,Across the Universe,AURORA,The Beatles,2019,1969,pop,rock
260739,de88e8fd3cef5c1009b93a14b9016cf9e4727ec8,350150,a7830b545986dea17731c49143c959c5c15a032e,8,0.920046865940094,Across The Universe - triple j Like A Version,Across the Universe Wildlife Version,AURORA,The Beatles,2019,1969,pop,rock
260739,de88e8fd3cef5c1009b93a14b9016cf9e4727ec8,184383,53aa18a1ab0d1a5c3a2e432e63fb838d06e64d78,9,0.9200468063354492,Across The Universe - triple j Like A Version,Across the Universe,AURORA,Rufus Wainwright,2019,2002,pop,rock
260739,de88e8fd3cef5c1009b93a14b9016cf9e4727ec8,464712,f80897b390e35d81bf6a90a069b35e4d6d5c78db,10,0.9200468063354492,Across The Universe - triple j Like A Version,Across the Universe,AURORA,Scorpions,2019,2011,pop,pop
260739,de88e8fd3cef5c1009b93a14b9016cf9e4727ec8,395591,e61fd61c363b071196384b658ca1cba479ce1448,11,0.9114101529121399,Across The Universe - triple j Like A Version,Sit with the Guru,AURORA,Strawberry Alarm Clock,2019,1968,pop,pop
260739,de88e8fd3cef5c1009b93a14b9016cf9e4727ec8,302400,703d4bf3dd66a7795ddd949f7620caa914847245,12,0.9107378721237183,Across The Universe - triple j Like A Version,Take Me In,AURORA,Snatam Kaur,2019,2014,pop,pop
260739,de88e8fd3cef5c1009b93a14b9016cf9e4727ec8,269696,95953ff75d478361383b3be515641bcbf1d8af89,13,0.9036116600036621,Across The Universe - triple j Like A Version,Ardas Bhaee,AURORA,Jai-Jagdeesh,2019,2013,pop,pop
260739,de88e8fd3cef5c1009b93a14b9016cf9e4727ec8,42328,9bc94d25980f7d3ca719da9e57a78887661242e5,14,0.8852532505989075,Across The Universe - triple j Like A Version,Gone Guru,AURORA,Lifeseeker,2019,2002,pop,rap
260739,de88e8fd3cef5c1009b93a14b9016cf9e4727ec8,32748,daf719b9e2aa84fd9419e48b228a4642f63b320f,15,0.8525204062461853,Across The Universe - triple j Like A Version,Guru,AURORA,Coast Modern,2019,2016,pop,pop
260739,de88e8fd3cef5c1009b93a14b9016cf9e4727ec8,392020,3f2b1678d0f2a17c039a7e85d4913a76cbeac82e,16,0.8138121366500854,Across The Universe - triple j Like A Version,Across the Universe,AURORA,Jim Sturgess,2019,2007,pop,pop
260739,de88e8fd3cef5c1009b93a14b9016cf9e4727ec8,512723,060f3fb379d4f5f5ca1cf5d8226bdc9375fa6b5f,17,0.8384933471679688,Across The Universe - triple j Like A Version,Triple Mantra English translation,AURORA,Nirinjan Kaur,2019,2022,pop,pop
260739,de88e8fd3cef5c1009b93a14b9016cf9e4727ec8,148434,c93943741b370c15564b8e8e2abb91e6752af8fa,18,0.8267177939414978,Across The Universe - triple j Like A Version,G.U.R.U.,AURORA,Marco Polo,2019,2013,pop,rap
260739,de88e8fd3cef5c1009b93a14b9016cf9e4727ec8,339666,64b14691cd64d50c2cac283a6ea6bed16bbb0d56,19,0.8051767349243164,Across The Universe - triple j Like A Version,Insert B The Real Deal/Nobody Knows,AURORA,Guru,2019,1995,pop,rap
260739,de88e8fd3cef5c1009b93a14b9016cf9e4727ec8,132878,def931be67e7bd7db3ad24ef1b618c86f2a26166,20,0.8010348081588745,Across The Universe - triple j Like A Version,Imogen,AURORA,Nick Mulvey,2019,2017,pop,pop
423768,505988421c3786fe2637dea628c7f3546862741a,358404,bc7530b5cebf3289ab4a011d6bf01bc741fdadb4,1,0.8934038877487183,​seventeen,I Remember You,keshi,Ramones,2019,1977,rb,rock
423768,505988421c3786fe2637dea628c7f3546862741a,102190,14f97304ee4dbf94cf2912a956b6e914757c826a,2,0.7011054754257202,​seventeen,Aftertaste,keshi,Loud Luxury,2019,2020,rb,pop
423768,505988421c3786fe2637dea628c7f3546862741a,344595,ee1ba48b7731dbdad8be5933c9c38ddabf57fdce,3,0.884164571762085,​seventeen,Busy,keshi,Olly Murs,2019,2011,rb,pop
423768,505988421c3786fe2637dea628c7f3546862741a,43348,12524aa8930ac102a74852a6061c9a8a36e1cd74,4,0.858715832233429,​seventeen,Seventeen,keshi,No Rome,2019,2018,rb,rb
423768,505988421c3786fe2637dea628c7f3546862741a,340069,68cf4243c8014feeff9da37f3ece15191c8588dc,5,0.8867404460906982,​seventeen,I Know When You Lyin,keshi,Plies,2019,2019,rb,rap
423768,505988421c3786fe2637dea628c7f3546862741a,355826,bedca929bc4c2f5ec3dd792a6b27dc75bd34cc49,6,0.8934038877487183,​seventeen,Souvenirs,keshi,Swimming Tapes,2019,2016,rb,pop
423768,505988421c3786fe2637dea628c7f3546862741a,435099,84d2b82380b2015aa83472a4f7980dca0b14a675,7,0.8104683756828308,​seventeen,Crazy Games,keshi,Mary J. Blige,2019,2001,rb,rb
423768,505988421c3786fe2637dea628c7f3546862741a,9682,eec306e5234693586a2edcf2b71778bbb9d145f8,8,0.7737937569618225,​seventeen,In Case You Didnt Know,keshi,Brett Young,2019,2016,rb,country
423768,505988421c3786fe2637dea628c7f3546862741a,281323,52972c659f7ae14f914d478f47a849477fa8dd83,9,0.7027696371078491,​seventeen,Say You Miss Me,keshi,Wilco,2019,1996,rb,rock
423768,505988421c3786fe2637dea628c7f3546862741a,23066,51686c45bdf19d3de88b34634caec4cb0311df6c,10,0.8262208700180054,​seventeen,Stay,keshi,Why Don't We,2019,2021,rb,pop
423768,505988421c3786fe2637dea628c7f3546862741a,325711,8a3d63d80031b3b2deaae33c906b224ed9ab40af,11,0.7413899898529053,​seventeen,Right Now,keshi,Xavier Omr,2019,2014,rb,rb
423768,505988421c3786fe2637dea628c7f3546862741a,105247,f5aff348af3cda2632c61f25b9953086a1835b4d,12,0.8327287435531616,​seventeen,Stutter,keshi,Joe,2019,2000,rb,rb
423768,505988421c3786fe2637dea628c7f3546862741a,321705,f5d61f2e53d4c2f828829e2cae8cb526f6e9c6ce,13,0.7300238609313965,​seventeen,Banana Zoo,keshi,Andr 3000,2019,2012,rb,rap
423768,505988421c3786fe2637dea628c7f3546862741a,89502,c1337fd15c1811cb416269fcc36249cc6d81c500,14,0.8188173770904541,​seventeen,Why U Always Lying?,keshi,Strife Kid,2019,2015,rb,rap
423768,505988421c3786fe2637dea628c7f3546862741a,164251,3fd304eddfd369e75cb8e18bde639180e337e63c,15,0.8261975646018982,​seventeen,Nights,keshi,Neon Trees,2019,2020,rb,pop
423768,505988421c3786fe2637dea628c7f3546862741a,513558,2988c3132fdd4acba1e7098904e7d78b669340b0,16,0.8283368945121765,​seventeen,Whisper,keshi,"Skytech, Matt Wolff",2019,2022,rb,pop
423768,505988421c3786fe2637dea628c7f3546862741a,245777,d9dcb87cee14184165cfaebbefab6a4a38e4a076,17,0.790781557559967,​seventeen,Dreams,keshi,Jane X,2019,2016,rb,pop
423768,505988421c3786fe2637dea628c7f3546862741a,423733,b681e2af822a8674509f3d2d28345a22f8c99d6d,18,0.7097656726837158,​seventeen,We Dont Go in There,keshi,Taking Back Sunday,2019,2016,rb,rock
423768,505988421c3786fe2637dea628c7f3546862741a,423096,cb75bf4a011a0eec5aacc079867b23be2d32789e,19,0.7591656446456909,​seventeen,I Put a Spell On You,keshi,Garou,2019,2012,rb,pop
423768,505988421c3786fe2637dea628c7f3546862741a,176961,dd15f930c66911bde776c4c4fec480ceb53aa1ed,20,0.7384491562843323,​seventeen,Gaslight,keshi,Alex Cameron,2019,2019,rb,pop
145119,376aec90cbd034a9ccca0818586da5997f1b364c,87004,6334cb5a289d685ae32d2a0c0fa799541f47aece,1,0.6257892847061157,MOP,Drop Top Wizop Freestyle,Borgore,Gucci Mane,2018,2017,rap,rap
145119,376aec90cbd034a9ccca0818586da5997f1b364c,67841,8cd716fa88e08f4b3f0cbe742ec6aab8e724c52c,2,0.5757075548171997,MOP,Wop,Borgore,Lil Keed,2018,2018,rap,rap
145119,376aec90cbd034a9ccca0818586da5997f1b364c,373941,b54fceead1a36d612ce6201d095f75ed5fd371d3,3,0.5974763035774231,MOP,Top Of Shit,Borgore,Gucci Mane,2018,2021,rap,rap
145119,376aec90cbd034a9ccca0818586da5997f1b364c,220242,dc93d9ad6635833241daa55040f77606e3d64357,4,0.5992717742919922,MOP,Mo Bucks,Borgore,Seezyn,2018,2019,rap,rap
145119,376aec90cbd034a9ccca0818586da5997f1b364c,4101,9a5a6f29c758014870306ce8c42eb134e9ac51dd,5,0.5833035707473755,MOP,Met Gala,Borgore,Gucci Mane,2018,2017,rap,rap
145119,376aec90cbd034a9ccca0818586da5997f1b364c,305413,7d1c04e1cbc7c499937d61bb388cf523eba30ad6,6,0.5660120844841003,MOP,Sautéed Asparagus / Me Time Sauce,Borgore,2 Chainz,2018,2013,rap,misc
145119,376aec90cbd034a9ccca0818586da5997f1b364c,115925,b3b1f550c4efe9b2f39fee49ee532fb73c775a5b,7,0.5514053702354431,MOP,Poppin Bottles,Borgore,Leftcheek and Rightcheek,2018,2017,rap,pop
145119,376aec90cbd034a9ccca0818586da5997f1b364c,220768,032b3f1f6481e82ee2c7451349d814826bb29ea9,8,0.5548853874206543,MOP,Extra,Borgore,Gab3,2018,2017,rap,rap
145119,376aec90cbd034a9ccca0818586da5997f1b364c,308369,9ad6299406db770624650698dc53d6b38a7d9c7f,9,0.5591393113136292,MOP,Top Notch,Borgore,Wintertime,2018,2017,rap,misc
145119,376aec90cbd034a9ccca0818586da5997f1b364c,475027,6a4dfc446a95a0e8d9df6c38d5144a19d1dd7468,10,0.6020861268043518,MOP,We Dont Play That,Borgore,Jim Jones,2018,2015,rap,rap
145119,376aec90cbd034a9ccca0818586da5997f1b364c,327081,3168ce1e7bc55c6d1a9628d1c4f1d8969041d85b,11,0.6251447200775146,MOP,Dark Luv,Borgore,Lil Wop,2018,2018,rap,rap
145119,376aec90cbd034a9ccca0818586da5997f1b364c,230172,150a74b96cd97f82f9797804962733d5d580b324,12,0.586747407913208,MOP,Down,Borgore,Gucci Mane,2018,2015,rap,rap
145119,376aec90cbd034a9ccca0818586da5997f1b364c,283720,8799db3eb0ccba2d2b8441e17fb1d0a9f574de26,13,0.5618181228637695,MOP,Clydesdale,Borgore,Tech N9ne,2018,2021,rap,rap
145119,376aec90cbd034a9ccca0818586da5997f1b364c,356047,0acf6150cd974211bb7096d96a3ea700d580e674,14,0.5654071569442749,MOP,Rich Wop,Borgore,Rich The Kid,2018,2018,rap,rap
145119,376aec90cbd034a9ccca0818586da5997f1b364c,455065,ffa89b1593b7dee76570c29a58b73c013f00a6ff,15,0.5545518398284912,MOP,Freight Train,Borgore,Nitro (American Band),2018,1989,rap,pop
145119,376aec90cbd034a9ccca0818586da5997f1b364c,49306,6199f50b9a903d77ca3cdb50dd5b720a0c36d21e,16,0.5615052580833435,MOP,Top Back Remix,Borgore,T.I.,2018,2006,rap,rap
145119,376aec90cbd034a9ccca0818586da5997f1b364c,52709,1db220f46ba674598b84ed58afa55348d9abdc64,17,0.5729520916938782,MOP,5 Million Intro,Borgore,Gucci Mane,2018,2017,rap,rap
145119,376aec90cbd034a9ccca0818586da5997f1b364c,415637,4cde289f4ab597b3e6bd09d020bd2f80b1e85ed4,18,0.594030499458313,MOP,Drop Top,Borgore,Swagger Rite,2018,2019,rap,rap
145119,376aec90cbd034a9ccca0818586da5997f1b364c,412879,de9adda2f040de291ddb657d11f2b6af54bf6641,19,0.5720971822738647,MOP,The Roots is Comin,Borgore,The Roots,2018,1993,rap,rap
145119,376aec90cbd034a9ccca0818586da5997f1b364c,303166,f9330e4f050a53135231102c6bbe450082f0c1d9,20,0.5766857862472534,MOP,BEEP,Borgore,Bino Rideaux,2018,2020,rap,rap
337492,ef37582ec262eb00e86bdca53a1f9f0e698a3096,245442,48472142b6ef0fea45dab6ac2cb8aec800ee10ab,1,0.8399463295936584,Graceful Dancing,Drown So I Can Watch,Blue October,The Twilight Sad,2009,2014,rock,rock
337492,ef37582ec262eb00e86bdca53a1f9f0e698a3096,135174,9cf39ca533f49b3bbad549d14a8e2b2edc97d363,2,0.7901649475097656,Graceful Dancing,​​voice memo 1: ALONE PART 3,Blue October,XXXTENTACION,2009,2019,rock,rap
337492,ef37582ec262eb00e86bdca53a1f9f0e698a3096,360398,b51df7cc777dc04dfd9783ec81fa5ea70f887bbd,3,0.8041293025016785,Graceful Dancing,Shoulder Charge,Blue October,Jesca Hoop,2009,2019,rock,pop
337492,ef37582ec262eb00e86bdca53a1f9f0e698a3096,305218,615103eb185c3329b52aec23891c22a31625f184,4,0.7612059712409973,Graceful Dancing,Cold Shoulder,Blue October,Garth Brooks,2009,1991,rock,country
337492,ef37582ec262eb00e86bdca53a1f9f0e698a3096,228186,3d871c48a21419dc97646b338e85e4d0048f6178,5,0.8033151030540466,Graceful Dancing,Da Hui,Blue October,The Offspring,2009,2003,rock,rock
337492,ef37582ec262eb00e86bdca53a1f9f0e698a3096,146138,f1ee709b5d63e6bb777c6bb9ee220c5caa44831f,6,0.8033151030540466,Graceful Dancing,Two Extra Pumps of Bliss,Blue October,Enjoy,2009,2016,rock,rock
337492,ef37582ec262eb00e86bdca53a1f9f0e698a3096,395779,c876b438f98d3093325a699a172e1e85f777e610,7,0.8033151030540466,Graceful Dancing,Faint of Heart,Blue October, The Strike,2009,2016,rock,pop
337492,ef37582ec262eb00e86bdca53a1f9f0e698a3096,330665,e255877bb75cb5ae901cef44c80417f1b7b5e505,8,0.8033151030540466,Graceful Dancing,Mandala,Blue October,Fly Project,2009,2010,rock,pop
337492,ef37582ec262eb00e86bdca53a1f9f0e698a3096,458622,b364e3b7e9b36a885e7b6c52476dbf045dd32df6,9,0.8033151030540466,Graceful Dancing,Over Your Shoulder,Blue October,Dinosaur Jr.,2009,1994,rock,rock
337492,ef37582ec262eb00e86bdca53a1f9f0e698a3096,124168,5235dd5e48041f3e5cf6947c789098f7030753fe,10,0.8033151030540466,Graceful Dancing,Low Shoulder,Blue October,Toro y Moi,2009,2010,rock,pop
337492,ef37582ec262eb00e86bdca53a1f9f0e698a3096,274433,0ec21162802c5bf95c37f0df3eb4e1b2bea6d468,11,0.8033151030540466,Graceful Dancing,Porno Witch,Blue October,Devil's Witches,2009,2019,rock,rock
337492,ef37582ec262eb00e86bdca53a1f9f0e698a3096,50069,044c1ae12487d66f1626bfd35c9a32cef3d5ce72,12,0.802469789981842,Graceful Dancing,Dont Talk Put Your Head on My Shoulder,Blue October,The Beach Boys,2009,1966,rock,pop
337492,ef37582ec262eb00e86bdca53a1f9f0e698a3096,412612,dc6ae4db65978d7863660a4eeca50a5753373226,13,0.802469789981842,Graceful Dancing,Dont Talk,Blue October,The Beach Boys,2009,2015,rock,pop
337492,ef37582ec262eb00e86bdca53a1f9f0e698a3096,306536,bbeb771c4f4bda2324dd993cc419c88586ab4b58,14,0.8011133670806885,Graceful Dancing,Burn,Blue October,Lpsley,2009,2015,rock,pop
337492,ef37582ec262eb00e86bdca53a1f9f0e698a3096,474821,ed8d09f0000ea699affb7d82bc7cb3f129ee793b,15,0.8004493117332458,Graceful Dancing,Over My Shoulder,Blue October,Jessie Matthews,2009,2017,rock,pop
337492,ef37582ec262eb00e86bdca53a1f9f0e698a3096,462213,4d32cd681d0aad04721199b077e614d9daa1a3ab,16,0.7995978593826294,Graceful Dancing,Palms Backside,Blue October,Toothless,2009,2016,rock,pop
337492,ef37582ec262eb00e86bdca53a1f9f0e698a3096,24179,8660d8816a497471b83f5f07c02d06cc6bf21f3b,17,0.7981902360916138,Graceful Dancing,Shoulder Lean,Blue October,Young Dro,2009,2006,rock,rap
337492,ef37582ec262eb00e86bdca53a1f9f0e698a3096,318619,cae6653ba476f696c1034fa6e85cd5bb2876c788,18,0.7390552163124084,Graceful Dancing,A Shoulder to Cry On,Blue October,Tommy Page,2009,1989,rock,pop
337492,ef37582ec262eb00e86bdca53a1f9f0e698a3096,420959,62e1b376f2ebf0dc0a91b67a97c7acd41264c133,19,0.7955263257026672,Graceful Dancing,Make the World Go Away,Blue October,Mickey Gilley,2009,2015,rock,pop
337492,ef37582ec262eb00e86bdca53a1f9f0e698a3096,131330,fb0035ef2c1940ceafcab3e9658ab20f9d7c9515,20,0.7926782965660095,Graceful Dancing,Look over your shoulder,Blue October,The Escorts,2009,1973,rock,pop
15892,b21471aa59b7e1f63b829ac96bfc0abbb3e67579,204817,5ffb05b0382f75a231f9524989577c357d3ff523,1,0.860891580581665,Thats Life,Benji The Dog That’s Life Demo,88-Keys,Mac Miller,2019,2019,rap,rap
15892,b21471aa59b7e1f63b829ac96bfc0abbb3e67579,331114,d08c622a8c9d7bf233cd54322e06c85da3b6bde5,2,0.39439716935157776,Thats Life,TSUNAMI,88-Keys,Aries,2019,2018,rap,pop
15892,b21471aa59b7e1f63b829ac96bfc0abbb3e67579,73363,9df8161248d1185856f0fbdd8d3caaf540755486,3,0.2852730453014374,Thats Life,Youth Dem Cold,88-Keys,Richie Spice,2019,2007,rap,rock
15892,b21471aa59b7e1f63b829ac96bfc0abbb3e67579,487816,77ddf9b893e5fb6eb0655e74facaff482f63c94c,4,0.31945356726646423,Thats Life,Forgive,88-Keys,Sharks In Your Mouth,2019,2018,rap,rock
15892,b21471aa59b7e1f63b829ac96bfc0abbb3e67579,160470,b9ba13a4546598aeb5ba9f540567072876010a5e,5,0.3377501368522644,Thats Life,The Air I Breathe Vocal Version,88-Keys,Richard Durand,2019,2018,rap,pop
15892,b21471aa59b7e1f63b829ac96bfc0abbb3e67579,34230,0b5b8a38eda28cf3982041ff4c2259a0917ce511,6,0.303663969039917,Thats Life,Ive Got All This Ringing in My Ears and None On My Fingers,88-Keys,Fall Out Boy,2019,2007,rap,rock
15892,b21471aa59b7e1f63b829ac96bfc0abbb3e67579,8864,30c3a3a0ffb947f9c2cfcf76457424097a597092,7,0.3292253613471985,Thats Life,Baby You Make Me Crazy,88-Keys,Sam Smith,2019,2017,rap,pop
15892,b21471aa59b7e1f63b829ac96bfc0abbb3e67579,383267,50f85f9f0ef163742b94e6415507d3ed7b467012,8,0.3130715787410736,Thats Life,Rubberband,88-Keys,Show Me the Body,2019,2021,rap,rock
15892,b21471aa59b7e1f63b829ac96bfc0abbb3e67579,102464,4aa8b1deaae67aba955eeec497478d55dc87c580,9,0.3681654930114746,Thats Life,Silver Lining,88-Keys,Neck Deep,2019,2012,rap,rock
15892,b21471aa59b7e1f63b829ac96bfc0abbb3e67579,495928,a3a18f24381e8fb7b19f0ce404d75c932cbe0563,10,0.3746694326400757,Thats Life,Standing Ovation,88-Keys,Babyface,2019,2015,rap,rb
15892,b21471aa59b7e1f63b829ac96bfc0abbb3e67579,355103,5479b99feb65d2605521f98bcadba5a5f0f3e838,11,0.35137781500816345,Thats Life,Heartbreaker,88-Keys,Eighty Ninety,2019,2016,rap,pop
15892,b21471aa59b7e1f63b829ac96bfc0abbb3e67579,50118,8fa2e773e0c34b8dfed58c20bf454f941b96fd36,12,0.35049551725387573,Thats Life,Honey,88-Keys,Moose Blood,2019,2016,rap,rock
15892,b21471aa59b7e1f63b829ac96bfc0abbb3e67579,393074,d844bf4cd7f65d78e05af9e077ab3f6c8bb48abe,13,0.28419432044029236,Thats Life,Party Remix,88-Keys,JP Cooper,2019,2016,rap,pop
15892,b21471aa59b7e1f63b829ac96bfc0abbb3e67579,439054,52c2f0dc496d397e666d96745a4882fa58c60992,14,0.25753098726272583,Thats Life,Funk Wave,88-Keys,Reece Brunke,2019,2019,rap,rap
15892,b21471aa59b7e1f63b829ac96bfc0abbb3e67579,246533,00bcbd98e0c29965a6b03701058b565961077965,15,0.27407026290893555,Thats Life,Im Canadian,88-Keys,Blue Blob (YT),2019,2020,rap,pop
15892,b21471aa59b7e1f63b829ac96bfc0abbb3e67579,375302,5c97c5a176925b9ef881caef055e4ad23a770c79,16,0.3126690983772278,Thats Life,Partly Sorry,88-Keys,Tipling Rock,2019,2019,rap,pop
15892,b21471aa59b7e1f63b829ac96bfc0abbb3e67579,132306,dea7ac7afc2a52abb10d83f51e669fbcb8307831,17,0.28182610869407654,Thats Life,Things,88-Keys,Oddisee,2019,2016,rap,rap
15892,b21471aa59b7e1f63b829ac96bfc0abbb3e67579,420351,d53e20692808aa95804cb21b83c03835222b9e24,18,0.26610276103019714,Thats Life,Cold Truth,88-Keys,Terror,2019,2013,rap,rock
15892,b21471aa59b7e1f63b829ac96bfc0abbb3e67579,318019,e640a5ab2203934e2b1145f40c24c02de68de034,19,0.2885894775390625,Thats Life,The Horrible Year,88-Keys,Reggie and the Full Effect,2019,2017,rap,pop
15892,b21471aa59b7e1f63b829ac96bfc0abbb3e67579,358673,7c0bcb807539bf8e59f63adb0245318678bc5432,20,0.2722330689430237,Thats Life,Love Bullet,88-Keys,Yo Trane,2019,2021,rap,rb
511949,3d74d353aa5e46fabe6d222ef477739031120f29,14830,331d803cab2532680a15a571363e8995d4afe9e5,1,0.7087877988815308,Dont Turn The Lights Off,Glitter,Joshua Turchin,070 Shake,2022,2018,pop,rap
511949,3d74d353aa5e46fabe6d222ef477739031120f29,26077,8252a01a408c06ef818ab30ba76267a571df4238,2,0.6781224012374878,Dont Turn The Lights Off,What Would I Do?,Joshua Turchin,2016 Broadway Cast of Falsettos,2022,2016,pop,pop
511949,3d74d353aa5e46fabe6d222ef477739031120f29,337429,16d92df6ceecdefd42534c4b4606a9f6ecbb6f69,3,0.6522329449653625,Dont Turn The Lights Off,Old Friend,Joshua Turchin,EarlyRise,2022,2011,pop,rock
511949,3d74d353aa5e46fabe6d222ef477739031120f29,253672,fa31eb84e9429fcd6c8e6241f9e428ef112ec2a1,4,0.6630815267562866,Dont Turn The Lights Off,Someone To Care,Joshua Turchin,Rose Maddox,2022,2015,pop,pop
511949,3d74d353aa5e46fabe6d222ef477739031120f29,263685,3a95b911901efa692c6e4a23cced85338ad18a01,5,0.678825855255127,Dont Turn The Lights Off,My Forever Friend,Joshua Turchin,Daniel O'Donnell,2022,1998,pop,pop
511949,3d74d353aa5e46fabe6d222ef477739031120f29,198747,a6e1ce4f19721f260241e32a46a51455ad4b55d8,6,0.6297973394393921,Dont Turn The Lights Off,Goodnight My Friend,Joshua Turchin,Cast of Galavant,2022,2015,pop,pop
511949,3d74d353aa5e46fabe6d222ef477739031120f29,117380,6a8c61af9a7c3def2929054b94ae9e553279cac9,7,0.621397852897644,Dont Turn The Lights Off,Best Friend,Joshua Turchin,Toy-Box,2022,1998,pop,pop
511949,3d74d353aa5e46fabe6d222ef477739031120f29,330443,1b39bcd6cdb6959fd3aca7c9c1c2d23654346722,8,0.6525793671607971,Dont Turn The Lights Off,Dont Go Away,Joshua Turchin,The Beths,2022,2020,pop,rock
511949,3d74d353aa5e46fabe6d222ef477739031120f29,257246,dd34ec08332294bad99dc2e280e626ad74561962,9,0.6469728946685791,Dont Turn The Lights Off,Best Friend,Joshua Turchin,"Taylor Trensch, Alice Lee",2022,2017,pop,pop
511949,3d74d353aa5e46fabe6d222ef477739031120f29,346153,d3db594a7f7cb164b5a85255a01f3cbb0534745f,10,0.6383565664291382,Dont Turn The Lights Off,Hulkster In Heaven,Joshua Turchin,Hulk Hogan and the Wrestling Boot Band,2022,1995,pop,rap
511949,3d74d353aa5e46fabe6d222ef477739031120f29,478794,1e2f709cca118820d5e1e36dea911c217ff77de2,11,0.660342276096344,Dont Turn The Lights Off,In times like these,Joshua Turchin,Mavis Staples,2022,2004,pop,pop
511949,3d74d353aa5e46fabe6d222ef477739031120f29,57162,0ac4eff21e36cf660896b3ee462f3d9630e97429,12,0.648277223110199,Dont Turn The Lights Off,Daves Song,Joshua Turchin,Whitney,2022,2016,pop,rock
511949,3d74d353aa5e46fabe6d222ef477739031120f29,466563,95f5b9486bcaf739beb470f4e2013bee2f06c9c4,13,0.6298139095306396,Dont Turn The Lights Off,Common Man by The Blasters,Joshua Turchin,The Blasters,2022,2015,pop,pop
511949,3d74d353aa5e46fabe6d222ef477739031120f29,214379,a2cc30c6f47a9991424e222cd6cfce748725bc86,14,0.6604518890380859,Dont Turn The Lights Off,Dear Best Friend,Joshua Turchin,MIDIFlexx,2022,2016,pop,rap
511949,3d74d353aa5e46fabe6d222ef477739031120f29,252024,7cc45f7cea5207398a424af3cd894d9efc3a5ebd,15,0.637088418006897,Dont Turn The Lights Off,Go BestFriend 2.0,Joshua Turchin,Casanova,2022,2018,pop,rap
511949,3d74d353aa5e46fabe6d222ef477739031120f29,105070,0c5be154769f10ec9cc32c77273ab3b5ea21254e,16,0.6655601859092712,Dont Turn The Lights Off,Be My Friend,Joshua Turchin,Pamungkas,2022,2020,pop,pop
511949,3d74d353aa5e46fabe6d222ef477739031120f29,317100,3d902c7eb70e79be2436a636e142c38ad1d62ffa,17,0.6387984752655029,Dont Turn The Lights Off,Best Friends,Joshua Turchin,Cammora,2022,2018,pop,pop
511949,3d74d353aa5e46fabe6d222ef477739031120f29,115645,1c94308a5d05ab50e0f69a31e2490c2a1372f695,18,0.678825855255127,Dont Turn The Lights Off,My Forever Friend,Joshua Turchin,Charlie Landsborough,2022,2000,pop,pop
511949,3d74d353aa5e46fabe6d222ef477739031120f29,359048,bf24ecdcdc3dc0758c3786de78efaff9f3acd667,19,0.6247185468673706,Dont Turn The Lights Off,Imaginary Friend,Joshua Turchin,Night Club,2022,2018,pop,rock
511949,3d74d353aa5e46fabe6d222ef477739031120f29,218799,49034cae6a7aa0dca8c6ee5d8a82e78de64d4dc0,20,0.6576915383338928,Dont Turn The Lights Off,Carry You Home,Joshua Turchin,Ward Thomas,2022,2016,pop,country
40839,dc607f9428fed5386f55b06cc416ed82dbd4003e,11869,fe8721b791eca1ff3c7e01f96b25ca8f375ec4e9,1,0.952824592590332,Waterloo,Waterloo,Cast Of Mamma Mia! Here We Go Again,ABBA,2018,1974,pop,pop
40839,dc607f9428fed5386f55b06cc416ed82dbd4003e,275678,b0710b1f94135eb497269fcf8d4ee0b76fd5d9c0,2,0.9399750232696533,Waterloo,Waterloo,Cast Of Mamma Mia! Here We Go Again,Cher,2018,2018,pop,pop
40839,dc607f9428fed5386f55b06cc416ed82dbd4003e,405970,d04b44b2780af62f824b67aaa691d6935d906552,3,0.6684538125991821,Waterloo,Already Gone,Cast Of Mamma Mia! Here We Go Again,Powderfinger,2018,1999,pop,rock
40839,dc607f9428fed5386f55b06cc416ed82dbd4003e,292480,ead316edefa0ea8b99baa9a0b58bc8327ff0e2a8,4,0.5453277230262756,Waterloo,Conquer the World,Cast Of Mamma Mia! Here We Go Again,Jessie J,2018,2013,pop,rb
40839,dc607f9428fed5386f55b06cc416ed82dbd4003e,225297,91af69ae71b341197b5684a8c04ae690872324cd,5,0.6008087992668152,Waterloo,Escape,Cast Of Mamma Mia! Here We Go Again,Thirty Seconds to Mars,2018,2009,pop,rock
40839,dc607f9428fed5386f55b06cc416ed82dbd4003e,501008,8159de253d9ad92860886492970d8984d951b88c,6,0.5395293831825256,Waterloo,Is It Worth Being Sad,Cast Of Mamma Mia! Here We Go Again,Meg Mac,2018,2022,pop,pop
40839,dc607f9428fed5386f55b06cc416ed82dbd4003e,211958,d86ab0269b96be727f43b40ab16907148031742e,7,0.5567157864570618,Waterloo,Limbo,Cast Of Mamma Mia! Here We Go Again,Sal3m,2018,2019,pop,pop
40839,dc607f9428fed5386f55b06cc416ed82dbd4003e,507822,1c18c8a69f730cf25a7400c5c3bbe7a6fa6d7f8e,8,0.6143749952316284,Waterloo,1000 miles,Cast Of Mamma Mia! Here We Go Again,Jaron (Jaron Steele),2018,2022,pop,pop
40839,dc607f9428fed5386f55b06cc416ed82dbd4003e,256291,836ff659f39b156df3475c1d9cb599546e8326d5,9,0.5367519855499268,Waterloo,Everyone Looks So Good from Here,Cast Of Mamma Mia! Here We Go Again,Underoath,2018,2006,pop,rock
40839,dc607f9428fed5386f55b06cc416ed82dbd4003e,501029,0704c8f52bc2f974c9c65758cfc3859feb3ed04e,10,0.6201193332672119,Waterloo,TIM BURTON,Cast Of Mamma Mia! Here We Go Again,RAEGAN,2018,2022,pop,pop
40839,dc607f9428fed5386f55b06cc416ed82dbd4003e,393471,53968faa5bac15efaff626421005153cd03d6e88,11,0.5003112554550171,Waterloo,Nothing Left to Lose,Cast Of Mamma Mia! Here We Go Again,Point North,2018,2020,pop,rock
40839,dc607f9428fed5386f55b06cc416ed82dbd4003e,164342,667ebf441b69711b4179890c934a5a7740e743c0,12,0.6607223153114319,Waterloo,Far,Cast Of Mamma Mia! Here We Go Again,The Soft Moon,2018,2015,pop,pop
40839,dc607f9428fed5386f55b06cc416ed82dbd4003e,220436,619a413a4e26186302ff8d3277755122600c8b09,13,0.6107116937637329,Waterloo,Taurnado,Cast Of Mamma Mia! Here We Go Again,The Centaurworld Cast,2018,2021,pop,pop
40839,dc607f9428fed5386f55b06cc416ed82dbd4003e,504549,a967f6a60b104890f25a6af38fafb4274cfc5d73,14,0.494083970785141,Waterloo,Hint/My Addiction,Cast Of Mamma Mia! Here We Go Again,SSGKobe,2018,2022,pop,rap
40839,dc607f9428fed5386f55b06cc416ed82dbd4003e,445862,cfa5904dcbcaaa3f8a78b7a16a6725609ba00f47,15,0.6056500673294067,Waterloo,Live Convinced,Cast Of Mamma Mia! Here We Go Again,As Cities Burn,2018,2019,pop,rock
40839,dc607f9428fed5386f55b06cc416ed82dbd4003e,356471,7ffe22fd9fc437a796a53b02de1261832bce1068,16,0.5092294812202454,Waterloo,King of the Castle,Cast Of Mamma Mia! Here We Go Again,ALMA,2018,2020,pop,pop
40839,dc607f9428fed5386f55b06cc416ed82dbd4003e,196012,607409b9d172b05c8492229e8cf2a6fa5a192ba7,17,0.5536552667617798,Waterloo,To Whom It May Concern,Cast Of Mamma Mia! Here We Go Again,Underoath,2018,2006,pop,rock
40839,dc607f9428fed5386f55b06cc416ed82dbd4003e,443125,b707a5da78e81a9b8c7b6719638bd528c0c35c07,18,0.6012148857116699,Waterloo,Turbo Swag,Cast Of Mamma Mia! Here We Go Again,Attack Attack!,2018,2010,pop,rock
40839,dc607f9428fed5386f55b06cc416ed82dbd4003e,488757,ca6eaffd5b8492a4f5171c9c0e0bc421f357695b,19,0.5384693741798401,Waterloo,Son of War,Cast Of Mamma Mia! Here We Go Again,Black Crown Initiate,2018,2020,pop,rock
40839,dc607f9428fed5386f55b06cc416ed82dbd4003e,107261,db5f0795854d6b713aa620aa6e93b04282c5b4cd,20,0.6126796007156372,Waterloo,OVER AGAIN,Cast Of Mamma Mia! Here We Go Again,QUIN,2018,2016,pop,pop
394520,ab8bde728950bb65b4a12561b1b14934a3c92b41,35045,6561c017854b61b8136644b3138dcc01cf49ff98,1,0.49909907579421997,Simulacra,Angry Too,Jonny 5 + Yak,Lola Blanc,2001,2019,rap,pop
394520,ab8bde728950bb65b4a12561b1b14934a3c92b41,359503,d12e3faecc5e6fa1a6e269a612b81d45ef649b09,2,0.32611316442489624,Simulacra,Piggy Knows,Jonny 5 + Yak,Animal Collective,2001,2020,rap,rock
394520,ab8bde728950bb65b4a12561b1b14934a3c92b41,219030,3364bb9bd26a8e1dbd2ddf5099c3e9abbc531e1d,3,0.31716302037239075,Simulacra,Clumsy,Jonny 5 + Yak,Sam Tsui,2001,2018,rap,pop
394520,ab8bde728950bb65b4a12561b1b14934a3c92b41,377898,0cf8a8d2514090a10f8f84119803fa52e9398906,4,0.27272897958755493,Simulacra,Out of the Wardrobe,Jonny 5 + Yak,The Kinks,2001,1978,rap,rock
394520,ab8bde728950bb65b4a12561b1b14934a3c92b41,124183,35bdb762f7e5af88cbea3a0f8c3bc3ac0e1fa753,5,0.3104008734226227,Simulacra,Out of Control,Jonny 5 + Yak,The Rolling Stones,2001,1997,rap,rock
394520,ab8bde728950bb65b4a12561b1b14934a3c92b41,280920,3b70b7cbfad58faf06c7e73149f2db0658dbf689,6,0.430665522813797,Simulacra,​prom post prom etc.,Jonny 5 + Yak,fredo disco,2001,2018,rap,rock
394520,ab8bde728950bb65b4a12561b1b14934a3c92b41,46818,be58a7631b3fe0c5010b91ac02a9cda4d3f56182,7,0.3037374019622803,Simulacra,Pitseleh,Jonny 5 + Yak,Elliott Smith,2001,1998,rap,rock
394520,ab8bde728950bb65b4a12561b1b14934a3c92b41,441225,5bb0d89251e4d07365e9ebc2ff29afafe104724f,8,0.3154512643814087,Simulacra,Angry Anthem,Jonny 5 + Yak,The Forces of Evil,2001,2003,rap,pop
394520,ab8bde728950bb65b4a12561b1b14934a3c92b41,512186,8eedf29b0feb4b18a10b0c5ef7de66e1f0fef715,9,0.4440831243991852,Simulacra,Big Night,Jonny 5 + Yak,Tom Cardy,2001,2022,rap,pop
394520,ab8bde728950bb65b4a12561b1b14934a3c92b41,227229,27b092ed937e550dceec2fc6484861f168e82821,10,0.27056553959846497,Simulacra,Way Down the Line,Jonny 5 + Yak,The Offspring,2001,1997,rap,rock
394520,ab8bde728950bb65b4a12561b1b14934a3c92b41,175051,4b2705da083318719035e7f2789964e8f5031725,11,0.2942734956741333,Simulacra,Dont Wanna Be Torn,Jonny 5 + Yak,Hannah Montana,2001,2009,rap,pop
394520,ab8bde728950bb65b4a12561b1b14934a3c92b41,83298,e42399f2793ad38aefd6ca28e785f25b1b14274f,12,0.3133034408092499,Simulacra,When Youre Mad,Jonny 5 + Yak,Ne-Yo,2001,2006,rap,misc
394520,ab8bde728950bb65b4a12561b1b14934a3c92b41,416591,b9d803c6c79031641c5d37f58b848ff8c14a18e5,13,0.44692766666412354,Simulacra,Wormhole,Jonny 5 + Yak,Mansions (Rock),2001,2011,rap,pop
394520,ab8bde728950bb65b4a12561b1b14934a3c92b41,341381,275aec876865b2cb04518210f2991de8b092078f,14,0.4443710744380951,Simulacra,Angry Sex,Jonny 5 + Yak,Young Thug,2001,2012,rap,rap
394520,ab8bde728950bb65b4a12561b1b14934a3c92b41,62842,7b2048690ed14bb5c35a2631d2c388e7cf1623f8,15,0.34421685338020325,Simulacra,Forever Dumb,Jonny 5 + Yak,Surf Curse,2001,2013,rap,rock
394520,ab8bde728950bb65b4a12561b1b14934a3c92b41,498089,409f527642b72f0b9f7afd9661fdebd365008cba,16,0.27418839931488037,Simulacra,The Bottle,Jonny 5 + Yak,Blossom Caldarone,2001,2017,rap,pop
394520,ab8bde728950bb65b4a12561b1b14934a3c92b41,333561,96981382c2952d4a67c8eab711e9c4f757534861,17,0.29520589113235474,Simulacra,I Kissed a Boy,Jonny 5 + Yak,Eminem,2001,2008,rap,rap
394520,ab8bde728950bb65b4a12561b1b14934a3c92b41,21879,88461936339a3a2b1d0fc20d62d7f84cbdd039b9,18,0.32343438267707825,Simulacra,Him Or Me,Jonny 5 + Yak,Chris Brown,2001,2017,rap,rb
394520,ab8bde728950bb65b4a12561b1b14934a3c92b41,50115,ad7ce5d5c3950b73d3ae6f45c8cdbc13d9eee2e5,19,0.38231492042541504,Simulacra,Voicemail,Jonny 5 + Yak,Poppy,2001,2019,rap,pop
394520,ab8bde728950bb65b4a12561b1b14934a3c92b41,345375,3d761f29eac4174324b144f62e838d1843551ab3,20,0.274713397026062,Simulacra,Bruised Orange Chain of Sorrow,Jonny 5 + Yak,Bon Iver,2001,2012,rap,pop
156751,5187d21931817c045d0d2e80f3648575451165ca,509783,bc1358c1cfe0f9bf9465a53e3a225881ba0dfea6,1,0.5385553240776062,Tasting Purple,Keyon Interlude,Skooly,Samm Henshaw,2017,2022,rap,rb
156751,5187d21931817c045d0d2e80f3648575451165ca,493781,88b982175ffe833bd6d308b9bfb1125132e45cfc,2,0.46470382809638977,Tasting Purple,Ghetto Gospel,Skooly,Smoove'L,2017,2020,rap,rap
156751,5187d21931817c045d0d2e80f3648575451165ca,449686,5d632dcfd815b066bd91959b97d0112d84a59129,3,0.45540010929107666,Tasting Purple,Shes Got Me,Skooly,Mark Ronson,2017,2003,rap,pop
156751,5187d21931817c045d0d2e80f3648575451165ca,8447,07a237ab92e8ca488e6dc0fa3a7dddffe317ad7d,4,0.49682432413101196,Tasting Purple,Im Gonna Be,Skooly,Post Malone,2017,2019,rap,rap
156751,5187d21931817c045d0d2e80f3648575451165ca,250796,4d64641d7047dfe8ab512e6d70ffb2a53d24a93c,5,0.4677863121032715,Tasting Purple,Damn Right,Skooly,Lazy J,2017,2019,rap,rap
156751,5187d21931817c045d0d2e80f3648575451165ca,383502,08082d05cee049d88697bf68d9de2b09a8d3938e,6,0.4254031181335449,Tasting Purple,Whats Up,Skooly,Xscape,2017,2005,rap,rb
156751,5187d21931817c045d0d2e80f3648575451165ca,317183,a7cc40b52ba32d909bc378ce82d98628692579f6,7,0.420162171125412,Tasting Purple,Famous,Skooly,Lady A,2017,2017,rap,country
156751,5187d21931817c045d0d2e80f3648575451165ca,174238,d7115e1f8f23afd70bc36d1024e9814e6c627063,8,0.44842174649238586,Tasting Purple,Russian,Skooly,Gucci Mane,2017,2015,rap,rap
156751,5187d21931817c045d0d2e80f3648575451165ca,145101,3478bcbb0e8461aba8d9cad059e8c63554bb6fd6,9,0.4737475514411926,Tasting Purple,Ten Four,Skooly,BLAKE,2017,2017,rap,rap
156751,5187d21931817c045d0d2e80f3648575451165ca,196801,dad739262aa4bebd643896dc2f177b3dda75c00c,10,0.4538414478302002,Tasting Purple,What Would You Do,Skooly,Mook TBG,2017,2016,rap,rap
156751,5187d21931817c045d0d2e80f3648575451165ca,84199,765ef263a7628ddb9d4df1604c88521c9a8439a3,11,0.5170841217041016,Tasting Purple,Hold Me Down,Skooly,Mansionair,2017,2014,rap,misc
156751,5187d21931817c045d0d2e80f3648575451165ca,316148,c875cef3b4acda1d5851dd04aa2d5a1aae90c1e6,12,0.47164037823677063,Tasting Purple,You Cant Cut Me,Skooly,Xavier Wulf,2017,2013,rap,rap
156751,5187d21931817c045d0d2e80f3648575451165ca,136995,1a4ecabb7810f87f8d0d553d32800f5eabd3d2fa,13,0.493185818195343,Tasting Purple,Hokay Hokay Hokay,Skooly,Slug  Christ,2017,2015,rap,rap
156751,5187d21931817c045d0d2e80f3648575451165ca,323934,87fb19b384ad34b725b109937f9a9731f7676119,14,0.45066171884536743,Tasting Purple,Insecure,Skooly,Billy Bueffer,2017,2019,rap,pop
156751,5187d21931817c045d0d2e80f3648575451165ca,198593,9d30e28e3771c1558e3a0afdb51f27f1d05ee50e,15,0.4306263029575348,Tasting Purple,U Times 2,Skooly,Wintertime,2017,2017,rap,rap
156751,5187d21931817c045d0d2e80f3648575451165ca,100358,64606e97afec262f952f128fd2da3a034588edbb,16,0.43137282133102417,Tasting Purple,DAM DAM DAM,Skooly,JPEGMAFIA,2017,2021,rap,rap
156751,5187d21931817c045d0d2e80f3648575451165ca,110465,210e0d6f7c6826dfa10d77fc957abe0de65f6fc2,17,0.4348467290401459,Tasting Purple,Dont Know What Im On,Skooly,Juice WRLD,2017,2019,rap,rap
156751,5187d21931817c045d0d2e80f3648575451165ca,417127,d58d10574a73a088d9fbf0e34df1de03720fb7ee,18,0.44150447845458984,Tasting Purple,WATCH ME,Skooly,BKTHERULA,2017,2021,rap,rap
156751,5187d21931817c045d0d2e80f3648575451165ca,154957,cc889090e4bee5d888c7ec794e7592957de08ac0,19,0.4339960515499115,Tasting Purple,NASCAR,Skooly,Lil Yachty,2017,2016,rap,rap
156751,5187d21931817c045d0d2e80f3648575451165ca,130401,43bec1f4b555c6bd2d67b5c2140d5feb3df0b13e,20,0.4434164762496948,Tasting Purple,Hennessy,Skooly,Jabbar Hakeem,2017,2015,rap,rap
120648,5084a1170da8f13e07bc827648b3ca97ba035c79,4664,95f24fef649e4bac155cf477280b736933683fa7,1,0.8934008479118347,Party Like Its Your Birthday,Ratchet Happy Birthday,Studio Killers,Drake,2018,2018,pop,rap
120648,5084a1170da8f13e07bc827648b3ca97ba035c79,459131,3a9b168171d88cb222298822aa6866e9570090f7,2,0.8915916085243225,Party Like Its Your Birthday,Ratchet Happy Birthday,Studio Killers,Lights,2018,2018,pop,rb
120648,5084a1170da8f13e07bc827648b3ca97ba035c79,491556,b4ec67936a3f0d85257f42e436c3c523e588de37,3,0.802691638469696,Party Like Its Your Birthday,The Search for Cherry Red,Studio Killers,The Kills,2018,2003,pop,pop
120648,5084a1170da8f13e07bc827648b3ca97ba035c79,143974,bcdcf79032298d863a948003c0d7f50d63a0b980,4,0.8259241580963135,Party Like Its Your Birthday,Birthday Cake,Studio Killers,Davido,2018,2020,pop,pop
120648,5084a1170da8f13e07bc827648b3ca97ba035c79,133563,f5ddb39eadf66bb4e0f5ce31357ef9c0be425831,5,0.7726413011550903,Party Like Its Your Birthday,Happy Birthday,Studio Killers,DJ Bobo,2018,1998,pop,pop
120648,5084a1170da8f13e07bc827648b3ca97ba035c79,300517,b72b60713df4b575ddc68be97a1ac0daa54075a1,6,0.8326961994171143,Party Like Its Your Birthday,Birthday Vocal Mix,Studio Killers,Boys Noize,2018,2016,pop,pop
120648,5084a1170da8f13e07bc827648b3ca97ba035c79,435321,5b92ca09fe7cec39760405dc319a330a3e062303,7,0.8247652649879456,Party Like Its Your Birthday,Birthday Cash Cash Remix,Studio Killers,Katy Perry,2018,2014,pop,pop
120648,5084a1170da8f13e07bc827648b3ca97ba035c79,499996,46342c131b0b2d80af526ee6ecfa4fa0893ff040,8,0.7591257691383362,Party Like Its Your Birthday,Birthday girl,Studio Killers,FLETCHER,2018,2022,pop,pop
120648,5084a1170da8f13e07bc827648b3ca97ba035c79,171398,1e3a89784fbd95a38ebbfd12904079103ae0f9c3,9,0.8289464116096497,Party Like Its Your Birthday,Birthday Party,Studio Killers,NCT U,2018,2021,pop,pop
120648,5084a1170da8f13e07bc827648b3ca97ba035c79,89579,b957f6c29c7e69afd9be039b65d8135422b96666,10,0.8115187287330627,Party Like Its Your Birthday,Happy Birthday,Studio Killers,Krizz Kaliko,2018,2009,pop,rap
120648,5084a1170da8f13e07bc827648b3ca97ba035c79,247867,ad62096ee0359f88fdd9dfb8d956575ea55040c3,11,0.8210781812667847,Party Like Its Your Birthday,Its Yo Birthday,Studio Killers,The-Dream,2018,2017,pop,rb
120648,5084a1170da8f13e07bc827648b3ca97ba035c79,320898,a67380c192f568e5145ad1dd449f05aea924ea60,12,0.8153228163719177,Party Like Its Your Birthday,Birthday Fuck Birthday Sex Remix,Studio Killers,Jeremih,2018,2009,pop,rb
120648,5084a1170da8f13e07bc827648b3ca97ba035c79,155605,df81c1fe6d4b19ea9ee16a63ffcbe8d31786b2fc,13,0.8235386610031128,Party Like Its Your Birthday,Birthday,Studio Killers,Usher & Zaytoven,2018,2018,pop,rb
120648,5084a1170da8f13e07bc827648b3ca97ba035c79,174332,7f533b70610b40ded29309bb31783d3d63a771ee,14,0.8218082189559937,Party Like Its Your Birthday,Its Your Birthday,Studio Killers,R. Kelly,2018,2004,pop,rb
120648,5084a1170da8f13e07bc827648b3ca97ba035c79,265661,d2784e2e1f10140fc2c366bc6467082cf51eb187,15,0.8188348412513733,Party Like Its Your Birthday,Happy Birthday to Me,Studio Killers,The Vandals,2018,1995,pop,pop
120648,5084a1170da8f13e07bc827648b3ca97ba035c79,347731,a579b1bf59513501232016b3e4c90c15890fff25,16,0.8128926157951355,Party Like Its Your Birthday,The September Freestyle,Studio Killers,ReasonHD,2018,2013,pop,rap
120648,5084a1170da8f13e07bc827648b3ca97ba035c79,118107,b14d230dfc35ed12fa172b4468a5426537365737,17,0.7891719937324524,Party Like Its Your Birthday,The Birthday Song,Studio Killers,Caroline Konstnar,2018,2019,pop,pop
120648,5084a1170da8f13e07bc827648b3ca97ba035c79,428691,b75e46d92551c999b0c6a854c7330edf0c620752,18,0.8168348073959351,Party Like Its Your Birthday,Birthday Suit,Studio Killers,DUCKWRTH,2018,2021,pop,pop
120648,5084a1170da8f13e07bc827648b3ca97ba035c79,9750,16fb143592ba30c8ef531599c4bbc17233e8c228,19,0.8076435327529907,Party Like Its Your Birthday,Birthday Suit,Studio Killers,The Weeknd,2018,2009,pop,rap
120648,5084a1170da8f13e07bc827648b3ca97ba035c79,489963,0a71c672f6fba5ad194f24fae8518bc8c9047827,20,0.8154388070106506,Party Like Its Your Birthday,Jesus Came To My Birthday Party,Studio Killers,The Middle East,2018,2015,pop,pop
110665,0e61367ecde824386b0ce3e4c9383cacdc8e9227,11135,9bdc2c371878b049a658e94f71418b835644c68c,1,0.4589971899986267,Innocent By Circumstances,Dream,Jackboy,Young Thug,2018,2015,rap,rap
110665,0e61367ecde824386b0ce3e4c9383cacdc8e9227,144421,7cedaa9a6ef6630b9b115c331f1872d15935c3f0,2,0.35501110553741455,Innocent By Circumstances,Innocent,Jackboy,Our Lady Peace,2018,2002,rap,pop
110665,0e61367ecde824386b0ce3e4c9383cacdc8e9227,232943,4abfbaf7f23ee9ac4b1274463eb71aeaf728f767,3,0.3367867171764374,Innocent By Circumstances,Phantom,Jackboy,EMI,2018,2016,rap,rb
110665,0e61367ecde824386b0ce3e4c9383cacdc8e9227,116011,4762d0c3fa2cb566c571b319be5ecb68fc40f9da,4,0.41521698236465454,Innocent By Circumstances,Took Us a Break,Jackboy,Lil' Kim,2018,2017,rap,rap
110665,0e61367ecde824386b0ce3e4c9383cacdc8e9227,321634,649db1908b3f0b8e27ff8a1491456775dcc85eae,5,0.33518651127815247,Innocent By Circumstances,Mouth to Mouth,Jackboy,Enrique Iglesias,2018,2013,rap,pop
110665,0e61367ecde824386b0ce3e4c9383cacdc8e9227,31143,72c3c96268e12346fc11b729d8436ccc7536b62f,6,0.3923959732055664,Innocent By Circumstances,Tortuga,Jackboy,Xavier Wulf,2018,2015,rap,rap
110665,0e61367ecde824386b0ce3e4c9383cacdc8e9227,9421,7950b0ed2d5124db5cd4957164c710c45ce7e737,7,0.3268287479877472,Innocent By Circumstances,Antidope,Jackboy,Migos,2018,2014,rap,rap
110665,0e61367ecde824386b0ce3e4c9383cacdc8e9227,434068,48f660129265749172df95102fe20dd3a9aba34a,8,0.4314826726913452,Innocent By Circumstances,Issa Crime,Jackboy,UnoTheActivist,2018,2021,rap,rap
110665,0e61367ecde824386b0ce3e4c9383cacdc8e9227,156979,a765a2a9d27ffef33b941a501d414b24bdb3f024,9,0.3397800028324127,Innocent By Circumstances,Face 2 Face Pt. 2,Jackboy,Aleksa Safiya,2018,2020,rap,rb
110665,0e61367ecde824386b0ce3e4c9383cacdc8e9227,178584,7ee03ce056ca38a67545ffa2034b916eb02d97d3,10,0.3241458833217621,Innocent By Circumstances,Me Too,Jackboy,Young Kraze,2018,2014,rap,rap
110665,0e61367ecde824386b0ce3e4c9383cacdc8e9227,358368,8876a9619bae4133ae33c2f3fc9fa93c06ea576b,11,0.33153295516967773,Innocent By Circumstances,King Opp,Jackboy,Albee Al,2018,2019,rap,rap
110665,0e61367ecde824386b0ce3e4c9383cacdc8e9227,382347,e93cc627636dc2687f8c16987c6bdba5441fbeee,12,0.33514684438705444,Innocent By Circumstances,Bleed About,Jackboy,EKT 40,2018,2019,rap,rap
110665,0e61367ecde824386b0ce3e4c9383cacdc8e9227,418992,30629d6e144b1ebbde7faadeeed7b523b13a31f7,13,0.32461661100387573,Innocent By Circumstances,Its Ok,Jackboy,Juicy J,2018,2016,rap,rap
110665,0e61367ecde824386b0ce3e4c9383cacdc8e9227,28827,ae0f9c5a67a6e09bd170bf5f52eb02699b48a025,14,0.32584285736083984,Innocent By Circumstances,Go Hard,Jackboy,Kevin Gates,2018,2014,rap,rap
110665,0e61367ecde824386b0ce3e4c9383cacdc8e9227,107611,68f82bbd559239c05116f4916e1400677da18d05,15,0.337791383266449,Innocent By Circumstances,Bones,Jackboy,NateWantsToBattle,2018,2018,rap,rock
110665,0e61367ecde824386b0ce3e4c9383cacdc8e9227,325206,74f1db7c22927d1132e3fbeebe5ccbec0a6d304f,16,0.3777322769165039,Innocent By Circumstances,Love Is a Crime,Jackboy,Anastacia,2018,2002,rap,pop
110665,0e61367ecde824386b0ce3e4c9383cacdc8e9227,310984,4c2853072ce0b78dc37510482f55b7b6c66cf59e,17,0.3189762234687805,Innocent By Circumstances,Penny  Shaq,Jackboy,ALLBLACK,2018,2018,rap,rap
110665,0e61367ecde824386b0ce3e4c9383cacdc8e9227,504050,f0e6d44d4b387cf47db8da6c27402e0d9056f508,18,0.3269440531730652,Innocent By Circumstances,Bag,Jackboy,sgpwes,2018,2022,rap,rap
110665,0e61367ecde824386b0ce3e4c9383cacdc8e9227,19620,7dd1fd89bd955051c6eebe48c5a676f6d4e48316,19,0.379581093788147,Innocent By Circumstances,Bisexual Anthem,Jackboy,Domo Wilson,2018,2019,rap,rap
110665,0e61367ecde824386b0ce3e4c9383cacdc8e9227,285727,81eb789c71b2ee19f416b7ee7685d135544a3608,20,0.30829334259033203,Innocent By Circumstances,J. Dilla Freestyle,Jackboy,Kendrick Lamar,2018,2005,rap,rap
46703,21aed08e8c4737bc53dea229f7ac53721d9b8c0c,15545,5f4c8ea16597e3784f229fc1f4b4465fd1c8e248,1,0.7558335661888123,Dream Team,Thuggin Noise,Niykee Heaton,A$AP Rocky,2016,2012,pop,rap
46703,21aed08e8c4737bc53dea229f7ac53721d9b8c0c,163763,84138f5f0407a78d90d4feb9e1c2f2b60a32fd50,2,0.7165853381156921,Dream Team,Worst Team Ever,Niykee Heaton,Original Off-Broadway Cast of We Are The Tigers,2016,2019,pop,pop
46703,21aed08e8c4737bc53dea229f7ac53721d9b8c0c,515364,b6d23216ec008723e11f545ae8c2eb61e169c320,3,0.7422711849212646,Dream Team,MORT Freestyle - Remix,Niykee Heaton,Dean Blunt,2016,2022,pop,rap
46703,21aed08e8c4737bc53dea229f7ac53721d9b8c0c,932,1db16c2e5abb84614b18d260ffabd19abea446a3,4,0.6272230744361877,Dream Team,Team,Niykee Heaton,Lorde,2016,2013,pop,pop
46703,21aed08e8c4737bc53dea229f7ac53721d9b8c0c,115810,3367b27a3b4b8e54bdd9011557daa3b074b35f6c,5,0.6878708004951477,Dream Team,Maya and Miguel Theme Song,Niykee Heaton,Candi Milo,2016,2018,pop,pop
46703,21aed08e8c4737bc53dea229f7ac53721d9b8c0c,16333,f325fedea7087a287bf0a8c38384004a15e87566,6,0.7274386286735535,Dream Team,Now or Never,Niykee Heaton,High School Musical Cast,2016,2008,pop,pop
46703,21aed08e8c4737bc53dea229f7ac53721d9b8c0c,75170,8c13931dc2dd234d0b241d8d6a21ac2de5cf7367,7,0.7071543335914612,Dream Team,Team Rich,Niykee Heaton,Meek Mill,2016,2017,pop,rap
46703,21aed08e8c4737bc53dea229f7ac53721d9b8c0c,9350,8e6c2b0f62e3a8261e1c8118caf7faaefb3ae0ac,8,0.698405921459198,Dream Team,Yah Mean,Niykee Heaton,Playboi Carti,2016,2017,pop,rap
46703,21aed08e8c4737bc53dea229f7ac53721d9b8c0c,361473,191377cee76ee6b90d82769755e239875b725e11,9,0.6934280395507812,Dream Team,The League,Niykee Heaton,NerdOut,2016,2017,pop,rap
46703,21aed08e8c4737bc53dea229f7ac53721d9b8c0c,196175,abae507f4eb3d0166f733e9b820201036addeb10,10,0.7243518233299255,Dream Team,Neverland,Niykee Heaton,Not3s,2016,2018,pop,rap
46703,21aed08e8c4737bc53dea229f7ac53721d9b8c0c,95052,714b656888c93d3e40c3641bfee235b3a31996ee,11,0.7068871855735779,Dream Team,EUNG FREESTYLE 응프리스타일 ENGLISH,Niykee Heaton,King H,2016,2016,pop,rap
46703,21aed08e8c4737bc53dea229f7ac53721d9b8c0c,30324,00184354fc5dad3142cd4bda3125d490ffbd6cfe,12,0.714691162109375,Dream Team,My Team,Niykee Heaton,Mac Miller,2016,2011,pop,rap
46703,21aed08e8c4737bc53dea229f7ac53721d9b8c0c,50770,07aeae616f7b9ff057c82d30e676c42d16cccdad,13,0.6131165027618408,Dream Team,The Pursuit,Niykee Heaton,Ivan B,2016,2014,pop,rap
46703,21aed08e8c4737bc53dea229f7ac53721d9b8c0c,159090,d8831d7be29ebe91a745261aeda7a61345d9e72b,14,0.7277241349220276,Dream Team,My Team,Niykee Heaton,336 Boyz,2016,2012,pop,rap
46703,21aed08e8c4737bc53dea229f7ac53721d9b8c0c,227011,daf8b285da842cc96ab2d1f15ddcf80c81122276,15,0.7323610782623291,Dream Team,Epic,Niykee Heaton,Machel Montano,2016,2013,pop,pop
46703,21aed08e8c4737bc53dea229f7ac53721d9b8c0c,8759,cffb09def1a0104f40d3dfaf70d82fdc1b338ef8,16,0.7295525074005127,Dream Team,A-Team,Niykee Heaton,Travis Scott,2016,2015,pop,rap
46703,21aed08e8c4737bc53dea229f7ac53721d9b8c0c,75567,ffb54d7b5404dbd688f597ef80e4e8e32f8f76c9,17,0.7106869220733643,Dream Team,With My Team Remix,Niykee Heaton,Lil Mouse,2016,2014,pop,rap
46703,21aed08e8c4737bc53dea229f7ac53721d9b8c0c,67430,4b7c0effef7bbe4768b386a3816d71996eb692ab,18,0.6277992725372314,Dream Team,SameTeam,Niykee Heaton,Swoope,2016,2014,pop,rap
46703,21aed08e8c4737bc53dea229f7ac53721d9b8c0c,265070,bfe3636e306875aba159606176c20f82be0fe9de,19,0.7291970252990723,Dream Team,Higher,Niykee Heaton,Modestep,2016,2017,pop,pop
46703,21aed08e8c4737bc53dea229f7ac53721d9b8c0c,464476,61c37420eaee2416dfb56c501a9291799a9eabc6,20,0.7047331929206848,Dream Team,My Team,Niykee Heaton,T- Mulla [Tipz],2016,2015,pop,rap
409952,db450b5259acbdca35ce805f335d84564bcb4ceb,89675,75855c046d575d211f7670185a640590ed023952,1,1.0,S K A D R E A M,N O  D R E A M,Jeff Rosenstock,Jeff Rosenstock,2021,2020,rock,rock
409952,db450b5259acbdca35ce805f335d84564bcb4ceb,316255,594c0ad8f85467bf89ba24db056c39d4bcbda171,2,0.3653738498687744,S K A D R E A M,​accountable,Jeff Rosenstock,marc indigo,2021,2019,rock,rb
409952,db450b5259acbdca35ce805f335d84564bcb4ceb,229451,65ea873abb723467c01782905c63438b9cdbc864,3,0.3621860444545746,S K A D R E A M,HOMME MADE,Jeff Rosenstock,Lupe Fiasco & Kaelin Ellis,2021,2020,rock,rap
409952,db450b5259acbdca35ce805f335d84564bcb4ceb,71116,f533d2c03467abf74a10b81c2f606634de9cecc0,4,0.3420836627483368,S K A D R E A M,Sleep Awake,Jeff Rosenstock,Mother Mother,2021,2008,rock,pop
409952,db450b5259acbdca35ce805f335d84564bcb4ceb,60949,981279eb1a356bf752a6cf1de2c0fcf06119b01c,5,0.33232593536376953,S K A D R E A M,Crazy Love,Jeff Rosenstock,Future Animals,2021,2018,rock,pop
409952,db450b5259acbdca35ce805f335d84564bcb4ceb,512157,1c753fb072368a39addefcd88ced3774aa52ca4c,6,0.2785167694091797,S K A D R E A M,Drippy,Jeff Rosenstock,Lucy Daydream,2021,2022,rock,pop
409952,db450b5259acbdca35ce805f335d84564bcb4ceb,337682,cc773b03c3e7aef404b3c4cf792e15fd3389810a,7,0.25285768508911133,S K A D R E A M,Its the Greatest Working Class Ripoff,Jeff Rosenstock,Crass,2021,1982,rock,pop
409952,db450b5259acbdca35ce805f335d84564bcb4ceb,331647,936a9b0295ca70cec4c4d9f2194e06c6195cfe27,8,0.3137285113334656,S K A D R E A M,BAG,Jeff Rosenstock,Dave East,2021,2016,rock,rap
409952,db450b5259acbdca35ce805f335d84564bcb4ceb,144645,ba40d13203ec0a86666db7a0c9a3a0751da841d8,9,0.23344363272190094,S K A D R E A M,Celebrity,Jeff Rosenstock,Slayyyter,2021,2019,rock,pop
409952,db450b5259acbdca35ce805f335d84564bcb4ceb,116809,ee16a33a0d597cac1c2e2da2503186a133d28f35,10,0.3009575307369232,S K A D R E A M,The Grey King and the Silver Flame Attunement,Jeff Rosenstock,The Mountain Goats,2021,2017,rock,rock
409952,db450b5259acbdca35ce805f335d84564bcb4ceb,429802,c883a65b89410107b09e35e28aae78566c5e07ba,11,0.36110183596611023,S K A D R E A M,The Argus part 2,Jeff Rosenstock,Ween,2021,2011,rock,pop
409952,db450b5259acbdca35ce805f335d84564bcb4ceb,372581,e4df7c413334963df45ea048e1843410cc7a3a3c,12,0.21023675799369812,S K A D R E A M,Brahms Lullaby,Jeff Rosenstock,Cline Dion,2021,1998,rock,rock
409952,db450b5259acbdca35ce805f335d84564bcb4ceb,513805,f4a4e051da0bd0494fdc941d8d5dcf5db99ca074,13,0.20900438725948334,S K A D R E A M,Skin Alternate Universe Version,Jeff Rosenstock,Beartooth,2021,2022,rock,rock
409952,db450b5259acbdca35ce805f335d84564bcb4ceb,347727,5d00873615788f9a51ad0ad0ca65a332452b7c87,14,0.2564737796783447,S K A D R E A M,Google Self-Driving Car Press Conference Call Transcript,Jeff Rosenstock,Google's Chris Urmson and Ron Medford,2021,2014,rock,misc
409952,db450b5259acbdca35ce805f335d84564bcb4ceb,142470,fa3a72f16d1593244c592569a5f92472afb6ea35,15,0.2192937731742859,S K A D R E A M,Money,Jeff Rosenstock,Choking Victim,2021,1999,rock,rock
409952,db450b5259acbdca35ce805f335d84564bcb4ceb,211370,53f314fd0d067037e713f22276445e34a0f6b40e,16,0.28822916746139526,S K A D R E A M,Lecture 17: How to Build Products Users Love Part II,Jeff Rosenstock,Hosain Rahman,2021,2014,rock,misc
409952,db450b5259acbdca35ce805f335d84564bcb4ceb,185537,62ae84e4ecab7e426242c26f6801e0130d09eddd,17,0.2689644694328308,S K A D R E A M,Rock for Sustainable Capitalism,Jeff Rosenstock,Propagandhi,2021,2005,rock,rock
409952,db450b5259acbdca35ce805f335d84564bcb4ceb,317592,3d5e674c9f5f0107d2376b9226e70e7b0db73a40,18,0.280754029750824,S K A D R E A M,Organic Miracles,Jeff Rosenstock,Larry June & Harry Fraud,2021,2020,rock,rap
409952,db450b5259acbdca35ce805f335d84564bcb4ceb,123223,fcd42f43e15222d62b8e81b1af2a6a2e6c0e933f,19,0.2131803035736084,S K A D R E A M,2013 Jimmy Kimmel Interview Part 1,Jeff Rosenstock,Kanye West,2021,2013,rock,misc
409952,db450b5259acbdca35ce805f335d84564bcb4ceb,253330,90c526f1e9f34706338adf6ac7fd3f5a597e9472,20,0.3164350986480713,S K A D R E A M,Im Still Remembering,Jeff Rosenstock,The Cranberries,2021,1996,rock,rock
126593,58cb22af05b7a527d84430914ee0caa58e26435c,302327,2d8fde95f07a1cb77c92148c3c7d0c8d34b1e88f,1,0.6918622851371765,Slaves Shall Serve,God Is in the House,Behemoth,Hillsong Worship,2004,1996,rock,pop
126593,58cb22af05b7a527d84430914ee0caa58e26435c,247237,6523476dfcae2d5fedc668a13990ed8682870468,2,0.6147602200508118,Slaves Shall Serve,Medley: What A Mighty God We Serve,Behemoth,Bishop T.D. Jakes,2004,1997,rock,pop
126593,58cb22af05b7a527d84430914ee0caa58e26435c,277895,720bd82c5e248dfb29e30c8a7839da9d361e0412,3,0.6423218250274658,Slaves Shall Serve,Im Boomin And Bunkin,Behemoth,OJ da Juiceman,2004,2008,rock,rap
126593,58cb22af05b7a527d84430914ee0caa58e26435c,490856,29f6093b3b53881dfdd97b61926b2033cb170e7b,4,0.6178944110870361,Slaves Shall Serve,Moni Mon Amie,Behemoth,Julia Holter,2004,2012,rock,pop
126593,58cb22af05b7a527d84430914ee0caa58e26435c,332450,4e7fdc9815ea3c87edc0f44235d7557878c6deef,5,0.6728289723396301,Slaves Shall Serve,Me and My House,Behemoth,Heritage Singers,2004,2013,rock,pop
126593,58cb22af05b7a527d84430914ee0caa58e26435c,464509,29b49b23721edcdc0444e7b304fd5db771dfc99a,6,0.46329331398010254,Slaves Shall Serve,Masturbating the War God,Behemoth,Nile,2004,2000,rock,rock
126593,58cb22af05b7a527d84430914ee0caa58e26435c,245867,3b5e3232362deb648a5e9e392c0f938d5a5f961c,7,0.6743757724761963,Slaves Shall Serve,Serve Jah,Behemoth,Luciano Messenjah,2004,2002,rock,pop
126593,58cb22af05b7a527d84430914ee0caa58e26435c,461747,0fa83e7b5ca3b5ccb8606ad63dad9a913c2162bf,8,0.631802499294281,Slaves Shall Serve,Serve The Lord,Behemoth,Carman,2004,2015,rock,pop
126593,58cb22af05b7a527d84430914ee0caa58e26435c,37912,e035df4b516770251f2e17397ee44e8ea0002636,9,0.6790149807929993,Slaves Shall Serve,Get It Ready Ready,Behemoth,DJ Jubilee,2004,2013,rock,rap
126593,58cb22af05b7a527d84430914ee0caa58e26435c,32729,26dc9885a97cf92a633a16015699caf0c98ccabb,10,0.5990249514579773,Slaves Shall Serve,At the Door,Behemoth,Lil Pump,2004,2017,rock,rap
126593,58cb22af05b7a527d84430914ee0caa58e26435c,365360,54535a29f36fba0889ff2f5b66f0ba50719d2972,11,0.6440649032592773,Slaves Shall Serve,Serve,Behemoth,Asha Elia,2004,2018,rock,rb
126593,58cb22af05b7a527d84430914ee0caa58e26435c,409699,8ef5261a8c9aacea6268c9845ab87fb70e57bf01,12,0.6723989248275757,Slaves Shall Serve,Serve The People,Behemoth,Handsome Furs,2004,2011,rock,rock
126593,58cb22af05b7a527d84430914ee0caa58e26435c,83341,0d4b28f1deb6ed613979457a6d64545cc404604f,13,0.6790149807929993,Slaves Shall Serve,Niggas in Paris Freestyle,Behemoth,LeBron James,2004,2013,rock,rap
126593,58cb22af05b7a527d84430914ee0caa58e26435c,159280,c3ad636a51ea282c1fede4fd3578f5517119906b,14,0.6790149807929993,Slaves Shall Serve,The Idler Wheel...,Behemoth,Fiona Apple,2004,2012,rock,misc
126593,58cb22af05b7a527d84430914ee0caa58e26435c,49728,cc0f24197a0eaec4a4d790435fdde8c1cf27c47e,15,0.6790149807929993,Slaves Shall Serve,Hands Away,Behemoth,Interpol,2004,2002,rock,rock
126593,58cb22af05b7a527d84430914ee0caa58e26435c,350637,7795e98cbb08b1404bd9267a6a50af32e7b0d141,16,0.6790149807929993,Slaves Shall Serve,O Brasil...,Behemoth,Alaska Thunderfuck,2004,2016,rock,pop
126593,58cb22af05b7a527d84430914ee0caa58e26435c,311944,ecb95587842adb69f8a4767ac676de20b7d94823,17,0.6790149807929993,Slaves Shall Serve,Tomorrow Is Already Here,Behemoth,Stereolab,2004,1996,rock,pop
126593,58cb22af05b7a527d84430914ee0caa58e26435c,381600,31c0da9112c188aab78e7561dfda49c68e9cf48f,18,0.6790149807929993,Slaves Shall Serve,Sunsets Pt. 1,Behemoth,SG Lewis,2004,2018,rock,pop
126593,58cb22af05b7a527d84430914ee0caa58e26435c,93359,6fbb998eed283fa1e1cfed079ff4208ad0c6591a,19,0.6747826933860779,Slaves Shall Serve,The Serve It Anthem,Behemoth,Tory Lanez,2004,2021,rock,rb
126593,58cb22af05b7a527d84430914ee0caa58e26435c,289350,e09a4bbd46e4ed7d60c294ff2e779921b5c68492,20,0.5470038652420044,Slaves Shall Serve,Painful Reminder,Behemoth,SNFU,2004,1993,rock,pop
225224,cae55410cc0c429502d6a28be177deb8dc644b08,206728,bbb9d0b48b020b48afb9cfce15ef7aa10ebf8231,1,0.8249107003211975,Little Walter,The Skills to Pay the Bills,Tony! Toni! Ton!,Beastie Boys,1988,1992,rb,rap
225224,cae55410cc0c429502d6a28be177deb8dc644b08,499268,033dbbd1ad14ede259853a22dbdeed86eb0e2509,2,0.7941070795059204,Little Walter,Pay The Man,Tony! Toni! Ton!,David Lindley,1988,1981,rb,pop
225224,cae55410cc0c429502d6a28be177deb8dc644b08,379069,96114bad792bb7e812f5351b0d92ae5833f6a65e,3,0.8097335696220398,Little Walter,Pay Me My Money Down,Tony! Toni! Ton!,The Longest Johns,1988,2018,rb,pop
225224,cae55410cc0c429502d6a28be177deb8dc644b08,232912,1052c16424c241bc0d90601a1ceb271bd95efd2d,4,0.8020838499069214,Little Walter,Pay Me,Tony! Toni! Ton!,Shangela,1988,2018,rb,rap
225224,cae55410cc0c429502d6a28be177deb8dc644b08,86818,d04057382c1e0dbca126d7857582d4319f48d927,5,0.8018755316734314,Little Walter,Pay Me My Money Down,Tony! Toni! Ton!,Bruce Springsteen,1988,2006,rb,rock
225224,cae55410cc0c429502d6a28be177deb8dc644b08,302486,1646fece98fd46f10ab70287a1133c1f65fdcd5b,6,0.8004674911499023,Little Walter,A million tomorrows,Tony! Toni! Ton!,Pretty Lights,1988,2015,rb,pop
225224,cae55410cc0c429502d6a28be177deb8dc644b08,313709,0bc417da252d24ea0474bfb8fa0c5b8898f4a10b,7,0.7865620255470276,Little Walter,Broke,Tony! Toni! Ton!,Us The Duo,1988,2018,rb,pop
225224,cae55410cc0c429502d6a28be177deb8dc644b08,178544,f654f294949a867bfb222d9b8afade90a3bbe223,8,0.7911805510520935,Little Walter,Hypocrites,Tony! Toni! Ton!,Korn,1988,2005,rb,rock
225224,cae55410cc0c429502d6a28be177deb8dc644b08,395406,ba2bbd983d2fe218099d5dd74432199de4a62308,9,0.791032612323761,Little Walter,Pay Up,Tony! Toni! Ton!,Nascar Aloe,1988,2020,rb,rap
225224,cae55410cc0c429502d6a28be177deb8dc644b08,478007,a32d2fc17a707195b5acacc268d07bca9e3e1061,10,0.8004674911499023,Little Walter,Another Dimension,Tony! Toni! Ton!,Dillon Francis & NGHTMRE,1988,2017,rb,pop
225224,cae55410cc0c429502d6a28be177deb8dc644b08,253820,6ca08f6a06f46b6150ea17f09184892a49597405,11,0.8004674911499023,Little Walter,Stay Down Till We Come Up Outro,Tony! Toni! Ton!,2 Chainz,1988,2009,rb,rap
225224,cae55410cc0c429502d6a28be177deb8dc644b08,379292,54dd61ec56f1763f9b2500fec7d56cc344066b95,12,0.8004674911499023,Little Walter,I Bet the Trees Are Thinking,Tony! Toni! Ton!,Rudy Francisco,1988,2017,rb,misc
225224,cae55410cc0c429502d6a28be177deb8dc644b08,53106,871cdfceda0c1c917cd7c90894a6af753ac073fb,13,0.8004674911499023,Little Walter,Kenny,Tony! Toni! Ton!,Still Woozy,1988,2021,rb,pop
225224,cae55410cc0c429502d6a28be177deb8dc644b08,310251,9d7851ae2387d9ad636c9a57757c55291f8007ee,14,0.8004674911499023,Little Walter,No Matter What Theme from Pup Academy,Tony! Toni! Ton!,Dakota Lotus,1988,2019,rb,pop
225224,cae55410cc0c429502d6a28be177deb8dc644b08,470370,f1bc6860a1ce605686254ad4b322879b223dea51,15,0.8004674911499023,Little Walter,I Live for That Look,Tony! Toni! Ton!,Dinosaur Jr.,1988,1991,rb,rock
225224,cae55410cc0c429502d6a28be177deb8dc644b08,76813,e0e1af2c0fe30f916e01bec0838f5cbf1e60a749,16,0.8004674911499023,Little Walter,Out of Space,Tony! Toni! Ton!,The Prodigy,1988,1992,rb,rock
225224,cae55410cc0c429502d6a28be177deb8dc644b08,186558,9bdd9249247c92c72f6b32f07e50196f77be997f,17,0.8004674911499023,Little Walter,Overdue,Tony! Toni! Ton!,Muse,1988,1998,rb,rock
225224,cae55410cc0c429502d6a28be177deb8dc644b08,150954,e29ab4e5184fe1a3e81784c411b0b8d08e7c2673,18,0.8004674911499023,Little Walter,Youre Wondering Now,Tony! Toni! Ton!,Amy Winehouse,1988,2006,rb,rock
225224,cae55410cc0c429502d6a28be177deb8dc644b08,148499,2e6a64d1b438a09bad6b0bf125620d1919b9e73e,19,0.799938440322876,Little Walter,Rent,Tony! Toni! Ton!,Lil Peep & iLoveMakonnen,1988,2018,rb,rap
225224,cae55410cc0c429502d6a28be177deb8dc644b08,199261,8add8ed14312f239de714e1e48c83a48941177de,20,0.7992758750915527,Little Walter,BREAK U OFF,Tony! Toni! Ton!,Sonder,1988,2021,rb,rb
285489,a12c3105409d9c6a1d1ab834d463ab7e9134cc21,325703,c2bfff630404c80d2f2fcf86f80cbce7e9f23e48,1,0.8896223902702332,Take A While,HD,Shy Glizzy,Lady,2015,2013,rap,rap
285489,a12c3105409d9c6a1d1ab834d463ab7e9134cc21,13056,1777e205592224f7b4a253dac2f8532e0a7e4a69,2,0.8385103940963745,Take A While,Long Run,Shy Glizzy,Salsalino,2015,2016,rap,rap
285489,a12c3105409d9c6a1d1ab834d463ab7e9134cc21,42489,26e0b4e224e9873ea99f345da7c3b8b8626f6748,3,0.8597854375839233,Take A While,Smoothies in 1991,Shy Glizzy,Larry June,2015,2019,rap,rap
285489,a12c3105409d9c6a1d1ab834d463ab7e9134cc21,513149,f63689f320dd12bfaeaff26a941bf66805424ec6,4,0.8403093218803406,Take A While,BOP,Shy Glizzy,Fredo Bang,2015,2022,rap,rap
285489,a12c3105409d9c6a1d1ab834d463ab7e9134cc21,465487,f5f22a8417400225f76a00254ddaa53963a5640a,5,0.8600251078605652,Take A While,LiLBiTcH,Shy Glizzy,chillpill,2015,2021,rap,rap
285489,a12c3105409d9c6a1d1ab834d463ab7e9134cc21,57129,ec5d147548430540439d490a29b6831b36626bb4,6,0.858549177646637,Take A While,Roll Wit Me,Shy Glizzy,Desiigner,2015,2016,rap,rap
285489,a12c3105409d9c6a1d1ab834d463ab7e9134cc21,280708,c36f18186d51eea316e848f471a2524f79939fe8,7,0.8735703825950623,Take A While,Ty Dolla $ign Checks In Interlude,Shy Glizzy,Mustard,2015,2014,rap,rap
285489,a12c3105409d9c6a1d1ab834d463ab7e9134cc21,501554,ed8428de4f1c7693f3899af0b76b95fb18c48ca4,8,0.8689509630203247,Take A While,12 Gauge Shotty,Shy Glizzy,Lil Pump,2015,2022,rap,rap
285489,a12c3105409d9c6a1d1ab834d463ab7e9134cc21,60819,1cb70a3500f1476ab0536d50132c565b6af7b158,9,0.8474246263504028,Take A While,Ask Your Bitch,Shy Glizzy,Young Dolph,2015,2015,rap,rap
285489,a12c3105409d9c6a1d1ab834d463ab7e9134cc21,64243,021006b7fe4a84c8cefaf859103e3c100a9fafc9,10,0.8649688959121704,Take A While,In This Bitch,Shy Glizzy,G Herbo,2015,2020,rap,rap
285489,a12c3105409d9c6a1d1ab834d463ab7e9134cc21,379083,98087be36a1ee2c41e9b61e68baa3ccf569edf9b,11,0.8299530148506165,Take A While,Aint With That,Shy Glizzy,Lil Pump,2015,2022,rap,rap
285489,a12c3105409d9c6a1d1ab834d463ab7e9134cc21,307400,04b22cebf5e737192d9d55de3b2bb0ed07aa9a10,12,0.8300392627716064,Take A While,Sit in That Corner Bitch,Shy Glizzy,Brotha Lynch Hung,2015,2010,rap,rap
285489,a12c3105409d9c6a1d1ab834d463ab7e9134cc21,282491,c1a61c74fe5bd918f9406a24f71fa55033e09b49,13,0.8632171750068665,Take A While,Tricks,Shy Glizzy,Coi Leray,2015,2019,rap,rap
285489,a12c3105409d9c6a1d1ab834d463ab7e9134cc21,173730,5860bb23a513eb64641459e35f5863a27489db6d,14,0.8511068224906921,Take A While,Bally,Shy Glizzy,Ballout,2015,2013,rap,rap
285489,a12c3105409d9c6a1d1ab834d463ab7e9134cc21,263933,ed9f9add72e932bcc2ad996babf2a99b535e029a,15,0.8496860265731812,Take A While,Break In,Shy Glizzy,Bravo the Bagchaser,2015,2019,rap,rap
285489,a12c3105409d9c6a1d1ab834d463ab7e9134cc21,451460,4326f191440f9b49624d6657ebb851ea13ab6e74,16,0.8341901302337646,Take A While,Philipp Lahm,Shy Glizzy,Spark Master Tape,2015,2017,rap,rap
285489,a12c3105409d9c6a1d1ab834d463ab7e9134cc21,165752,8e415131e45768d7cafeef4899c6a611ba843a27,17,0.838253915309906,Take A While,Tiny Pants,Shy Glizzy,Lil B,2015,2010,rap,rap
285489,a12c3105409d9c6a1d1ab834d463ab7e9134cc21,22407,40a7309628450a1d4d642b38b38d34f8d8ab3fba,18,0.8540715575218201,Take A While,Monta,Shy Glizzy,Post Malone,2015,2016,rap,rap
285489,a12c3105409d9c6a1d1ab834d463ab7e9134cc21,497129,6c6cf56fe431d06d8c7b3162bf463e10ed943925,19,0.8367961645126343,Take A While,Dumb Fine,Shy Glizzy,Gucci Mane,2015,2013,rap,rap
285489,a12c3105409d9c6a1d1ab834d463ab7e9134cc21,111710,14f3bd76c144b7496a179bc448cdba36a27f1d70,20,0.8374549746513367,Take A While,All White Nikes,Shy Glizzy,Internet Money,2015,2022,rap,rap
