query_index,query_song_id,rec_index,rec_song_id,rank,score,query_title,rec_title,query_artist,rec_artist,query_year,rec_year,query_genre,rec_genre
70108,e77b390101fe12212155793e5ae19c9210ace3c5,438014,9ea39f6972d70e7fdae765d75f503390d318957d,1,0.3413369357585907,The General Lee,NCT 2020 : The Past  Future - Ether,Johnny Cash,NCT,1981,2020,country,misc
70108,e77b390101fe12212155793e5ae19c9210ace3c5,261793,21c9cc68c467cf8643aeb5073670ca6d9bf61dba,2,0.33353957533836365,The General Lee,Custer,Johnny Cash,Johnny Cash,1981,1964,country,country
70108,e77b390101fe12212155793e5ae19c9210ace3c5,455870,8dde6b98fd2b75a6aa2a254e28f409f93e6074f7,3,0.3413369357585907,The General Lee,The Singles Song,Johnny Cash,Car Seat Headrest,1981,2010,country,rock
70108,e77b390101fe12212155793e5ae19c9210ace3c5,204201,9350630a8ad6d2a2acad961a3e76e6311d2c904a,4,0.3413369357585907,The General Lee,Alone I cannot be 298,Johnny Cash,Emily Dickinson,1981,2013,country,misc
70108,e77b390101fe12212155793e5ae19c9210ace3c5,443068,5c242f9d403259241f047fd5d7bf2055365b8f66,5,0.29743120074272156,The General Lee,WILD SWANS: Three Daughters of China,Johnny Cash,Jung Chang,1981,2014,country,misc
70108,e77b390101fe12212155793e5ae19c9210ace3c5,442023,ebe9c64b27561d5ee784af48a9ab8a7698e1006d,6,0.2676689922809601,The General Lee,Heater,Johnny Cash,Chase & Status,1981,2018,country,pop
70108,e77b390101fe12212155793e5ae19c9210ace3c5,113449,e206f59a5665ec7361ce3c04ac5012e22614d2a5,7,0.32257652282714844,The General Lee,General,Johnny Cash,Yo Gotti,1981,2016,country,rap
70108,e77b390101fe12212155793e5ae19c9210ace3c5,464343,5f41c6b731ce192cad6c382e6dd7383a67c28beb,8,0.3189751207828522,The General Lee,General Taylor,Johnny Cash,Great Big Sea,1981,2015,country,pop
70108,e77b390101fe12212155793e5ae19c9210ace3c5,342531,43ad8da8fd6852dbf2f15ed552b91717d2f2db0f,9,0.3077983558177948,The General Lee,Macdonnell On The Heights,Johnny Cash,Stan Rogers,1981,1984,country,pop
70108,e77b390101fe12212155793e5ae19c9210ace3c5,334325,24fb608d2f81daf50c7f08d6e7335dd3c62751e1,10,0.31547021865844727,The General Lee,When the Generals Talk,Johnny Cash,Midnight Oil,1981,1984,country,rock
70108,e77b390101fe12212155793e5ae19c9210ace3c5,483267,8e23095c29959c941f39dd365a2770df2a072b4e,11,0.20934832096099854,The General Lee,Something That Produces Results,Johnny Cash,The Early November,1981,2003,country,rock
70108,e77b390101fe12212155793e5ae19c9210ace3c5,498517,46ecca0f76bda9970eb8d38d13baf464e83ac409,12,0.2606475055217743,The General Lee,Brave Son Of America,Johnny Cash,C.W. Stoneking,1981,2008,country,rb
70108,e77b390101fe12212155793e5ae19c9210ace3c5,126423,d382099f53a8cc572be55f8f4003eccd185530d3,13,0.24907957017421722,The General Lee,No Cocaine,Johnny Cash,Alborosie,1981,2009,country,pop
70108,e77b390101fe12212155793e5ae19c9210ace3c5,496730,22012876884bd4c39a564d391a94cb78d6778308,14,0.18410111963748932,The General Lee,Internet Drama Pt. 1,Johnny Cash,U/beyond_matrix,1981,2020,country,pop
70108,e77b390101fe12212155793e5ae19c9210ace3c5,369962,612ec0cef5c1d3531d46103306fdbd6e219ca723,15,0.2547922134399414,The General Lee,The Kite Runner Chapter 12,Johnny Cash,Khaled Hosseini,1981,2003,country,misc
70108,e77b390101fe12212155793e5ae19c9210ace3c5,231817,1c52a884ed958da4f59c4108a71e2e4a7a9bcbe7,16,0.13047894835472107,The General Lee,Pharaohs,Johnny Cash,Tears for Fears,1981,1985,country,pop
70108,e77b390101fe12212155793e5ae19c9210ace3c5,220809,17a32fbe78db9b113a77f6cac888170c1212c97c,17,0.0979963168501854,The General Lee,The Marx-Engels Reader Chap. 1.1: Marx on the History of His Opinions,Johnny Cash,Robert C. Tucker,1981,1978,country,misc
70108,e77b390101fe12212155793e5ae19c9210ace3c5,232841,3d4252fcaff4e86099c896764bb368e79ebbdd0a,18,0.28560298681259155,The General Lee,Slewfoot,Johnny Cash,Armand Hammer,1981,2020,country,rap
70108,e77b390101fe12212155793e5ae19c9210ace3c5,105751,b14118ed52989e1b23fac63e71ddc1a7d5ef4a94,19,0.11336227506399155,The General Lee,Style Bible: ScHoolboy Q,Johnny Cash,Fashion Genius,1981,2014,country,misc
70108,e77b390101fe12212155793e5ae19c9210ace3c5,110383,2ff2ee39a12e10d3a593b091db112cbdac3dfc37,20,0.2927630841732025,The General Lee,Big Bad Sound,Johnny Cash,Chronixx,1981,2017,country,rock
413632,fcad6c466488eaf32327bba209e4a40a323df09c,47974,09c6044ec218f6e5fd0780cc2b5712659f76b426,1,0.14818106591701508,Long Stretch of Love,You Need Me,Lady A,Jacquees,2014,2014,country,rap
413632,fcad6c466488eaf32327bba209e4a40a323df09c,305942,c654ff193bb1393e9df47c6313fd36fc1c5106bc,2,0.11856073141098022,Long Stretch of Love,Until Were Free,Lady A,Corbyn Besson,2014,2014,country,rb
413632,fcad6c466488eaf32327bba209e4a40a323df09c,290171,66a2fcc68c61bc92097c76b189993990f8647701,3,0.04347600042819977,Long Stretch of Love,Waiting,Lady A,Oliver Heldens,2014,2016,country,pop
413632,fcad6c466488eaf32327bba209e4a40a323df09c,174144,c4b2c1508f1dd5c10c213395c3244a860971ca66,4,0.12998512387275696,Long Stretch of Love,Im Still In Love,Lady A,Marcia Aitken,2014,1977,country,rock
413632,fcad6c466488eaf32327bba209e4a40a323df09c,194479,861a6db23838808fe6d9e0017d357e9cd6ef5a2f,5,0.14000199735164642,Long Stretch of Love,Certainly Flipped It,Lady A,Erykah Badu,2014,1997,country,rb
413632,fcad6c466488eaf32327bba209e4a40a323df09c,237155,741a886cf0121b84b6582075a08c608fdfd4f865,6,0.13750293850898743,Long Stretch of Love,Baby Were Gonna Love Tonight,Lady A,Lime,2014,1982,country,pop
413632,fcad6c466488eaf32327bba209e4a40a323df09c,78939,54ce6d4f334767f7fb8284bdae835e4975890928,7,0.08879692852497101,Long Stretch of Love,Love You Down,Lady A,INOJ,2014,1997,country,pop
413632,fcad6c466488eaf32327bba209e4a40a323df09c,7798,f32e46bb470529373a7501981a15eb5ae9eae370,8,0.10131845623254776,Long Stretch of Love,Rude Boy,Lady A,Rihanna,2014,2009,country,pop
413632,fcad6c466488eaf32327bba209e4a40a323df09c,30891,3bfa81275b91a926b284d5f6b04d76d22fa30d5a,9,0.12784001231193542,Long Stretch of Love,Wasnt Looking,Lady A,ELIZA,2014,2017,country,rb
413632,fcad6c466488eaf32327bba209e4a40a323df09c,24774,6d20427a7545f82f0300bd3e364eb763e776e5fd,10,0.071236252784729,Long Stretch of Love,Our Love,Lady A,The Weeknd,2014,2016,country,rap
413632,fcad6c466488eaf32327bba209e4a40a323df09c,425114,9c00b771f49b3538e1530568d7141d010319cd89,11,0.11891742795705795,Long Stretch of Love,Drifting Apart,Lady A,Juke Ross,2014,2019,country,pop
413632,fcad6c466488eaf32327bba209e4a40a323df09c,206988,08923ac99082f09055411e2e58b3302eb23b9127,12,0.08204231411218643,Long Stretch of Love,The Life,Lady A,J-Soul,2014,2017,country,rb
413632,fcad6c466488eaf32327bba209e4a40a323df09c,64853,4b8d0ae5cf7576c7f26537fba15f19f2701a7599,13,0.04347574710845947,Long Stretch of Love,No Use I Just Do,Lady A,Hayley Williams,2014,2021,country,pop
413632,fcad6c466488eaf32327bba209e4a40a323df09c,209529,1636dda1411af2100f5dcb55dbc15fee473ad655,14,0.02017287351191044,Long Stretch of Love,How Will I Know?,Lady A,Lucky Dube,2014,1988,country,pop
413632,fcad6c466488eaf32327bba209e4a40a323df09c,34468,d0a0bc2795cb5438ade1ba9021cea73cd7fa7b21,15,0.10772830247879028,Long Stretch of Love,I Love You,Lady A,Faith Evans,2014,2002,country,rb
413632,fcad6c466488eaf32327bba209e4a40a323df09c,355582,060388f1670419d68e85b743d42d0be8a186fea1,16,0.01784352771937847,Long Stretch of Love,She’s About a Mover,Lady A,The Sir Douglas Quintet,2014,1965,country,rock
413632,fcad6c466488eaf32327bba209e4a40a323df09c,195730,d6806ba1475ceb8811e328283adb4c07ce9a581e,17,0.09177989512681961,Long Stretch of Love,Make Love,Lady A,Keri Hilson,2014,2009,country,rap
413632,fcad6c466488eaf32327bba209e4a40a323df09c,420404,435c09c1dafa7852e08a90f0b44f74b6e8777fe0,18,0.11097157746553421,Long Stretch of Love,My Favourite Position,Lady A,NOVAKAE,2014,2018,country,pop
413632,fcad6c466488eaf32327bba209e4a40a323df09c,179264,3dbde5be9db5dd0dda8d6d1fa97d3950265b16e5,19,0.017843274399638176,Long Stretch of Love,Love Too Deep,Lady A,Ferreck Dawn,2014,2014,country,pop
413632,fcad6c466488eaf32327bba209e4a40a323df09c,394136,b14ad7e98d9705ec74c1647c3fb16a4df0ade5f9,20,0.04152124747633934,Long Stretch of Love,Tellem Intro,Lady A,The Internet,2014,2013,country,rb
72169,4caf07ac74f7e39c9ae70f5d9e512a33bd68287d,404470,4294dfc40d3cbfea8ced73e8dd60d927f1e306b0,1,0.24640494585037231,I Ain’t Marching Anymore,Battle Hymn of Lt. Calley,Phil Ochs,C Company,1965,1971,country,country
72169,4caf07ac74f7e39c9ae70f5d9e512a33bd68287d,260706,a6b3fa75c24ac27ca85b7940f2c92e2a7f8f50b0,2,0.050898946821689606,I Ain’t Marching Anymore,Wizards,Phil Ochs,Gloryhammer,1965,2013,country,rock
72169,4caf07ac74f7e39c9ae70f5d9e512a33bd68287d,493220,a9a3f45a36632045ff5bf2be14073e90b5b5bd59,3,0.0005311034037731588,I Ain’t Marching Anymore,War Paint,Phil Ochs,Devin Dawson,1965,2018,country,country
72169,4caf07ac74f7e39c9ae70f5d9e512a33bd68287d,447559,0a281c11fe9bbeb98c17f6e1aa513c6d3b1f243c,4,0.02445930987596512,I Ain’t Marching Anymore,Red Sleeping Beauty,Phil Ochs,McCarthy,1965,1986,country,pop
72169,4caf07ac74f7e39c9ae70f5d9e512a33bd68287d,268888,8c2f8d45e451c41db8a45ed769cd20834052ec16,5,0.02177753672003746,I Ain’t Marching Anymore,Dancing in the Rain,Phil Ochs,Ruth Lorenzo,1965,2014,country,pop
72169,4caf07ac74f7e39c9ae70f5d9e512a33bd68287d,236373,88b683cbb908ab6ee859477f009cc8688e0d1c88,6,0.020785339176654816,I Ain’t Marching Anymore,War In A Babylon,Phil Ochs,Max Romeo,1965,1976,country,rock
72169,4caf07ac74f7e39c9ae70f5d9e512a33bd68287d,38773,39582c6c8c04b1242defe2f8befe67784fde284b,7,0.02445930987596512,I Ain’t Marching Anymore,Down By The Riverside,Phil Ochs,Mahalia Jackson,1965,1996,country,pop
72169,4caf07ac74f7e39c9ae70f5d9e512a33bd68287d,435274,c26f5f0b4c9941dd465f32e3b1f5b180fe826c59,8,0.026807546615600586,I Ain’t Marching Anymore,The War of 1812,Phil Ochs,Mr. Arnold,1965,2014,country,misc
72169,4caf07ac74f7e39c9ae70f5d9e512a33bd68287d,396139,32fce74946c78e3c7e5bb4155ac162536c573498,9,0.01960894651710987,I Ain’t Marching Anymore,Within You,Phil Ochs,Ray LaMontagne,1965,2006,country,pop
72169,4caf07ac74f7e39c9ae70f5d9e512a33bd68287d,295403,d956cf3cddb05736821f465801509b8e42a48433,10,0.02445930987596512,I Ain’t Marching Anymore,Oh No,Phil Ochs,Jack and Eliza,1965,2015,country,rock
72169,4caf07ac74f7e39c9ae70f5d9e512a33bd68287d,95003,567e8be7a7da572457cdcbec3f23a501e4215c7f,11,0.08062290400266647,I Ain’t Marching Anymore,Missile,Phil Ochs,DOROTHY,1965,2016,country,rock
72169,4caf07ac74f7e39c9ae70f5d9e512a33bd68287d,278490,67ac37101b657a1a25ae94c1f3c9a28eeadcdef3,12,0.02445930987596512,I Ain’t Marching Anymore,Hurry on Sundown,Phil Ochs,Hawkwind,1965,1970,country,rock
72169,4caf07ac74f7e39c9ae70f5d9e512a33bd68287d,54566,f966286ffcd7df05e82488fecd53a19576cb4ea0,13,0.04488064721226692,I Ain’t Marching Anymore,Waiting on a War,Phil Ochs,Foo Fighters,1965,2021,country,rock
72169,4caf07ac74f7e39c9ae70f5d9e512a33bd68287d,265346,f1fca35b4e9f1f6c8c33bbc234da980e5144dcdf,14,0.015226039104163647,I Ain’t Marching Anymore,Paranoid Chant,Phil Ochs,Minutemen,1965,1980,country,rock
72169,4caf07ac74f7e39c9ae70f5d9e512a33bd68287d,453836,24b1a1fe680ae7b08f06c1a08cdc27abd5ebf416,15,0.016266923397779465,I Ain’t Marching Anymore,FBI File,Phil Ochs,Corporate Avenger,1965,2001,country,pop
72169,4caf07ac74f7e39c9ae70f5d9e512a33bd68287d,295863,6ce73b7f66db9d28304b50aeb26660a4e14eb06b,16,0.02489875815808773,I Ain’t Marching Anymore,The War on War,Phil Ochs,Beans On Toast,1965,2014,country,pop
72169,4caf07ac74f7e39c9ae70f5d9e512a33bd68287d,171298,6d1f07ad56b4ee6ddcd88bc56a27922ad8e5dd85,17,0.04445156827569008,I Ain’t Marching Anymore,Elevator,Phil Ochs,The Black Keys,1965,2006,country,rock
72169,4caf07ac74f7e39c9ae70f5d9e512a33bd68287d,167048,75aa526360e221bc1945780334fa1e292f406dbe,18,0.02251206524670124,I Ain’t Marching Anymore,Tribal War,Phil Ochs,Culture,1965,1996,country,pop
72169,4caf07ac74f7e39c9ae70f5d9e512a33bd68287d,259988,037dd42a30a7351aa763345edfd9874977777342,19,0.02399505488574505,I Ain’t Marching Anymore,Lets Have a War,Phil Ochs,A Perfect Circle,1965,2004,country,rock
72169,4caf07ac74f7e39c9ae70f5d9e512a33bd68287d,165477,81857a23e916439d6f55845f8ae12a5f92680a1a,20,0.11792515218257904,I Ain’t Marching Anymore,Send Me To War,Phil Ochs,Dumbfoundead,1965,2017,country,rap
360908,4d701b8ea16e60bf2a1c0ed098676da618707953,392688,682d041729d3d0ecb9711aecfe937ad4895bae2c,1,0.178666889667511,Boys from Back Home,Come Back Home,Scotty McCreery,Nappy Roots,2018,2010,country,pop
360908,4d701b8ea16e60bf2a1c0ed098676da618707953,388507,9acb0a09afc332ae5ade2361239d2d6d53dc00ec,2,0.07518073171377182,Boys from Back Home,28. Chorus: He Trusted In God,Scotty McCreery,Handel George Frideric,2018,2015,country,pop
360908,4d701b8ea16e60bf2a1c0ed098676da618707953,306193,accabeeb13b6f8ead88804757b29158b48afe718,3,0.17513646185398102,Boys from Back Home,Drinking Wine Spo-Dee ODee,Scotty McCreery,Jerry Lee Lewis,2018,1973,country,pop
360908,4d701b8ea16e60bf2a1c0ed098676da618707953,403971,1633da52795fed7e53b88e2d1a81f6a8d9dbc71e,4,0.08885078877210617,Boys from Back Home,Istanbul Not Constantinople,Scotty McCreery,Bart & Baker,2018,2012,country,pop
360908,4d701b8ea16e60bf2a1c0ed098676da618707953,435596,22e5f675bbe8297fdd658674686bd76579a13af8,5,0.07076504826545715,Boys from Back Home,Duper’s Delight,Scotty McCreery,Van Morrison,2018,2021,country,rock
360908,4d701b8ea16e60bf2a1c0ed098676da618707953,55546,567e0b31d5c3f3fcc0ac418153dd7cc08b59aaa0,6,0.08885078877210617,Boys from Back Home,S McGregor interlude,Scotty McCreery,Solange,2018,2019,country,rb
360908,4d701b8ea16e60bf2a1c0ed098676da618707953,164776,cad533cd719347dcaaead4d927c94c7d8fdf33e8,7,0.08885078877210617,Boys from Back Home,Juggernog Jingle,Scotty McCreery,Activision,2018,2017,country,misc
360908,4d701b8ea16e60bf2a1c0ed098676da618707953,55292,07b8d620e37fff8b8d6503740903d2f5b4513375,8,0.03979143872857094,Boys from Back Home,Jack Be Nimble,Scotty McCreery,Mother Goose Club,2018,2012,country,pop
360908,4d701b8ea16e60bf2a1c0ed098676da618707953,194363,10601d7ef78ddb8f1aa5efce89c7e32794b90841,9,0.08362067490816116,Boys from Back Home,I Fucked a Sasquatch,Scotty McCreery,Seething Fuck Patties,2018,2008,country,pop
360908,4d701b8ea16e60bf2a1c0ed098676da618707953,493168,e4b6534d4418a3752cfdff8902797376c527132e,10,0.055821456015110016,Boys from Back Home,What If I Loved You From Return to Me,Scotty McCreery,Joey Gian,2018,2015,country,pop
360908,4d701b8ea16e60bf2a1c0ed098676da618707953,356045,78caf990df8c043f0c86ffd75b6cf6fd8297a040,11,0.008994890376925468,Boys from Back Home,Diamond Hill,Scotty McCreery,jonatan leandoer96,2018,2018,country,rap
360908,4d701b8ea16e60bf2a1c0ed098676da618707953,66889,15663eb859a51422a1fa046da9544c43a6886a35,12,0.08849550783634186,Boys from Back Home,Chandelier,Scotty McCreery,Shoreline Mafia,2018,2019,country,rap
360908,4d701b8ea16e60bf2a1c0ed098676da618707953,340308,9f8479a1b88d5eb5f253e120b7c507a49fc86d1b,13,0.08043940365314484,Boys from Back Home,Afternoon Delight,Scotty McCreery,Will Ferrell,2018,2004,country,pop
360908,4d701b8ea16e60bf2a1c0ed098676da618707953,282202,ac93618b21902d81429f3f7235e9ddd855eaf6b7,14,0.08477936685085297,Boys from Back Home,Rene,Scotty McCreery,Small Faces,2018,1968,country,pop
360908,4d701b8ea16e60bf2a1c0ed098676da618707953,305649,414d12ca6ec0bd0dca659d94b817bc907d80bfb9,15,0.02701553702354431,Boys from Back Home,Your Wife Is Calling,Scotty McCreery,Lee Ving,2018,2013,country,pop
360908,4d701b8ea16e60bf2a1c0ed098676da618707953,110772,dd32e39a5e2553762cbdcef7efd8ea1923108bb3,16,0.07544136792421341,Boys from Back Home,Mercy,Scotty McCreery,Bethel Music,2018,2016,country,rock
360908,4d701b8ea16e60bf2a1c0ed098676da618707953,323852,3360f07be7846af54cc6ddc3144545476710e02a,17,0.03191894665360451,Boys from Back Home,99 Bottles of Beer,Scotty McCreery,Melvins,2018,2013,country,rock
360908,4d701b8ea16e60bf2a1c0ed098676da618707953,471684,8427f1cb4bb1ee263ae6d9f7435e653d30ff6fae,18,0.007495683617889881,Boys from Back Home,Up To No Good,Scotty McCreery,Porn Kings,2018,1999,country,pop
360908,4d701b8ea16e60bf2a1c0ed098676da618707953,358559,3db0a2858e1765d1660d963027293f2c5e371aae,19,0.05963478237390518,Boys from Back Home,Pose,Scotty McCreery,JMSN,2018,2018,country,rb
360908,4d701b8ea16e60bf2a1c0ed098676da618707953,72278,6fc203dfa5ee03112944745a4044ddd4c8776617,20,0.0746733620762825,Boys from Back Home,Delight,Scotty McCreery,Avenue Beat,2018,2019,country,country
257177,e61052b5dd3ffd91ba4221346efd8015038a012d,389412,1cb4fa91b53f4be0c7f8f434cb672ec5c4b597ff,1,1.0,Elusive Butterfly,Elusive Butterfly,Bob Lind,Val Doonican,1966,1968,country,pop
257177,e61052b5dd3ffd91ba4221346efd8015038a012d,373570,adcddae23e7cf3839038854a70e381143410eebd,2,0.18731917440891266,Elusive Butterfly,Dont Talk,Bob Lind,Kyle Watson,1966,2016,country,pop
257177,e61052b5dd3ffd91ba4221346efd8015038a012d,334331,2f36e8803f338cdf61a76938341f6887190b401e,3,0.18241754174232483,Elusive Butterfly,A Drop of Nelsons Blood,Bob Lind,Jarvis Cocker,1966,2006,country,pop
257177,e61052b5dd3ffd91ba4221346efd8015038a012d,473542,9800bcd8d3d7ab7502c2e21f9bdb38e0d216ca72,4,0.18241754174232483,Elusive Butterfly,Parchman Farm,Bob Lind,John Mayall & The Bluesbreakers,1966,1966,country,rock
257177,e61052b5dd3ffd91ba4221346efd8015038a012d,153496,87d9e5b88ea1ebe24e6f543e17210c87b504a419,5,0.11745601892471313,Elusive Butterfly,​boxes,Bob Lind,Moses Sumney,1966,2019,country,rock
257177,e61052b5dd3ffd91ba4221346efd8015038a012d,216484,38971602da9659e44ca8881e99af3c657c5d0968,6,0.15250666439533234,Elusive Butterfly,Lets Go Get Stoned,Bob Lind,Ray Charles,1966,1966,country,rb
257177,e61052b5dd3ffd91ba4221346efd8015038a012d,112632,dc60d89caa75b32e343487c9da44e4b84b9e6432,7,0.17260846495628357,Elusive Butterfly,Leave It Open,Bob Lind,Kate Bush,1966,1982,country,pop
257177,e61052b5dd3ffd91ba4221346efd8015038a012d,460987,48b08322283d3ab2ea19fbae4c64048cc06a86a5,8,0.18241754174232483,Elusive Butterfly,We Are Dreamers,Bob Lind,Frida Sundemo,1966,2016,country,pop
257177,e61052b5dd3ffd91ba4221346efd8015038a012d,402104,1679ce97bc8706743829c655f7a3ddc9e69e14fe,9,0.09277539700269699,Elusive Butterfly,Legend,Bob Lind,Buddy,1966,2018,country,rap
257177,e61052b5dd3ffd91ba4221346efd8015038a012d,377632,ba9149ba652f33e2238efd0486a44d80d5645f5a,10,0.14798210561275482,Elusive Butterfly,Little Black Dress,Bob Lind,Louis Tomlinson,1966,2019,country,pop
257177,e61052b5dd3ffd91ba4221346efd8015038a012d,287078,1ee29552676fe69baed5d65c2f00c1465a99cc85,11,0.17811374366283417,Elusive Butterfly,Do You No Harm,Bob Lind,Matt Corby,1966,2016,country,pop
257177,e61052b5dd3ffd91ba4221346efd8015038a012d,329631,96b311807657afa0da6bd02d42c145947bd9aad5,12,0.18731914460659027,Elusive Butterfly,Ocean Front Apt.,Bob Lind,ayokay,1966,2018,country,pop
257177,e61052b5dd3ffd91ba4221346efd8015038a012d,450548,940962d9a9b5865ed317bac2e7273fe1552cf7a2,13,0.17658697068691254,Elusive Butterfly,Spongebob,Bob Lind,Max Wassen,1966,2018,country,rap
257177,e61052b5dd3ffd91ba4221346efd8015038a012d,49597,2e3e3beb8a9d7bb1111f68afdd95824eb05f74f7,14,0.1547563076019287,Elusive Butterfly,No Harm,Bob Lind,Editors,1966,2015,country,rock
257177,e61052b5dd3ffd91ba4221346efd8015038a012d,467988,0594038918f273a96a134554524129c47ae1b29e,15,0.09459682554006577,Elusive Butterfly,If You Catch Me Stealing,Bob Lind,Eilen Jewell,1966,2007,country,pop
257177,e61052b5dd3ffd91ba4221346efd8015038a012d,427128,b1914ab541c3399f29e2171c2bc59927a957f06a,16,0.10311561822891235,Elusive Butterfly,Its So Easy,Bob Lind,Buddy Holly,1966,1958,country,rock
257177,e61052b5dd3ffd91ba4221346efd8015038a012d,206411,5f826d8e1581722a8c1ce7ba49d57fba1f824ebf,17,0.11385052651166916,Elusive Butterfly,Damn Gravity,Bob Lind,Okay Kaya,1966,2015,country,rock
257177,e61052b5dd3ffd91ba4221346efd8015038a012d,449604,47b143a22d2555e8e35949e4f36990fd2f143065,18,0.16015487909317017,Elusive Butterfly,Make Out,Bob Lind,The Greeting Committee,1966,2021,country,pop
257177,e61052b5dd3ffd91ba4221346efd8015038a012d,302550,ae21a7cadbf9595a9d7f9dfe2afc036dec9c32f0,19,0.11529650539159775,Elusive Butterfly,Shame,Bob Lind,Low,1966,1995,country,pop
257177,e61052b5dd3ffd91ba4221346efd8015038a012d,418634,fc33a4748dbfb378a32e3ec694356f6124d38242,20,0.1594109982252121,Elusive Butterfly,Benthic: The Origin of Our Wishes,Bob Lind,The Ocean Collective,1966,2013,country,rock
254135,b778fd3ba61b7a7c18b5153a873a5c671e9a2c88,113885,e2d53cdc4fc884479b8d9d8bb79501c3ce43c022,1,0.22786112129688263,Oblivion,Rivers,Lost Dog Street Band,SIX60,2013,2017,country,pop
254135,b778fd3ba61b7a7c18b5153a873a5c671e9a2c88,385421,9252e5cd20606f316934da9974d86a38f04d16e9,2,0.20302169024944305,Oblivion,Bolivian Soldier,Lost Dog Street Band,Ariel Pink,2013,2019,country,pop
254135,b778fd3ba61b7a7c18b5153a873a5c671e9a2c88,246342,356c18031001dbfef4df8839a8c80ad852b38371,3,0.22761724889278412,Oblivion,Oblivion,Lost Dog Street Band,TheFatRat,2013,2017,country,pop
254135,b778fd3ba61b7a7c18b5153a873a5c671e9a2c88,503697,40ca4349dbf0c71ad249fca0e8c2289f993f3fd9,4,0.21655678749084473,Oblivion,Eyes of Oblivion,Lost Dog Street Band,The Hellacopters,2013,2022,country,rock
254135,b778fd3ba61b7a7c18b5153a873a5c671e9a2c88,374217,a7cb66f353f132d9b9d369e98e5c99c7bd18d292,5,0.20664826035499573,Oblivion,March to the Black Crown,Lost Dog Street Band,Suicide Silence,2013,2011,country,rock
254135,b778fd3ba61b7a7c18b5153a873a5c671e9a2c88,261405,2cdafb92f089cd70d0336ec5af5a54bcf072577f,6,0.09097900986671448,Oblivion,Intro Life,Lost Dog Street Band,Jeru the Damaja,2013,1994,country,rap
254135,b778fd3ba61b7a7c18b5153a873a5c671e9a2c88,238500,3e9b11905df64ad41aae7825e0a7861f5228fff0,7,0.1984381228685379,Oblivion,Shadow of the Season,Lost Dog Street Band,Screaming Trees,2013,1992,country,rock
254135,b778fd3ba61b7a7c18b5153a873a5c671e9a2c88,36396,f0167794a0df3406d579d2ad418cfc49eb449fea,8,0.1924411803483963,Oblivion,Oblivions,Lost Dog Street Band,The National,2013,2019,country,rock
254135,b778fd3ba61b7a7c18b5153a873a5c671e9a2c88,459614,adf88f0f8922ba29ac917fc5197e1b828c8c81e9,9,0.19803451001644135,Oblivion,Into Oblivion Reunion,Lost Dog Street Band,Funeral for a Friend,2013,2007,country,rock
254135,b778fd3ba61b7a7c18b5153a873a5c671e9a2c88,25088,ed564243368aa97924ff4f6bf90961f6c8f1755b,10,0.1979772299528122,Oblivion,Hows It Going to Be,Lost Dog Street Band,Third Eye Blind,2013,1997,country,rock
254135,b778fd3ba61b7a7c18b5153a873a5c671e9a2c88,491731,af5923d7abb45d947e5d3835d03d3e3a43d51272,11,0.20807941257953644,Oblivion,Pink Stallion,Lost Dog Street Band,Mother Falcon,2013,2013,country,pop
254135,b778fd3ba61b7a7c18b5153a873a5c671e9a2c88,186637,761d658d0b57bf7cd7deb2e772af750b2ffc05eb,12,0.18571411073207855,Oblivion,Supersonic,Lost Dog Street Band,Bad Religion,2013,2002,country,rock
254135,b778fd3ba61b7a7c18b5153a873a5c671e9a2c88,67733,e1f3b1cdd701ca119f0018015dc7518899d83f17,13,0.20034900307655334,Oblivion,Oblivion,Lost Dog Street Band,Labrinth,2013,2019,country,pop
254135,b778fd3ba61b7a7c18b5153a873a5c671e9a2c88,414328,69f0ef0df83bfcdc711fc029c684125559780ac1,14,0.20478466153144836,Oblivion,Welcome oblivion,Lost Dog Street Band,How to Destroy Angels,2013,2013,country,rock
254135,b778fd3ba61b7a7c18b5153a873a5c671e9a2c88,123493,0aaecb7d5dfa4131c9b806965735a272fbb6c7b4,15,0.22453467547893524,Oblivion,Oblivion,Lost Dog Street Band,Royal Blood,2013,2021,country,rock
254135,b778fd3ba61b7a7c18b5153a873a5c671e9a2c88,367049,ba6011b2cda26853d7eac85e4b6af3a5036228b7,16,0.18656562268733978,Oblivion,Infinity Vibraphones,Lost Dog Street Band,These New Puritans,2013,2019,country,pop
254135,b778fd3ba61b7a7c18b5153a873a5c671e9a2c88,115467,df6c89f767877d7c28c5eb26c123986b2cb7a473,17,0.14240065217018127,Oblivion,M.utually A.ssured D.estruction,Lost Dog Street Band,The Voidz,2013,2014,country,rock
254135,b778fd3ba61b7a7c18b5153a873a5c671e9a2c88,163021,4133ebae29b8d942efb3235a7fd983da77d5e718,18,0.004796175751835108,Oblivion,Deuteronomy 28,Lost Dog Street Band,Holy Bible (KJV),2013,2017,country,misc
254135,b778fd3ba61b7a7c18b5153a873a5c671e9a2c88,461705,7a5731c7f03531fa906b784905dc4b0240bca7ea,19,0.20346005260944366,Oblivion,Living in Oblivion,Lost Dog Street Band,Anything Box,2013,1988,country,pop
254135,b778fd3ba61b7a7c18b5153a873a5c671e9a2c88,398891,cb9069c33bc3f1dad0b914c50cfd04c198dccdf5,20,0.16732506453990936,Oblivion,Heroin,Lost Dog Street Band,Ghost Town,2013,2017,country,rock
380363,a8f7e9d9d3486eadb788fdcc24baa4f4ab5f61f8,280861,31a935985b036a4bf3e0a9e604ce789595f428ba,1,0.3762113153934479,Officer Norris,They Know Better,Blaze Foley,Idontknowjeffery,1999,2017,country,rap
380363,a8f7e9d9d3486eadb788fdcc24baa4f4ab5f61f8,98382,a3da4d6d3f7f7b442d9f5ee3f63374e5634d7326,2,0.20054863393306732,Officer Norris,Know Your Rights When Taking Photos and Making Video and Audio Recordings,Blaze Foley,ACLU Pennsylvania,1999,2014,country,misc
380363,a8f7e9d9d3486eadb788fdcc24baa4f4ab5f61f8,130718,6f06a54f95a17350779104bbff5ddc6dbef15b1e,3,0.3476269841194153,Officer Norris,I Wasnt Ready,Blaze Foley,Orange Is The New Black,1999,2014,country,misc
380363,a8f7e9d9d3486eadb788fdcc24baa4f4ab5f61f8,26743,8fe00d95938c21e8af0938e2a7b861634f3d5a4f,4,0.37288516759872437,Officer Norris,Blood of the Lamb DONDA Original Version,Blaze Foley,Kanye West,1999,2020,country,rap
380363,a8f7e9d9d3486eadb788fdcc24baa4f4ab5f61f8,171987,41404cd376ab29063a019e889e96b117d59fe096,5,0.3567819893360138,Officer Norris,Eight Dollar$,Blaze Foley,Skinny,1999,2014,country,rap
380363,a8f7e9d9d3486eadb788fdcc24baa4f4ab5f61f8,346043,59a332ce218a03ca5c657b1ca9431fdc331881e1,6,0.3639288544654846,Officer Norris,Taxi Driver: Job Interview,Blaze Foley,Paul Schrader,1999,1976,country,misc
380363,a8f7e9d9d3486eadb788fdcc24baa4f4ab5f61f8,394857,1869bc7850e2fe2c7689ffa3df9c285cd78b3ec9,7,0.357271671295166,Officer Norris,The Officer feat. Bobso Architect  Hosai,Blaze Foley,Sidney Samson & Shaggy,1999,2018,country,rap
380363,a8f7e9d9d3486eadb788fdcc24baa4f4ab5f61f8,407485,ca6c392f6a2ca6b31dba155a1fac19002f67a0a9,8,0.37365996837615967,Officer Norris,Rastaman Wheel Out,Blaze Foley,Chronixx,1999,2014,country,pop
380363,a8f7e9d9d3486eadb788fdcc24baa4f4ab5f61f8,126344,6359fd7ab237fc81da1b113e149675534c51948c,9,0.3529394865036011,Officer Norris,Mr. Officer,Blaze Foley,Tee Grizzley,1999,2020,country,rap
380363,a8f7e9d9d3486eadb788fdcc24baa4f4ab5f61f8,107312,03e050829ebeceba9123097edc770a53e2e3aed8,10,0.3504663109779358,Officer Norris,Officer Down,Blaze Foley,Hannah Ellis,1999,2016,country,country
380363,a8f7e9d9d3486eadb788fdcc24baa4f4ab5f61f8,337700,93a2d9615df3c1d83a69e81962c000e1853156f4,11,0.3661700487136841,Officer Norris,Officer,Blaze Foley,Operation Ivy,1999,1987,country,rock
380363,a8f7e9d9d3486eadb788fdcc24baa4f4ab5f61f8,117716,8cbdde4ec260d9136cf2c37f5229c7d4c83bf06e,12,0.373850017786026,Officer Norris,Officer,Blaze Foley,The Pharcyde,1999,1992,country,rap
380363,a8f7e9d9d3486eadb788fdcc24baa4f4ab5f61f8,370532,fad855067168f6ae7f8947582257740cead38c8b,13,0.19488228857517242,Officer Norris,Siren Song,Blaze Foley,Lambia,1999,2019,country,pop
380363,a8f7e9d9d3486eadb788fdcc24baa4f4ab5f61f8,266118,ea3f11edf68c57b19a6beb03d8fb2bb206105036,14,0.28312984108924866,Officer Norris,Fay,Blaze Foley,Alex G,1999,2018,country,rock
380363,a8f7e9d9d3486eadb788fdcc24baa4f4ab5f61f8,111701,dbec24c4ae91ffd5eb0100fa438ec55945a86ff8,15,0.3241192400455475,Officer Norris,Mr Officer,Blaze Foley,Vybz Kartel,1999,2009,country,rap
380363,a8f7e9d9d3486eadb788fdcc24baa4f4ab5f61f8,466817,5c8e69d280f3cfb3b816d80e640d410d948f4576,16,0.33304938673973083,Officer Norris,My Rights,Blaze Foley,The Green (band),1999,2017,country,pop
380363,a8f7e9d9d3486eadb788fdcc24baa4f4ab5f61f8,294292,e61a2d3366005da135f3fee2d0b05e388d32d368,17,0.2549165189266205,Officer Norris,Its All Right Here,Blaze Foley,Hannah Montana,1999,2009,country,pop
380363,a8f7e9d9d3486eadb788fdcc24baa4f4ab5f61f8,105859,837699d3d325187d5375356ef307a0b9ffde098a,18,0.2322755604982376,Officer Norris,Transcript of George Zimmermans Call to the Police,Blaze Foley,George Zimmerman,1999,2013,country,misc
380363,a8f7e9d9d3486eadb788fdcc24baa4f4ab5f61f8,5149,d6112f12b08a08f74733a698f815c894f3f6adf4,19,0.3166438937187195,Officer Norris,Sound of da Police,Blaze Foley,KRS-One,1999,1993,country,rap
380363,a8f7e9d9d3486eadb788fdcc24baa4f4ab5f61f8,133356,83254aaf698b69f023e90420851622d33dc12466,20,0.28832218050956726,Officer Norris,El Fusilado,Blaze Foley,Chumbawamba,1999,2008,country,rock
74604,37a43075decca1adc000d4acb32492fcc73bbb6b,331820,ac2a966eaddaaf66c9569443b0757d34c989c905,1,0.1368686407804489,More Girls Like You,Oh My God,Kip Moore,Kodie Shane,2017,2016,country,rap
74604,37a43075decca1adc000d4acb32492fcc73bbb6b,495960,38a782b41ef7eb02e0c868821d4929047084984d,2,0.05420729145407677,More Girls Like You,Wheel,Kip Moore,Team Salvato,2017,2017,country,misc
74604,37a43075decca1adc000d4acb32492fcc73bbb6b,440246,de0929d189622c1dd6d14087f8a5956c88f06705,3,0.05765492841601372,More Girls Like You,Dont Forget To Like Share and Subscribe,Kip Moore,Crywank,2017,2017,country,pop
74604,37a43075decca1adc000d4acb32492fcc73bbb6b,490305,683dab8c4193c0b4fb14a184e4cf2289e99e8142,4,0.08696851879358292,More Girls Like You,Rainbow in the Sky Live,Kip Moore,Cageless Birds,2017,2019,country,pop
74604,37a43075decca1adc000d4acb32492fcc73bbb6b,35148,68e05a6a36ecb85adb13395ede9322e2e1a09372,5,0.03859953209757805,More Girls Like You,Intro I Decided.,Kip Moore,Big Sean,2017,2017,country,rap
74604,37a43075decca1adc000d4acb32492fcc73bbb6b,327549,aba7d35ec7d1c8b7ba7bd9c59bebf6e5829d1bbd,6,0.05765492841601372,More Girls Like You,Godd,Kip Moore,Marco V,2017,2002,country,pop
74604,37a43075decca1adc000d4acb32492fcc73bbb6b,316769,2096762e5dd7f8c1f30c53f3a4d62a175b50baae,7,0.11976849287748337,More Girls Like You,Kix,Kip Moore,The Real Tuesday Weld,2017,2007,country,pop
74604,37a43075decca1adc000d4acb32492fcc73bbb6b,497921,83c3bc63c78a858837f1f6297bdcb651500951ce,8,0.05765492841601372,More Girls Like You,Lustful Sacraments,Kip Moore,Perturbator,2017,2021,country,rock
74604,37a43075decca1adc000d4acb32492fcc73bbb6b,134241,3ace8fb98079019440afbb9399ccec0e0c5bd0f8,9,0.05765492841601372,More Girls Like You,Our God Reigns,Kip Moore,Chris Tomlin,2017,2006,country,pop
74604,37a43075decca1adc000d4acb32492fcc73bbb6b,237385,8702533aab00f3eb7354299afb8fe5cde0b4bcfa,10,0.05765492841601372,More Girls Like You,Nietzsche,Kip Moore,The Dandy Warhols,2017,2000,country,rock
74604,37a43075decca1adc000d4acb32492fcc73bbb6b,298249,4ff8db49ae6b1e4ae2bfbc4adba9c83745cb3cf2,11,0.05765492841601372,More Girls Like You,Crookedile,Kip Moore,King Gizzard & The Lizard Wizard,2017,2011,country,rock
74604,37a43075decca1adc000d4acb32492fcc73bbb6b,215916,dde8344417345b7316b2604017aecf618361b096,12,0.05765492841601372,More Girls Like You,Im Gonna Sit at the Welcome Table,Kip Moore,Hollis Watkins,2017,2016,country,rock
74604,37a43075decca1adc000d4acb32492fcc73bbb6b,151190,41eaf85a9253f7c21ca99763a646be6733a31114,13,0.05975344777107239,More Girls Like You,Tears are a Language,Kip Moore,Heritage Singers,2017,2013,country,pop
74604,37a43075decca1adc000d4acb32492fcc73bbb6b,375835,2d7bd2217cb0d79c548fe08f09f50a5b09c89c47,14,0.05765492841601372,More Girls Like You,Return of the Mac n Cheetos,Kip Moore,Burger King,2017,2017,country,rb
74604,37a43075decca1adc000d4acb32492fcc73bbb6b,168551,369ca06ecc59b84345d1ecd6b6c66ece8ae2abbf,15,0.05765492841601372,More Girls Like You,To my Dear Children.,Kip Moore,Anne Bradstreet,2017,2013,country,misc
74604,37a43075decca1adc000d4acb32492fcc73bbb6b,123051,19d4f2776a3c94b2412fcb28ca7a02779081c7fd,16,0.05765492841601372,More Girls Like You,Longer Boats,Kip Moore,Cat Stevens,2017,1970,country,rock
74604,37a43075decca1adc000d4acb32492fcc73bbb6b,417967,01c4919d8fc8402d2436ba1ea13aff6e47370ca8,17,0.05765492841601372,More Girls Like You,Already Getting Better,Kip Moore,William Murphy,2017,2015,country,pop
74604,37a43075decca1adc000d4acb32492fcc73bbb6b,376620,05abad4da127c4428be303b1cf78e486ecba83f6,18,0.05765492841601372,More Girls Like You,Pussy Quint Skit,Kip Moore,French Montana,2017,2012,country,rap
74604,37a43075decca1adc000d4acb32492fcc73bbb6b,187481,b570fca28eb98aaf3b336c7fe6724a203c1ba593,19,0.1099274754524231,More Girls Like You,Time to Meet Your God,Kip Moore,Ariel Pink,2017,2017,country,pop
74604,37a43075decca1adc000d4acb32492fcc73bbb6b,101753,1c709611810cae3007cbcaffcaaf588ff6cce4aa,20,0.05765492841601372,More Girls Like You,Pizza,Kip Moore,Anti Up,2017,2018,country,pop
136040,265c3561dffb8ca1c9d85eb3a1eb19dfa1f31875,55276,98b4e3db29293b6d980b366995307ac5f9141124,1,0.3812456727027893,Suck This Cock Gavin,Baddest Bitch Around,Grant MacDonald,The Weeknd,2015,2014,country,rap
136040,265c3561dffb8ca1c9d85eb3a1eb19dfa1f31875,317289,b35742dc5190664c34ae6fdc2b3f16a35995a3aa,2,0.3812456727027893,Suck This Cock Gavin,Chain Reaction Domino,Grant MacDonald,Don Diablo,2015,2015,country,pop
136040,265c3561dffb8ca1c9d85eb3a1eb19dfa1f31875,327918,15f84f67ae8ca2532d6104a36993727ce98b9739,3,0.3812456727027893,Suck This Cock Gavin,Bitch to the Boys,Grant MacDonald,Shakatak,2015,1982,country,rock
136040,265c3561dffb8ca1c9d85eb3a1eb19dfa1f31875,391954,7b5a946a8d91c27d2a8d5e90b290c5be2836701c,4,0.3812456727027893,Suck This Cock Gavin,Pressure,Grant MacDonald,Smokepurpp,2015,2019,country,rap
136040,265c3561dffb8ca1c9d85eb3a1eb19dfa1f31875,374094,0b1f73f469174c9e6732a3bbd90eda87558f7b4d,5,0.3812456727027893,Suck This Cock Gavin,Whered The Cheese Go?,Grant MacDonald,Ween,2015,2003,country,pop
136040,265c3561dffb8ca1c9d85eb3a1eb19dfa1f31875,447348,0c19571c207d65727a883d1801934823b0d71192,6,0.3812456727027893,Suck This Cock Gavin,You’re in the Army Now,Grant MacDonald,Melvins,2015,2013,country,rock
136040,265c3561dffb8ca1c9d85eb3a1eb19dfa1f31875,286225,ebfd4d048089f1e0612a3ade2e9fc9e4740afc63,7,0.3812456727027893,Suck This Cock Gavin,Super Starred Floatin Demo,Grant MacDonald,Kanye West,2015,2020,country,rap
136040,265c3561dffb8ca1c9d85eb3a1eb19dfa1f31875,105270,b183aa6e80faf462a5bb875ee8e6414cb53a29d6,8,0.3812456727027893,Suck This Cock Gavin,Suck My Dick,Grant MacDonald,Horsedick.Mpeg,2015,2013,country,rap
136040,265c3561dffb8ca1c9d85eb3a1eb19dfa1f31875,327354,442514da5cdc2a1e9585f7da51dc24e7f2da4404,9,0.3812456727027893,Suck This Cock Gavin,Bad Bitch from Tokyo Original,Grant MacDonald,Pop Smoke,2015,2020,country,rap
136040,265c3561dffb8ca1c9d85eb3a1eb19dfa1f31875,423466,cde193a997928c8f667a1bacc8f5ea20de39afea,10,0.3812456727027893,Suck This Cock Gavin,Nick Jonas,Grant MacDonald,Noel Miller,2015,2018,country,rap
136040,265c3561dffb8ca1c9d85eb3a1eb19dfa1f31875,509831,8ddc7813ea4abca339b365c59a09396a361d19b7,11,0.3812456727027893,Suck This Cock Gavin,Dick flavored soda the Anthem,Grant MacDonald,Nigga Minaj,2015,2022,country,rap
136040,265c3561dffb8ca1c9d85eb3a1eb19dfa1f31875,188769,42fe0a1eb3cd15d10437d23ab25d3e24c83cb895,12,0.3812456727027893,Suck This Cock Gavin,ATTENTION,Grant MacDonald,Miley Cyrus,2015,2022,country,pop
136040,265c3561dffb8ca1c9d85eb3a1eb19dfa1f31875,190870,bc6683513b58bfec6b05d34b9e6cfa5e7895263f,13,0.3812456727027893,Suck This Cock Gavin,Better,Grant MacDonald,Valentino Khan,2015,2019,country,pop
136040,265c3561dffb8ca1c9d85eb3a1eb19dfa1f31875,339573,48c1b4525264948b51f3c08d09dcc19b291a8228,14,0.3812456727027893,Suck This Cock Gavin,Mutilated for Sexual Purposes,Grant MacDonald,Torsofuck,2015,2004,country,rock
136040,265c3561dffb8ca1c9d85eb3a1eb19dfa1f31875,456610,ae0b1392bc76cdcbb8f9d3e12080cad7df7c0353,15,0.3812456727027893,Suck This Cock Gavin,12 Inch - Rocco Vs. Bass-T Rmx,Grant MacDonald,Niels De Vries,2015,2015,country,pop
136040,265c3561dffb8ca1c9d85eb3a1eb19dfa1f31875,124594,d02a10660b4a801fcc03c437a77e0755b96f086b,16,0.3812456727027893,Suck This Cock Gavin,Intro Chixtape 4,Grant MacDonald,Tory Lanez,2015,2017,country,rap
136040,265c3561dffb8ca1c9d85eb3a1eb19dfa1f31875,463288,5f44ccde9e47cdb7c402692de28d46be186a340d,17,0.3812456727027893,Suck This Cock Gavin,Touché,Grant MacDonald,Stela Cole,2015,2022,country,pop
136040,265c3561dffb8ca1c9d85eb3a1eb19dfa1f31875,167437,e51060ad162d92d0c376f0eafe6feff82a48c67f,18,0.3812456727027893,Suck This Cock Gavin,Coco Puffs,Grant MacDonald,Borgore,2015,2018,country,pop
136040,265c3561dffb8ca1c9d85eb3a1eb19dfa1f31875,181632,8e96c89effec782f180fdbdedfa54a092f1672ce,19,0.3812456727027893,Suck This Cock Gavin,She Did That,Grant MacDonald,Tamar Braxton,2015,2013,country,rb
136040,265c3561dffb8ca1c9d85eb3a1eb19dfa1f31875,439643,5177e16aa7611fad0dc9eb4101376ef2fe7e148f,20,0.3812456727027893,Suck This Cock Gavin,Bitch Im Posh,Grant MacDonald,Princess Nokia,2015,2012,country,rap
452800,f98f783b75011bbeccd55006fc31ec15106f687a,113265,c406c575a4b3498c5584b4c915ec64b46807bdbf,1,0.15339361131191254,Cadillacin,Cadillac,The Cadillac Three,Trae tha Truth,2017,2006,country,rap
452800,f98f783b75011bbeccd55006fc31ec15106f687a,323852,3360f07be7846af54cc6ddc3144545476710e02a,2,0.0693027600646019,Cadillacin,99 Bottles of Beer,The Cadillac Three,Melvins,2017,2013,country,rock
452800,f98f783b75011bbeccd55006fc31ec15106f687a,409159,1a4077a37cc5b785e6053b6ebfb6b583fb47508d,3,0.1007087230682373,Cadillacin,Love,The Cadillac Three,Roger Creager,2017,2000,country,pop
452800,f98f783b75011bbeccd55006fc31ec15106f687a,463932,291771bd704c97e6265cd66099695e2ece6e99a2,4,0.09633392095565796,Cadillacin,That Guy,The Cadillac Three,Psychostick,2017,2011,country,rock
452800,f98f783b75011bbeccd55006fc31ec15106f687a,305649,414d12ca6ec0bd0dca659d94b817bc907d80bfb9,5,0.06300681829452515,Cadillacin,Your Wife Is Calling,The Cadillac Three,Lee Ving,2017,2013,country,pop
452800,f98f783b75011bbeccd55006fc31ec15106f687a,300692,1b689d3e8e682e4696d9faaf172abc87d03cb2f1,6,0.06820902973413467,Cadillacin,Titties And Beer 2,The Cadillac Three,Rodney Carrington,2017,2015,country,pop
452800,f98f783b75011bbeccd55006fc31ec15106f687a,293715,703f746195c59f6537468dbeeb2419260613394b,7,0.08733755350112915,Cadillacin,Women: Natures Punching Bag,The Cadillac Three,AxCx,2017,1999,country,rock
452800,f98f783b75011bbeccd55006fc31ec15106f687a,55360,d98f3fd90db9c3911b87843f7b05f210da1e995b,8,0.0693027600646019,Cadillacin,Working Man,The Cadillac Three,Rush,2017,1974,country,rock
452800,f98f783b75011bbeccd55006fc31ec15106f687a,52782,011b36011858945b52ba581ca82892e2abb993ef,9,0.0693027600646019,Cadillacin,In Heaven There Is No Beer,The Cadillac Three,Frankie Yankovic,2017,1996,country,pop
452800,f98f783b75011bbeccd55006fc31ec15106f687a,412627,aafd546250d97b7d9acceda20ddb720108abc2b4,10,0.05562794953584671,Cadillacin,I like the things you say,The Cadillac Three,Junkie,2017,2016,country,rock
452800,f98f783b75011bbeccd55006fc31ec15106f687a,286717,91cb7deab17c95fb6e70d8d22c59eac885263656,11,0.07813512533903122,Cadillacin,I Wish You Were a Beer,The Cadillac Three,Cycle Sluts from Hell,2017,1991,country,rock
452800,f98f783b75011bbeccd55006fc31ec15106f687a,296026,81af1df7c24ac2293fbd49b08c398627c90d8c69,12,0.010084114037454128,Cadillacin,AC/DC CD,The Cadillac Three,The Chats,2017,2020,country,rock
452800,f98f783b75011bbeccd55006fc31ec15106f687a,127582,09e6701343b4273698c561e584ff3d25423c361b,13,0.0693027600646019,Cadillacin,Out Without You,The Cadillac Three,Danny Worsnop,2017,2016,country,country
452800,f98f783b75011bbeccd55006fc31ec15106f687a,83152,e72d7b6f7e104512016cca3f69422bea4c03ba11,14,0.019091468304395676,Cadillacin,We Do The Stonecutters Song,The Cadillac Three,The Simpsons,2017,1997,country,misc
452800,f98f783b75011bbeccd55006fc31ec15106f687a,270959,696aab997f015926d0bbbb2aae7a330ec6692607,15,0.08115995675325394,Cadillacin,And The Moon And The Stars And The World,The Cadillac Three,Charles Bukowski,2017,2012,country,misc
452800,f98f783b75011bbeccd55006fc31ec15106f687a,474520,002c9904769908e92801c1f02f707e936ddc6659,16,0.06889227032661438,Cadillacin,More Beer,The Cadillac Three,FEAR (Band),2017,1985,country,rock
452800,f98f783b75011bbeccd55006fc31ec15106f687a,459725,9ae72e8fd80941096a90ccf94c0423b8e6e4bc94,17,0.07256259769201279,Cadillacin,Beer Banjos  Boobies,The Cadillac Three,Fly Rich Double,2017,2019,country,rap
452800,f98f783b75011bbeccd55006fc31ec15106f687a,146136,4746933bd8fdf3c34bc86c7d0261f94f7e4ab98e,18,0.04958908259868622,Cadillacin,Beer Beer Beer,The Cadillac Three,The Clancy Brothers & Tommy Makem,2017,2015,country,pop
452800,f98f783b75011bbeccd55006fc31ec15106f687a,257894,84448c344edc403a949563389a9a64c5d1b337f6,19,0.015590808354318142,Cadillacin,You Just Cant See Him From The Road,The Cadillac Three,Chris LeDoux,2017,1992,country,country
452800,f98f783b75011bbeccd55006fc31ec15106f687a,372938,164bb65acf32ea1f4a6ca8312f2f8923d16500eb,20,0.06902770698070526,Cadillacin,Beer,The Cadillac Three,Asylum Street Spankers,2017,2000,country,rock
391688,77f283fa78ac60923e0ba30a2e628c651f31bb04,270647,1dad13630c746f73c04e3c1ff5746304d7f29f45,1,0.22375249862670898,A Day for the Cat in the Hat,Contact Redux,Stephen Flaherty,Trocadero,2001,2015,misc,pop
391688,77f283fa78ac60923e0ba30a2e628c651f31bb04,152128,23ddb39d8a3c5cbd57f41d00129b020035bf0c68,2,0.22186918556690216,A Day for the Cat in the Hat,Still Raining Still Dreaming,Stephen Flaherty,The Jimi Hendrix Experience,2001,1968,misc,rock
391688,77f283fa78ac60923e0ba30a2e628c651f31bb04,251805,3b3d503fb63354b2a373d18b28561bdb666a2efe,3,0.22186918556690216,A Day for the Cat in the Hat,​patience interlude,Stephen Flaherty,Baby Keem,2001,2021,misc,rap
391688,77f283fa78ac60923e0ba30a2e628c651f31bb04,439466,63372d59a47e8b103e135b962bb0f003b358a614,4,0.21009591221809387,A Day for the Cat in the Hat,Robin in the Rain,Stephen Flaherty,Raffi,2001,1976,misc,pop
391688,77f283fa78ac60923e0ba30a2e628c651f31bb04,198768,a3bb7258fc7c3695f7d884917dbdc5355231f7cb,5,0.22186918556690216,A Day for the Cat in the Hat,Buick Mackane / Big Dumb Sex,Stephen Flaherty,Guns N' Roses,2001,1993,misc,rock
391688,77f283fa78ac60923e0ba30a2e628c651f31bb04,168316,3eca574604194abfd536eccfaae199b57cacf2a0,6,0.18557417392730713,A Day for the Cat in the Hat,Catch A Falling Star,Stephen Flaherty,Perry Como,2001,1957,misc,rap
391688,77f283fa78ac60923e0ba30a2e628c651f31bb04,241526,80ed68015265b627125e3b6910ddea2c7f28cf79,7,0.20483441650867462,A Day for the Cat in the Hat,The Sun Is Going Down II,Stephen Flaherty,Sley,2001,2011,misc,pop
391688,77f283fa78ac60923e0ba30a2e628c651f31bb04,399984,b88722f67b2d57ee2b9d69e7edf7d64865607a41,8,0.21734514832496643,A Day for the Cat in the Hat,Please Dont Go,Stephen Flaherty,Immature,2001,1995,misc,rb
391688,77f283fa78ac60923e0ba30a2e628c651f31bb04,294417,4fdb1739fbebf59aa44b7c204a46c3be45235519,9,0.2116636484861374,A Day for the Cat in the Hat,Heres That Rainy Day,Stephen Flaherty,Frank Sinatra,2001,1959,misc,rock
391688,77f283fa78ac60923e0ba30a2e628c651f31bb04,239744,22b11964b4249d92f71d6b07baf222a25627a543,10,0.18986287713050842,A Day for the Cat in the Hat,Heather,Stephen Flaherty,Sorry,2001,2020,misc,pop
391688,77f283fa78ac60923e0ba30a2e628c651f31bb04,11565,3a32efdca590ca3f9e111d88c79c7c8ab21f4193,11,0.1543201208114624,A Day for the Cat in the Hat,Life Round Here,Stephen Flaherty,James Blake,2001,2013,misc,rb
391688,77f283fa78ac60923e0ba30a2e628c651f31bb04,204271,706b5d23718a4b520a7de569e000ba7b060eb738,12,0.17177459597587585,A Day for the Cat in the Hat,22,Stephen Flaherty,Gavin James,2001,2014,misc,pop
391688,77f283fa78ac60923e0ba30a2e628c651f31bb04,197894,e621819113c035a546c61f50482dcb01a3dc1cf1,13,0.2145991176366806,A Day for the Cat in the Hat,Standin in the Rain,Stephen Flaherty,Electric Light Orchestra,2001,1977,misc,rock
391688,77f283fa78ac60923e0ba30a2e628c651f31bb04,227905,3364d2070d6f0e5bb853964579410bb89370f454,14,0.21859197318553925,A Day for the Cat in the Hat,Rainy days in la,Stephen Flaherty,adam&steve,2001,2019,misc,pop
391688,77f283fa78ac60923e0ba30a2e628c651f31bb04,481650,3898a37fb33d6291849d157157e77909609b1747,15,0.1030806228518486,A Day for the Cat in the Hat,If I Could Be You,Stephen Flaherty,Dj Dean,2001,2015,misc,pop
391688,77f283fa78ac60923e0ba30a2e628c651f31bb04,294518,89def7563162684fe7653d320d0eb7dff61b385c,16,0.21606798470020294,A Day for the Cat in the Hat,Rainy Day People,Stephen Flaherty,Gordon Lightfoot,2001,1975,misc,country
391688,77f283fa78ac60923e0ba30a2e628c651f31bb04,275709,8a0a3479bcb2f3d7e4a345ea6679f844c01056e8,17,0.16327132284641266,A Day for the Cat in the Hat,Glass  Stone,Stephen Flaherty,Tor,2001,2012,misc,pop
391688,77f283fa78ac60923e0ba30a2e628c651f31bb04,282969,cf20c2702e382e89b9555710d336e4ac06243ad1,18,0.22186918556690216,A Day for the Cat in the Hat,Buick Mackane,Stephen Flaherty,T. Rex,2001,1972,misc,rock
391688,77f283fa78ac60923e0ba30a2e628c651f31bb04,132522,e0d58e28cc311d6610aeb5c4a0017b5cd3a2f71d,19,0.15975046157836914,A Day for the Cat in the Hat,Over you,Stephen Flaherty,Dyrisk & Flyboy,2001,2016,misc,pop
391688,77f283fa78ac60923e0ba30a2e628c651f31bb04,275802,b604f9b1b2bbb9e7c13f8b0fe337262bc0feea53,20,0.16628487408161163,A Day for the Cat in the Hat,One Red Rose,Stephen Flaherty,John Prine,2001,1980,misc,rock
202729,2fb162779e1c68875a1406c2f288d0ef32430a60,53855,df58f89187f4b11129f6d9e14bbdc84150a36d34,1,0.1870528608560562,Eye of the Storm,Anchor,Ryan Stevenson,Beautiful Eulogy,2015,2012,misc,rap
202729,2fb162779e1c68875a1406c2f288d0ef32430a60,410171,b8f86d0368b864f0e926693e5e28dd2d76c00b81,2,0.147058367729187,Eye of the Storm,Uncloudy Day,Ryan Stevenson,The Staple Singers,2015,1966,misc,pop
202729,2fb162779e1c68875a1406c2f288d0ef32430a60,472134,e1ebbbc60d13142db20d2fb65f800f6c6f8e9945,3,0.17636387050151825,Eye of the Storm,Ive been in the storm too long,Ryan Stevenson,The Mighty Clouds Of Joy,2015,1994,misc,pop
202729,2fb162779e1c68875a1406c2f288d0ef32430a60,336298,cb5384c9af0009ea519bd2f9dc4d0cb1ecac90b8,4,0.147058367729187,Eye of the Storm,Acid Food,Ryan Stevenson,Mogwai,2015,2006,misc,rock
202729,2fb162779e1c68875a1406c2f288d0ef32430a60,185647,c642f2c40b3431306685f4ed3ac0a75399035e3c,5,0.147058367729187,Eye of the Storm,Silence,Ryan Stevenson,Don Diablo,2015,2016,misc,pop
202729,2fb162779e1c68875a1406c2f288d0ef32430a60,298453,a5432e8f5181155baf847fd18d56c3be412a3cce,6,0.14082668721675873,Eye of the Storm,In This Storm,Ryan Stevenson,Thrice,2015,2019,misc,rock
202729,2fb162779e1c68875a1406c2f288d0ef32430a60,514072,e1db4ba2c8ff925048a3e234ee8074dc746d893c,7,0.1860925704240799,Eye of the Storm,How A Storm Breaks,Ryan Stevenson,Astyria,2015,2022,misc,pop
202729,2fb162779e1c68875a1406c2f288d0ef32430a60,119780,9e32db26d0143bf8e7c6ebe92f929bbd2daf21ba,8,0.13493266701698303,Eye of the Storm,I feel like going on,Ryan Stevenson,The 5 heartbeats,2015,2015,misc,pop
202729,2fb162779e1c68875a1406c2f288d0ef32430a60,83425,7c8823d271e02bdc1d502efc30e6ef09d806ba0c,9,0.14070534706115723,Eye of the Storm,MTT 420 RR,Ryan Stevenson,IDLES,2015,2021,misc,rock
202729,2fb162779e1c68875a1406c2f288d0ef32430a60,502161,423a3d807addfd1ebc197beeb0d8995f28159a8c,10,0.147058367729187,Eye of the Storm,YESTERDAYS PAIN,Ryan Stevenson,LORN,2015,2022,misc,rb
202729,2fb162779e1c68875a1406c2f288d0ef32430a60,232188,210b0f3149ee81d1d23faa46c1df01bcce661c7f,11,0.147058367729187,Eye of the Storm,Drift Away,Ryan Stevenson,Liz Vice,2015,2018,misc,rb
202729,2fb162779e1c68875a1406c2f288d0ef32430a60,295611,18bd43da3f108f409b3c9ca963688605618de08a,12,0.13811801373958588,Eye of the Storm,Break In-City Storm the Gate,Ryan Stevenson,Tenacious D,2015,2006,misc,pop
202729,2fb162779e1c68875a1406c2f288d0ef32430a60,198970,b28229ef3ac502886c67c31abb3e5330401c2371,13,0.1170428916811943,Eye of the Storm,Riders on the storm - stereo,Ryan Stevenson,The Doors,2015,2015,misc,pop
202729,2fb162779e1c68875a1406c2f288d0ef32430a60,239195,c8e02264ac8d85c0df0408832f0473c1737060ce,14,0.13605956733226776,Eye of the Storm,There’s a Storm a-Comin’,Ryan Stevenson,Richard Hawley,2015,2010,misc,pop
202729,2fb162779e1c68875a1406c2f288d0ef32430a60,484926,fde334b90da7125db6cbf9ab169a99cc526cae07,15,0.12484695017337799,Eye of the Storm,Farce,Ryan Stevenson,Sybyr,2015,2018,misc,rap
202729,2fb162779e1c68875a1406c2f288d0ef32430a60,438604,6221616d0329a62af9fc8b5396bb0930962ee12f,16,0.147058367729187,Eye of the Storm,Summer on the Westhill,Ryan Stevenson,Kings of Convenience,2015,2001,misc,pop
202729,2fb162779e1c68875a1406c2f288d0ef32430a60,490235,f93cfd949bf75fcfbd615813897a5321d19f69c5,17,0.12865154445171356,Eye of the Storm,Category 5 Intro,Ryan Stevenson,Ace Hood,2015,2016,misc,rap
202729,2fb162779e1c68875a1406c2f288d0ef32430a60,32844,5c80233e66efecfac24b0f75ec51e230fb0c84e8,18,0.15661008656024933,Eye of the Storm,Take the World By Storm,Ryan Stevenson,Lukas Graham,2015,2015,misc,pop
202729,2fb162779e1c68875a1406c2f288d0ef32430a60,486963,371db936634cf57bbca9baa293c184c4bb078dab,19,0.14718860387802124,Eye of the Storm,Keep Me Warm,Ryan Stevenson,Juniper Vale,2015,2020,misc,pop
202729,2fb162779e1c68875a1406c2f288d0ef32430a60,401280,5e25c91986e65f012bf90886b8b8657cc1d240fd,20,0.14011910557746887,Eye of the Storm,Ride Out the Storm,Ryan Stevenson,Quavo,2015,2019,misc,rap
187593,c1df923203536a0833ee57775996ec70c298584f,20514,bb6594f83723c2688e8158f09b1a063f9e48f394,1,0.1869783252477646,Chill Out,Honeypie,Naman,JAWNY,2015,2019,misc,pop
187593,c1df923203536a0833ee57775996ec70c298584f,493776,7d94bf064d3a1748fb666c236ce0caccb9ef81b1,2,0.08565650135278702,Chill Out,Lottery Interlude,Naman,Lottery Billz,2015,2020,misc,rap
187593,c1df923203536a0833ee57775996ec70c298584f,501136,bf2b2abc546648bec41f04cc6d90252d92268610,3,0.15217937529087067,Chill Out,Provide,Naman,Sunni Coln,2015,2022,misc,rb
187593,c1df923203536a0833ee57775996ec70c298584f,161744,7de12173aa42547f1262701ecf5eef0e5ab9abd1,4,0.09183699637651443,Chill Out,Intro,Naman,Drake,2015,2007,misc,rap
187593,c1df923203536a0833ee57775996ec70c298584f,225864,ccd0bf31b8a249f66426efbc6d38f230d087032a,5,0.113665871322155,Chill Out,Swallow,Naman,The Oozes,2015,2020,misc,rock
187593,c1df923203536a0833ee57775996ec70c298584f,191466,61daf78e4dbe88f4f946a0aa8a9b012bb25bbef3,6,0.01552396547049284,Chill Out,Song Annotation Assignment,Naman,Dr. Daniel Gerling,2015,2013,misc,misc
187593,c1df923203536a0833ee57775996ec70c298584f,485159,d3ae40cc5cef359fd9c28f98e1b2b8ccded2ad67,7,0.08951408416032791,Chill Out,Firecracker,Naman,Natalie Portman,2015,2018,misc,pop
187593,c1df923203536a0833ee57775996ec70c298584f,315653,663733cfa92fa1d27b525468f57fc8404a25cebb,8,0.08003466576337814,Chill Out,Fanfare for the Conscious Man,Naman,Enter Shikari,2015,2009,misc,rock
187593,c1df923203536a0833ee57775996ec70c298584f,274741,d9c3ee047ecec5b860219db7ac71726dca637411,9,0.17173455655574799,Chill Out,Whatever You Want,Naman,JuneOnnaBeat,2015,2017,misc,rap
187593,c1df923203536a0833ee57775996ec70c298584f,504728,4211302190bab25b376d19e90f93769185f3b3ec,10,0.13664764165878296,Chill Out,Red  Black,Naman,Morad (Indonesia),2015,2022,misc,pop
187593,c1df923203536a0833ee57775996ec70c298584f,476397,01be0d0f3f14244ac6337fec59dc84ecf9d8ebc7,11,0.06502317637205124,Chill Out,Jehovah the Lord Will Provide,Naman,Harry Belafonte,2015,1958,misc,pop
187593,c1df923203536a0833ee57775996ec70c298584f,166301,1cc9cb8c1627fa69daf637d4976721c55f6a843d,12,0.11896276473999023,Chill Out,Dear Chicago Summer,Naman,Instrumentality,2015,2010,misc,rap
187593,c1df923203536a0833ee57775996ec70c298584f,333556,565bae8de9d94c8fd18932bb2e6d426eb97e9663,13,0.047181472182273865,Chill Out,Verizon to Acquire AOL: Official CEO Statements,Naman,Lowell McAdam and Tim Armstrong,2015,2015,misc,misc
187593,c1df923203536a0833ee57775996ec70c298584f,217168,525efa46c80f6eeb56bf1c0f700137b84d7701bd,14,0.037008192390203476,Chill Out,I Believe,Naman,James Fortune & Fiya,2015,2015,misc,pop
187593,c1df923203536a0833ee57775996ec70c298584f,152311,ae31d065d29de674bc7dabdca5e3d0ba7bfa9193,15,0.03988320007920265,Chill Out,Thus Spoke,Naman,Silent Planet,2015,2018,misc,rock
187593,c1df923203536a0833ee57775996ec70c298584f,27785,6fb4c8f7ee7602fbf01b8aef450c5a87853afb2e,16,0.15219031274318695,Chill Out,All I Do,Naman,Majid Jordan,2015,2014,misc,rb
187593,c1df923203536a0833ee57775996ec70c298584f,214451,978bc8fad21b6c701dff910a9eedfe3cb2f59463,17,0.10797605663537979,Chill Out,I Will Go and Do 2020 Youth Theme Song,Naman,David Archuleta,2015,2019,misc,pop
187593,c1df923203536a0833ee57775996ec70c298584f,357668,eb88d94ff74976df034d916c4b39241bee0e235a,18,0.008516472764313221,Chill Out,Twisting by the Pool,Naman,Dire Straits,2015,1983,misc,rock
187593,c1df923203536a0833ee57775996ec70c298584f,34231,2a7b5f7bb3db4fc4c0510610921774a21a7670db,19,0.1134139820933342,Chill Out,Fill Me Up Live,Naman,Tasha Cobbs Leonard,2015,2015,misc,pop
187593,c1df923203536a0833ee57775996ec70c298584f,378296,a84d4c17c4fafd946eba3f1d0e9bb632f2c3b6f7,20,0.12635491788387299,Chill Out,Far Away,Naman,NateWantsToBattle,2015,2016,misc,pop
323949,b675123bacb1fea38c607285fabf1d6958f5c64b,389734,3d533fe0c6eea7d6a9904b0517bb0d56b0a22982,1,0.39744532108306885,The Godfather 2 Scene 2,The Godfather 2 Scene 1,The Godfather (Film),The Godfather (Film),1974,1974,misc,misc
323949,b675123bacb1fea38c607285fabf1d6958f5c64b,45511,a9821acb073ac5b9603d043a7f4af95cef4f8c2b,2,0.38546574115753174,The Godfather 2 Scene 2,The Godfather Wedding Scene,The Godfather (Film),The Godfather (Film),1974,1972,misc,misc
323949,b675123bacb1fea38c607285fabf1d6958f5c64b,275531,3d594f6dc6fc4856bf55d5e97a9931f021dbfe55,3,0.3292430341243744,The Godfather 2 Scene 2,The Godfather Scene 4,The Godfather (Film),Francis Ford Coppola,1974,1972,misc,misc
323949,b675123bacb1fea38c607285fabf1d6958f5c64b,221367,69baed9b371be078bd30a20596a104394ecda954,4,0.31244030594825745,The Godfather 2 Scene 2,The Godfather Scene 8,The Godfather (Film),Francis Ford Coppola,1974,1972,misc,misc
323949,b675123bacb1fea38c607285fabf1d6958f5c64b,442753,689b86594821a674d0eed5fa6afe92c7b00e09dd,5,0.31019940972328186,The Godfather 2 Scene 2,The Godfather Scene 3,The Godfather (Film),Francis Ford Coppola,1974,1972,misc,misc
323949,b675123bacb1fea38c607285fabf1d6958f5c64b,246206,f4c9c187622b5c0931ab5a38370133815dd89a25,6,0.28720152378082275,The Godfather 2 Scene 2,The Godfather Scene 9,The Godfather (Film),Francis Ford Coppola,1974,1972,misc,misc
323949,b675123bacb1fea38c607285fabf1d6958f5c64b,393324,c9e7a14451230f057d3d304462ab69ad6df49a42,7,0.04419810697436333,The Godfather 2 Scene 2,The Young Lutherans Guide to the Orchestra,The Godfather (Film),Garrison Keillor,1974,1992,misc,country
323949,b675123bacb1fea38c607285fabf1d6958f5c64b,490768,b585130bc4df89419fd93c55b76c6f3dac81c0e9,8,0.2505391538143158,The Godfather 2 Scene 2,The Godfather 2 Scene 6,The Godfather (Film),The Godfather (Film),1974,1974,misc,misc
323949,b675123bacb1fea38c607285fabf1d6958f5c64b,348200,ec12db76bfc9df9b06797d510f35a8d678bcc69e,9,0.23365703225135803,The Godfather 2 Scene 2,Pilot,The Godfather (Film),Prison Break,1974,2005,misc,misc
323949,b675123bacb1fea38c607285fabf1d6958f5c64b,186612,d6f1e3f8422540ba76c6e83112c803a996f4d334,10,0.24454323947429657,The Godfather 2 Scene 2,The Godfather Scene 10,The Godfather (Film),Francis Ford Coppola,1974,1972,misc,misc
323949,b675123bacb1fea38c607285fabf1d6958f5c64b,387724,4677c54700a19fffd6dc1dc1dee3116578c83af5,11,0.002307848073542118,The Godfather 2 Scene 2,Girls,The Godfather (Film),Lena Dunham,1974,2013,misc,misc
323949,b675123bacb1fea38c607285fabf1d6958f5c64b,154076,6b8b91933abb3a6d8ea0179d88209e8c271babd4,12,0.013437913730740547,The Godfather 2 Scene 2,Here Is The House,The Godfather (Film),Toni Morrison,1974,2013,misc,misc
323949,b675123bacb1fea38c607285fabf1d6958f5c64b,514396,322300800f23d04ea3c1f40959d3c3f78b1c322c,13,0.07429837435483932,The Godfather 2 Scene 2,Just Another Dreamer,The Godfather (Film),Low Island,1974,2022,misc,pop
323949,b675123bacb1fea38c607285fabf1d6958f5c64b,309164,829f1a940bcb485fad85a1f7d6105a93a4756830,14,0.22630859911441803,The Godfather 2 Scene 2,The Godfather Scene 7,The Godfather (Film),Francis Ford Coppola,1974,1972,misc,misc
323949,b675123bacb1fea38c607285fabf1d6958f5c64b,312821,7c8a34384a4492c82220fb246bbb26ca16d83bec,15,0.023060791194438934,The Godfather 2 Scene 2,The Bowling Song,The Godfather (Film),Raffi,1974,1985,misc,pop
323949,b675123bacb1fea38c607285fabf1d6958f5c64b,232049,be38d15f8e8d20c31f7db37efc805fb07fd2c771,16,0.027567699551582336,The Godfather 2 Scene 2,Everyone Has AIDS,The Godfather (Film),Team America,1974,2004,misc,pop
323949,b675123bacb1fea38c607285fabf1d6958f5c64b,333794,a23a4cfd28da3bda396012cd2ee7af472ab6528a,17,0.0163345355540514,The Godfather 2 Scene 2,Hermann Hesse’s “Chapter 1: The Brahmins Son”,The Godfather (Film),Mr. Cohen,1974,2014,misc,misc
323949,b675123bacb1fea38c607285fabf1d6958f5c64b,345439,2e365e41bdf27fc3cf8b78d67e779d9078e176e1,18,0.05890695005655289,The Godfather 2 Scene 2,Wild Life,The Godfather (Film),Captain Beefheart & His Magic Band,1974,1969,misc,rock
323949,b675123bacb1fea38c607285fabf1d6958f5c64b,74478,d6d4386f45443e80f2e97ff3d3070b42cbe33caa,19,0.06085441634058952,The Godfather 2 Scene 2,God Is Love,The Godfather (Film),Marvin Gaye,1974,1971,misc,rb
323949,b675123bacb1fea38c607285fabf1d6958f5c64b,308119,2c7253a2f1e19f925846b25bd92111fd4126937c,20,0.006730309221893549,The Godfather 2 Scene 2,Absolutely Everybody,The Godfather (Film),Vanessa Amorosi,1974,1999,misc,pop
413204,5619d8dad88f076287e3eca7ba0e16ec2d77be8b,455858,2d3152fe6aafa7b98ffac79b0b87d7b0cd65357b,1,0.13001887500286102,My Five Year Plan,The Plan,Listener,A-1 (Rap),2009,2015,misc,rap
413204,5619d8dad88f076287e3eca7ba0e16ec2d77be8b,140011,cc1f7b7189d20f284274a37dd274b6da372b1efc,2,0.0009189952397719026,My Five Year Plan,Pianist Hands,Listener,Drake,2009,2006,misc,rap
413204,5619d8dad88f076287e3eca7ba0e16ec2d77be8b,139006,58b610a61554d92a80ee0df8e8d4d40fcb7678cc,3,0.011670010164380074,My Five Year Plan,Dreamcast,Listener,Blank Banshee,2009,2012,misc,misc
413204,5619d8dad88f076287e3eca7ba0e16ec2d77be8b,282995,d6571e22a53a0cbc9d7284e1ba7380056b52a99e,4,0.015084251761436462,My Five Year Plan,Brian Song Monty Python Sings,Listener,Monty Python,2009,1989,misc,pop
413204,5619d8dad88f076287e3eca7ba0e16ec2d77be8b,15290,ca1e162ac2c49b377d8a52d9ae284a6ff489c5bd,5,0.015084251761436462,My Five Year Plan,Reading Rainbow Theme Song,Listener,Chaka Khan,2009,1983,misc,misc
413204,5619d8dad88f076287e3eca7ba0e16ec2d77be8b,310921,c3add73b71ec9c581b8853c8b791e1f14f0cc897,6,0.010855216532945633,My Five Year Plan,Bossy,Listener,Iambadkidmaceii,2009,2020,misc,rap
413204,5619d8dad88f076287e3eca7ba0e16ec2d77be8b,354609,0e44c46a703ade7b10791393acf0362e6bfcac8f,7,0.0017614861717447639,My Five Year Plan,Oranges Grow on Trees,Listener,Blue's Clues,2009,2001,misc,rock
413204,5619d8dad88f076287e3eca7ba0e16ec2d77be8b,303034,07d7d580e5d06840a5718818acf3504d786bae27,8,0.011814401485025883,My Five Year Plan,Kids Prelude,Listener,The Midnight,2009,2018,misc,pop
413204,5619d8dad88f076287e3eca7ba0e16ec2d77be8b,390584,be1ed9ac956732fe59d84d3abf4913408375cabd,9,0.015084251761436462,My Five Year Plan,Driving Along,Listener,Harry Nilsson,2009,1971,misc,pop
413204,5619d8dad88f076287e3eca7ba0e16ec2d77be8b,296185,70ecc41800aea03514cac57a51107c049cc4c423,10,0.015975115820765495,My Five Year Plan,February,Listener,Tao Lin,2009,2013,misc,misc
413204,5619d8dad88f076287e3eca7ba0e16ec2d77be8b,496138,ca796c3ac432d8f904f756af70d6858026621d23,11,0.015084251761436462,My Five Year Plan,Moon,Listener,This Is The Kit,2009,2010,misc,pop
413204,5619d8dad88f076287e3eca7ba0e16ec2d77be8b,132927,d8e8987809a3bf361f736a670e1b042a0acc8691,12,0.019719621166586876,My Five Year Plan,Home Improvement,Listener,Josh Woodward,2009,2004,misc,pop
413204,5619d8dad88f076287e3eca7ba0e16ec2d77be8b,458778,4620ddadf10ab12b04dd5f5bace0eb00c7a2d7d1,13,0.015084251761436462,My Five Year Plan,I Dont Think So,Listener,Comethazine,2009,2020,misc,rap
413204,5619d8dad88f076287e3eca7ba0e16ec2d77be8b,335257,a36d56bfa5a9d943612f61d7d4ecb40024791ac3,14,0.02433868683874607,My Five Year Plan,Winter in America,Listener,Freddie Gibbs,2009,2021,misc,rb
413204,5619d8dad88f076287e3eca7ba0e16ec2d77be8b,142152,a191b28f89070dcc3a430aa080712f3a766cf9ef,15,0.021106543019413948,My Five Year Plan,Cheerleader,Listener,Grizzly Bear,2009,2009,misc,rock
413204,5619d8dad88f076287e3eca7ba0e16ec2d77be8b,131089,aa14fa263611aa252ae7363e1a3914c50ce8705e,16,0.05090690404176712,My Five Year Plan,Montana,Listener,Youth Lagoon,2009,2011,misc,rock
413204,5619d8dad88f076287e3eca7ba0e16ec2d77be8b,422985,15e33b1edd97881f2dc7b5f2fd2697f8b9f94590,17,0.039388395845890045,My Five Year Plan,Turned to Dust,Listener,The Sword,2009,2015,misc,rock
413204,5619d8dad88f076287e3eca7ba0e16ec2d77be8b,87789,62b0578d2ae0fdb6c3b356ae66437da18c16b97c,18,0.0023526472505182028,My Five Year Plan,High Voltage,Listener,AC/DC,2009,1975,misc,rock
413204,5619d8dad88f076287e3eca7ba0e16ec2d77be8b,139489,8568e014ef8ea32f9b7424cee079c9a72eee71a8,19,0.03213638812303543,My Five Year Plan,Anatome,Listener,Novo Amor & Ed Tullett,2009,2017,misc,pop
413204,5619d8dad88f076287e3eca7ba0e16ec2d77be8b,508433,1c198a589e1a75c7b912666f8ade31af10273593,20,0.10338182002305984,My Five Year Plan,10 Year Plan,Listener,The Shires,2009,2022,misc,country
98486,48bd22d62233b8e0ee5396c3aaa4d7f4b721b527,147094,3dea8438f005845f89634f02f5ee0755b6074141,1,0.16766682267189026,Grendel Chapter 1,Grendel Chapter 2,John Gardner,John Gardner,2014,2014,misc,misc
98486,48bd22d62233b8e0ee5396c3aaa4d7f4b721b527,294456,bfca20749aa8453d29bd30521ef20e0ac8c110e0,2,0.016659151762723923,Grendel Chapter 1,Anything You Want,John Gardner,MOONZz,2014,2016,misc,pop
98486,48bd22d62233b8e0ee5396c3aaa4d7f4b721b527,230092,2540cc6ecfd3203b7185cc789f6c0d3fbf76af40,3,0.019335759803652763,Grendel Chapter 1,Low Hymnal,John Gardner,Told Slant,2014,2016,misc,rock
98486,48bd22d62233b8e0ee5396c3aaa4d7f4b721b527,398748,6b2874026104748585dccdec252d358c9d636a9c,4,0.021862609311938286,Grendel Chapter 1,Lunatic Lunatic Lunatic,John Gardner,Margot & the Nuclear So and So's,2014,2010,misc,pop
98486,48bd22d62233b8e0ee5396c3aaa4d7f4b721b527,306464,28891bbcb1fea8d57cbfa812b98ead0617bdd350,5,0.01038216333836317,Grendel Chapter 1,Ram Ranch 4,John Gardner,Grant MacDonald,2014,2012,misc,misc
98486,48bd22d62233b8e0ee5396c3aaa4d7f4b721b527,273845,488e20f6a0b7dbe8fc2d12d16a36f39bf80e6ed7,6,0.15093235671520233,Grendel Chapter 1,Aradia,John Gardner,AngelMaker,2014,2016,misc,rock
98486,48bd22d62233b8e0ee5396c3aaa4d7f4b721b527,97277,28d9d1de58a504d10fd5785dec0d1cc613cc39eb,7,0.01758311502635479,Grendel Chapter 1,Reggae,John Gardner,black midi,2014,2019,misc,rock
98486,48bd22d62233b8e0ee5396c3aaa4d7f4b721b527,134843,5ef787688e12ce4145a48633e037b35bd0d8e607,8,0.013615645468235016,Grendel Chapter 1,Woke Up,John Gardner,Ramriddlz,2014,2017,misc,misc
98486,48bd22d62233b8e0ee5396c3aaa4d7f4b721b527,299756,9c31c99aeb78c810394e164426a538a3483ef61e,9,0.011770041659474373,Grendel Chapter 1,Ram On Reprise,John Gardner,Paul McCartney,2014,1971,misc,rock
98486,48bd22d62233b8e0ee5396c3aaa4d7f4b721b527,329187,be370a2937f5059e4c685a1ccc7f02a61e81f9c1,10,0.010651974938809872,Grendel Chapter 1,Im an Albatross,John Gardner,Zara Coz,2014,2015,misc,pop
98486,48bd22d62233b8e0ee5396c3aaa4d7f4b721b527,314758,91f4e0fc364ba1e27c57a6ae2b22103a3210eec8,11,0.005548884626477957,Grendel Chapter 1,Wayfaring Stranger,John Gardner,Traditional,2014,2019,misc,country
98486,48bd22d62233b8e0ee5396c3aaa4d7f4b721b527,25681,d876ea3769bebd4176088321984d85162cdaabd4,12,0.02281077578663826,Grendel Chapter 1,Tempo,John Gardner,BONES,2014,2016,misc,rap
98486,48bd22d62233b8e0ee5396c3aaa4d7f4b721b527,358380,b578082d2ecf4a0a5eb6a56e238340c7975db1d6,13,0.1441933810710907,Grendel Chapter 1,The Moon Smiled Back at Me,John Gardner,Sadistik,2014,2021,misc,rap
98486,48bd22d62233b8e0ee5396c3aaa4d7f4b721b527,151395,1b6cfc3477f80d3367e1775a889f6e4c76b923bd,14,0.12268269062042236,Grendel Chapter 1,The Erl-King,John Gardner,Angela Carter,2014,1979,misc,misc
98486,48bd22d62233b8e0ee5396c3aaa4d7f4b721b527,272741,885ed2c46120a22782b43222e37ed67cad92edff,15,0.018546639010310173,Grendel Chapter 1,Knock on the Door,John Gardner,Phil Ochs,2014,1964,misc,pop
98486,48bd22d62233b8e0ee5396c3aaa4d7f4b721b527,400855,511853c94bd092d60fa67dbbbcc9636eb8c2caf8,16,0.0073415436781942844,Grendel Chapter 1,Never Give Up,John Gardner,UNSECRET,2014,2018,misc,pop
98486,48bd22d62233b8e0ee5396c3aaa4d7f4b721b527,150493,3a3238a23cd07b7ea1dccdf2ec99230e011ec5ff,17,0.0037439761217683554,Grendel Chapter 1,The G.O.D. Bonus Disc,John Gardner,Nas,2014,2002,misc,rap
98486,48bd22d62233b8e0ee5396c3aaa4d7f4b721b527,243061,1e8d4f11a0dbe7628ccb683a7568356ad0e3a777,18,0.0058102672919631,Grendel Chapter 1,Transition 3,John Gardner,Ryan Scott Oliver,2014,2012,misc,pop
98486,48bd22d62233b8e0ee5396c3aaa4d7f4b721b527,238168,afe3eca03b1db3d010820802b1a04b9b38388a6b,19,0.010866107419133186,Grendel Chapter 1,Ram It Down,John Gardner,Judas Priest,2014,1988,misc,rock
98486,48bd22d62233b8e0ee5396c3aaa4d7f4b721b527,285733,e0bf9ea6242aba6085d2ae4500fefe9eeb50e857,20,0.005128165241330862,Grendel Chapter 1,Bow Down Mister,John Gardner,Boy George,2014,2002,misc,pop
225705,5483c402f443a81b03a748ff5103dc4386103536,320973,608e7b7e5814500e1b489060304bcf10e9173e18,1,0.2567080855369568,Architect of Destruction,Hot Girl,How I Met Your Mother,The Office (USA),2010,2005,misc,misc
225705,5483c402f443a81b03a748ff5103dc4386103536,389636,19ae4bdd3221b7374a290f4d77f32ce3f4da0bbd,2,0.25477707386016846,Architect of Destruction,The Playbook,How I Met Your Mother,How I Met Your Mother,2010,2009,misc,misc
225705,5483c402f443a81b03a748ff5103dc4386103536,203560,4bc2b0df0e7e720c425660548a1b491a17579bdf,3,0.24868108332157135,Architect of Destruction,Unfinished,How I Met Your Mother,How I Met Your Mother,2010,2010,misc,misc
225705,5483c402f443a81b03a748ff5103dc4386103536,235302,4147d4dd228520497ae23bfe03e39de3ec4128d8,4,0.24198758602142334,Architect of Destruction,The Perfect Cocktail,How I Met Your Mother,How I Met Your Mother,2010,2010,misc,misc
225705,5483c402f443a81b03a748ff5103dc4386103536,177818,6a4beafec2b258f45ad184ac53df030aca42f880,5,0.1977420598268509,Architect of Destruction,Chapter Two: The Weirdo on Maple Street Script,How I Met Your Mother,Stranger Things,2010,2016,misc,misc
225705,5483c402f443a81b03a748ff5103dc4386103536,370688,6ec44babfc52b64b3c3cb8d2fc90d36fb7209ced,6,0.01390240341424942,Architect of Destruction,Diddy Wah Diddy,How I Met Your Mother,Bo Diddley,2010,1958,misc,rock
225705,5483c402f443a81b03a748ff5103dc4386103536,201036,d087b9cfb761de8cc5dc91e61e7e7b0d89de5728,7,0.1944819837808609,Architect of Destruction,Get Out Movie Script,How I Met Your Mother,Jordan Peele,2010,2017,misc,misc
225705,5483c402f443a81b03a748ff5103dc4386103536,318174,76f4453cb22d6b54b0c4cd6c3d391059462356ce,8,0.016490835696458817,Architect of Destruction,Thats My Bae,How I Met Your Mother,Juan100,2010,2017,misc,rap
225705,5483c402f443a81b03a748ff5103dc4386103536,386817,79e6adac23bace47436e8940bea280e5a4783e73,9,0.17185242474079132,Architect of Destruction,AKA I Want Your Cray Cray,How I Met Your Mother,Jessica Jones,2010,2018,misc,misc
225705,5483c402f443a81b03a748ff5103dc4386103536,476088,a3ad51c1a65e970403085af3ece23a0faf533109,10,0.015970580279827118,Architect of Destruction,Nice Tingz Divas,How I Met Your Mother,Vybz Kartel,2010,2020,misc,pop
225705,5483c402f443a81b03a748ff5103dc4386103536,343012,da48e5ddfe3e280bc333fbe57e1ac71ad5fc6594,11,0.17369511723518372,Architect of Destruction,The Gang Runs for Office,How I Met Your Mother,Its Always Sunny in Philadelphia,2010,2006,misc,pop
225705,5483c402f443a81b03a748ff5103dc4386103536,461609,ae2b9977b0884495d3c350678fbc9d7bdb39ff36,12,0.011775944381952286,Architect of Destruction,Outside In The Rain,How I Met Your Mother,Gwen Guthrie,2010,1986,misc,rb
225705,5483c402f443a81b03a748ff5103dc4386103536,427981,69dc00ad5a6ff54efc4e4071f23425acbab312cc,13,0.008418581448495388,Architect of Destruction,Come Into Knowledge,How I Met Your Mother,RAMP (USA),2010,1977,misc,pop
225705,5483c402f443a81b03a748ff5103dc4386103536,463621,a9d44ecd85fece4bcd2e3256eab9301a6ab6ba7e,14,0.16314445436000824,Architect of Destruction,3AM Script,How I Met Your Mother,Marvel's The Punisher,2010,2017,misc,misc
225705,5483c402f443a81b03a748ff5103dc4386103536,405116,870931a985581acdf1f862e98d0d2dd7edd62631,15,0.017191207036376,Architect of Destruction,Condensed Milk,How I Met Your Mother,Cham & Spice,2010,2021,misc,pop
225705,5483c402f443a81b03a748ff5103dc4386103536,27819,0c89e95fc946b8a13557f7177f1ca12049d96cb0,16,0.15626341104507446,Architect of Destruction,Nosedive Transcript,How I Met Your Mother,Black Mirror,2010,2016,misc,misc
225705,5483c402f443a81b03a748ff5103dc4386103536,319264,5ff6e56fc04bf977f4da608c376e7a7f1c174de8,17,0.020932892337441444,Architect of Destruction,Dear God Sofia,How I Met Your Mother,The Color Purple Broadway Cast,2010,2016,misc,rb
225705,5483c402f443a81b03a748ff5103dc4386103536,272065,40704691319feca61e19b7f4519f48d1378fbe66,18,0.1358593851327896,Architect of Destruction,High School Musical,How I Met Your Mother,Bad Lip Reading,2010,2016,misc,pop
225705,5483c402f443a81b03a748ff5103dc4386103536,78785,892103730520f21a84e4184d463bda7587dee146,19,0.130708247423172,Architect of Destruction,Were Shameless,How I Met Your Mother,Ken Ashcorp,2010,2017,misc,pop
225705,5483c402f443a81b03a748ff5103dc4386103536,397533,aeb248c13a3944f8ef2d9ac6f654a2228ccb1004,20,0.005580860655754805,Architect of Destruction,Hell Have To Go,How I Met Your Mother,Elvis Presley,2010,1977,misc,country
251211,ff79978412924defcd7444806ff90dd7e0e59e7e,8340,28328e447d143a50b7ee7bdc53a34d03f6b026fa,1,0.24854691326618195,Wholl Pay Reparations on My Soul?,Independent Women - Part 1,Gil Scott-Heron,Destiny's Child,1970,2000,misc,pop
251211,ff79978412924defcd7444806ff90dd7e0e59e7e,339410,782de2b9943c9216fc2727f7024b8b9be69ab09e,2,0.2404078245162964,Wholl Pay Reparations on My Soul?,The Train from Washington,Gil Scott-Heron,Gil Scott-Heron,1970,1980,misc,pop
251211,ff79978412924defcd7444806ff90dd7e0e59e7e,373974,607b30c3d862bcfb4314ec6624af2b5152f138f2,3,0.22810900211334229,Wholl Pay Reparations on My Soul?,This Time,Gil Scott-Heron,Waylon Jennings,1970,1974,misc,country
251211,ff79978412924defcd7444806ff90dd7e0e59e7e,396708,cc2e7a74686a6fffcaf34848fd9f538b1abef012,4,0.16075336933135986,Wholl Pay Reparations on My Soul?,Ben Wyatt,Gil Scott-Heron,First of October,1970,2019,misc,rock
251211,ff79978412924defcd7444806ff90dd7e0e59e7e,389827,c80166e20f0c14ebd9d5b5a81350e9c21b2fd58a,5,0.2430133819580078,Wholl Pay Reparations on My Soul?,Busload of Faith,Gil Scott-Heron,Bob Seger,1970,2017,misc,rock
251211,ff79978412924defcd7444806ff90dd7e0e59e7e,13984,be12a4903e1925415653df4192b2a53d7d887abb,6,0.24563901126384735,Wholl Pay Reparations on My Soul?,Sad Machine,Gil Scott-Heron,Porter Robinson,1970,2014,misc,pop
251211,ff79978412924defcd7444806ff90dd7e0e59e7e,162894,7fb529e7d3dbc08347064ae1052faf4139e146d5,7,0.20947983860969543,Wholl Pay Reparations on My Soul?,Moonshake,Gil Scott-Heron,Can,1970,1973,misc,rock
251211,ff79978412924defcd7444806ff90dd7e0e59e7e,341008,b6ba269eddb4b21d58707737be99bdd570f64258,8,0.2402036190032959,Wholl Pay Reparations on My Soul?,Sleepwalk,Gil Scott-Heron,Nelward,1970,2019,misc,pop
251211,ff79978412924defcd7444806ff90dd7e0e59e7e,98453,3c233b0f1ba0ac94b88c7a983e5d6262f60cd595,9,0.17691734433174133,Wholl Pay Reparations on My Soul?,ill keep running to you,Gil Scott-Heron,Todd Dulaney,1970,2015,misc,pop
251211,ff79978412924defcd7444806ff90dd7e0e59e7e,42750,d38f1cd9c444168ea7233a7ed0b6b5667f4add4a,10,0.2401752918958664,Wholl Pay Reparations on My Soul?,I Depend On You,Gil Scott-Heron,Why Don't We,1970,2017,misc,pop
251211,ff79978412924defcd7444806ff90dd7e0e59e7e,161119,6f8b4e8c3149765faf4eda1e6222b12649e95e13,11,0.1794673204421997,Wholl Pay Reparations on My Soul?,When Tomorrow Comes,Gil Scott-Heron,Eurythmics,1970,1986,misc,pop
251211,ff79978412924defcd7444806ff90dd7e0e59e7e,113869,95525ef213fe99c608ca0d0e44b948798c480e46,12,0.16555002331733704,Wholl Pay Reparations on My Soul?,The Beginning of the End,Gil Scott-Heron,Nine Inch Nails,1970,2007,misc,rock
251211,ff79978412924defcd7444806ff90dd7e0e59e7e,382961,770158dc9afb64309ebe93455b93e13e223e3569,13,0.1872681975364685,Wholl Pay Reparations on My Soul?,Deception,Gil Scott-Heron,Killstation,1970,2016,misc,rap
251211,ff79978412924defcd7444806ff90dd7e0e59e7e,192679,fb9405fbd41d0efb0aaa1eb55d0bf207b35c4b9f,14,0.17155930399894714,Wholl Pay Reparations on My Soul?,All The Way,Gil Scott-Heron,New Order,1970,1989,misc,pop
251211,ff79978412924defcd7444806ff90dd7e0e59e7e,254399,eec5434f7e041e91f092a715163c93fa9e698d65,15,0.1401064395904541,Wholl Pay Reparations on My Soul?,Come Let Go,Gil Scott-Heron,Xavier Rudd,1970,2007,misc,pop
251211,ff79978412924defcd7444806ff90dd7e0e59e7e,65813,1596b4fd51612047b904b20ee822c0be65671d65,16,0.23521070182323456,Wholl Pay Reparations on My Soul?,Deep End,Gil Scott-Heron,Xavier Omr & Sango,1970,2019,misc,rb
251211,ff79978412924defcd7444806ff90dd7e0e59e7e,133750,f0bc542f71db432e603a8a460fe73679bc5ff9c8,17,0.15798616409301758,Wholl Pay Reparations on My Soul?,Serenity,Gil Scott-Heron,KILLY,1970,2019,misc,rap
251211,ff79978412924defcd7444806ff90dd7e0e59e7e,481007,54705b687ecf840911347d09884c2a0588b9c36c,18,0.21605725586414337,Wholl Pay Reparations on My Soul?,Cant Stop Thinking Bout You,Gil Scott-Heron,Take 6,1970,1996,misc,pop
251211,ff79978412924defcd7444806ff90dd7e0e59e7e,250470,2207e6fc7eae4893a2c4ad37601f5a47515db95f,19,0.18572591245174408,Wholl Pay Reparations on My Soul?,Throw Me Now Your Arms,Gil Scott-Heron,Damien Jurado,1970,2019,misc,rock
251211,ff79978412924defcd7444806ff90dd7e0e59e7e,224859,af6beda3f5e3992d2b0ea0337dd851be57dae6ba,20,0.17395779490470886,Wholl Pay Reparations on My Soul?,All I Know,Gil Scott-Heron,Art Garfunkel,1970,1973,misc,pop
274349,1e32c5e79eee5f446a0a054c8e0db9ac84081ff9,94641,a0b2e821c98f2b510a95d2b5c3aa5f75efc6758d,1,0.5327360033988953,Purple Giraffe,Pilot,How I Met Your Mother,How I Met Your Mother,2005,2005,misc,misc
274349,1e32c5e79eee5f446a0a054c8e0db9ac84081ff9,257355,66b2aa0c82021c6376f30f23d611c13f2ae108ba,2,0.5248073935508728,Purple Giraffe,Nothing Good Happens After 2 A.M.,How I Met Your Mother,How I Met Your Mother,2005,2006,misc,misc
274349,1e32c5e79eee5f446a0a054c8e0db9ac84081ff9,423381,032205d8c891fc6085e830ee16a389e24528ec7b,3,0.5260485410690308,Purple Giraffe,The Pineapple Incident,How I Met Your Mother,How I Met Your Mother,2005,2005,misc,misc
274349,1e32c5e79eee5f446a0a054c8e0db9ac84081ff9,273929,3ec2b1fb1693293a2d0688670470b4130d69badd,4,0.5244272351264954,Purple Giraffe,Little Boys,How I Met Your Mother,How I Met Your Mother,2005,2007,misc,misc
274349,1e32c5e79eee5f446a0a054c8e0db9ac84081ff9,403531,968e0957276a6edbf58cfc89771f65f9bb22432d,5,0.5216431021690369,Purple Giraffe,The Wedding,How I Met Your Mother,How I Met Your Mother,2005,2006,misc,misc
274349,1e32c5e79eee5f446a0a054c8e0db9ac84081ff9,293936,4bec9acafbe59e3df69984ab236a7a15cee52f4c,6,0.5246021747589111,Purple Giraffe,Okay Awesome,How I Met Your Mother,How I Met Your Mother,2005,2005,misc,misc
274349,1e32c5e79eee5f446a0a054c8e0db9ac84081ff9,221575,322222e32f57cb90810ead93da65d0768c163dd3,7,0.513866662979126,Purple Giraffe,Sweet Taste of Liberty,How I Met Your Mother,How I Met Your Mother,2005,2005,misc,misc
274349,1e32c5e79eee5f446a0a054c8e0db9ac84081ff9,216053,e3feafe27fa0b1f40ee091ead7d52024343eb727,8,0.5068644881248474,Purple Giraffe,Return of the Shirt,How I Met Your Mother,How I Met Your Mother,2005,2005,misc,misc
274349,1e32c5e79eee5f446a0a054c8e0db9ac84081ff9,479169,c3d267ae02e32dd0aea6330c4403d709fce10e13,9,0.5015573501586914,Purple Giraffe,Matchmaker,How I Met Your Mother,How I Met Your Mother,2005,2005,misc,misc
274349,1e32c5e79eee5f446a0a054c8e0db9ac84081ff9,185342,a96cf7911dba0ba0db89033bb04e4ee5077f1913,10,0.49476346373558044,Purple Giraffe,Slutty Pumpkin,How I Met Your Mother,How I Met Your Mother,2005,2005,misc,misc
274349,1e32c5e79eee5f446a0a054c8e0db9ac84081ff9,308618,686f89df309230aaa51cdaa6884a0c1fe237e2cf,11,0.4911460280418396,Purple Giraffe,The Duel,How I Met Your Mother,How I Met Your Mother,2005,2005,misc,misc
274349,1e32c5e79eee5f446a0a054c8e0db9ac84081ff9,145897,7eacebb659a47aed03ed72214afb6031a76f431d,12,0.49381837248802185,Purple Giraffe,Drumroll Please,How I Met Your Mother,How I Met Your Mother,2005,2006,misc,misc
274349,1e32c5e79eee5f446a0a054c8e0db9ac84081ff9,378867,c2bbab8b00b884315cb76726ee2f66abf970fa4a,13,0.4374160170555115,Purple Giraffe,Belly Full of Turkey,How I Met Your Mother,How I Met Your Mother,2005,2005,misc,misc
274349,1e32c5e79eee5f446a0a054c8e0db9ac84081ff9,469175,f7445fde4222eb5dc0c0f214c13539ed230e1fc0,14,0.3555884063243866,Purple Giraffe,Cupcake,How I Met Your Mother,How I Met Your Mother,2005,2006,misc,misc
274349,1e32c5e79eee5f446a0a054c8e0db9ac84081ff9,111942,960d4cf98da8843869a63e375fa51390d62e2209,15,0.11472141742706299,Purple Giraffe,I Love You All Radio Mix feat. Michael Fassbender,How I Met Your Mother,The Soronprfbs,2005,2014,misc,rock
274349,1e32c5e79eee5f446a0a054c8e0db9ac84081ff9,323852,3360f07be7846af54cc6ddc3144545476710e02a,16,0.0446268692612648,Purple Giraffe,99 Bottles of Beer,How I Met Your Mother,Melvins,2005,2013,misc,rock
274349,1e32c5e79eee5f446a0a054c8e0db9ac84081ff9,427254,a26cc3a20944e1fa24744b6a352c67ade05b9545,17,0.09914308041334152,Purple Giraffe,Joyride,How I Met Your Mother,Built to Spill,2005,1994,misc,rock
274349,1e32c5e79eee5f446a0a054c8e0db9ac84081ff9,300576,d72b2706c3064bc36f34dd39642820c0d70a316b,18,0.09384024888277054,Purple Giraffe,Shes Drunk All the Time,How I Met Your Mother,Tim Timebomb,2005,2012,misc,rock
274349,1e32c5e79eee5f446a0a054c8e0db9ac84081ff9,14859,08fa4b9395dd5eab6aa1b20f123c2338c10f2747,19,0.14286956191062927,Purple Giraffe,I Love College,How I Met Your Mother,Asher Roth,2005,2009,misc,rap
274349,1e32c5e79eee5f446a0a054c8e0db9ac84081ff9,271013,50c996d0120afc8d78c47819ab894395bbecc198,20,0.19550751149654388,Purple Giraffe,Crawl Space,How I Met Your Mother,Breaking Bad,2005,2011,misc,misc
465187,c275cd6b8a7d8254d84156d7d9636bfe37cd39bf,75126,b58184dcf04df988619936ddf83da4cc3e19d6c0,1,0.15609340369701385,Torias Song,Six Billion,Papooz,Nothing But Thieves,2016,2015,misc,rock
465187,c275cd6b8a7d8254d84156d7d9636bfe37cd39bf,126999,817f7681b62574b01b0ea63d0c5c8a9a51a89c7c,2,0.12433942407369614,Torias Song,A Dream With A Baseball Player,Papooz,Faye Webster,2016,2021,misc,pop
465187,c275cd6b8a7d8254d84156d7d9636bfe37cd39bf,220036,279475e095201a2518d07ca7e967b25233022788,3,0.08424391597509384,Torias Song,Sexy DVD,Papooz,Lemon Demon,2016,2010,misc,pop
465187,c275cd6b8a7d8254d84156d7d9636bfe37cd39bf,514397,7d22afc8757495a67219c38ef7c3693f451540a0,4,0.11501926183700562,Torias Song,Nobody Else,Papooz,Golden Daze,2016,2022,misc,rock
465187,c275cd6b8a7d8254d84156d7d9636bfe37cd39bf,270568,57fe398eaa590460cf81976518f9b9b45d45e16b,5,0.11397165060043335,Torias Song,​yr kind of cool,Papooz,thanks for coming,2016,2015,misc,pop
465187,c275cd6b8a7d8254d84156d7d9636bfe37cd39bf,202486,0c69409ade9120d06bd93a3dbe59e66986159a9a,6,0.12456651031970978,Torias Song,From The Stalls,Papooz,Angus & Julia Stone,2016,2014,misc,rock
465187,c275cd6b8a7d8254d84156d7d9636bfe37cd39bf,194957,d5c93c9a4c9df6750f7da39a20936053bb7f4c2b,7,0.10746984928846359,Torias Song,Still Wild,Papooz,La Mar,2016,2015,misc,pop
465187,c275cd6b8a7d8254d84156d7d9636bfe37cd39bf,135410,efaaf12da7e92266e30fdd1bf3991247fa3b2d5d,8,0.03863772377371788,Torias Song,Her Strut,Papooz,Bob Seger,2016,1980,misc,pop
465187,c275cd6b8a7d8254d84156d7d9636bfe37cd39bf,474197,8c5509c2232f5c4b3b57c5384c7e5afcf1aa90c5,9,0.002557696308940649,Torias Song,Tomahawk,Papooz,Wild Yaks,2016,2009,misc,rock
465187,c275cd6b8a7d8254d84156d7d9636bfe37cd39bf,446832,39dcbf1c980047d41706fad14c9c8e9a2496d328,10,0.1205587387084961,Torias Song,Watch Over,Papooz,Lucy Rose,2016,2012,misc,pop
465187,c275cd6b8a7d8254d84156d7d9636bfe37cd39bf,88560,8e04c2109e539897e86a1e0a29d3118d8d328dac,11,0.11569329351186752,Torias Song,Home Soon,Papooz,DOPE LEMON,2016,2017,misc,rock
465187,c275cd6b8a7d8254d84156d7d9636bfe37cd39bf,344345,39b331a29ea3c418e57c493c7c90cfdd2996a9b8,12,0.010545263066887856,Torias Song,Confetti,Papooz,The Lemonheads,2016,1992,misc,rock
465187,c275cd6b8a7d8254d84156d7d9636bfe37cd39bf,176910,92f3715ea5d1e52fbe59883e08d0a6e78c93a2e4,13,0.10005072504281998,Torias Song,Tropical,Papooz,INNA,2016,2017,misc,pop
465187,c275cd6b8a7d8254d84156d7d9636bfe37cd39bf,197288,445ef19b117893399ec59d23ad69ce8594eda3ac,14,0.07687705010175705,Torias Song,Waiting For The Weekend,Papooz,San Cisco,2016,2017,misc,rock
465187,c275cd6b8a7d8254d84156d7d9636bfe37cd39bf,18191,cb7230702257ce70e0887616fe76e5ac51f5ea25,15,0.09355907887220383,Torias Song,All Hands on Deck,Papooz,Tinashe,2016,2014,misc,rb
465187,c275cd6b8a7d8254d84156d7d9636bfe37cd39bf,473404,6daa47fa79e8b617c16911b3a986be457c6d12a5,16,0.06503879278898239,Torias Song,Everything I Say Magnolia,Papooz,Ruben Hein,2016,2017,misc,pop
465187,c275cd6b8a7d8254d84156d7d9636bfe37cd39bf,224970,4714cd79c872d014cdad746edb3a8d6123e83822,17,0.11880435049533844,Torias Song,Sinking Inside Yourself,Papooz,Hammock,2016,2011,misc,pop
465187,c275cd6b8a7d8254d84156d7d9636bfe37cd39bf,310144,cb275d33a7e0fb81869604137306948eebbc1ef8,18,0.11302800476551056,Torias Song,So Do I,Papooz,Jordan Davis,2016,2018,misc,country
465187,c275cd6b8a7d8254d84156d7d9636bfe37cd39bf,441273,e8ea40c6529ea559b5a9098e159300c3289cec4a,19,0.11378003656864166,Torias Song,Banyo Blue,Papooz,Cub Sport,2016,2017,misc,pop
465187,c275cd6b8a7d8254d84156d7d9636bfe37cd39bf,30500,733e5995a07c44f376b78403a6b18ff1b1f29359,20,0.09925899654626846,Torias Song,Cool It Now,Papooz,New Edition,2016,1984,misc,rb
384536,f639e5ca1031bf29c63317f1d64dc7e47f086351,416169,37dd9dcb83120a4d12aa32f50161a9235d357b98,1,0.16163232922554016,Who Are We Fooling?,Far Gone,Brooke Fraser,Musiq Soulchild,2010,2016,pop,rb
384536,f639e5ca1031bf29c63317f1d64dc7e47f086351,192112,7f9f62fc1e5dcfa8766519146ad2f1ea3e3a3881,2,0.0012416657991707325,Who Are We Fooling?,In a Beautiful Place Out in the Country,Brooke Fraser,Boards of Canada,2010,2000,pop,pop
384536,f639e5ca1031bf29c63317f1d64dc7e47f086351,260813,4fa658e8ed382ef8608fee83c3220192eac8d751,3,0.0692906379699707,Who Are We Fooling?,Overground,Brooke Fraser,Siouxsie and the Banshees,2010,1978,pop,rock
384536,f639e5ca1031bf29c63317f1d64dc7e47f086351,68904,d6b20c62c4b33dc70d62c9782d17f0813febcb9f,4,0.03799665719270706,Who Are We Fooling?,One,Brooke Fraser,Harry Nilsson,2010,1968,pop,pop
384536,f639e5ca1031bf29c63317f1d64dc7e47f086351,100410,629836640b86e3aa8e3729baa69346d6a79846b8,5,0.10558610409498215,Who Are We Fooling?,Worse,Brooke Fraser,New Hope Club,2010,2020,pop,pop
384536,f639e5ca1031bf29c63317f1d64dc7e47f086351,428903,04ef831273a17fcf0642322e9fd5f5bc415243e9,6,0.0012416657991707325,Who Are We Fooling?,Sheila,Brooke Fraser,Morphine,2010,1993,pop,rock
384536,f639e5ca1031bf29c63317f1d64dc7e47f086351,42435,f7e6c9f090d208164ab685dc4628d6dd6aa6f3f6,7,0.06592205911874771,Who Are We Fooling?,Worstward Ho,Brooke Fraser,Samuel Beckett,2010,1984,pop,misc
384536,f639e5ca1031bf29c63317f1d64dc7e47f086351,475979,63df9c574880f24fd742606c107cd6a08314f073,8,0.1079777404665947,Who Are We Fooling?,That Much Further West,Brooke Fraser,Lucero,2010,2003,pop,rock
384536,f639e5ca1031bf29c63317f1d64dc7e47f086351,421773,85cd7408f738f676c87f4e8bd402cb3c9212d120,9,0.030051246285438538,Who Are We Fooling?,Earth Is Our Home,Brooke Fraser,Mother Goose Club,2010,2016,pop,pop
384536,f639e5ca1031bf29c63317f1d64dc7e47f086351,359385,12eb88fae0c816d448304d15ca98c410d2dc2165,10,0.08765873312950134,Who Are We Fooling?,Corona,Brooke Fraser,Shark Puppet,2010,2020,pop,rap
384536,f639e5ca1031bf29c63317f1d64dc7e47f086351,110569,cd3cb17cdb2cf3d71503f7df28cd4a0d16e0289e,11,0.11336257308721542,Who Are We Fooling?,I Want to Kill You,Brooke Fraser,Citizen,2010,2021,pop,rock
384536,f639e5ca1031bf29c63317f1d64dc7e47f086351,486741,7b3aa71b9c3d5e5e988d6bc4bd833cdf37adf235,12,0.0005123391165398061,Who Are We Fooling?,All Blessed,Brooke Fraser,Faithless,2010,2020,pop,pop
384536,f639e5ca1031bf29c63317f1d64dc7e47f086351,460690,4e25646924880f8e9388433c610ca6e60fc6df2e,13,0.0012416657991707325,Who Are We Fooling?,The Inch Worm,Brooke Fraser,Paul McCartney,2010,2012,pop,pop
384536,f639e5ca1031bf29c63317f1d64dc7e47f086351,32766,fb97822f01523045ed4a0d6d8599b88d0dad71aa,14,0.10175998508930206,Who Are We Fooling?,NEVER AGAIN,Brooke Fraser,PARTYNEXTDOOR,2010,2020,pop,rb
384536,f639e5ca1031bf29c63317f1d64dc7e47f086351,350232,ab85dd70cd83ed65c8377290e18880c4b11636a7,15,0.01715390756726265,Who Are We Fooling?,Girl with No Eyes,Brooke Fraser,It's a Beautiful Day,2010,1969,pop,pop
384536,f639e5ca1031bf29c63317f1d64dc7e47f086351,465146,de50c54eab31c24e1e75210a106d68e532492202,16,0.0012416657991707325,Who Are We Fooling?,Take me Take me,Brooke Fraser,Perfume,2010,2008,pop,pop
384536,f639e5ca1031bf29c63317f1d64dc7e47f086351,307823,dcf6f947247e7db131f30b0918ba3441e5059e44,17,0.06800269335508347,Who Are We Fooling?,Taste,Brooke Fraser,Ty Segall,2010,2019,pop,rock
384536,f639e5ca1031bf29c63317f1d64dc7e47f086351,189704,32cb89bba3d44d02ca8dc27e6c4e01d15644c904,18,0.0012416657991707325,Who Are We Fooling?,The Hukilau Song,Brooke Fraser,Bing Crosby,2010,1964,pop,pop
384536,f639e5ca1031bf29c63317f1d64dc7e47f086351,145586,c8e1d9a49ce5c8183ddaf56863fd430d4afc73a4,19,0.002947891829535365,Who Are We Fooling?,Light of Life Ibelin reprise,Brooke Fraser,Natacha Atlas,2010,2015,pop,pop
384536,f639e5ca1031bf29c63317f1d64dc7e47f086351,242753,3ad86833b3aade3e0eb702f557bcfd13b7523de2,20,0.08902804553508759,Who Are We Fooling?,Lord Anthony,Brooke Fraser,Belle and Sebastian,2010,2003,pop,rock
410455,dc43ea630a9e25ba4fd860d743ec3f9cb7cbbdec,91897,fb423ee80a779407abca596f0d89ed0ff538fa00,1,0.8035179376602173,Let Me Be There,Let Me Be There,Ekolu,Olivia Newton-John,2015,1973,pop,pop
410455,dc43ea630a9e25ba4fd860d743ec3f9cb7cbbdec,416542,fee78e63f8b854c615d51bc3726bd60d80e25b34,2,0.7744287252426147,Let Me Be There,Let Me Be There,Ekolu,Elvis Presley,2015,1977,pop,country
410455,dc43ea630a9e25ba4fd860d743ec3f9cb7cbbdec,70214,2905858568fae8b4da5faaa8aab91c88689b8a93,3,0.11974550783634186,Let Me Be There,Little Liza Jane,Ekolu,Elizabeth Mitchell,2015,2006,pop,pop
410455,dc43ea630a9e25ba4fd860d743ec3f9cb7cbbdec,323300,cb9f52027fbf75685ddc0d3357db7cc05ee0cf2f,4,0.1673368662595749,Let Me Be There,Foreword,Ekolu,Make Them Suffer,2015,2015,pop,rock
410455,dc43ea630a9e25ba4fd860d743ec3f9cb7cbbdec,381484,884f93a1bccc48cf49e689f7527f3441c49bff59,5,0.1612403839826584,Let Me Be There,Burning The Midnight Oil,Ekolu,Thomm Jutz,2015,2019,pop,country
410455,dc43ea630a9e25ba4fd860d743ec3f9cb7cbbdec,312983,187a233513e830285dd2598211b9923bd9d628a2,6,0.0773877203464508,Let Me Be There,The World Would Run Better,Ekolu,KONGOS,2015,2016,pop,rock
410455,dc43ea630a9e25ba4fd860d743ec3f9cb7cbbdec,499697,326e95cede5b0161e32d2d81d4ba7560e210e051,7,0.16645121574401855,Let Me Be There,Share My Life,Ekolu,Coleske,2015,1996,pop,pop
410455,dc43ea630a9e25ba4fd860d743ec3f9cb7cbbdec,282995,d6571e22a53a0cbc9d7284e1ba7380056b52a99e,8,0.01563199795782566,Let Me Be There,Brian Song Monty Python Sings,Ekolu,Monty Python,2015,1989,pop,pop
410455,dc43ea630a9e25ba4fd860d743ec3f9cb7cbbdec,311234,cb49b0e59dcb04d7b383681ff05d9abc6f894a7e,9,0.11105197668075562,Let Me Be There,The Sharing Song,Ekolu,Jack Johnson,2015,2006,pop,rock
410455,dc43ea630a9e25ba4fd860d743ec3f9cb7cbbdec,89697,4bf006efe715dde326ac607d347578237fa86463,10,0.11995883285999298,Let Me Be There,Dont Need Much,Ekolu,Travis Mills,2015,2016,pop,rap
410455,dc43ea630a9e25ba4fd860d743ec3f9cb7cbbdec,375988,abf822367c9d343682995dea08e6bbe6d7e38dd0,11,0.07129748910665512,Let Me Be There,L Ron Hubbard Was Way Cool,Ekolu,Home Is Where,2015,2021,pop,rock
410455,dc43ea630a9e25ba4fd860d743ec3f9cb7cbbdec,139006,58b610a61554d92a80ee0df8e8d4d40fcb7678cc,12,0.0042624338530004025,Let Me Be There,Dreamcast,Ekolu,Blank Banshee,2015,2012,pop,misc
410455,dc43ea630a9e25ba4fd860d743ec3f9cb7cbbdec,100618,f705c25b741d13695a7c550ff70b2a7267370ee1,13,0.1341407150030136,Let Me Be There,Like the Moon,Ekolu,Future Islands,2015,2014,pop,rock
410455,dc43ea630a9e25ba4fd860d743ec3f9cb7cbbdec,447228,f18ff7079b7475ed9487776c716800c5f7e3bdfa,14,0.07129748910665512,Let Me Be There,Mi Casa Su Casa,Ekolu,Ski Mask the Slump God,2015,2017,pop,rap
410455,dc43ea630a9e25ba4fd860d743ec3f9cb7cbbdec,394135,7e9c86bda09e7df9333092bbc48c6d8b07686f2c,15,0.15927176177501678,Let Me Be There,1996,Ekolu,Ella Henderson,2015,2014,pop,pop
410455,dc43ea630a9e25ba4fd860d743ec3f9cb7cbbdec,145810,eb5b42150f74c7f477b0fbf90b32f6d32d7f96d0,16,0.07876642048358917,Let Me Be There,Is It You,Ekolu,Cassie,2015,2007,pop,rb
410455,dc43ea630a9e25ba4fd860d743ec3f9cb7cbbdec,222332,5011033d41fc656dcf97aaa25916dd6f22c7028d,17,0.12929418683052063,Let Me Be There,Irish Heartbeat,Ekolu,Van Morrison,2015,1983,pop,rock
410455,dc43ea630a9e25ba4fd860d743ec3f9cb7cbbdec,468628,0e2483290ba170b0c26aae5d14217758172076d2,18,0.14955124258995056,Let Me Be There,Amigos Para Siempre,Ekolu,Sarah Brightman,2015,1992,pop,pop
410455,dc43ea630a9e25ba4fd860d743ec3f9cb7cbbdec,179355,e9e57dbfa3ab8216ba979689b17b810dd7bd966e,19,0.16460180282592773,Let Me Be There,Shine Your Light,Ekolu,Amy Ruffle,2015,2021,pop,pop
410455,dc43ea630a9e25ba4fd860d743ec3f9cb7cbbdec,423623,6de52ddf0dc852f337e8e6e0fbb7f2aea2acb4e7,20,0.15325570106506348,Let Me Be There,No differences,Ekolu, (Hiroyuki Sawano),2015,2014,pop,pop
172123,3319023d94ea21550533b44f74f00d1077279c40,226558,5113ed33134bb3094f880619c9f60b51deb7ccce,1,0.9615123271942139,This Masquerade,This Masquerade,Leon Russell,Carpenters,1972,1973,pop,pop
172123,3319023d94ea21550533b44f74f00d1077279c40,50674,361031b5e55d69cc15b52b1680f91d3ee8c37311,2,0.6784663796424866,This Masquerade,This Masquerade,Leon Russell,George Benson,1972,1976,pop,rb
172123,3319023d94ea21550533b44f74f00d1077279c40,113585,2549367c426955ae753d2924c2157313285c3ac8,3,0.033553220331668854,This Masquerade,Arrested Development Intro,Leon Russell,Ron Howard,1972,2014,pop,misc
172123,3319023d94ea21550533b44f74f00d1077279c40,415784,879676be48d87e7b2e1badb6eafd0e34617c1cef,4,0.142536923289299,This Masquerade,Pablo Escobar,Leon Russell,Dubdogz,1972,2020,pop,pop
172123,3319023d94ea21550533b44f74f00d1077279c40,12671,1a65e51335ef4d0d80ef24e640145ee62f35afae,5,0.033553220331668854,This Masquerade,Lostmyhead,Leon Russell,Lostmyhead Lyrics - The 1975,1972,2016,pop,rock
172123,3319023d94ea21550533b44f74f00d1077279c40,460960,72e2490f69d89bab231246eace939a04874510f2,6,0.033553220331668854,This Masquerade,Lost Due to Incompetence,Leon Russell,Cheech & Chong,1972,1979,pop,pop
172123,3319023d94ea21550533b44f74f00d1077279c40,337166,f23bc15adde0dbda8f4a6a0f01c115fbd32d9fe8,7,0.033553220331668854,This Masquerade,A Thousand Years,Leon Russell,Tom Rosenthal,1972,2013,pop,pop
172123,3319023d94ea21550533b44f74f00d1077279c40,419449,89a9e685903976c5c4578802bdeb51bedd7b5a6d,8,0.033553220331668854,This Masquerade,Glass,Leon Russell,Blood Cultures,1972,2019,pop,pop
172123,3319023d94ea21550533b44f74f00d1077279c40,230675,ab687d9de8da51f92724a4140a1cf2eb7b976eb2,9,0.11446421593427658,This Masquerade,Mercury,Leon Russell,Moon Taxi,1972,2012,pop,rock
172123,3319023d94ea21550533b44f74f00d1077279c40,309843,e9670a5884e2dc1abfb1b9bddc98ae3f860ba4f4,10,0.033553220331668854,This Masquerade,Thinking And Drinking,Leon Russell,Amos Milburn,1972,1952,pop,rb
172123,3319023d94ea21550533b44f74f00d1077279c40,169089,a0d9440af1bfb7ece6f005ec7bced51f4635ad99,11,0.06994975358247757,This Masquerade,Oh No Pedro,Leon Russell,Tom Rosenthal,1972,2017,pop,pop
172123,3319023d94ea21550533b44f74f00d1077279c40,372891,3c400873476f6df2725d0babe0092a4f7127acb8,12,0.033553220331668854,This Masquerade,Again,Leon Russell,SG Lewis,1972,2018,pop,pop
172123,3319023d94ea21550533b44f74f00d1077279c40,153951,75eb037b5a9afde2503feccbbb2babb88cc0e0cf,13,0.033553220331668854,This Masquerade,Bill Murray,Leon Russell,Gorillaz,1972,2007,pop,rock
172123,3319023d94ea21550533b44f74f00d1077279c40,16239,613ca392d809cc492df1efb2ceaf610fe2d73956,14,0.021354032680392265,This Masquerade,Shes Lost Control,Leon Russell,Joy Division,1972,1979,pop,rock
172123,3319023d94ea21550533b44f74f00d1077279c40,164722,021736404f9544fe2e736497b8cc1a36ccf8b936,15,0.033553220331668854,This Masquerade,Just Like Christmas,Leon Russell,Low,1972,1999,pop,pop
172123,3319023d94ea21550533b44f74f00d1077279c40,505886,c8f7849575ad24a88d7ce9924618f99ca45c9cc3,16,0.033553220331668854,This Masquerade,TV BABY V.2 LATCH KEY MARCH,Leon Russell,Kilo Kish,1972,2022,pop,pop
172123,3319023d94ea21550533b44f74f00d1077279c40,389770,2f4523f75d8750e6b4770bb0d4e7515e0473977a,17,0.033553220331668854,This Masquerade,My Wife Lost in the Wild,Leon Russell,Beirut,1972,2009,pop,pop
172123,3319023d94ea21550533b44f74f00d1077279c40,64857,91755db75690eab548e63f7ccd9f6df913991176,18,0.056359030306339264,This Masquerade,Famous Last Words,Leon Russell,James Blake,1972,2021,pop,pop
172123,3319023d94ea21550533b44f74f00d1077279c40,485218,4232098360628d100a0fbf687766d15304e667e2,19,0.033553220331668854,This Masquerade,Shes My Girl,Leon Russell,Ariel Pink's Haunted Graffiti,1972,2002,pop,pop
172123,3319023d94ea21550533b44f74f00d1077279c40,155008,3b09a9947f6b97f8e91ae0057d86eccd5882b95a,20,0.033553220331668854,This Masquerade,Trailerpark,Leon Russell,Blur,1972,1999,pop,rock
261621,0a5a0a1b73ad8c77e432528be2652ef425ba0e0e,286331,6b6c728602e72d7c31610ef38bae3fa3317d060b,1,0.6649620532989502,Where is My Mind?,Where Is My Mind?,Unlike Pluto,Yoav,2018,2011,pop,pop
261621,0a5a0a1b73ad8c77e432528be2652ef425ba0e0e,183869,7d8743cc1674c8e5079c7d10f33ea36499a0d424,2,0.6538921594619751,Where is My Mind?,Where Is My Mind Pixies Cover,Unlike Pluto,Milky Chance,2018,2015,pop,rock
261621,0a5a0a1b73ad8c77e432528be2652ef425ba0e0e,211646,7bdeb31132485657bdcc1b24b5e1760991d4883c,3,0.5993137359619141,Where is My Mind?,Where Is My Mind?,Unlike Pluto,Placebo,2018,2003,pop,rock
261621,0a5a0a1b73ad8c77e432528be2652ef425ba0e0e,362963,12b94f19b7a8297dabcfec0acf3b5a70a6f067c0,4,0.5909910798072815,Where is My Mind?,Where is my mind,Unlike Pluto,Sunday Girl,2018,2015,pop,pop
261621,0a5a0a1b73ad8c77e432528be2652ef425ba0e0e,3341,fc56143e8996fe1f7cda8ca36f73a5acc1c9ec1d,5,0.5423468947410583,Where is My Mind?,Where Is My Mind?,Unlike Pluto,Pixies,2018,1988,pop,rock
261621,0a5a0a1b73ad8c77e432528be2652ef425ba0e0e,494395,15123c337d0209b24d2e3b44756d992299378038,6,0.5127906203269958,Where is My Mind?,Where Is My Mind?,Unlike Pluto,Telepathic Teddy Bear,2018,2013,pop,pop
261621,0a5a0a1b73ad8c77e432528be2652ef425ba0e0e,463556,110568a65f30144588a09b9554ae8fd654955b80,7,0.43993228673934937,Where is My Mind?,Where Is My Mind?,Unlike Pluto,Nada Surf,2018,1999,pop,pop
261621,0a5a0a1b73ad8c77e432528be2652ef425ba0e0e,494329,af999248a002aa27d6f473277190c03b9462aa21,8,0.15690971910953522,Where is My Mind?,Khyber Pass,Unlike Pluto,Ministry,2018,2006,pop,rock
261621,0a5a0a1b73ad8c77e432528be2652ef425ba0e0e,201242,5afd161baa428e55bdffc84b585ab4c5aa2885b8,9,0.15690971910953522,Where is My Mind?,Another Time,Unlike Pluto,TWO LANES,2018,2021,pop,pop
261621,0a5a0a1b73ad8c77e432528be2652ef425ba0e0e,388381,daf6ba562c8355f80b93deaed0d2a51ad93d08c9,10,0.38544920086860657,Where is My Mind?,Where Is My Mind?,Unlike Pluto,Trampled by Turtles,2018,2011,pop,pop
261621,0a5a0a1b73ad8c77e432528be2652ef425ba0e0e,458796,fcf96b7f46b6fd921259df7fc3f9a40b607ee91b,11,0.3790145516395569,Where is My Mind?,Where Is My Mind?,Unlike Pluto,James Blunt,2018,2005,pop,pop
261621,0a5a0a1b73ad8c77e432528be2652ef425ba0e0e,317806,044670f10ff549d3dd0954c07ca070feeb4ffb42,12,0.355427086353302,Where is My Mind?,Where is My Mind?,Unlike Pluto,Harley Poe,2018,2019,pop,rock
261621,0a5a0a1b73ad8c77e432528be2652ef425ba0e0e,362453,b3728d411e63bbf321d5a489f7af2a1caf7f76d6,13,0.27758726477622986,Where is My Mind?,Where Is My Mind?,Unlike Pluto,Tkay Maidza,2018,2021,pop,pop
261621,0a5a0a1b73ad8c77e432528be2652ef425ba0e0e,106466,155f3715e115d2bc091b4ea07f1a0a881be67c49,14,0.15690971910953522,Where is My Mind?,Victoria,Unlike Pluto,John Mayer,2018,1999,pop,rock
261621,0a5a0a1b73ad8c77e432528be2652ef425ba0e0e,445221,c58f944eb176f49e776c5a0fd7e9f989e762f798,15,0.3536434769630432,Where is My Mind?,Where Is My Mind?,Unlike Pluto,Milky Chance,2018,2015,pop,pop
261621,0a5a0a1b73ad8c77e432528be2652ef425ba0e0e,318157,d8fb9f35da5fce2ac5376f9eaed60dde9e9787ce,16,0.1411873698234558,Where is My Mind?,Desire Come and Get It,Unlike Pluto,Gene Loves Jezebel,2018,1986,pop,pop
261621,0a5a0a1b73ad8c77e432528be2652ef425ba0e0e,61236,79b952818395f9ba46bb5b98f711e85c32909dd0,17,0.15690971910953522,Where is My Mind?,Debora,Unlike Pluto,T. Rex,2018,1968,pop,rock
261621,0a5a0a1b73ad8c77e432528be2652ef425ba0e0e,286663,4e8bb0fc7e1814138a65d3cb1caea6a512504960,18,0.3227313160896301,Where is My Mind?,Where Is My Mind?,Unlike Pluto,Safari Riot,2018,2018,pop,rock
261621,0a5a0a1b73ad8c77e432528be2652ef425ba0e0e,67280,32c124421073c1ef1c63d6c9a840c1e509bf1145,19,0.15690971910953522,Where is My Mind?,Midnight Rider,Unlike Pluto,The Allman Brothers Band,2018,1970,pop,rock
261621,0a5a0a1b73ad8c77e432528be2652ef425ba0e0e,69341,f1d78794520c05c601cb5241515eb72953780933,20,0.15690971910953522,Where is My Mind?,Preoccupied,Unlike Pluto,Mac DeMarco,2018,2019,pop,rock
213951,c5ad0447bbcdad2935bb0ff11ffe6563e0181a2d,233286,0139b66b7e9a4f3ac39ed6a050d71bbe9980557e,1,0.5714402198791504,Runaways,Runaway,Lowell,David Soh,2018,2018,pop,pop
213951,c5ad0447bbcdad2935bb0ff11ffe6563e0181a2d,431894,b49a6ef0c5859b2584372f76f5c2d323c46e25ec,2,0.5161351561546326,Runaways,Runaway,Lowell,SAFIA,2018,2019,pop,pop
213951,c5ad0447bbcdad2935bb0ff11ffe6563e0181a2d,100484,668b5384b5558fb7c7139f4b5e667be03e362a0e,3,0.5365290641784668,Runaways,Runaway,Lowell,Krewella,2018,2018,pop,pop
213951,c5ad0447bbcdad2935bb0ff11ffe6563e0181a2d,415566,b73cd4f21091f112f710455fa607af5aa6162caa,4,0.5014374256134033,Runaways,Runaway,Lowell,The Kooks,2018,2011,pop,rock
213951,c5ad0447bbcdad2935bb0ff11ffe6563e0181a2d,185968,5ed401d715c82535ad93854defbc48686226a6ab,5,0.4734429121017456,Runaways,Runaway,Lowell,Bonnie Raitt,2018,1977,pop,pop
213951,c5ad0447bbcdad2935bb0ff11ffe6563e0181a2d,500679,65fdf3d58deb9fd9505213322cd5d986a93c5816,6,0.4708205461502075,Runaways,Runaway,Lowell,Gabbie Hanna,2018,2022,pop,rock
213951,c5ad0447bbcdad2935bb0ff11ffe6563e0181a2d,305983,ad8819dff33ba8c28091e2412a38757215510bd4,7,0.4423624873161316,Runaways,Falls Apart,Lowell,Sugar Ray,2018,1999,pop,pop
213951,c5ad0447bbcdad2935bb0ff11ffe6563e0181a2d,294396,6f241fe7e374ced9fd05bcdd97ef2e9148cf1c62,8,0.32459959387779236,Runaways,Judaiya,Lowell,Mumzy Stranger,2018,2016,pop,rb
213951,c5ad0447bbcdad2935bb0ff11ffe6563e0181a2d,207270,294174b3a7467309f06b8429ba8b5d19db875052,9,0.3430342972278595,Runaways,Seventeen,Lowell,The Midnight,2018,2020,pop,pop
213951,c5ad0447bbcdad2935bb0ff11ffe6563e0181a2d,500983,2662606b439873c6ca031cbc368ab3dc6a839cbb,10,0.4549744427204132,Runaways,Runaway,Lowell,Bakar,2018,2022,pop,pop
213951,c5ad0447bbcdad2935bb0ff11ffe6563e0181a2d,237791,e686a631db0654907cbebcafaa518342547f2aec,11,0.3437613248825073,Runaways,Closed Doors,Lowell,Amber Liu,2018,2018,pop,pop
213951,c5ad0447bbcdad2935bb0ff11ffe6563e0181a2d,115162,2d7f9300a6a3c6b022ada6d2f5ec288d600dbc1f,12,0.400354266166687,Runaways,Runaway,Lowell,Felix Cartal,2018,2018,pop,pop
213951,c5ad0447bbcdad2935bb0ff11ffe6563e0181a2d,99584,277104ea82da49f1f65d2e88aaa7ce102dce0566,13,0.35026291012763977,Runaways,Make A Shadow,Lowell,Meg Myers,2018,2015,pop,rock
213951,c5ad0447bbcdad2935bb0ff11ffe6563e0181a2d,27258,2e1941d256bba77e16b3437a9248e56d8eb54b3e,14,0.34722328186035156,Runaways,Runaway,Lowell,Bon Jovi,2018,1984,pop,rock
213951,c5ad0447bbcdad2935bb0ff11ffe6563e0181a2d,181873,0b3aae050f91b304d71c598b23c3eab1ad640ead,15,0.2903308868408203,Runaways,I Wanna Be A Hippy,Lowell,Technohead,2018,1995,pop,pop
213951,c5ad0447bbcdad2935bb0ff11ffe6563e0181a2d,469784,d790ac174300ba735f55990aa3e494e167621a2c,16,0.3903740346431732,Runaways,Runaway,Lowell,Marillion,2018,1994,pop,pop
213951,c5ad0447bbcdad2935bb0ff11ffe6563e0181a2d,514325,ddbd03780feeb517fa06868ffeb75e63f367ddf5,17,0.40776968002319336,Runaways,Runaway,Lowell,Kali Uchis,2018,2022,pop,pop
213951,c5ad0447bbcdad2935bb0ff11ffe6563e0181a2d,492655,01aa8db7aa7f5c91bc541356011f1fad66c53fe9,18,0.39450153708457947,Runaways,Runaway Remix,Lowell,Pell,2018,2015,pop,pop
213951,c5ad0447bbcdad2935bb0ff11ffe6563e0181a2d,341646,330016f903e2b8f73b55785a3086c7d099a0d334,19,0.40641236305236816,Runaways,Runaway,Lowell,Parachute Youth,2018,2015,pop,pop
213951,c5ad0447bbcdad2935bb0ff11ffe6563e0181a2d,371554,11d5c27415b80790bff7f841c0276e3a91389760,20,0.3572328984737396,Runaways,Runaway Girl,Lowell,Dion,2018,1961,pop,pop
106952,7262ea1dc57000f78abdd0e506f65ee1b84798a6,94842,cd2ba457fbf42221835ac47750e2e5edfc804ef3,1,0.1512080281972885,花요일 Blooming Day,YOU,EXO-CBX,LO-FI LE-VI,2018,2016,pop,misc
106952,7262ea1dc57000f78abdd0e506f65ee1b84798a6,142939,3635b9cac6a0fa343bff36141f230905058d7540,2,0.1014946848154068,花요일 Blooming Day,Little Arrow,EXO-CBX,Big Thief,2018,2016,pop,rock
106952,7262ea1dc57000f78abdd0e506f65ee1b84798a6,452765,5f2e6f7df368d9ac290a10f15fd56cc90713fd69,3,0.10316815227270126,花요일 Blooming Day,Look At Us,EXO-CBX,Sarina Paris,2018,2001,pop,pop
106952,7262ea1dc57000f78abdd0e506f65ee1b84798a6,2983,0c7efadd2eb993990fca13787a8101eb95cae1a3,4,0.054877590388059616,花요일 Blooming Day,Thursday,EXO-CBX,The Weeknd,2018,2011,pop,rb
106952,7262ea1dc57000f78abdd0e506f65ee1b84798a6,322335,9e8b40137f0e52aa6a162240697aa80a5b6d6ee3,5,0.10833690315485,花요일 Blooming Day,Wild Rose,EXO-CBX,Kaitlin Butts,2018,2015,pop,country
106952,7262ea1dc57000f78abdd0e506f65ee1b84798a6,4485,bff38f11bb3e6c8a2e5e561a367910b596c99ddd,6,0.15108448266983032,花요일 Blooming Day,Bloom,EXO-CBX,Troye Sivan,2018,2018,pop,pop
106952,7262ea1dc57000f78abdd0e506f65ee1b84798a6,299046,58ecf7258f904b3b78fd2e296f2e1ae40c3be65b,7,0.04654407873749733,花요일 Blooming Day,Lo Siento,EXO-CBX,Saudin,2018,2018,pop,rb
106952,7262ea1dc57000f78abdd0e506f65ee1b84798a6,30357,b9d07b43373f10e5a94cf47ed9916f39468f7c5d,8,0.06227671727538109,花요일 Blooming Day,Spoon Me,EXO-CBX,Elliphant,2018,2016,pop,pop
106952,7262ea1dc57000f78abdd0e506f65ee1b84798a6,343387,e970832e8070053d2d06f110a940be8b814e5e76,9,0.09924792498350143,花요일 Blooming Day,When You Walk in the Room,EXO-CBX,Paul Carrack,2018,1987,pop,pop
106952,7262ea1dc57000f78abdd0e506f65ee1b84798a6,152203,3719254ad73c3957436d7de11c56545301f36018,10,0.035395171493291855,花요일 Blooming Day,Ribs,EXO-CBX,Neil Cicierega,2018,2020,pop,rock
106952,7262ea1dc57000f78abdd0e506f65ee1b84798a6,365924,bb4b96e9f75490c0a16fca8bd401d3a5cb05ba60,11,0.07180708646774292,花요일 Blooming Day,I Cant Stay Away,EXO-CBX,The Veronicas,2018,2007,pop,pop
106952,7262ea1dc57000f78abdd0e506f65ee1b84798a6,174233,93428a8c70210ab94701ffb7d949c9d10a479f33,12,0.009436707012355328,花요일 Blooming Day,More Cowbell,EXO-CBX,Saturday Night Live,2018,2000,pop,misc
106952,7262ea1dc57000f78abdd0e506f65ee1b84798a6,294011,8fd933598e0c862276960c17c5b456bedda4605f,13,0.1312812864780426,花요일 Blooming Day,Come See Me Remix,EXO-CBX,112,2018,1996,pop,rb
106952,7262ea1dc57000f78abdd0e506f65ee1b84798a6,237382,a111924d8ad50d0bcaf8c16ca415f27c565297d9,14,0.06413525342941284,花요일 Blooming Day,Dont Look Back,EXO-CBX,The Temptations,2018,1965,pop,rb
106952,7262ea1dc57000f78abdd0e506f65ee1b84798a6,42748,d250c1a871dccb4ea17bbfe3efc55eb2831d6f96,15,0.02761567197740078,花요일 Blooming Day,Baby You’re a Rich Man,EXO-CBX,The Beatles,2018,1967,pop,rock
106952,7262ea1dc57000f78abdd0e506f65ee1b84798a6,241072,ba87a11169d3af7c8986564c2c6a76a38e37f61f,16,0.08798380941152573,花요일 Blooming Day,Grow,EXO-CBX,HOAX,2018,2018,pop,pop
106952,7262ea1dc57000f78abdd0e506f65ee1b84798a6,326727,974e59735627ec98ad2216db03b58923050aa681,17,0.0012166978558525443,花요일 Blooming Day,One Night Gigolo,EXO-CBX,H-Town,2018,1994,pop,rb
106952,7262ea1dc57000f78abdd0e506f65ee1b84798a6,356212,da3fc7a292d924682f1fc686b473dbd8726337df,18,0.055145151913166046,花요일 Blooming Day,I Feel Alright,EXO-CBX,The Damned,2018,1977,pop,rock
106952,7262ea1dc57000f78abdd0e506f65ee1b84798a6,305053,b0c9c6e0eb7096f3309374f70d7a257f77852937,19,0.029758093878626823,花요일 Blooming Day,Fuckin Up Young,EXO-CBX,The Dirty Nil,2018,2017,pop,rock
106952,7262ea1dc57000f78abdd0e506f65ee1b84798a6,100053,e16810b2a738f2ea5b482106631d0bd19f596d77,20,0.047598809003829956,花요일 Blooming Day,Sign,EXO-CBX,DEAMN,2018,2016,pop,pop
352698,c09e64c4d822775af86726ef843a8c6fc9442fd3,330183,bdb9301c420acfccf21950c5f66e780b8257be76,1,0.3502453565597534,Church,Church,Far East Movement,Jennifer Lopez,2016,2022,pop,pop
352698,c09e64c4d822775af86726ef843a8c6fc9442fd3,506416,549d281aa8d7c2fec21a5ffb38a75cea82a82dcd,2,0.19234125316143036,Church,Monday Thru Sunday,Far East Movement,Cochise,2016,2022,pop,rap
352698,c09e64c4d822775af86726ef843a8c6fc9442fd3,294631,23bb2063fa81e76f7627b7f6bedae65be0052963,3,0.19234125316143036,Church,Do You Like Worms,Far East Movement,The Beach Boys,2016,1993,pop,pop
352698,c09e64c4d822775af86726ef843a8c6fc9442fd3,283793,1f43f7211870cef7eb56eaf8f6c0cebb81a16c20,4,0.16062615811824799,Church,The Color Purple letter 4 of 90,Far East Movement,Alice Walker,2016,1982,pop,misc
352698,c09e64c4d822775af86726ef843a8c6fc9442fd3,227113,84cbdac6442f16f4a775956a970776d1225f541b,5,0.16532568633556366,Church,White Rune,Far East Movement,Iceage,2016,2011,pop,rock
352698,c09e64c4d822775af86726ef843a8c6fc9442fd3,397245,f9ad1a77d2797213e69097a3e0661682c1413bcc,6,0.19234125316143036,Church,Think of Me When They Sound,Far East Movement,Circa Survive,2016,2014,pop,rock
352698,c09e64c4d822775af86726ef843a8c6fc9442fd3,433051,6167400fca0e221c975a743526fa6ec6f8ed755d,7,0.23689137399196625,Church,Karaoke,Far East Movement,Ginger Root,2016,2020,pop,rock
352698,c09e64c4d822775af86726ef843a8c6fc9442fd3,161702,57fe9955388b79fb15acd1c3d8a07a5b13c2529b,8,0.28775137662887573,Church,Drunk Text Message to God,Far East Movement,Watsky,2016,2014,pop,misc
352698,c09e64c4d822775af86726ef843a8c6fc9442fd3,397790,d554cd09c546de4df714e5727292439a60e12c1d,9,0.12952186167240143,Church,Diddy Wa Diddie,Far East Movement,Leon Redbone,2016,1977,pop,pop
352698,c09e64c4d822775af86726ef843a8c6fc9442fd3,495417,43c5848e3ce59ba68a2792ce912f1200ec60a68e,10,0.19234125316143036,Church,When You Are A Martian Church,Far East Movement,Rudimentary Peni,2016,1983,pop,rock
352698,c09e64c4d822775af86726ef843a8c6fc9442fd3,340664,4906576ab639b30c29429dbb48ffdf437f0e62a4,11,0.18296441435813904,Church,The Other Side,Far East Movement,Morphine,2016,1992,pop,rock
352698,c09e64c4d822775af86726ef843a8c6fc9442fd3,109553,7013a3fdab3943a44bded28b43ff7de17cf8ddd0,12,0.19203218817710876,Church,Get Right Church,Far East Movement,John Hammond,2016,1967,pop,pop
352698,c09e64c4d822775af86726ef843a8c6fc9442fd3,445922,22a3724f40b168615d9bad3286175f6324c9788a,13,0.16929151117801666,Church,Tonights Today,Far East Movement,Jack Peate,2016,2008,pop,pop
352698,c09e64c4d822775af86726ef843a8c6fc9442fd3,286866,7660eb0fdc5aa2ec265f8e01fda860f3256b8e68,14,0.19234125316143036,Church,Get Right Church,Far East Movement,Chester Baldwin,2016,2015,pop,pop
352698,c09e64c4d822775af86726ef843a8c6fc9442fd3,173815,2943a811c0f959bc63d0eac2d2af00e7385ea544,15,0.1724121868610382,Church,No Church on Sunday,Far East Movement,Princess Chelsea,2016,2014,pop,pop
352698,c09e64c4d822775af86726ef843a8c6fc9442fd3,474751,f4a4363a34152205c89c50cb40f5c58130a6bf43,16,0.179310604929924,Church,New Church,Far East Movement,The Lords of the New Church,2016,1982,pop,rock
352698,c09e64c4d822775af86726ef843a8c6fc9442fd3,312197,262f5d6d8275b926d60033ccc5412dec4c9f86cc,17,0.21234345436096191,Church,Stop By the Church,Far East Movement,Babbie Mason,2016,1996,pop,rb
352698,c09e64c4d822775af86726ef843a8c6fc9442fd3,15227,bda85e5060071eb20019555a26ca7a2ba0d8d469,18,0.10506444424390793,Church,Elsie’s Baby Boy flashback,Far East Movement,Kid Cudi,2016,2020,pop,rap
352698,c09e64c4d822775af86726ef843a8c6fc9442fd3,171957,dda16b707257a1263e5eef6ea362ff0d896649bd,19,0.16378015279769897,Church,Down in the Holler,Far East Movement,Upchurch,2016,2016,pop,rap
352698,c09e64c4d822775af86726ef843a8c6fc9442fd3,395094,238f75f77f6dc5bbb90bdb7af9354d9cbd9e9d25,20,0.17244882881641388,Church,The Church on Cumberland Road,Far East Movement,Shenandoah,2016,1989,pop,country
469583,354ba0cd482b394b47c49a0c6a4c88921b98690c,14700,ec2410e531c3c713fc82474908659705312f0491,1,0.620200514793396,Wont Let Me Out,Locked Up,C-Murder,Akon,2005,2004,pop,rap
469583,354ba0cd482b394b47c49a0c6a4c88921b98690c,38581,f9483f16c2c9ac91510667c075016a6483a1e8b2,2,0.5879244804382324,Wont Let Me Out,Locked Up Remix,C-Murder,Akon,2005,2009,pop,rap
469583,354ba0cd482b394b47c49a0c6a4c88921b98690c,400637,02ed37b2425972c64e7c13737c64370c33cfed63,3,0.4754263460636139,Wont Let Me Out,Locked Up Nas Remix,C-Murder,Akon,2005,2014,pop,rap
469583,354ba0cd482b394b47c49a0c6a4c88921b98690c,433953,9bf2a6e4199073cfc3b2c10e3a2b02bbecff4061,4,0.45957082509994507,Wont Let Me Out,Locked Up Yaad Remix,C-Murder,Akon,2005,2009,pop,rap
469583,354ba0cd482b394b47c49a0c6a4c88921b98690c,23369,c4201d5b03c5bf0be5e65456be519d9c43680784,5,0.32968413829803467,Wont Let Me Out,LOCKED UP PT. 2,C-Murder,6ix9ine,2005,2020,pop,rap
469583,354ba0cd482b394b47c49a0c6a4c88921b98690c,403751,a059422ae4c8fa7bafef9b93ded6600298420d10,6,0.00043415353866294026,Wont Let Me Out,UK Drill Videos be like... Get Man Down,C-Murder,MBbants,2005,2020,pop,misc
469583,354ba0cd482b394b47c49a0c6a4c88921b98690c,27290,677a47bca8485eb6dfd53fce088f640a25dfa2e7,7,0.06498493254184723,Wont Let Me Out,Goofys Trial,C-Murder,Pink Guy,2005,2017,pop,misc
469583,354ba0cd482b394b47c49a0c6a4c88921b98690c,238783,900b5a60b97672424ab57b4fbb973766bee03649,8,0.17118953168392181,Wont Let Me Out,Locked Up,C-Murder,The Avett Brothers,2005,2019,pop,country
469583,354ba0cd482b394b47c49a0c6a4c88921b98690c,143510,64e41601b9072e70ba89b54a0b25778a75e3a986,9,0.06250245869159698,Wont Let Me Out,Call My Lawyer,C-Murder,Juicy J,2005,2017,pop,rap
469583,354ba0cd482b394b47c49a0c6a4c88921b98690c,348019,ddccbf9f7d0d7cfb2b703862466014b7c9b01096,10,0.1796160638332367,Wont Let Me Out,Locked in Spofford,C-Murder,Mobb Deep,2005,1993,pop,rap
469583,354ba0cd482b394b47c49a0c6a4c88921b98690c,167658,c28543423678498c4b8e0afafd6cbec6ec35a83b,11,0.01647103950381279,Wont Let Me Out,The Dark Knight Rises: Final Scene,C-Murder,Christopher Nolan,2005,2012,pop,misc
469583,354ba0cd482b394b47c49a0c6a4c88921b98690c,100536,b486d34dd2c9320739405e0f7afa01965df93c58,12,0.03265060484409332,Wont Let Me Out,Singh is King,C-Murder,RDB,2005,2008,pop,rap
469583,354ba0cd482b394b47c49a0c6a4c88921b98690c,85076,48cc450c766f055619bb37bd5015ada554072318,13,0.05665800720453262,Wont Let Me Out,The Rainbow,C-Murder,Talk Talk,2005,1988,pop,rock
469583,354ba0cd482b394b47c49a0c6a4c88921b98690c,202444,977f9fc4a6e1906e9f3fa932041db32ead4ac411,14,0.10685993731021881,Wont Let Me Out,HUMANOID/SHAKE IT UP,C-Murder,Turnstile,2005,2021,pop,rock
469583,354ba0cd482b394b47c49a0c6a4c88921b98690c,231430,7268f2104ad839fe015f23e97d33711510569f9d,15,0.08502437174320221,Wont Let Me Out,My Young Niggas,C-Murder,Doughboyz Cashout,2005,2013,pop,rap
469583,354ba0cd482b394b47c49a0c6a4c88921b98690c,126246,7ce9abf0983778086dcf5e61e3692e0e9151180a,16,0.00041258116834796965,Wont Let Me Out,Boomin,C-Murder,21 Savage,2005,2017,pop,rap
469583,354ba0cd482b394b47c49a0c6a4c88921b98690c,95555,f366cef69b8067d15e336fb715d8f5ba156f577d,17,0.04105159267783165,Wont Let Me Out,Can’t Run,C-Murder,Lee Williams & the Spiritual QC's,2005,2000,pop,pop
469583,354ba0cd482b394b47c49a0c6a4c88921b98690c,474273,458588af1d63d7186191ce3917c14f8f7a5194aa,18,0.14521829783916473,Wont Let Me Out,Trapped,C-Murder,E-40,2005,2011,pop,rap
469583,354ba0cd482b394b47c49a0c6a4c88921b98690c,181192,3c88b01b6e4094ee519752924495a289a9f780a0,19,0.00013846105139236897,Wont Let Me Out,The Stranger Part 2 Chapter 3,C-Murder,Albert Camus,2005,2014,pop,misc
469583,354ba0cd482b394b47c49a0c6a4c88921b98690c,91002,0b63838325268885a14d1eccfecde23786e4155e,20,0.050315190106630325,Wont Let Me Out,Dont Be a Lawyer,C-Murder,Crazy Ex-Girlfriend Cast,2005,2018,pop,rb
502898,3e8b6840e5215b936d1a63b3906f3fbbdf520a05,51370,f6e2c68ae0fc2832df959b5e725dd439e6c11f01,1,0.16093257069587708,Northern Lights,Fade Away,Ella Henderson,Susanne Sundfr,2022,2014,pop,pop
502898,3e8b6840e5215b936d1a63b3906f3fbbdf520a05,512320,63bae0ee87d53b7436263c8410f9b72e0a5c9382,2,0.09950745105743408,Northern Lights,Push It Up,Ella Henderson,Confidence Man,2022,2022,pop,pop
502898,3e8b6840e5215b936d1a63b3906f3fbbdf520a05,103458,2896b4f4e91c5a25aa3d98f80397eba994b4defb,3,0.004967110697180033,Northern Lights,Blessin Pt. 1,Ella Henderson,Deeman Ohhrite,2022,2015,pop,rap
502898,3e8b6840e5215b936d1a63b3906f3fbbdf520a05,402766,71265c3477e15054bc543232dc25f081ff20a1b2,4,0.15387362241744995,Northern Lights,One Heartbeat,Ella Henderson,Smokey Robinson,2022,1987,pop,rb
502898,3e8b6840e5215b936d1a63b3906f3fbbdf520a05,95840,451d4edbcc7c9dcb53a5756191ae6144b10cd5a6,5,0.021630171686410904,Northern Lights,Balenciaga,Ella Henderson,Cheat Codes,2022,2018,pop,pop
502898,3e8b6840e5215b936d1a63b3906f3fbbdf520a05,371218,71c57c7d10d264cef7a971ad30a9bde3961cc447,6,0.12575235962867737,Northern Lights,Uh Oh,Ella Henderson,Jeremy Shada,2022,2020,pop,pop
502898,3e8b6840e5215b936d1a63b3906f3fbbdf520a05,188249,3d4dd7d53e3df61ca6c88e2d9a05b20ebdeae2de,7,0.049667712301015854,Northern Lights,Sam7a,Ella Henderson,Lil Freeny .ft Maman,2022,2019,pop,rap
502898,3e8b6840e5215b936d1a63b3906f3fbbdf520a05,313767,6b1e4e334367d40434c922e9c83a42967f8f85e5,8,0.12735910713672638,Northern Lights,Wind It Up,Ella Henderson,Todrick Hall,2022,2015,pop,pop
502898,3e8b6840e5215b936d1a63b3906f3fbbdf520a05,40768,4416f8d8f516256751245f19effaccc3d5cf523a,9,0.04994547367095947,Northern Lights,LMK,Ella Henderson,Kelela,2022,2017,pop,rb
502898,3e8b6840e5215b936d1a63b3906f3fbbdf520a05,133266,7f2358217c1fa9f5ac639bf6adc5b5a9534ee5c0,10,0.13469958305358887,Northern Lights,I Kinda Miss You,Ella Henderson,Gracie Abrams,2022,2016,pop,pop
502898,3e8b6840e5215b936d1a63b3906f3fbbdf520a05,288959,2312813d79996c4ab4933894521467bbe04bd283,11,0.07763063162565231,Northern Lights,Stand By My Woman,Ella Henderson,Lenny Kravitz,2022,1991,pop,rock
502898,3e8b6840e5215b936d1a63b3906f3fbbdf520a05,161956,bdd289b48c6f2c1181874acee384aa89b3f8a96e,12,0.11564377695322037,Northern Lights,In Love,Ella Henderson,Prince,2022,1978,pop,rock
502898,3e8b6840e5215b936d1a63b3906f3fbbdf520a05,431284,81725b6a3390b8ae7462b68c953c4f1b9132311e,13,0.025195205584168434,Northern Lights,Do You Think About Us?,Ella Henderson,Total,2022,1996,pop,rb
502898,3e8b6840e5215b936d1a63b3906f3fbbdf520a05,242599,ab92037fa9a34abced3de9dd0df61e87cd1dfadd,14,0.09659460186958313,Northern Lights,Head in the Clouds Remix,Ella Henderson,Naka,2022,2020,pop,pop
502898,3e8b6840e5215b936d1a63b3906f3fbbdf520a05,102492,ceedd0adf1f821e0a900e3e90a6a31aa66a15b42,15,0.11087417602539062,Northern Lights,You Got It On,Ella Henderson,Justin Timberlake,2022,2013,pop,pop
502898,3e8b6840e5215b936d1a63b3906f3fbbdf520a05,167843,5b58fa522a8086072a4d07081c18d9d2541b731e,16,6.386727909557521e-05,Northern Lights,Every Day of the Week,Ella Henderson,Jade,2022,1994,pop,rb
502898,3e8b6840e5215b936d1a63b3906f3fbbdf520a05,286482,0abedd2a712305ddb1377da195ef34e0840a68a3,17,0.09557288140058517,Northern Lights,I Love You,Ella Henderson,Laureline,2022,2018,pop,pop
502898,3e8b6840e5215b936d1a63b3906f3fbbdf520a05,145921,b86feb25e90ed20bbd93e6fb11ba66019d2e1a9a,18,0.07739599794149399,Northern Lights,Do You Mind?,Ella Henderson,The xx,2022,2009,pop,pop
502898,3e8b6840e5215b936d1a63b3906f3fbbdf520a05,72314,b29fb7bf4f3d2817229ac273686d05d5bf54dd68,19,0.03140942379832268,Northern Lights,She Wont Stay Long,Ella Henderson,Mac Ayres,2022,2017,pop,rb
502898,3e8b6840e5215b936d1a63b3906f3fbbdf520a05,186428,32668524d611720e53b6807e879601aef5ba37ce,20,0.04318281263113022,Northern Lights,We Are Young,Ella Henderson,Beachbag,2022,2020,pop,pop
45255,a4c0a37c435724e77cc34862519c8e10f8a344e3,330089,cca741530d23d07c3388143748e55e1940209557,1,0.8505431413650513,3 AM,3 AM Remix,HAIM,HAIM,2020,2021,pop,rb
45255,a4c0a37c435724e77cc34862519c8e10f8a344e3,113585,2549367c426955ae753d2924c2157313285c3ac8,2,0.012562992982566357,3 AM,Arrested Development Intro,HAIM,Ron Howard,2020,2014,pop,misc
45255,a4c0a37c435724e77cc34862519c8e10f8a344e3,460960,72e2490f69d89bab231246eace939a04874510f2,3,0.012562992982566357,3 AM,Lost Due to Incompetence,HAIM,Cheech & Chong,2020,1979,pop,pop
45255,a4c0a37c435724e77cc34862519c8e10f8a344e3,462399,4957f33bb199dc7883a31ad5a442a4fae6dc0ea8,4,0.1318126618862152,3 AM,No One Has,HAIM,Mudhoney,2020,1988,pop,pop
45255,a4c0a37c435724e77cc34862519c8e10f8a344e3,153974,002f91a75d2ef7563c6e6d351198c976eb7612f5,5,0.1424320638179779,3 AM,​u can still come over,HAIM,BETWEEN FRIENDS,2020,2019,pop,pop
45255,a4c0a37c435724e77cc34862519c8e10f8a344e3,463931,d691c34dc873c31aded58718607667c74db975f0,6,0.1424320638179779,3 AM,Now Or Never,HAIM,Dope,2020,2001,pop,rock
45255,a4c0a37c435724e77cc34862519c8e10f8a344e3,449965,bf174ff4b45e86bf8f1de4ed7440d676496bc7fd,7,0.1424320638179779,3 AM,Comfortable,HAIM,Moods,2020,2018,pop,pop
45255,a4c0a37c435724e77cc34862519c8e10f8a344e3,60954,59a35149d22e140139e069c4450f6c3bf2a59bca,8,0.09131903201341629,3 AM,Nothings the Same,HAIM,Alexander 23 & Jeremy Zucker,2020,2020,pop,pop
45255,a4c0a37c435724e77cc34862519c8e10f8a344e3,337166,f23bc15adde0dbda8f4a6a0f01c115fbd32d9fe8,9,0.012562992982566357,3 AM,A Thousand Years,HAIM,Tom Rosenthal,2020,2013,pop,pop
45255,a4c0a37c435724e77cc34862519c8e10f8a344e3,419449,89a9e685903976c5c4578802bdeb51bedd7b5a6d,10,0.012562992982566357,3 AM,Glass,HAIM,Blood Cultures,2020,2019,pop,pop
45255,a4c0a37c435724e77cc34862519c8e10f8a344e3,356812,cb5e3b153d9a43baab1e56b14165052d8fb62b6a,11,0.07371004670858383,3 AM,If It Wasnt For You,HAIM,Various Cruelties,2020,2010,pop,rock
45255,a4c0a37c435724e77cc34862519c8e10f8a344e3,505708,e34367fc3d6dd95c105d4ed1acecce4b7735f27e,12,0.1424320638179779,3 AM,You You You,HAIM,GERD,2020,2022,pop,pop
45255,a4c0a37c435724e77cc34862519c8e10f8a344e3,446212,fe5ed231e7c11160b94eec282759345b29adcc49,13,0.1132531389594078,3 AM,Dont Touch Yourself,HAIM,Russian Village Boys,2020,2020,pop,pop
45255,a4c0a37c435724e77cc34862519c8e10f8a344e3,404595,b64ba1dfcba0977e01127630b81107e732ea3c80,14,0.012562992982566357,3 AM,You Lost the Starlight in Your Eyes,HAIM,Hammock,2020,2010,pop,pop
45255,a4c0a37c435724e77cc34862519c8e10f8a344e3,340880,e73dbcb596d23b30b99ac18f09407760316abfe9,15,0.011384564451873302,3 AM,Lost Boys,HAIM,Still Corners,2020,2016,pop,pop
45255,a4c0a37c435724e77cc34862519c8e10f8a344e3,16239,613ca392d809cc492df1efb2ceaf610fe2d73956,16,0.005931503139436245,3 AM,Shes Lost Control,HAIM,Joy Division,2020,1979,pop,rock
45255,a4c0a37c435724e77cc34862519c8e10f8a344e3,230675,ab687d9de8da51f92724a4140a1cf2eb7b976eb2,17,0.06875154376029968,3 AM,Mercury,HAIM,Moon Taxi,2020,2012,pop,rock
45255,a4c0a37c435724e77cc34862519c8e10f8a344e3,495699,948bcebcda4a758fdc6f445895c93b74499ecb3e,18,0.09257867932319641,3 AM,Find Yourself from Cars,HAIM,Brad Paisley,2020,2015,pop,pop
45255,a4c0a37c435724e77cc34862519c8e10f8a344e3,12671,1a65e51335ef4d0d80ef24e640145ee62f35afae,19,0.012562992982566357,3 AM,Lostmyhead,HAIM,Lostmyhead Lyrics - The 1975,2020,2016,pop,rock
45255,a4c0a37c435724e77cc34862519c8e10f8a344e3,153951,75eb037b5a9afde2503feccbbb2babb88cc0e0cf,20,0.012562992982566357,3 AM,Bill Murray,HAIM,Gorillaz,2020,2007,pop,rock
500150,d321054046456bb70d75f7bc1fee4fc3ad740b15,200958,af6a69c124f7447be984e913f2e0102f4e9b047a,1,0.3420364558696747,Blixky What,Ready to Blitz,Nas EBK x Yagi B Trend,Kenzo Balla,2022,2021,rap,rap
500150,d321054046456bb70d75f7bc1fee4fc3ad740b15,276283,2b61d0d9069587f7160fdc0bbdb7a530ed49cfa0,2,0.13708005845546722,Blixky What,Wristwork,Nas EBK x Yagi B Trend,Richy Samo,2022,2016,rap,rap
500150,d321054046456bb70d75f7bc1fee4fc3ad740b15,56945,81b24ec9296990fb616e82b8d836cbc12f2d2f3a,3,0.1891220211982727,Blixky What,On Purpose,Nas EBK x Yagi B Trend,Dougie F,2022,2015,rap,rap
500150,d321054046456bb70d75f7bc1fee4fc3ad740b15,254153,b85fbdcd1503c27c44a5263b9a3479b6ab869aba,4,0.2514708638191223,Blixky What,Dead Niggas,Nas EBK x Yagi B Trend,Spinabenz,2022,2020,rap,rap
500150,d321054046456bb70d75f7bc1fee4fc3ad740b15,334173,2d387ced560ac8be5e5ae90feffdb8628e7217ff,5,0.04189556837081909,Blixky What,Free Crack III Intro,Nas EBK x Yagi B Trend,Lil Bibby,2022,2015,rap,rap
500150,d321054046456bb70d75f7bc1fee4fc3ad740b15,388577,37943559bfdb9eeffc4b807365c6c24b78482594,6,0.2254796326160431,Blixky What,T.I.P.,Nas EBK x Yagi B Trend,BeezyB,2022,2018,rap,rap
500150,d321054046456bb70d75f7bc1fee4fc3ad740b15,501018,84fc5fc8cb2281d121f1d460dfbe90dec7c352d0,7,0.23530814051628113,Blixky What,Top of the City,Nas EBK x Yagi B Trend,MoMoney Moo,2022,2022,rap,rap
500150,d321054046456bb70d75f7bc1fee4fc3ad740b15,504042,944f95f60541a5f13faa94504a5344a57571cde7,8,0.23250249028205872,Blixky What,No Cap Pt2,Nas EBK x Yagi B Trend,TG Crippy,2022,2022,rap,rap
500150,d321054046456bb70d75f7bc1fee4fc3ad740b15,20285,6b8cc3a1f437ac616bde786807ff0ff4871bcc8a,9,0.1883689910173416,Blixky What,God is Perfect,Nas EBK x Yagi B Trend,Freddie Gibbs & The Alchemist,2022,2020,rap,rap
500150,d321054046456bb70d75f7bc1fee4fc3ad740b15,20165,cd2d504fe66f6c569ba71cf53cc8925f6613d8a8,10,0.20748721063137054,Blixky What,Talk Facts,Nas EBK x Yagi B Trend,DThang,2022,2021,rap,rap
500150,d321054046456bb70d75f7bc1fee4fc3ad740b15,498748,b38ff4b381fecb98b57ac4d8cf5eb86551a992dc,11,0.10103724151849747,Blixky What,Aint Gon Do,Nas EBK x Yagi B Trend,Richie Rich,2022,2000,rap,rap
500150,d321054046456bb70d75f7bc1fee4fc3ad740b15,515164,17e92a85a1bd55d978d66d584259635492ba2601,12,0.19555506110191345,Blixky What,Hate Me Or Love Me Remix,Nas EBK x Yagi B Trend,YungLiV,2022,2022,rap,rap
500150,d321054046456bb70d75f7bc1fee4fc3ad740b15,435252,05064f40d3e615764741b74b6eeadca919c6e097,13,0.19210179150104523,Blixky What,BTB,Nas EBK x Yagi B Trend,Nesty Floxks,2022,2022,rap,rap
500150,d321054046456bb70d75f7bc1fee4fc3ad740b15,244368,f0c234694ea0adfc0f61dc9844bfbd1cc9307baa,14,0.19284199178218842,Blixky What,We The Opps,Nas EBK x Yagi B Trend,Spinabenz & Whoppa Wit Da Choppa,2022,2020,rap,rap
500150,d321054046456bb70d75f7bc1fee4fc3ad740b15,454796,8272b4ad87ef4a328a06fd90c6abedde96ec7961,15,0.15792988240718842,Blixky What,SadSouljaFrosty,Nas EBK x Yagi B Trend,Sad Frosty & Soulja Boy,2022,2019,rap,rap
500150,d321054046456bb70d75f7bc1fee4fc3ad740b15,194474,a8403d8062a4a4f38e254150eddc4a0410d3cec0,16,0.18611401319503784,Blixky What,300FLOCKA SHOT,Nas EBK x Yagi B Trend,Yus Gz,2022,2022,rap,rap
500150,d321054046456bb70d75f7bc1fee4fc3ad740b15,500843,1732c17e68b316acb01c1a9785a6765fb4268a66,17,0.18726010620594025,Blixky What,PSA,Nas EBK x Yagi B Trend,Yus Gz,2022,2022,rap,rap
500150,d321054046456bb70d75f7bc1fee4fc3ad740b15,49476,f2718693fa484d3007bb0b21f3c6954452b44138,18,0.07216271013021469,Blixky What,Dabb on Em,Nas EBK x Yagi B Trend,Big Will,2022,2015,rap,rap
500150,d321054046456bb70d75f7bc1fee4fc3ad740b15,148492,d55482cd4e0d5ae3206e36ab1ba34fdec91d6810,19,0.17743557691574097,Blixky What,Fuck Da Opps,Nas EBK x Yagi B Trend,Kshordy,2022,2021,rap,rap
500150,d321054046456bb70d75f7bc1fee4fc3ad740b15,236511,d74f0e84fc1d0ec952114ec850cb159d0942f62d,20,0.1855684369802475,Blixky What,5th To The Sev,Nas EBK x Yagi B Trend,TG Crippy,2022,2021,rap,rap
179031,a8a1faf10184e7c890b0a7466eb959a347271ac9,6338,39f5fc16025de4cb3be1386d7e453a9fe3208df3,1,0.2843778431415558,Pinocchio Story Freestyle Style Live At Hollywood Bowl 2015,Pinocchio Story,Kanye West,Kanye West,2015,2008,rap,pop
179031,a8a1faf10184e7c890b0a7466eb959a347271ac9,162924,4f86cea5801626cbfa309e3d255a55b29d0b35a9,2,0.09373638033866882,Pinocchio Story Freestyle Style Live At Hollywood Bowl 2015,Juice Streaming Version,Kanye West,Chance the Rapper,2015,2019,rap,misc
179031,a8a1faf10184e7c890b0a7466eb959a347271ac9,479507,3e07f57c63a1a9681abddea2133777c9d5d2fde4,3,0.09373638033866882,Pinocchio Story Freestyle Style Live At Hollywood Bowl 2015,I Know a Place The Creek Song,Kanye West,BIuey,2015,2021,rap,pop
179031,a8a1faf10184e7c890b0a7466eb959a347271ac9,133587,a6d0b9b2a41f6066e33a7a4ea38a27490da10b38,4,0.09373638033866882,Pinocchio Story Freestyle Style Live At Hollywood Bowl 2015,Alec Eiffel,Kanye West,Pixies,2015,1991,rap,rock
179031,a8a1faf10184e7c890b0a7466eb959a347271ac9,317192,33aa9a9b4118e413ef51842af7dcb88cc9dbfc76,5,0.09373638033866882,Pinocchio Story Freestyle Style Live At Hollywood Bowl 2015,Shes A Killer,Kanye West,Justin OH,2015,2018,rap,pop
179031,a8a1faf10184e7c890b0a7466eb959a347271ac9,335541,b60dde1a2f1e0807deaf9f9af8677caa584e507b,6,0.09373638033866882,Pinocchio Story Freestyle Style Live At Hollywood Bowl 2015,Preface,Kanye West,Whirr,2015,2011,rap,pop
179031,a8a1faf10184e7c890b0a7466eb959a347271ac9,29978,4b6db3b0afe8df4e8b232f401729b550a6ab8e1b,7,0.09373638033866882,Pinocchio Story Freestyle Style Live At Hollywood Bowl 2015,Low Rider,Kanye West,War,2015,1975,rap,rock
179031,a8a1faf10184e7c890b0a7466eb959a347271ac9,449151,2c3e16da651886a6e65e7ec3f3729e81900497b6,8,0.09373638033866882,Pinocchio Story Freestyle Style Live At Hollywood Bowl 2015,Still Sleeping feat. Steffaloo,Kanye West,Chrome Sparks,2015,2015,rap,pop
179031,a8a1faf10184e7c890b0a7466eb959a347271ac9,269208,f4550463a24993f25f619a5e8cb5f01352a21bc5,9,0.09373638033866882,Pinocchio Story Freestyle Style Live At Hollywood Bowl 2015,Real Cool Time,Kanye West,The Stooges,2015,1969,rap,rock
179031,a8a1faf10184e7c890b0a7466eb959a347271ac9,104146,25d84939adab2efb493dfc2a7497690a569c2d78,10,0.09373638033866882,Pinocchio Story Freestyle Style Live At Hollywood Bowl 2015,2014 NFC Championship Postgame Rant,Kanye West,Richard Sherman (Athlete),2015,2014,rap,misc
179031,a8a1faf10184e7c890b0a7466eb959a347271ac9,486144,54e610d716e939c8cd92a3179bd586da3cedfcce,11,0.09373638033866882,Pinocchio Story Freestyle Style Live At Hollywood Bowl 2015,Dont Stop,Kanye West,ATB,2015,1999,rap,pop
179031,a8a1faf10184e7c890b0a7466eb959a347271ac9,49553,3afd9e0f2a65c721a8e073915f232a7801b5ab7a,12,0.09373638033866882,Pinocchio Story Freestyle Style Live At Hollywood Bowl 2015,409,Kanye West,The Beach Boys,2015,1962,rap,pop
179031,a8a1faf10184e7c890b0a7466eb959a347271ac9,133923,f989d9ffdc61951e25080cadc504a25c03d23d0c,13,0.09373638033866882,Pinocchio Story Freestyle Style Live At Hollywood Bowl 2015,Deep in the Night Interlude,Kanye West,Tinashe,2015,2014,rap,rb
179031,a8a1faf10184e7c890b0a7466eb959a347271ac9,382113,0057063b52189a7f92be48a8f47266c0520af3f9,14,0.09373638033866882,Pinocchio Story Freestyle Style Live At Hollywood Bowl 2015,Radical,Kanye West,Amtrac,2015,2020,rap,pop
179031,a8a1faf10184e7c890b0a7466eb959a347271ac9,85331,5d52d4bf6a1a355b49472107d1981e384c6b960c,15,0.09373638033866882,Pinocchio Story Freestyle Style Live At Hollywood Bowl 2015,Mighty,Kanye West,Caravan Palace,2015,2015,rap,pop
179031,a8a1faf10184e7c890b0a7466eb959a347271ac9,380105,603c6310cba85f924c1ae07bc2de286392437b68,16,0.09373638033866882,Pinocchio Story Freestyle Style Live At Hollywood Bowl 2015,Cherry Cola,Kanye West,Eagles of Death Metal,2015,2006,rap,rock
179031,a8a1faf10184e7c890b0a7466eb959a347271ac9,453438,d2e5535930990b78df8595459b0ff4cde9d8fad0,17,0.09373638033866882,Pinocchio Story Freestyle Style Live At Hollywood Bowl 2015,Beaver Boys,Kanye West,Tim and Eric,2015,2008,rap,pop
179031,a8a1faf10184e7c890b0a7466eb959a347271ac9,85299,ab09df8f29396a08feeb62db1066d56d589ea865,18,0.05943134054541588,Pinocchio Story Freestyle Style Live At Hollywood Bowl 2015,Chef Curry With The Pot,Kanye West,Ayesha Curry,2015,2014,rap,rap
179031,a8a1faf10184e7c890b0a7466eb959a347271ac9,77853,d36fab1529fad80c1b8c6c1ebc3a6d51a3cfb57c,19,0.09373638033866882,Pinocchio Story Freestyle Style Live At Hollywood Bowl 2015,Runwayaway,Kanye West,Thom Yorke,2015,2019,rap,pop
179031,a8a1faf10184e7c890b0a7466eb959a347271ac9,469186,76f5e48d62583564bbe59d516e0694f6cde42536,20,0.11054731905460358,Pinocchio Story Freestyle Style Live At Hollywood Bowl 2015,Real Nigga,Kanye West,Chisanity,2015,2015,rap,rb
363324,ed7c90bc11459bb69bf914cd13156282dd2bc1b5,447392,abd8c838aaf7e24c09a54388d17a0f1b28f4116b,1,0.4000000059604645,Pull Up to the Spot,Cool,Playboi Carti,White Reaper,2019,2014,rap,pop
363324,ed7c90bc11459bb69bf914cd13156282dd2bc1b5,221656,e2df384407d4df3930a41be4367cc3a8786d4014,2,0.4000000059604645,Pull Up to the Spot,52 Fabrics,Playboi Carti,Skooly,2019,2018,rap,rap
363324,ed7c90bc11459bb69bf914cd13156282dd2bc1b5,351467,4a6ee48d175d7c505c0dd36ad8a7a82b307b92cf,3,0.4000000059604645,Pull Up to the Spot,Next Chapter,Playboi Carti,Hydelic,2019,2020,rap,pop
363324,ed7c90bc11459bb69bf914cd13156282dd2bc1b5,162441,585f8f36aa391026daadca99efbd07553ed00083,4,0.38130033016204834,Pull Up to the Spot,Cherry On Top,Playboi Carti,Felix Snow,2019,2017,rap,pop
363324,ed7c90bc11459bb69bf914cd13156282dd2bc1b5,126132,250e8ae597b3307ca62bdf407596d5083b2bb294,5,0.4000000059604645,Pull Up to the Spot,Waken Baken,Playboi Carti,Wiz Khalifa,2019,2010,rap,rap
363324,ed7c90bc11459bb69bf914cd13156282dd2bc1b5,511331,9835f231cba04ce7068f015ade3a8b4e538861b7,6,0.4000000059604645,Pull Up to the Spot,Toyboat,Playboi Carti,Sharon Van Etten,2019,2022,rap,pop
363324,ed7c90bc11459bb69bf914cd13156282dd2bc1b5,261097,2e0bbf70cf1204647c8a013424cd3922fb601a81,7,0.4000000059604645,Pull Up to the Spot,Right on time,Playboi Carti,Chris lawyer,2019,2015,rap,pop
363324,ed7c90bc11459bb69bf914cd13156282dd2bc1b5,425101,b9e7f104053068153f9046766a75a12123c7c18c,8,0.387844055891037,Pull Up to the Spot,Cant Be Stopped,Playboi Carti,First of October,2019,2018,rap,rock
363324,ed7c90bc11459bb69bf914cd13156282dd2bc1b5,326667,930c1cee2578436fcec095265a20b7f7ba2010e5,9,0.4000000059604645,Pull Up to the Spot,Super Fly,Playboi Carti,Jauz,2019,2018,rap,pop
363324,ed7c90bc11459bb69bf914cd13156282dd2bc1b5,274943,1022b6ddf3c436e0fdcee0c5d0a9870c32f422e6,10,0.4000000059604645,Pull Up to the Spot,Were At The Top Of The World,Playboi Carti,The Juliana Theory,2019,2000,rap,pop
363324,ed7c90bc11459bb69bf914cd13156282dd2bc1b5,94076,4cfed3184e05c42bd392f0c343151d91320adc3b,11,0.3582004904747009,Pull Up to the Spot,Straighten Up and Fly Right,Playboi Carti,"Nat ""King"" Cole",2019,1961,rap,pop
363324,ed7c90bc11459bb69bf914cd13156282dd2bc1b5,85284,02a1b7a41284f84973d1ab92d832421ab097ac19,12,0.3658050000667572,Pull Up to the Spot,Rocky Top,Playboi Carti,The Osborne Brothers,2019,1967,rap,country
363324,ed7c90bc11459bb69bf914cd13156282dd2bc1b5,366687,86532886cdc72a9380ef17342bacb8347d6c9057,13,0.4000000059604645,Pull Up to the Spot,Rebels,Playboi Carti,Wiwek,2019,2016,rap,pop
363324,ed7c90bc11459bb69bf914cd13156282dd2bc1b5,285820,2e9c451361892062d70e70d840092d46119a2dd9,14,0.4000000059604645,Pull Up to the Spot,Spinning,Playboi Carti,Elan Noon,2019,2020,rap,rock
363324,ed7c90bc11459bb69bf914cd13156282dd2bc1b5,237864,bf06dd80fd1f17d36eba62d601a0818bb0c7cf2f,15,0.4000000059604645,Pull Up to the Spot,You and Me in Time,Playboi Carti,Broadcast,2019,2005,rap,rock
363324,ed7c90bc11459bb69bf914cd13156282dd2bc1b5,108145,b510dfb692e9f805bbcef6ae9fe00c0b261cf86b,16,0.4000000059604645,Pull Up to the Spot,Poem As the cat,Playboi Carti,William Carlos Williams,2019,2012,rap,misc
363324,ed7c90bc11459bb69bf914cd13156282dd2bc1b5,509524,a354c8beb71cf72e862f55242a5d55d33d86484b,17,0.39030179381370544,Pull Up to the Spot,Cherry,Playboi Carti,Blithe,2019,2022,rap,pop
363324,ed7c90bc11459bb69bf914cd13156282dd2bc1b5,240976,f9046cb0ff056bce25bf61e95a42f2d0694f370d,18,0.3968864381313324,Pull Up to the Spot,Take It from the Top,Playboi Carti,Ross Lynch,2019,2015,rap,pop
363324,ed7c90bc11459bb69bf914cd13156282dd2bc1b5,207274,9651ef90d5407c74ecdbde0e472527a4e9e384f3,19,0.4000000059604645,Pull Up to the Spot,All-Star Me,Playboi Carti,Saves the Day,2019,1999,rap,rock
363324,ed7c90bc11459bb69bf914cd13156282dd2bc1b5,380822,9513c4f3c60de9dc4112706e5714b94ba79643a3,20,0.378628134727478,Pull Up to the Spot,Cadillac,Playboi Carti,MEST,2019,2001,rap,pop
137148,0b5da9ddda0f17c737dd5fbbd1055e4225491459,406800,15164eb670ac19aa337b43e4fc664f56a0d87164,1,0.2020363062620163,Motivation,Wyd?,Lil Wayne,Smokepurpp,2005,2016,rap,rap
137148,0b5da9ddda0f17c737dd5fbbd1055e4225491459,222221,5f9fb7ade721437a2e59cdbafb8dcc6e76a0fc6d,2,0.06924217194318771,Motivation,Beat Laments the World,Lil Wayne,Nujabes,2005,2003,rap,rap
137148,0b5da9ddda0f17c737dd5fbbd1055e4225491459,92152,e2ee4632af3a78f3d1c2e4ad75ea18d3c48a09ad,3,0.18099099397659302,Motivation,New York Skit,Lil Wayne,The Game,2005,2015,rap,rap
137148,0b5da9ddda0f17c737dd5fbbd1055e4225491459,336428,2dc4b68bbf4472af141cd9e3dbdd68d2c4b26a5a,4,0.1647653579711914,Motivation,Mind of a Genius,Lil Wayne,Trkm,2005,2019,rap,pop
137148,0b5da9ddda0f17c737dd5fbbd1055e4225491459,63336,211241443819aceb6cc97ef7aae37b37826626f3,5,0.12047237157821655,Motivation,Im Overflow,Lil Wayne,Death Grips,2005,2013,rap,rap
137148,0b5da9ddda0f17c737dd5fbbd1055e4225491459,123247,f2ca17063c27ebdb186e8964a295447f8eec8171,6,0.12349718064069748,Motivation,Tequila Kisses,Lil Wayne,Tyga,2005,2017,rap,rap
137148,0b5da9ddda0f17c737dd5fbbd1055e4225491459,213696,feb67bade5798820842044fab83f1cf359930702,7,0.14262132346630096,Motivation,What It Is,Lil Wayne,Busta Rhymes,2005,2001,rap,rap
137148,0b5da9ddda0f17c737dd5fbbd1055e4225491459,292376,c6f1afde8c03971ab48da31568c21b568e1f40e8,8,0.10036957263946533,Motivation,Trousers,Lil Wayne,Young Deji,2005,2019,rap,rap
137148,0b5da9ddda0f17c737dd5fbbd1055e4225491459,267089,ddf1b388bfed36febeaaf17aa78539318936031d,9,0.09445282071828842,Motivation,Im Depressed Freestyle,Lil Wayne,Kreayshawn,2005,2019,rap,rap
137148,0b5da9ddda0f17c737dd5fbbd1055e4225491459,245150,462aa03d48448dfd7920379dc74936755b3eab4e,10,0.10686732828617096,Motivation,Bag Season,Lil Wayne,French Montana & Lil Tjay,2005,2021,rap,rap
137148,0b5da9ddda0f17c737dd5fbbd1055e4225491459,115807,6c74f5184ec8d0f9bea50e3647425a243663567b,11,0.028094276785850525,Motivation,Guns and Roses Skit,Lil Wayne,Tory Lanez,2005,2016,rap,rap
137148,0b5da9ddda0f17c737dd5fbbd1055e4225491459,77839,556ff1960625e6566e1828323803e7bc2822dce6,12,0.13138516247272491,Motivation,Hot,Lil Wayne,Meek Mill,2005,2021,rap,rap
137148,0b5da9ddda0f17c737dd5fbbd1055e4225491459,94347,c1acf22b8dc93d1c445ec67092a9853a853bc2d8,13,0.07458788901567459,Motivation,How Bout Now? Remix,Lil Wayne,Mosa (SD),2005,2014,rap,rb
137148,0b5da9ddda0f17c737dd5fbbd1055e4225491459,408687,3d610584a398680aeb3625e849d9ab3c1b3387fb,14,0.09206730127334595,Motivation,FK WOW HOLY SHT,Lil Wayne,Alec King,2005,2020,rap,rap
137148,0b5da9ddda0f17c737dd5fbbd1055e4225491459,113055,331a75e9c5e6d2e5f56d00d0fa475fc0a32a0fb4,15,0.12695226073265076,Motivation,Heat,Lil Wayne,Common,2005,2000,rap,rap
137148,0b5da9ddda0f17c737dd5fbbd1055e4225491459,130923,9f7a1913328badb5e305be32c7ee29f6cd8588fe,16,0.10987069457769394,Motivation,Know Shit,Lil Wayne,Monty,2005,2016,rap,rap
137148,0b5da9ddda0f17c737dd5fbbd1055e4225491459,291920,157c649b0e9dc9362b562c05febe416b57bfe5f6,17,0.04849513620138168,Motivation,Arab Money,Lil Wayne,Kresnt,2005,2019,rap,rap
137148,0b5da9ddda0f17c737dd5fbbd1055e4225491459,111378,316b4b94e43e8e2fff9427261c366d6e90ca83d9,18,0.0663568526506424,Motivation,Bout Me,Lil Wayne,Coi Leray,2005,2021,rap,rap
137148,0b5da9ddda0f17c737dd5fbbd1055e4225491459,204624,58a911c8caf90d2a52a853a1a8b7b61284bf2558,19,0.08267990499734879,Motivation,Virtual World,Lil Wayne,TyFontaine,2005,2019,rap,rap
137148,0b5da9ddda0f17c737dd5fbbd1055e4225491459,478571,16f50502aeb3e99727774ea984eadc6a0851f0ef,20,0.0915089100599289,Motivation,Neva Had Shit,Lil Wayne,Plies,2005,2014,rap,rap
326790,297a1ad591be96bb5ba82c285b75eb6491618441,317084,1fb75ea2dc4f5261ecb9b1c16ab0094f292eeefc,1,0.08025714010000229,At It Again,The Guest List,Chris Webby,Kabuto The Python,2012,2013,rap,rap
326790,297a1ad591be96bb5ba82c285b75eb6491618441,204554,01a9d350926724b983e54a5b0bfebf5abbb17f9c,2,0.008247524499893188,At It Again,Hunter,Chris Webby,Deep Throat Choir,2012,2017,rap,pop
326790,297a1ad591be96bb5ba82c285b75eb6491618441,269188,c2e24593c2e3f6da42bbe1f38307aa814ec8365f,3,0.03609853610396385,At It Again,Woman Rages Over Extra McRib McScuse Me Bitch?,Chris Webby,"Carla ""Libbie"" Higgins",2012,2020,rap,pop
326790,297a1ad591be96bb5ba82c285b75eb6491618441,227682,0738374b240e8355a2752db5da0076de9c996322,4,0.0142336655408144,At It Again,Looking for Satellites,Chris Webby,David Bowie,2012,1997,rap,rock
326790,297a1ad591be96bb5ba82c285b75eb6491618441,419715,8d9fc759b5d2aa6cbb5398532c33fc13dd40344d,5,0.02064472995698452,At It Again,Sons of Europe,Chris Webby,Death in June,2012,1984,rap,rock
326790,297a1ad591be96bb5ba82c285b75eb6491618441,266592,2603e1a871f67c83f73e4a1c4e11c502529857a7,6,0.009682631120085716,At It Again,Dice,Chris Webby,Puzzle (Fletcher Shears),2012,2016,rap,pop
326790,297a1ad591be96bb5ba82c285b75eb6491618441,391678,16ed1ed99d38fec2dcca06af3bab85cfb927e2b1,7,0.008247524499893188,At It Again,Go Slowly Now Sands of Time,Chris Webby,Tuomas Holopainen,2012,2014,rap,rock
326790,297a1ad591be96bb5ba82c285b75eb6491618441,103360,386f025addb6c36ebfa2c474ab62a6ad45016fee,8,0.006804718170315027,At It Again,Where do we go,Chris Webby,Burgos,2012,2018,rap,rock
326790,297a1ad591be96bb5ba82c285b75eb6491618441,332695,386a179d869a7383808020bf29670cea47d410ed,9,0.004237969405949116,At It Again,No Grease,Chris Webby,Chicken P,2012,2016,rap,rap
326790,297a1ad591be96bb5ba82c285b75eb6491618441,403468,804f03b228560a5c75d08baae4d3a95bc0a96851,10,0.016457151621580124,At It Again,Hourglass,Chris Webby,Homesafe,2012,2016,rap,rock
326790,297a1ad591be96bb5ba82c285b75eb6491618441,152573,86623851dd69df51b3b2792d4b48942c26702b46,11,0.002677698852494359,At It Again,AK-47,Chris Webby,Skye Townsend,2012,2012,rap,rap
326790,297a1ad591be96bb5ba82c285b75eb6491618441,442451,d72e16b87355a59ebf97e9ad0dd971ea7643d0d1,12,0.003890027990564704,At It Again,Combat,Chris Webby,Heaven Shall Burn,2012,2010,rap,rock
326790,297a1ad591be96bb5ba82c285b75eb6491618441,128280,b6941fec1a76fc717049a885bd2bf17bdc2606c7,13,0.03693069517612457,At It Again,Scuse Me,Chris Webby,Flo Milli,2012,2020,rap,rap
326790,297a1ad591be96bb5ba82c285b75eb6491618441,160619,0e52631c47fde6fe37fe470c4537d5621c69809c,14,0.019117271527647972,At It Again,Mother Natures Bitch,Chris Webby,Okay Kaya,2012,2020,rap,pop
326790,297a1ad591be96bb5ba82c285b75eb6491618441,480153,228e2f42466abfbb6780947b8ce585bcbf5e389d,15,0.01732056401669979,At It Again,Villain,Chris Webby,Theory,2012,2011,rap,rock
326790,297a1ad591be96bb5ba82c285b75eb6491618441,157545,2bab1073c2b988e7db0916579574f72c26f1a13a,16,0.01020857971161604,At It Again,Ice Out,Chris Webby,Lil Gnar,2012,2018,rap,rap
326790,297a1ad591be96bb5ba82c285b75eb6491618441,419260,e860787152704cb68eee02278e8c93ce5390c8e1,17,0.022757623344659805,At It Again,We dont love these hoes,Chris Webby,G Herbo,2012,2016,rap,rap
326790,297a1ad591be96bb5ba82c285b75eb6491618441,113414,b65706b3294e880ebca52413b19b81b9f78eb300,18,5.472781049320474e-05,At It Again,Caladan,Chris Webby,Grimes,2012,2010,rap,pop
326790,297a1ad591be96bb5ba82c285b75eb6491618441,360112,d291246cc0274b77d1034c14770bb85181aaba11,19,0.016457151621580124,At It Again,Push Emission Whore Moans,Chris Webby,SOPHIE,2012,2019,rap,pop
326790,297a1ad591be96bb5ba82c285b75eb6491618441,494313,21809eb240bf3e550fbdcd61d323ab06bd775edd,20,0.01355171948671341,At It Again,Lunch Hall Food Brawl,Chris Webby,Municipal Waste,2012,2007,rap,pop
362405,9ad151cfae04fba07a90af11e9a01bde33327494,134760,5d9dbe5f05b865634ac5e58b6b31f67854bd8037,1,0.6600705981254578,Let Em Have It Original Version,Let Em Have It Committee Mix,2Pac,2Pac,1996,2001,rap,rap
362405,9ad151cfae04fba07a90af11e9a01bde33327494,55786,838ba6af8e11e64acbac0d0d29663607b101aee0,2,0.4631676971912384,Let Em Have It Original Version,Let Em Have It Hutch Mix,2Pac,2Pac,1996,2001,rap,rap
362405,9ad151cfae04fba07a90af11e9a01bde33327494,372362,2d3cd97095e7fea3d8e3929cbf541a2549c4349f,3,0.15888220071792603,Let Em Have It Original Version,Sex God,2Pac,The Brand New Heavies,1996,2006,rap,rap
362405,9ad151cfae04fba07a90af11e9a01bde33327494,476627,a89f9be9582d894e0e5bb45c844269f7847768a0,4,0.14433906972408295,Let Em Have It Original Version,Bodyrock,2Pac,Stevie Stone,1996,2015,rap,rap
362405,9ad151cfae04fba07a90af11e9a01bde33327494,93290,ac8fefd592bb00d3bbe94f976315612a7d2b70dd,5,0.04640325531363487,Let Em Have It Original Version,Lowkey Sprung,2Pac,Anthony Baeza,1996,2012,rap,rap
362405,9ad151cfae04fba07a90af11e9a01bde33327494,446276,86c05992597d9098f2209043d89c5d91be658539,6,0.010880216024816036,Let Em Have It Original Version,Million Dollar Babe,2Pac,Stacy Lattisaw,1996,1983,rap,pop
362405,9ad151cfae04fba07a90af11e9a01bde33327494,74118,8cd24ab177eec3424a5062858ebe956f8048ce8a,7,0.014410734176635742,Let Em Have It Original Version,Thot Breaker,2Pac,Chief Keef,1996,2014,rap,rap
362405,9ad151cfae04fba07a90af11e9a01bde33327494,414132,35268426e36fb5776d1002f8705f121b3429f7ec,8,0.051600921899080276,Let Em Have It Original Version,Use Me,2Pac,Jos James,1996,2018,rap,rb
362405,9ad151cfae04fba07a90af11e9a01bde33327494,321340,82796ad4115a91a6c9d1e0478d703fa1315f61d1,9,0.026137564331293106,Let Em Have It Original Version,Tallahassee Lassie,2Pac,Freddy Cannon,1996,1959,rap,pop
362405,9ad151cfae04fba07a90af11e9a01bde33327494,11860,137af6b9741ba2c276d5263698e6a119b4713a54,10,0.1344953328371048,Let Em Have It Original Version,No Strings,2Pac,Armon & Trey & Queen Naija,1996,2018,rap,rb
362405,9ad151cfae04fba07a90af11e9a01bde33327494,492171,1d98ac0730a6caebac06a218a1536fa0e957ea5b,11,0.12534351646900177,Let Em Have It Original Version,Hit It Hard,2Pac,Peaches,1996,2006,rap,rock
362405,9ad151cfae04fba07a90af11e9a01bde33327494,405969,c38a2c5d9f92bf0d3bc78ea68d1587509b3e589c,12,0.0001785681233741343,Let Em Have It Original Version,Big Legs Tight Skirt,2Pac,John Lee Hooker,1996,1964,rap,rock
362405,9ad151cfae04fba07a90af11e9a01bde33327494,261171,3f2eb9811dc3795ca1dd7c885d8f7a6b54011d12,13,0.1073787584900856,Let Em Have It Original Version,Girl Dont You Do That,2Pac,Chris Brown,1996,2021,rap,rap
362405,9ad151cfae04fba07a90af11e9a01bde33327494,460502,378ec5ecc9e8e4f7406336eb15d3f85c2ddbc612,14,0.05823180824518204,Let Em Have It Original Version,Real Thing,2Pac,Ne-Yo,1996,2013,rap,rap
362405,9ad151cfae04fba07a90af11e9a01bde33327494,35679,9fa14588c7245c2d5829df3b7722c22a6f497505,15,0.060981251299381256,Let Em Have It Original Version,Sex So Good,2Pac,Jacquees & Nash B,1996,2017,rap,rb
362405,9ad151cfae04fba07a90af11e9a01bde33327494,490393,e8ea44edf993a0384009a6210d2bcbae73d2181b,16,0.023695558309555054,Let Em Have It Original Version,Feminine Effects,2Pac,of Montreal,1996,2012,rap,pop
362405,9ad151cfae04fba07a90af11e9a01bde33327494,378127,a29088d3761374b3e52dd11d13a95aaf92d43be9,17,0.060518741607666016,Let Em Have It Original Version,Picture Baby,2Pac,Young Thug,1996,2013,rap,rap
362405,9ad151cfae04fba07a90af11e9a01bde33327494,470510,13cdabfd19e868ebae086c8a22f1dd062425c354,18,0.0035808109678328037,Let Em Have It Original Version,Nobody,2Pac,Isabella,1996,2019,rap,rb
362405,9ad151cfae04fba07a90af11e9a01bde33327494,280553,dec9ab9ad47b19495548f3cd1b64ceb13a4bbeaf,19,0.023178931325674057,Let Em Have It Original Version,Think About It Dont Call My Crib,2Pac,Donell Jones,1996,1999,rap,rb
362405,9ad151cfae04fba07a90af11e9a01bde33327494,431295,8ce0fe4d7242759d9bcd230c876f5ae6564f788a,20,0.014535958878695965,Let Em Have It Original Version,Cant Do A Thing To Stop Me,2Pac,Chris Isaak,1996,1993,rap,pop
156899,2163cc3c09328f79c4145a397351e927cea5e371,109484,dc147326c2bd64981153e631bb4bcd38dda931df,1,0.16685494780540466,Deepest Trenches,Groundworks Cypher 2020,OTP,Groundworks,2020,2021,rap,rap
156899,2163cc3c09328f79c4145a397351e927cea5e371,485526,545c7764ef2a192ec84cde25cfa882ae2086ef6d,2,0.05725018307566643,Deepest Trenches,Yaw,OTP,Nouns,2020,2013,rap,rock
156899,2163cc3c09328f79c4145a397351e927cea5e371,231657,9dcb645ab115c8eea164e38e1d3200fc3cad68dc,3,0.02584885060787201,Deepest Trenches,Documentary Filmmaker,OTP,Squid,2020,2021,rap,rock
156899,2163cc3c09328f79c4145a397351e927cea5e371,259154,a83099ad624492755b6714b74e5dc76542d579b7,4,0.05725018307566643,Deepest Trenches,Sweat of the Bud,OTP,Static-X,2020,1999,rap,rock
156899,2163cc3c09328f79c4145a397351e927cea5e371,188236,7264961294ba0a728947b2dd94bd713546334c74,5,0.05966604873538017,Deepest Trenches,Sweat Snoop Dogg Vs. David Guetta Remix,OTP,Snoop Dogg,2020,2015,rap,pop
156899,2163cc3c09328f79c4145a397351e927cea5e371,473778,538124b6ad0d2b23c53c6b1393cf5f1b93eda4e6,6,0.05725018307566643,Deepest Trenches,Directional,OTP,Indian,2020,2014,rap,rock
156899,2163cc3c09328f79c4145a397351e927cea5e371,4720,824626018e798e8c86e3a0112698c59c06e4600f,7,0.04785517603158951,Deepest Trenches,Lose Yourself to Dance,OTP,Daft Punk,2020,2013,rap,pop
156899,2163cc3c09328f79c4145a397351e927cea5e371,454115,2047ac239870447dcbb2373fc95d207e90923a34,8,0.013924583792686462,Deepest Trenches,All of These Years,OTP,The Steel Woods,2020,2019,rap,rock
156899,2163cc3c09328f79c4145a397351e927cea5e371,283796,2e46595e0a6b6526f69d8b9b5a08503ce9c168b0,9,0.05686434730887413,Deepest Trenches,Coldsweat,OTP,The Sugarcubes,2020,1988,rap,rock
156899,2163cc3c09328f79c4145a397351e927cea5e371,441178,c302bd3a425a5b7d9e3a3e759c10e3244b046d67,10,0.051203589886426926,Deepest Trenches,Beyond The Sacred Glass,OTP,Alesana,2020,2011,rap,rock
156899,2163cc3c09328f79c4145a397351e927cea5e371,414411,a23c2aea5b8fb2717f92a54452b7cc3177bf6c8b,11,0.050831057131290436,Deepest Trenches,No Sweat,OTP,Lucky Charmes,2020,2018,rap,pop
156899,2163cc3c09328f79c4145a397351e927cea5e371,344596,c74fdaf756b2a2c8bc01942b151f18c6e8d988c8,12,0.004063929431140423,Deepest Trenches,Night  Day,OTP,Hot Chip,2020,2012,rap,rock
156899,2163cc3c09328f79c4145a397351e927cea5e371,366259,0db3ad20dd50dbd0f877b026a3ad7fa479f85ed2,13,0.0036757797934114933,Deepest Trenches,Empire,OTP,Alpines,2020,2012,rap,pop
156899,2163cc3c09328f79c4145a397351e927cea5e371,497329,9f483158d823d0311a22d627e0928662768bca1c,14,0.058608412742614746,Deepest Trenches,Root to This,OTP,Fear of Pop,2020,1998,rap,pop
156899,2163cc3c09328f79c4145a397351e927cea5e371,419197,66c96cd2974e2ec2cdf3f05508c41f046c4dba60,15,0.054907869547605515,Deepest Trenches,Click,OTP,Jake Miller,2020,2021,rap,pop
156899,2163cc3c09328f79c4145a397351e927cea5e371,392572,e8b73a88a928ad02fc08f55fdecef9ec248eeb94,16,0.04933508113026619,Deepest Trenches,Sweat A La La La La Song,OTP,Inner Circle,2020,2015,rap,pop
156899,2163cc3c09328f79c4145a397351e927cea5e371,43854,9d30f82635c574b235a3ffb5f39343320375f177,17,0.05968191847205162,Deepest Trenches,Hold Tight,OTP,Sabrina Carpenter,2020,2018,rap,pop
156899,2163cc3c09328f79c4145a397351e927cea5e371,449218,6e0626bd4f3e7406eabed3f12746481ca5957420,18,0.16581422090530396,Deepest Trenches,No Hook,OTP,ACG,2020,2019,rap,rap
156899,2163cc3c09328f79c4145a397351e927cea5e371,487350,19dbbdf434ce2ecb636038e23ad7c1ac21f406a8,19,0.05075398087501526,Deepest Trenches,Chemical Sweat,OTP,Elliot Root,2020,2015,rap,rock
156899,2163cc3c09328f79c4145a397351e927cea5e371,419544,97d58e9d25bae3ff9318938f1fb3080c2e2efcef,20,0.0568569116294384,Deepest Trenches,Dancing with Myself,OTP,blink-182,2020,1997,rap,pop
461271,72893194cd52dbf7ab3c216c88c41405aec573e8,28594,10b869d5db996d43581811954dd3a219f05c01d1,1,0.433320015668869,Pride N Joy Remix,Pride N Joy,Fat Joe,Fat Joe,2012,2012,rap,rap
461271,72893194cd52dbf7ab3c216c88c41405aec573e8,261663,0ca4a1e02290e99eda93cc0d647b9f01088fcb7f,2,0.2909643054008484,Pride N Joy Remix,Pride and Joy,Fat Joe,Marvin Gaye,2012,1962,rap,rock
461271,72893194cd52dbf7ab3c216c88c41405aec573e8,33349,9e706226e6f1d7feceaed92c3700b8e5c2260d05,3,0.2496907263994217,Pride N Joy Remix,Elenore,Fat Joe,The Turtles,2012,1968,rap,pop
461271,72893194cd52dbf7ab3c216c88c41405aec573e8,491758,f0d1a9f2bb8b99a3ae16f3b437c2ce5d8b73a25e,4,0.27146729826927185,Pride N Joy Remix,Annie Mae,Fat Joe,John Lee Hooker,2012,1995,rap,rock
461271,72893194cd52dbf7ab3c216c88c41405aec573e8,469468,2bf09c675ce0b7fc7adce3c0438101bcba304d72,5,0.16225028038024902,Pride N Joy Remix,No Answer Arrives,Fat Joe,Ray LaMontagne,2012,2018,rap,rock
461271,72893194cd52dbf7ab3c216c88c41405aec573e8,275800,8c8edb693813224401468fcf3a52c16294a5e128,6,0.2580178678035736,Pride N Joy Remix,Lay Me Down,Fat Joe,Chris Tomlin,2012,2013,rap,rock
461271,72893194cd52dbf7ab3c216c88c41405aec573e8,165101,8406e6f7384ed4b739dff1ad8cd53363e2e68f85,7,0.21675772964954376,Pride N Joy Remix,Up and Away,Fat Joe,Jakob,2012,2017,rap,pop
461271,72893194cd52dbf7ab3c216c88c41405aec573e8,351231,155af73c4666a36d68d362efb9243bb883c5d2bc,8,0.2787599265575409,Pride N Joy Remix,Mommys Pride N Joy,Fat Joe,Davina,2012,2015,rap,pop
461271,72893194cd52dbf7ab3c216c88c41405aec573e8,434122,60f3bfe82f4324212d7439235b4f0dfc55dc068d,9,0.11143907159566879,Pride N Joy Remix,Wade In The Water,Fat Joe,The Soul Stirrers,2012,2008,rap,pop
461271,72893194cd52dbf7ab3c216c88c41405aec573e8,426448,4b924aea81851ef933199381d0be413d621f2048,10,0.08560305833816528,Pride N Joy Remix,You Can Tell the World,Fat Joe,The Seekers,2012,1965,rap,pop
461271,72893194cd52dbf7ab3c216c88c41405aec573e8,469946,eeccee0903f6dd4da533041dcb2f69a9ceb2de39,11,0.1668444126844406,Pride N Joy Remix,Shouts of Joy,Fat Joe,And One,2012,2012,rap,pop
461271,72893194cd52dbf7ab3c216c88c41405aec573e8,95127,893e0877d89b6144766b41b7a4183bc7eda18c07,12,0.16972729563713074,Pride N Joy Remix,Kissin You,Fat Joe,Total,2012,1996,rap,rb
461271,72893194cd52dbf7ab3c216c88c41405aec573e8,381434,f652f29680b41f39744e0efbeeca11266458c3c2,13,0.14353398978710175,Pride N Joy Remix,This Is My Commandment,Fat Joe,VeggieTales,2012,2002,rap,rock
461271,72893194cd52dbf7ab3c216c88c41405aec573e8,399503,a311c58fee4ab3ef7ec435c5132ee94a9b5d07da,14,0.15092907845973969,Pride N Joy Remix,Oil  Water,Fat Joe,Travis Greene,2012,2021,rap,rb
461271,72893194cd52dbf7ab3c216c88c41405aec573e8,246420,576f8c2275fc7975dcc03b63c32bf7d31cbff156,15,0.1473240852355957,Pride N Joy Remix,I Need You I Love You I Want You,Fat Joe,Tenth Avenue North,2012,2014,rap,rock
461271,72893194cd52dbf7ab3c216c88c41405aec573e8,9570,ec0439257b765fb52cbb4b1bc8fb5f54a0584cbf,16,0.19887350499629974,Pride N Joy Remix,Baby Boy,Fat Joe,Childish Gambino,2012,2016,rap,rb
461271,72893194cd52dbf7ab3c216c88c41405aec573e8,332022,3fa7c9dda037ef79bb899dce02e0bdfa72be7395,17,0.13832004368305206,Pride N Joy Remix,Theres a Bright Side Somewhere,Fat Joe,Rev. Gary Davis,2012,1961,rap,pop
461271,72893194cd52dbf7ab3c216c88c41405aec573e8,117771,729c97b08e66387914cdf2e9eb86aaacbcddd25b,18,0.09824361652135849,Pride N Joy Remix,The Candy Bar Poem,Fat Joe,John Valby,2012,2005,rap,pop
461271,72893194cd52dbf7ab3c216c88c41405aec573e8,414967,2f451ea2739d9cd22a88e07a5b257b70fbfc69e6,19,0.11596685647964478,Pride N Joy Remix,Where The Soul Never Dies,Fat Joe,The Oak Ridge Boys,2012,1976,rap,country
461271,72893194cd52dbf7ab3c216c88c41405aec573e8,154964,45c98821abf33b47642e0f33ce3647d51b25921a,20,0.15158070623874664,Pride N Joy Remix,Joy In Repetition,Fat Joe,Prince,2012,1990,rap,rock
59133,cb5a425e4f561bc8b094d6a7a43738ec5f352ab7,240796,ca29dbf837263c70d4b0f5f1720e0a29d25788f6,1,0.2107287049293518,XXXKIRBY,Fat Cocks  Drugs 2,Softwilly,Xetonyl,2021,2018,rap,rap
59133,cb5a425e4f561bc8b094d6a7a43738ec5f352ab7,264177,63a229cf67a9fd94ec92663752a1ba7b2cc849e9,2,0.1029503345489502,XXXKIRBY,Fuck That Bitch,Softwilly,A$AP ANT & Tootie Ro,2021,2014,rap,rap
59133,cb5a425e4f561bc8b094d6a7a43738ec5f352ab7,446398,8bc4d8b3e78d3b68ce330b26be9d5b01329eb3f9,3,0.016367590054869652,XXXKIRBY,North Side South Side,Softwilly,Thouxanbanfauni,2021,2020,rap,rap
59133,cb5a425e4f561bc8b094d6a7a43738ec5f352ab7,452667,9e39f8fc27061a7f4a719c0200b8453a9baf0d81,4,0.08540665358304977,XXXKIRBY,Stove,Softwilly,Soulja Boy,2021,2020,rap,rap
59133,cb5a425e4f561bc8b094d6a7a43738ec5f352ab7,136591,fa71b09f1ce85acd0e7ac041ec005d5ae7c86d08,5,0.08539357781410217,XXXKIRBY,Thrax,Softwilly,ProdByShorty,2021,2020,rap,rap
59133,cb5a425e4f561bc8b094d6a7a43738ec5f352ab7,287647,fa061196cfc0ab9996d5146d21e4e92805c6d3cc,6,0.04030146822333336,XXXKIRBY,Switch Up,Softwilly,Lil Lonnie,2021,2016,rap,rap
59133,cb5a425e4f561bc8b094d6a7a43738ec5f352ab7,106917,8f699c7e165f5e7e8342c4d6b225aa95017d6b3b,7,0.10783284902572632,XXXKIRBY,Repeat,Softwilly,Smokepurpp,2021,2019,rap,rap
59133,cb5a425e4f561bc8b094d6a7a43738ec5f352ab7,168542,f88100ec33d36cca99122fb08bb77dee559dfb6f,8,0.07350503653287888,XXXKIRBY,Ignition,Softwilly,Chris Webby,2021,2016,rap,rap
59133,cb5a425e4f561bc8b094d6a7a43738ec5f352ab7,53342,5fbe0ddfec390f2dd08f79e9ebb99254d0059a12,9,0.10538967698812485,XXXKIRBY,​yeenreally,Softwilly,Oliver Francis,2021,2015,rap,rap
59133,cb5a425e4f561bc8b094d6a7a43738ec5f352ab7,392764,e781834b12c1af05d0b65cbd8f147ffe09ac58bf,10,0.08650451898574829,XXXKIRBY,Bay 2 LA,Softwilly,Lil Debbie,2021,2014,rap,rap
59133,cb5a425e4f561bc8b094d6a7a43738ec5f352ab7,239775,3123e8abf25a1205ef2ae208f9e6df5892a68d96,11,0.05413975194096565,XXXKIRBY,No Look,Softwilly,Juicy J,2021,2017,rap,rap
59133,cb5a425e4f561bc8b094d6a7a43738ec5f352ab7,143770,29082e5b80d499a97ef799d5b81d6153641cb70f,12,0.070381760597229,XXXKIRBY,Naked,Softwilly,Tinashe,2021,2019,rap,rb
59133,cb5a425e4f561bc8b094d6a7a43738ec5f352ab7,399079,6ce5853c3e0aa8fbe1382b8eb785fee0eb46881b,13,0.046416737139225006,XXXKIRBY,Popping Shit,Softwilly,YoungBoy Never Broke Again,2021,2021,rap,rap
59133,cb5a425e4f561bc8b094d6a7a43738ec5f352ab7,313350,56508e9971edbb9cb7b88693caa30a6d1ca1d502,14,0.121233269572258,XXXKIRBY,Porno Star,Softwilly,Ultramagnetic MC's,2021,1992,rap,rap
59133,cb5a425e4f561bc8b094d6a7a43738ec5f352ab7,402651,d267f2d51a87bb8c469cf06be9926c435c0019e5,15,0.011526675894856453,XXXKIRBY,Fadeaway,Softwilly,Moneybagg Yo,2021,2015,rap,rap
59133,cb5a425e4f561bc8b094d6a7a43738ec5f352ab7,210703,287b3bc754b5775debb33daeab5ea39def78b4e5,16,0.08772924542427063,XXXKIRBY,Good Life,Softwilly,Yung Tory,2021,2018,rap,rap
59133,cb5a425e4f561bc8b094d6a7a43738ec5f352ab7,243156,e06965bc95b17aeee642812104b016063e1dd1cd,17,0.09206556528806686,XXXKIRBY,In the Lab,Softwilly,Joey Trap,2021,2018,rap,rap
59133,cb5a425e4f561bc8b094d6a7a43738ec5f352ab7,282176,45273247aeea82b441f1e462be30f36eaa6f143c,18,0.07622890174388885,XXXKIRBY,Nonchalant,Softwilly,K CAMP,2021,2018,rap,rap
59133,cb5a425e4f561bc8b094d6a7a43738ec5f352ab7,462423,f82e50dece55ada2adadcf9b3554a74033987563,19,0.09222003072500229,XXXKIRBY,Gimme,Softwilly,Angelo,2021,2017,rap,rap
59133,cb5a425e4f561bc8b094d6a7a43738ec5f352ab7,341474,c1729dfb785c6c4d91de8fcf594956e794ba76ba,20,0.042850758880376816,XXXKIRBY,Juice,Softwilly,Comethazine,2021,2016,rap,rap
472125,1475609aa18e71329086e163a8d3616b777792da,505561,6f4a910b7047ea3dac6fc4cd32d8697b21bd399d,1,0.30451980233192444,A Fistful of Peanuts,Everybody Loves The Sunshine,Gorillaz,Animal Island,2002,2022,rap,pop
472125,1475609aa18e71329086e163a8d3616b777792da,413029,c4976736573f477861a6feb72d065ee8270a6ced,2,0.2509016692638397,A Fistful of Peanuts,My Only Sunshine,Gorillaz,The Beach Boys,2002,2011,rap,pop
472125,1475609aa18e71329086e163a8d3616b777792da,442612,3b7b9f2942049c5d1c86ee3fb13d845a340f2e13,3,0.14414691925048828,A Fistful of Peanuts,Snow Crystals,Gorillaz,Apparatjik,2002,2010,rap,rock
472125,1475609aa18e71329086e163a8d3616b777792da,267366,09d45e30690b2a74fe3328b58854e5c8eec0a0ca,4,0.20680513978004456,A Fistful of Peanuts,The Prettiest Girl in the Whole Wide World,Gorillaz,Weezer,2002,2008,rap,pop
472125,1475609aa18e71329086e163a8d3616b777792da,420967,97e4ce85182d5278c706b39eea0c7919b1dedd74,5,0.14414691925048828,A Fistful of Peanuts,Aint No Sunshine,Gorillaz,Eva Cassidy,2002,2000,rap,pop
472125,1475609aa18e71329086e163a8d3616b777792da,59432,1abf4b08028e92841558d8b64402a00b4513da0d,6,0.20847876369953156,A Fistful of Peanuts,미래 Future,Gorillaz,Red Velvet,2002,2020,rap,pop
472125,1475609aa18e71329086e163a8d3616b777792da,62983,240f2b78e815e30b857443d54e68ed549eb30319,7,0.263062983751297,A Fistful of Peanuts,You Are My Sunshine,Gorillaz,Jasmine Thompson,2002,2016,rap,pop
472125,1475609aa18e71329086e163a8d3616b777792da,369082,323a7236870b2b13197dbfbf4809cfc6d3acd60d,8,0.14414691925048828,A Fistful of Peanuts,Stobarts Blues,Gorillaz,I Monster,2002,2003,rap,pop
472125,1475609aa18e71329086e163a8d3616b777792da,429104,b8e2072114cb4affd7dcfa56eabd6e8f324077c7,9,0.18571124970912933,A Fistful of Peanuts,Sunshine Sometime Vocal Mix,Gorillaz,Paul McCartney,2002,2012,rap,rock
472125,1475609aa18e71329086e163a8d3616b777792da,480925,e10d8cf71e58e19e7bcd1db48987ee57e907e9a9,10,0.14414691925048828,A Fistful of Peanuts,Bed Head,Gorillaz,Joey Pecoraro,2002,2019,rap,pop
472125,1475609aa18e71329086e163a8d3616b777792da,375087,cec6fcc32de13d48b3dee21c3798c85d8c942f98,11,0.14414691925048828,A Fistful of Peanuts,In the Sunshine,Gorillaz,Jonathan Bree,2002,2020,rap,pop
472125,1475609aa18e71329086e163a8d3616b777792da,270947,1d5087574e4e1c6f121689a440dfe08ef0d85387,12,0.14414691925048828,A Fistful of Peanuts,Imaginary you,Gorillaz,No Clear Mind,2002,2014,rap,pop
472125,1475609aa18e71329086e163a8d3616b777792da,244090,8427f98c80e2dc763588121906d1eb12b161da1c,13,0.27417340874671936,A Fistful of Peanuts,You Are My Sunshine,Gorillaz,The Civil Wars,2002,2012,rap,country
472125,1475609aa18e71329086e163a8d3616b777792da,53343,efe994ae206236c61e985f79ae4e76c5f29f9b69,14,0.14414691925048828,A Fistful of Peanuts,The Sunshine,Gorillaz,Manchester Orchestra,2002,2017,rap,rock
472125,1475609aa18e71329086e163a8d3616b777792da,65160,09ffdffb4ed2147dbce070a818458123794104fd,15,0.19998972117900848,A Fistful of Peanuts,Its A Sunshine Day,Gorillaz,The Brady Bunch,2002,1973,rap,pop
472125,1475609aa18e71329086e163a8d3616b777792da,475915,763c9a24750a4b5b35d0fc74c66b2cb49f2e45d5,16,0.1840832382440567,A Fistful of Peanuts,Sunshine On My Shoulders,Gorillaz,Carly Rae Jepsen,2002,2008,rap,pop
472125,1475609aa18e71329086e163a8d3616b777792da,112586,44a6729224b5ba161120bbac2849900d884c2a8c,17,0.14414691925048828,A Fistful of Peanuts,Sunshine,Gorillaz,Cat Dealers & LOthief,2002,2017,rap,pop
472125,1475609aa18e71329086e163a8d3616b777792da,14727,370b709b137ea5ea56ef23bca3d301c9ffe320ab,18,0.09159126877784729,A Fistful of Peanuts,Sunshine,Gorillaz,Ant Beale & Charlie Heat,2002,2017,rap,rap
472125,1475609aa18e71329086e163a8d3616b777792da,429243,2b57fb1b64bec7a7ea169eee826d136846c5c0cd,19,0.14107686281204224,A Fistful of Peanuts,Let’s Work Together,Gorillaz,Wilbert Harrison,2002,1970,rap,rb
472125,1475609aa18e71329086e163a8d3616b777792da,461526,c6c4d514f2bfef8d6d19da85bb5ee7cb5c61f722,20,0.11683439463376999,A Fistful of Peanuts,And the Birds Sing,Gorillaz,Tyrone Wells,2002,2010,rap,pop
342500,2d03653b190f1e48ff237d1f618a159c367117c7,466774,52a0f08fa6d062a4a8d7bdd3fde71b013db5db68,1,0.17528273165225983,Talk,You Make Me Feel Good,Ayelle,Jason Chen,2018,2011,rb,pop
342500,2d03653b190f1e48ff237d1f618a159c367117c7,431688,7fd6595ad80e31937aced7f43c4e2dd1f0391485,2,0.02331206575036049,Talk,TheManInTheRadiator / Человек в радиаторе,Ayelle,BONES,2018,2018,rb,rap
342500,2d03653b190f1e48ff237d1f618a159c367117c7,159189,2edb574d1c1638f3818b43f97426031532afce0d,3,0.02331206575036049,Talk,Geocities,Ayelle,Lemon Demon,2018,2014,rb,pop
342500,2d03653b190f1e48ff237d1f618a159c367117c7,415137,fd546f34b454c3d1b57c528720cca2764a17ed8b,4,0.02331206575036049,Talk,Doorway,Ayelle,The Neighbourhood,2018,2014,rb,pop
342500,2d03653b190f1e48ff237d1f618a159c367117c7,108019,ae4737a2038bdb459f88c10f18866251265b4290,5,0.004870110657066107,Talk,C Is For Cookie,Ayelle,Sesame Street,2018,1971,rb,pop
342500,2d03653b190f1e48ff237d1f618a159c367117c7,282528,bf1508fe3918ff0aa53e217a496189c276a1ebce,6,0.02331206575036049,Talk,TEMMIE FLAKES BREAKFAST CEREAL,Ayelle,Griffinilla,2018,2015,rb,misc
342500,2d03653b190f1e48ff237d1f618a159c367117c7,421895,c107ae3d9fd986d963002154c99900f538c082c0,7,0.02331206575036049,Talk,The Workplace,Ayelle,Jim O'Rourke,2018,1999,rb,pop
342500,2d03653b190f1e48ff237d1f618a159c367117c7,139849,113ec0972500af434779d9afebbd5f95a8aaba51,8,0.02331206575036049,Talk,Melinda Mae,Ayelle,Shel Silverstein,2018,1974,rb,misc
342500,2d03653b190f1e48ff237d1f618a159c367117c7,47587,bdafea1d043640299201a73a0116c5c6749cd3b6,9,0.02331206575036049,Talk,Pirate Jet,Ayelle,Gorillaz,2018,2010,rb,pop
342500,2d03653b190f1e48ff237d1f618a159c367117c7,511811,adc62186a9f2de4afd0d6ec7f4051156e7c0b77d,10,0.12934169173240662,Talk,Anyway,Ayelle,The Dip,2018,2022,rb,pop
342500,2d03653b190f1e48ff237d1f618a159c367117c7,484670,c4161e0c86613960c9cc81dd1e1fe2090d83e75b,11,0.02331206575036049,Talk,Boognish,Ayelle,Ween,2018,1986,rb,rock
342500,2d03653b190f1e48ff237d1f618a159c367117c7,310806,2c1b1419d54a4644a53c832d20eaf38ee22440e6,12,0.02331206575036049,Talk,Dogtown,Ayelle,Anderson .Paak,2018,2014,rb,rb
342500,2d03653b190f1e48ff237d1f618a159c367117c7,83576,b13e011d48b70249a5c628501b8180977e59a192,13,0.02331206575036049,Talk,Know Your States,Ayelle,Reggie Couz,2018,2016,rb,rap
342500,2d03653b190f1e48ff237d1f618a159c367117c7,443820,5638cda9763570c639e30e381fa1a8d3c5b52fdb,14,0.1366504579782486,Talk,Feel,Ayelle,Matchbox Twenty,2018,2003,rb,rock
342500,2d03653b190f1e48ff237d1f618a159c367117c7,127599,761d5d81bb3fab38e9eb503ac05bd61c507a7201,15,0.02331206575036049,Talk,Little Room,Ayelle,The White Stripes,2018,2001,rb,rock
342500,2d03653b190f1e48ff237d1f618a159c367117c7,465135,3aa619220c3247b8fbee7aeaf4babb0acb9e5484,16,0.02331206575036049,Talk,International Colouring Contest,Ayelle,Stereolab,2018,1994,rb,pop
342500,2d03653b190f1e48ff237d1f618a159c367117c7,376407,ff5ea04eb062cfeda879bcb153f8e0f01e32a70f,17,0.02331206575036049,Talk,Amore,Ayelle, (Ryuichi Sakamoto),2018,1989,rb,pop
342500,2d03653b190f1e48ff237d1f618a159c367117c7,101471,7ca9208aac56a60f232c0534afe81cd23e1d20c3,18,0.02331206575036049,Talk,Hypnodancer,Ayelle,Little Big,2018,2020,rb,pop
342500,2d03653b190f1e48ff237d1f618a159c367117c7,307106,dfe2c65892a81673b2912ba683d8bcee9331a737,19,0.02331206575036049,Talk,Baianá,Ayelle,Bakermat,2018,2019,rb,pop
342500,2d03653b190f1e48ff237d1f618a159c367117c7,183878,b442566dee15f1f6f5becd10a85428240153c7bf,20,0.02331206575036049,Talk,The Bean Eaters,Ayelle,Gwendolyn Brooks,2018,2012,rb,misc
417351,5045ed5091bced74719bfd31c9f5a8e9b6a16ffd,111476,1abc255158699f29137a71b089e84a7a159f02b2,1,0.20253390073776245,Lady You Are,You Are My Lady,One Way,Freddie Jackson,1984,1985,rb,rb
417351,5045ed5091bced74719bfd31c9f5a8e9b6a16ffd,362947,7da1f0448658a73083c39e0bd06382e6ed302614,2,0.03756817802786827,Lady You Are,California Pipeline,One Way,Murphy's Law,1984,1986,rb,pop
417351,5045ed5091bced74719bfd31c9f5a8e9b6a16ffd,322461,1b96c4337fc8fa1d2007755c92457733fee71370,3,0.061734117567539215,Lady You Are,One Love,One Way,Depzman,1984,2013,rb,rap
417351,5045ed5091bced74719bfd31c9f5a8e9b6a16ffd,101406,e628abb57da95ae33a7d2ec146b8567a6bfa5523,4,0.08480971306562424,Lady You Are,Battle-Axe,One Way,Deftones,1984,2003,rb,rock
417351,5045ed5091bced74719bfd31c9f5a8e9b6a16ffd,463580,0c3595abd3222f24e7b74c71a771127b54f0b540,5,0.09094130247831345,Lady You Are,If You Could Only See Me Now,One Way,T. Graham Brown,1984,1990,rb,country
417351,5045ed5091bced74719bfd31c9f5a8e9b6a16ffd,366360,42fa10ab270385f711599412d323a7390864a53f,6,0.15561692416667938,Lady You Are,Betterman,One Way,John Butler Trio,1984,2001,rb,rock
417351,5045ed5091bced74719bfd31c9f5a8e9b6a16ffd,60991,d75f8d43ebfa7b3518e996715c85c45790d210e5,7,0.07679001986980438,Lady You Are,All My Children,One Way,Gucci Mane,1984,2016,rb,rap
417351,5045ed5091bced74719bfd31c9f5a8e9b6a16ffd,390922,f9a6a06975367c6296737aab4c827dc75f1dd3e9,8,0.06410859525203705,Lady You Are,Brooklyn,One Way,brotherkenzie,1984,2020,rb,rock
417351,5045ed5091bced74719bfd31c9f5a8e9b6a16ffd,98023,8aa32127a74d4920ceb098762edf53462d3b53b0,9,0.04294101148843765,Lady You Are,Alone Together,One Way,Ella Fitzgerald,1984,1962,rb,pop
417351,5045ed5091bced74719bfd31c9f5a8e9b6a16ffd,103640,824b2379d512dd0ce5e5e123882346bcd4b04cd9,10,0.14120425283908844,Lady You Are,Love You I Do,One Way,Jennifer Hudson,1984,2006,rb,pop
417351,5045ed5091bced74719bfd31c9f5a8e9b6a16ffd,234317,b8bd5a10fdbf9c4682d2ce33636cb9f467eeb5b3,11,0.05387990549206734,Lady You Are,She Dont Let Nobody,One Way,Chaka Demus & Pliers,1984,1993,rb,pop
417351,5045ed5091bced74719bfd31c9f5a8e9b6a16ffd,104093,3fdf19a1531f89e73fc1fe3fc78339af31ff241c,12,0.13948750495910645,Lady You Are,Cinderella Rockefella,One Way,Esther and Avi Ofarim,1984,1967,rb,rock
417351,5045ed5091bced74719bfd31c9f5a8e9b6a16ffd,218770,8f71d1d300634901f1699eae7dca2719e4346b33,13,0.05697660520672798,Lady You Are,Tell Em What Its Like,One Way,Cody Jinks,1984,2019,rb,country
417351,5045ed5091bced74719bfd31c9f5a8e9b6a16ffd,494293,adf93c8e03a7552111da7317e2c1b0fbc9fcf926,14,0.13946256041526794,Lady You Are,Youre the Lady of My Heart,One Way,Modern Talking,1984,1985,rb,pop
417351,5045ed5091bced74719bfd31c9f5a8e9b6a16ffd,157097,08fb5f4202e4fab660b0ea22fb9d3332c9521486,15,0.08415856957435608,Lady You Are,I Love The Way You Love Me,One Way,Jekalyn Carr,1984,2018,rb,pop
417351,5045ed5091bced74719bfd31c9f5a8e9b6a16ffd,81271,efe2ac3928537e52389e36ad7e5fe48df0f30b2d,16,0.015246209688484669,Lady You Are,She Used to Love Me a Lot,One Way,Johnny Cash,1984,2014,rb,country
417351,5045ed5091bced74719bfd31c9f5a8e9b6a16ffd,253137,3a4b0a97db281adf934538b7d0fbc7cb98312520,17,0.13180603086948395,Lady You Are,Lady Remix - Just Tha Beat Mix,One Way,D'Angelo,1984,1996,rb,rb
417351,5045ed5091bced74719bfd31c9f5a8e9b6a16ffd,48513,bf544500da103c93cd9aa0529f40bb3384dd24b8,18,0.054337676614522934,Lady You Are,Stand By Your Man,One Way,Tammy Wynette,1984,1968,rb,country
417351,5045ed5091bced74719bfd31c9f5a8e9b6a16ffd,502723,b1009855d37b4d33b85e42eb1408f4c5955ab82d,19,0.07693454623222351,Lady You Are,Cant Make You Love Me,One Way,Chloe Fredericks,1984,2022,rb,pop
417351,5045ed5091bced74719bfd31c9f5a8e9b6a16ffd,391224,41111f4037c770a727bd325f9fccb86e80193899,20,0.05678560957312584,Lady You Are,Sister Interlude,One Way,Marc E. Bassy,1984,2014,rb,pop
93587,2325d10814c829beece4d48e55240b3115da1fe5,459384,922bee6a1925946f81121c0110467848e15ed6ad,1,0.2897144556045532,Prayer,Lovers Prayer,D'Angelo and the Vanguard,Joe,2014,2001,rb,rb
93587,2325d10814c829beece4d48e55240b3115da1fe5,156728,bc41cbe6d26e077583915d8b34091190b58b1c50,2,0.20753823220729828,Prayer,Mr. Telephone Man,D'Angelo and the Vanguard,Erykah Badu,2014,2015,rb,rb
93587,2325d10814c829beece4d48e55240b3115da1fe5,345935,30081c46d70daa3f2cbb27a7f6c65bd598aee54a,3,0.20753823220729828,Prayer,Oil in My Lamp,D'Angelo and the Vanguard,Desmond Dekker,2014,1993,rb,rock
93587,2325d10814c829beece4d48e55240b3115da1fe5,194079,57270f476100e211b685a7fe0c773a1f7b48be29,4,0.20753823220729828,Prayer,Praying Hands,D'Angelo and the Vanguard,Devo,2014,1978,rb,rock
93587,2325d10814c829beece4d48e55240b3115da1fe5,266067,2591884a5c750d82a9ccc7077b24fe6bf5771326,5,0.20753823220729828,Prayer,Be Closer,D'Angelo and the Vanguard, (WE),2014,2017,rb,pop
93587,2325d10814c829beece4d48e55240b3115da1fe5,25008,3d1115813fa27b0814c59289d18879f977aa772a,6,0.17598558962345123,Prayer,I Pray We’ll Be Ready Live,D'Angelo and the Vanguard,Chicago Mass Choir,2014,2005,rb,misc
93587,2325d10814c829beece4d48e55240b3115da1fe5,189080,91aa5ab49bcbc7dc9be6347402050a189f45b606,7,0.20753823220729828,Prayer,Alone,D'Angelo and the Vanguard,Reece,2014,2017,rb,pop
93587,2325d10814c829beece4d48e55240b3115da1fe5,93175,86f1d9fc19d713042cc72b5c72b13a270eca93c4,8,0.1843716949224472,Prayer,Say The Name,D'Angelo and the Vanguard,Martha Munizzi,2014,2002,rb,pop
93587,2325d10814c829beece4d48e55240b3115da1fe5,460039,019411b7592ba2ff691643926b8e2993b6423c9f,9,0.23432420194149017,Prayer,Dad,D'Angelo and the Vanguard,Thylacine,2014,2014,rb,pop
93587,2325d10814c829beece4d48e55240b3115da1fe5,365410,3a9f529d6c2e1ee0eb216f169624ad06d6659d7f,10,0.20753823220729828,Prayer,Brightest,D'Angelo and the Vanguard,Copeland,2014,2003,rb,rock
93587,2325d10814c829beece4d48e55240b3115da1fe5,181300,8343d16874c3c41425f9698ffbd8e8e21195c0f0,11,0.14720213413238525,Prayer,Satan Were Gonna Tear Your Kingdom Down,D'Angelo and the Vanguard,Sunday Service Choir,2014,2019,rb,rb
93587,2325d10814c829beece4d48e55240b3115da1fe5,235702,74c7b2a4fd7ac34ab9d8367b838550d119820308,12,0.1927730143070221,Prayer,Day by Day,D'Angelo and the Vanguard,Stephen Schwartz,2014,2011,rb,pop
93587,2325d10814c829beece4d48e55240b3115da1fe5,229645,e24c20b8f4c0571117d0685022883a6128d37558,13,0.20753823220729828,Prayer,Vital,D'Angelo and the Vanguard,Grouper,2014,2013,rb,rock
93587,2325d10814c829beece4d48e55240b3115da1fe5,396140,b9a19fc3260aec6541efb5f61d06e6f9f6d2ea7a,14,0.20753823220729828,Prayer,Deity,D'Angelo and the Vanguard,Ministry,2014,1988,rb,rock
93587,2325d10814c829beece4d48e55240b3115da1fe5,293246,779cbca2a84664a14c7f1172fe2dcd1e36285e8f,15,0.2068939059972763,Prayer,I Will Not Follow,D'Angelo and the Vanguard,Nails (Metal),2014,2010,rb,rock
93587,2325d10814c829beece4d48e55240b3115da1fe5,412520,91c486abd8d9dc35dd179d5d429222ee8b30e92a,16,0.17912375926971436,Prayer,Lay by the Stars  Sleep by the Ocean,D'Angelo and the Vanguard,RiFF RAFF,2014,2018,rb,rap
93587,2325d10814c829beece4d48e55240b3115da1fe5,443147,86f2de661b63781e1f02d019e5819d8ba544ca2d,17,0.19746355712413788,Prayer,Fourth Leg,D'Angelo and the Vanguard,Scott James,2014,2017,rb,rb
93587,2325d10814c829beece4d48e55240b3115da1fe5,112811,34dd1c0f3b1a5a4af5266b47223e6dce23dd9f46,18,0.20753823220729828,Prayer,Follow,D'Angelo and the Vanguard,Whitney,2014,2016,rb,rock
93587,2325d10814c829beece4d48e55240b3115da1fe5,313383,ce10862144db036d3a94badedeb289270e1f4ff6,19,0.19895528256893158,Prayer,Pray Lhast Interlude,D'Angelo and the Vanguard,Richie Campbell,2014,2017,rb,rb
93587,2325d10814c829beece4d48e55240b3115da1fe5,355191,88ba3692d1f03147b839fb6fa0a2e5b6a1836ce0,20,0.19159770011901855,Prayer,Away,D'Angelo and the Vanguard,The Cranberries,2014,1994,rb,rock
325075,02e8aeadb2e5d9334aee9474a5ae1fb5540a4108,55799,f830eb6cafdc20e833006cb4af5c806ad246403a,1,0.18800747394561768,That Girl,Came Here For Something,Tone Stith,Kirko Bangz,2017,2013,rb,rap
325075,02e8aeadb2e5d9334aee9474a5ae1fb5540a4108,89756,0b4b3b1e5f5dc4f707c05d3b96bae2cec9b47542,2,0.16492757201194763,That Girl,Trippin Baby,Tone Stith,Fetty Wap,2017,2019,rb,rap
325075,02e8aeadb2e5d9334aee9474a5ae1fb5540a4108,16143,d6297eff13d3d41ef4c2490f0799225ac07f95f4,3,0.12473779171705246,That Girl,Live Your Best Life,Tone Stith,Joseline Hernandez,2017,2020,rb,rap
325075,02e8aeadb2e5d9334aee9474a5ae1fb5540a4108,77998,56e2193fdc56b387e1ff4892d807f987ecaa7f09,4,0.12071826308965683,That Girl,​you Sweetener Outtake,Tone Stith,Ariana Grande,2017,2018,rb,rb
325075,02e8aeadb2e5d9334aee9474a5ae1fb5540a4108,505676,e27c7dcafb59a901d12fc48b8a35f2e94e414211,5,0.16155937314033508,That Girl,Daughter Of The Devil,Tone Stith,sKitz Kraven,2017,2022,rb,rap
325075,02e8aeadb2e5d9334aee9474a5ae1fb5540a4108,255259,89648f961b613b9930fc6d81ca419af11d757eb4,6,0.0593641996383667,That Girl,On the Moon,Tone Stith,Adam Lambert,2017,2020,rb,pop
325075,02e8aeadb2e5d9334aee9474a5ae1fb5540a4108,326727,974e59735627ec98ad2216db03b58923050aa681,7,0.016512367874383926,That Girl,One Night Gigolo,Tone Stith,H-Town,2017,1994,rb,rb
325075,02e8aeadb2e5d9334aee9474a5ae1fb5540a4108,362548,633257f7b2f3999218881a795b8b754c256aaf59,8,0.0020792519208043814,That Girl,Prove You Wrong,Tone Stith,Sheryl Crow,2017,2019,rb,rock
325075,02e8aeadb2e5d9334aee9474a5ae1fb5540a4108,38562,090472d29ebf4c4b11ae397ea819471e9c15ddf2,9,0.012415256351232529,That Girl,Add Me In,Tone Stith,Chris Brown,2017,2014,rb,pop
325075,02e8aeadb2e5d9334aee9474a5ae1fb5540a4108,352256,0b184dfd114995e15a033fa3477c92b77a088ee9,10,0.10778743028640747,That Girl,Gone Be Fine,Tone Stith,Monica,2017,1998,rb,rb
325075,02e8aeadb2e5d9334aee9474a5ae1fb5540a4108,30954,1eada533700bc57c4d94a22792987f1d6384c6e8,11,0.10551859438419342,That Girl,Drive My Car,Tone Stith,Landon Cube,2017,2017,rb,rb
325075,02e8aeadb2e5d9334aee9474a5ae1fb5540a4108,151097,60f942a6fbf872cddd3eb94b485e1d23bcddf3c8,12,0.0825074091553688,That Girl,Baby Don’t Talk,Tone Stith,LON,2017,2018,rb,pop
325075,02e8aeadb2e5d9334aee9474a5ae1fb5540a4108,280038,5afaa1d0e20ce4a5bece6705180707a9fbc3c4d5,13,0.012998486869037151,That Girl,When the Cookie Jar Is Empty,Tone Stith,Michael Franks,2017,1978,rb,pop
325075,02e8aeadb2e5d9334aee9474a5ae1fb5540a4108,175420,ef97a0dfffe9181e0691b92de85dc85b076a632b,14,0.01405054796487093,That Girl,Flames,Tone Stith,11:11,2017,2019,rb,rb
325075,02e8aeadb2e5d9334aee9474a5ae1fb5540a4108,395925,78602337a3346fab39d36b26ac6170674c19d552,15,0.008741783909499645,That Girl,Night Owl,Tone Stith,The Righteous Brothers,2017,1964,rb,rock
325075,02e8aeadb2e5d9334aee9474a5ae1fb5540a4108,354925,72760cd43dd7ec18aebcda2429a38349296581b3,16,0.0005489816539920866,That Girl,Everybody Loves My Baby,Tone Stith,Louis Armstrong,2017,2015,rb,pop
325075,02e8aeadb2e5d9334aee9474a5ae1fb5540a4108,374531,eca5f388df7947d676b8f5612c9648471d0f2dbb,17,0.008243109099566936,That Girl,I Need You,Tone Stith,Ungu,2017,2010,rb,pop
325075,02e8aeadb2e5d9334aee9474a5ae1fb5540a4108,190838,989e97c3ab40c78db6cb6a0fa7a19ad4c72a080b,18,0.015312368050217628,That Girl,Electrify Me,Tone Stith,ZHU,2017,2016,rb,rb
325075,02e8aeadb2e5d9334aee9474a5ae1fb5540a4108,24823,b0a96db2c2c0b277ce0ad0c3a421213fa8f3cd29,19,0.01581885665655136,That Girl,Love Potion,Tone Stith,Mafikizolo,2017,2017,rb,pop
325075,02e8aeadb2e5d9334aee9474a5ae1fb5540a4108,396050,2524de3174aefaa07e85036e16e33f44a6f8a56f,20,0.008349551819264889,That Girl,If I Could Give You the World,Tone Stith,Hearts of Stone,2017,1971,rb,rb
479052,0b660c7c80a2f1b0473e11880a105e0b54281d61,396262,76494abcd7bc20426ee04039af7161eb1dd0fb40,1,0.11708880960941315,The Triangle / For The Night,If They Only Knew,Justin Snow,Krayzie Bone,2018,2001,rb,rap
479052,0b660c7c80a2f1b0473e11880a105e0b54281d61,422329,933d7dfbe447c0e3d0b0dbe727f3d3505f3d42dd,2,0.004843280650675297,The Triangle / For The Night,Later That Year,Justin Snow,Straylight Run,2018,2005,rb,pop
479052,0b660c7c80a2f1b0473e11880a105e0b54281d61,45502,7783dd809cf90f9c450592c99ba7ab099083ccd3,3,0.10397382825613022,The Triangle / For The Night,Triple 9 V2,Justin Snow,Juice WRLD,2018,2019,rb,rap
479052,0b660c7c80a2f1b0473e11880a105e0b54281d61,314755,e19be8eecbd8ab74777e5edad0e30aa6cc24e725,4,0.011785647831857204,The Triangle / For The Night,When Your Therapist Asks How You Learned to Hate Yourself,Justin Snow,Blythe Baird,2018,2014,rb,misc
479052,0b660c7c80a2f1b0473e11880a105e0b54281d61,510643,40add6437a69ead8f620a41227fb703fc25a8eb5,5,0.11397109180688858,The Triangle / For The Night,Anymore,Justin Snow,TNA,2018,2022,rb,pop
479052,0b660c7c80a2f1b0473e11880a105e0b54281d61,251952,8ca2fa7b221bb941fdc67ced7a95bcff3c3caaf0,6,0.07685721665620804,The Triangle / For The Night,The Blame,Justin Snow,Sam Grow,2018,2017,rb,country
479052,0b660c7c80a2f1b0473e11880a105e0b54281d61,240684,64edf2a963454522ec01f2290d0384e9d51a13b8,7,0.050291337072849274,The Triangle / For The Night,Where Your Man Is?,Justin Snow,Elle Varner,2018,2015,rb,rb
479052,0b660c7c80a2f1b0473e11880a105e0b54281d61,37740,e22b03426183c0cb229aa88352efaeba40682ce5,8,0.05404989793896675,The Triangle / For The Night,Magic,Justin Snow,Rudy Mancuso & Maia Mitchell,2018,2018,rb,pop
479052,0b660c7c80a2f1b0473e11880a105e0b54281d61,139786,04ef0d82f790a88bf93c53a5c29a78769cf23b0a,9,0.03807589039206505,The Triangle / For The Night,IGotABMXBikeButImNotVeryGood,Justin Snow,Xavier Wulf & BONES,2018,2014,rb,rap
479052,0b660c7c80a2f1b0473e11880a105e0b54281d61,359900,de065bca0b4cb6229cd522fe890a1b3d85ac517d,10,0.03411664813756943,The Triangle / For The Night,Raw Power,Justin Snow,Channel Tres,2018,2019,rb,rap
479052,0b660c7c80a2f1b0473e11880a105e0b54281d61,205681,20ff1726c2f29093cd7565af736ed6a97f2e81db,11,0.012431993149220943,The Triangle / For The Night,Breathe Without,Justin Snow,Nurko,2018,2019,rb,pop
479052,0b660c7c80a2f1b0473e11880a105e0b54281d61,392649,1b7cc1c044feb4614a9606789ef69df265d80505,12,0.004843280650675297,The Triangle / For The Night,Borders,Justin Snow,The Whitest Boy Alive,2018,2006,rb,rock
479052,0b660c7c80a2f1b0473e11880a105e0b54281d61,485453,652dc6edc04386be327210940c38cfd056aee5db,13,0.004843280650675297,The Triangle / For The Night,Zero In The City,Justin Snow,Great Lake Swimmers,2018,2015,rb,rock
479052,0b660c7c80a2f1b0473e11880a105e0b54281d61,181761,8f5fd802de7e875ff0aaa55fb717bb220959d73e,14,0.05962986871600151,The Triangle / For The Night,Like They Do on the TV,Justin Snow,Kimbra,2018,2018,rb,pop
479052,0b660c7c80a2f1b0473e11880a105e0b54281d61,478653,cdceb546deab0ed13ff620394028d4d9ba18f1dc,15,0.03003229759633541,The Triangle / For The Night,Blame It Demo,Justin Snow,YoungBoy Never Broke Again,2018,2019,rb,rap
479052,0b660c7c80a2f1b0473e11880a105e0b54281d61,390678,b3328b6c9a45487f8cd1be0724e80e989e6bc0c8,16,0.029565950855612755,The Triangle / For The Night,Fear of Dying,Justin Snow,Alison Wonderland,2018,2022,rb,pop
479052,0b660c7c80a2f1b0473e11880a105e0b54281d61,405087,022f197ffc6f4dae472ec1e2f641845dd116c53c,17,0.014001332223415375,The Triangle / For The Night,Bullet,Justin Snow,Riot Child,2018,2016,rb,pop
479052,0b660c7c80a2f1b0473e11880a105e0b54281d61,42969,c022cb7fd68dfb1597041eedb9fd771d273162b9,18,0.09013527631759644,The Triangle / For The Night,Alcohol,Justin Snow,Timeflies,2018,2012,rb,rap
479052,0b660c7c80a2f1b0473e11880a105e0b54281d61,347980,901289f2570168ce87247fe8c03415defdd562c9,19,0.00997192319482565,The Triangle / For The Night,Everyday of the Week,Justin Snow,Sickboyrari,2018,2017,rb,rap
479052,0b660c7c80a2f1b0473e11880a105e0b54281d61,402110,3a09dcd9962f8f6eeaceb08842a68e0eb6008730,20,0.06264371424913406,The Triangle / For The Night,West Coast,Justin Snow,Gavin Haley,2018,2018,rb,pop
303326,f60784760e1403374e2eaadfc174858d036d6d22,84226,694af38b21df2e63e005226925dcce7478590876,1,0.49647974967956543,Right Here Waiting,Ill Be Right Here Waiting For You,Monica,Richard Marx,1999,2015,rb,pop
303326,f60784760e1403374e2eaadfc174858d036d6d22,100281,ed3c8a1837e37b515eacc2e1a48ed1d2c0454aac,2,0.4944666028022766,Right Here Waiting,Right Here Waiting For You,Monica,Richard Marx,1999,2015,rb,pop
303326,f60784760e1403374e2eaadfc174858d036d6d22,24720,925dd0404cf3632e9dfce18b4e7ebd2e10124a7a,3,0.4944114089012146,Right Here Waiting,Right Here Waiting,Monica,Richard Marx,1999,1989,rb,pop
303326,f60784760e1403374e2eaadfc174858d036d6d22,418401,c104827db9a1058b35677c1db051e598c4ad7192,4,0.4773016571998596,Right Here Waiting,I will be right here waiting for you,Monica,Richard Marx,1999,2017,rb,rock
303326,f60784760e1403374e2eaadfc174858d036d6d22,378999,ca4e6490930e7a20e3eed8aedbac14f26befec69,5,0.1570129245519638,Right Here Waiting,6 Gold Blade,Monica,The Birthday Party,1999,1982,rb,rock
303326,f60784760e1403374e2eaadfc174858d036d6d22,17030,853644c36d108a1214ffc82206d57ff3846e7f19,6,0.18743017315864563,Right Here Waiting,She Lives in My Lap,Monica,OutKast,1999,2003,rb,rap
303326,f60784760e1403374e2eaadfc174858d036d6d22,422102,c6dd3a0d11c401c3db7a88d3a6dd80c5ccb42da9,7,0.16366244852542877,Right Here Waiting,Inside the Producer’s Studio,Monica,Little Brother,1999,2019,rb,rap
303326,f60784760e1403374e2eaadfc174858d036d6d22,511013,dd606696d114950e483bd5d290dca1e198255a38,8,0.13087761402130127,Right Here Waiting,My Bestfriends House,Monica,Blue Hawaii,1999,2022,rb,pop
303326,f60784760e1403374e2eaadfc174858d036d6d22,96921,d450c3ec6f4a89fc06d4b1f196708149d2f0b91c,9,0.14573067426681519,Right Here Waiting,All I Got,Monica,BAEKHYUN,1999,2021,rb,pop
303326,f60784760e1403374e2eaadfc174858d036d6d22,381022,d7a51dece724863c9db15e5f3cb5298d888a08d4,10,0.1700587421655655,Right Here Waiting,Aint We Rich,Monica,Prof,1999,2020,rb,rap
303326,f60784760e1403374e2eaadfc174858d036d6d22,108158,d8b69f74e8837ed75247ec42ea6ae0374c0633b2,11,0.08421316742897034,Right Here Waiting,All Day,Monica,Now United,1999,2018,rb,pop
303326,f60784760e1403374e2eaadfc174858d036d6d22,388317,92b3728fe4bf41b27dd531642239c20d943bd38d,12,0.1193358451128006,Right Here Waiting,Water Carry Me,Monica,Adekunle Gold,1999,2020,rb,pop
303326,f60784760e1403374e2eaadfc174858d036d6d22,273648,5304af3f2fb4011c7b82e3b90f0d00f848b5a1a7,13,0.11116701364517212,Right Here Waiting,The Feeling Interlude,Monica,Joyner Lucas,1999,2015,rb,rap
303326,f60784760e1403374e2eaadfc174858d036d6d22,254868,9fb5ca7b9ce9d506de282f2d5eb03dd2c4646886,14,0.06000734493136406,Right Here Waiting,Condemned to Be Freaky,Monica,Brad Stank,1999,2018,rb,pop
303326,f60784760e1403374e2eaadfc174858d036d6d22,103458,2896b4f4e91c5a25aa3d98f80397eba994b4defb,15,0.00970790907740593,Right Here Waiting,Blessin Pt. 1,Monica,Deeman Ohhrite,1999,2015,rb,rap
303326,f60784760e1403374e2eaadfc174858d036d6d22,139388,cec97b263854ec0d297dcc7c20f7ff0a53ca4392,16,0.13495062291622162,Right Here Waiting,I Promise,Monica,Harris J,1999,2015,rb,pop
303326,f60784760e1403374e2eaadfc174858d036d6d22,340304,fd3334b2b576faac91342a191f7210297ca23c3a,17,0.01282812375575304,Right Here Waiting,Shake It Up,Monica,E.G. Daily,1999,1983,rb,pop
303326,f60784760e1403374e2eaadfc174858d036d6d22,425826,031fc934e88fc48b72e9d57060100dddb39150ec,18,0.00970790907740593,Right Here Waiting,Jericho,Monica,The Prodigy,1999,1992,rb,pop
303326,f60784760e1403374e2eaadfc174858d036d6d22,412567,7026bb8093e3b82e3f78beed274589488235e1ec,19,0.00970790907740593,Right Here Waiting,Arcades,Monica,C2C,1999,2012,rb,misc
303326,f60784760e1403374e2eaadfc174858d036d6d22,334818,3584ad94928f8642b34fb7d6bdcf3d1c906a0f1f,20,0.08507286012172699,Right Here Waiting,Baby Dont You Do It,Monica,The Who,1999,1974,rb,rock
199659,f98136bb9cb5dd8dce2e124dc54bb8d01c457458,321785,0b5b1b14e5cfaad31db2625456a5ae3edc5c14a1,1,0.11577164381742477,I Know Why The Caged Bird Sings,Lovebird,Nicotine,Leona Lewis,2017,2012,rb,pop
199659,f98136bb9cb5dd8dce2e124dc54bb8d01c457458,407139,b6988a8c6352b4b771d53ac1a49fae0820f99ea3,2,0.042500533163547516,I Know Why The Caged Bird Sings,Action Time Vision,Nicotine,Alternative TV,2017,1978,rb,rock
199659,f98136bb9cb5dd8dce2e124dc54bb8d01c457458,100845,d336e5c9ed5f956610dbe46c42e29eb33909981a,3,0.042500533163547516,I Know Why The Caged Bird Sings,LITTLE BUSTERS,Nicotine,The Pillows,2017,1998,rb,rock
199659,f98136bb9cb5dd8dce2e124dc54bb8d01c457458,198339,ee1eb09a030afa810ad035a63695e781ada402b6,4,0.042500533163547516,I Know Why The Caged Bird Sings,The Best Book to Read,Nicotine,Colin Buchanan,2017,1998,rb,pop
199659,f98136bb9cb5dd8dce2e124dc54bb8d01c457458,314695,2dca034b92fa97c0040918f1dbdd83536379d8f1,5,0.042500533163547516,I Know Why The Caged Bird Sings,Jesus Chariot Shell Be Coming Round the Mountain,Nicotine,Neil Young & Crazy Horse,2017,2012,rb,country
199659,f98136bb9cb5dd8dce2e124dc54bb8d01c457458,206345,2865a07c7c2e6e04932f1f0a777f19530b10a4b3,6,0.04001527652144432,I Know Why The Caged Bird Sings,Hermione Cant Draw,Nicotine,Team StarKid,2017,2010,rb,misc
199659,f98136bb9cb5dd8dce2e124dc54bb8d01c457458,292226,7cd6793b8faed752ae14222c4cb2110ddac0111d,7,0.02453729696571827,I Know Why The Caged Bird Sings,Children of the Living God,Nicotine,Fernando Ortega,2017,1997,rb,pop
199659,f98136bb9cb5dd8dce2e124dc54bb8d01c457458,463349,f4be33220a074659d078cb5c8dcb114c1a12e442,8,0.042500533163547516,I Know Why The Caged Bird Sings,3 Angels,Nicotine,Codeine,2017,1990,rb,rock
199659,f98136bb9cb5dd8dce2e124dc54bb8d01c457458,500269,227d65be693906abccc14ed1dcfae5983c091c5c,9,0.042500533163547516,I Know Why The Caged Bird Sings,This Is the Kingdom Flow,Nicotine,Elevation Worship,2017,2022,rb,pop
199659,f98136bb9cb5dd8dce2e124dc54bb8d01c457458,396013,63e8392abb95565b0fa9bb6b9e3029f7939763cb,10,0.03498631343245506,I Know Why The Caged Bird Sings,ABC Gospel,Nicotine,Choo Choo Soul,2017,2006,rb,rb
199659,f98136bb9cb5dd8dce2e124dc54bb8d01c457458,209914,89ae3b368801f50bb2061167352e7e82a75834f7,11,0.042500533163547516,I Know Why The Caged Bird Sings,Check Meowt,Nicotine,Parry Gripp,2017,2015,rb,pop
199659,f98136bb9cb5dd8dce2e124dc54bb8d01c457458,333409,16211b6f5fa5da3a402052521a5fff85725d32e0,12,0.042500533163547516,I Know Why The Caged Bird Sings,Seeing Voices,Nicotine,Michael Jackson,2017,1999,rb,pop
199659,f98136bb9cb5dd8dce2e124dc54bb8d01c457458,96695,59482ad74a5357cdd38662c90e8d44a83e71756f,13,0.042500533163547516,I Know Why The Caged Bird Sings,Raised Up C-131,Nicotine,"Rick and Morty, Ryan Elder & Justin Roiland",2017,2018,rb,misc
199659,f98136bb9cb5dd8dce2e124dc54bb8d01c457458,166184,12394250729548d0f10031ef04b4492697ffb5b7,14,0.042500533163547516,I Know Why The Caged Bird Sings,Same Old Song S.O.S. Part 1,Nicotine,Two Feet,2017,2018,rb,rock
199659,f98136bb9cb5dd8dce2e124dc54bb8d01c457458,336038,005e958ed073ff5be10318259e52e7e772b5852d,15,0.042500533163547516,I Know Why The Caged Bird Sings,I Got a Right,Nicotine,The Stooges,2017,1980,rb,rock
199659,f98136bb9cb5dd8dce2e124dc54bb8d01c457458,501949,98ad9935b8dba297961f74724e78722e368acc2e,16,0.042500533163547516,I Know Why The Caged Bird Sings,Ivory,Nicotine,Omar Apollo,2017,2022,rb,rb
199659,f98136bb9cb5dd8dce2e124dc54bb8d01c457458,284274,87c605f5566f25716c9c79909febeb6935553f8d,17,0.042500533163547516,I Know Why The Caged Bird Sings,This,Nicotine,Modeselektor,2017,2011,rb,pop
199659,f98136bb9cb5dd8dce2e124dc54bb8d01c457458,154968,e52b14ef9d5b8052ecef7849a0edcb25e25a4e24,18,0.03187226131558418,I Know Why The Caged Bird Sings,Ling Ting Tong,Nicotine,The Five Keys,2017,1962,rb,pop
199659,f98136bb9cb5dd8dce2e124dc54bb8d01c457458,283574,a231f5d5005a415bce2b4dea2b264f6a966e8de7,19,0.021486647427082062,I Know Why The Caged Bird Sings,For a Girl in Rhinelander WI,Nicotine,Wingnut Dishwashers Union,2017,2008,rb,rock
199659,f98136bb9cb5dd8dce2e124dc54bb8d01c457458,388027,9d5954a307aa4d62c28b94394ad052fd473ba5a7,20,0.05885038524866104,I Know Why The Caged Bird Sings,Tears Dont Matter Much,Nicotine,Lucero,2017,2003,rb,rock
63214,9ece3c419723dea4934a9fae7c1902ff639693bd,447340,7c40983a643a51553ae72af9ff5d095b24db0427,1,0.20641104876995087,Youre Sexy Im Sexy,One More Time,Eric Nam,Joe Jackson,2019,1979,rb,pop
63214,9ece3c419723dea4934a9fae7c1902ff639693bd,133565,aaf69650f4d8105bcde9bea9f0baa806267432d3,2,0.1713838279247284,Youre Sexy Im Sexy,I Need a Woman to Love,Eric Nam,Kesha,2019,2018,rb,pop
63214,9ece3c419723dea4934a9fae7c1902ff639693bd,187311,cfb1674e49125175a859c0861643027353576b37,3,0.1897360384464264,Youre Sexy Im Sexy,I Want A Love I Can See,Eric Nam,The Temptations,2019,1964,rb,rb
63214,9ece3c419723dea4934a9fae7c1902ff639693bd,205422,dac799b2f543e74747b71115a296db07a489360f,4,0.12289833277463913,Youre Sexy Im Sexy,Gold,Eric Nam,Valentino Khan,2019,2017,rb,pop
63214,9ece3c419723dea4934a9fae7c1902ff639693bd,95840,451d4edbcc7c9dcb53a5756191ae6144b10cd5a6,5,0.07189062237739563,Youre Sexy Im Sexy,Balenciaga,Eric Nam,Cheat Codes,2019,2018,rb,pop
63214,9ece3c419723dea4934a9fae7c1902ff639693bd,443324,f91847b307cf7e51fa8187b49ee48bbc88d15ba0,6,0.16405372321605682,Youre Sexy Im Sexy,Daydreaming,Eric Nam,Michel'le,2019,1996,rb,rb
63214,9ece3c419723dea4934a9fae7c1902ff639693bd,356929,4244dcc6dc3dcd1fad64ecea878a50e7dfd3cdb0,7,0.15384386479854584,Youre Sexy Im Sexy,Come and Get Your Love,Eric Nam,Real McCoy,2019,1995,rb,pop
63214,9ece3c419723dea4934a9fae7c1902ff639693bd,438784,0932b2fa8df8e526917cea3591cf2837d482d6ed,8,0.10152684897184372,Youre Sexy Im Sexy,Funky Dope Lovin,Eric Nam,Keith Sweat,2019,1996,rb,rb
63214,9ece3c419723dea4934a9fae7c1902ff639693bd,478502,ee47ea6adfe3a724df20753f9156c9478a6726e0,9,0.1429293155670166,Youre Sexy Im Sexy,Give Me Love,Eric Nam,Cerrone,2019,1977,rb,pop
63214,9ece3c419723dea4934a9fae7c1902ff639693bd,24498,797593c4b9c94760b23a9535f6480ef71c27dae7,10,0.15452979505062103,Youre Sexy Im Sexy,I Want It To Be You,Eric Nam,Tatiana Manaois,2019,2015,rb,pop
63214,9ece3c419723dea4934a9fae7c1902ff639693bd,259005,eeabebfbfd34dad6763243aca6c2637f01f77c01,11,0.13088683784008026,Youre Sexy Im Sexy,Lets Celebrate,Eric Nam,Skyy,2019,1981,rb,pop
63214,9ece3c419723dea4934a9fae7c1902ff639693bd,88825,b0611fb07cc4ec809be98757a72fe229a70f8fb4,12,0.1459052413702011,Youre Sexy Im Sexy,Love on the Brain Gigamesh Remix,Eric Nam,Rihanna,2019,2016,rb,pop
63214,9ece3c419723dea4934a9fae7c1902ff639693bd,50462,94599c32fd8da1567fe7a18a5da03ecc02a619ab,13,0.1377839893102646,Youre Sexy Im Sexy,OT,Eric Nam,Niykee Heaton,2019,2016,rb,pop
63214,9ece3c419723dea4934a9fae7c1902ff639693bd,154351,fed82af281f0ed8f1a7a927dbe80fee5b0233e8c,14,0.12399917095899582,Youre Sexy Im Sexy,All Nighter,Eric Nam,Franco,2019,2018,rb,rock
63214,9ece3c419723dea4934a9fae7c1902ff639693bd,37464,a2d65a670cbfd7f641283f2ced05b3d76294cfd9,15,0.10508579015731812,Youre Sexy Im Sexy,Time for Love,Eric Nam,Chris Brown,2019,2014,rb,rb
63214,9ece3c419723dea4934a9fae7c1902ff639693bd,358111,779aa59a314f859ded48178595cc2d8e1ada69cf,16,0.11827480792999268,Youre Sexy Im Sexy,Hard to Get,Eric Nam,Rick James,2019,1982,rb,rb
63214,9ece3c419723dea4934a9fae7c1902ff639693bd,283164,d9a24e162ce49d9c4b22d72d21f7dbf719cb5a9a,17,0.12965822219848633,Youre Sexy Im Sexy,Im In Love Again,Eric Nam,Fats Domino,2019,1956,rb,rb
63214,9ece3c419723dea4934a9fae7c1902ff639693bd,156247,eeef4c34ad465e9387109fe9574868702eec400e,18,0.0970369279384613,Youre Sexy Im Sexy,Inta Hayati,Eric Nam,Massari,2019,2006,rb,pop
63214,9ece3c419723dea4934a9fae7c1902ff639693bd,137769,889f50ea3ec97e16476364cf94345643b45c9ff2,19,0.13586674630641937,Youre Sexy Im Sexy,I Don’t Want to Do Anything,Eric Nam,Mary J. Blige,2019,1992,rb,rb
63214,9ece3c419723dea4934a9fae7c1902ff639693bd,441862,c25d3f42abce82fb4cc1bb2fcaeaa285555e8817,20,0.10358469933271408,Youre Sexy Im Sexy,​let me let you go,Eric Nam,John K,2019,2020,rb,pop
268052,05ded3f172ce4de7e520eebf5eec97aee3f56e47,5695,1d1202e7766b220ad1164aa5285564317855645d,1,0.20922355353832245,Ghost,Runaway,Johnny Stimson,Lil Peep,2017,2018,rb,rap
268052,05ded3f172ce4de7e520eebf5eec97aee3f56e47,79032,51edc0a46f7bd67841979d880c0cbb4e6b707565,2,0.12843382358551025,Ghost,Sahara,Johnny Stimson,DJ Snake,2017,2016,rb,pop
268052,05ded3f172ce4de7e520eebf5eec97aee3f56e47,272439,6091e74d94c8c60f288250738f045fc1f4732e94,3,0.12843382358551025,Ghost,Ghstbstrs,Johnny Stimson,Vargskelethor,2017,2018,rb,pop
268052,05ded3f172ce4de7e520eebf5eec97aee3f56e47,421593,37ffb5a74ed29b27a0e7c2422d1b179808e3e409,4,0.1772717386484146,Ghost,Dancing With Your Ghost,Johnny Stimson,CAZZETTE,2017,2015,rb,pop
268052,05ded3f172ce4de7e520eebf5eec97aee3f56e47,465039,d012b2c8d0f77a6d81e7f3f3ee1c9f3b8443a2a9,5,0.12843382358551025,Ghost,Ghost,Johnny Stimson,Denzel Curry,2017,2020,rb,rap
268052,05ded3f172ce4de7e520eebf5eec97aee3f56e47,194025,ea227eba0c9a0b705f7b75cc8ac76b561431b3bd,6,0.12843382358551025,Ghost,​will she come back,Johnny Stimson,girl in red,2017,2017,rb,pop
268052,05ded3f172ce4de7e520eebf5eec97aee3f56e47,511211,d787cdd8852e10af127279f901bab88411ac6836,7,0.12843382358551025,Ghost,​take your soul,Johnny Stimson,aura dies & ImDontai,2017,2022,rb,pop
268052,05ded3f172ce4de7e520eebf5eec97aee3f56e47,162821,22b73237fbb89481f6b72472431fb4465b93d2ce,8,0.12843382358551025,Ghost,Is There a Ghost,Johnny Stimson,Band of Horses,2017,2007,rb,rock
268052,05ded3f172ce4de7e520eebf5eec97aee3f56e47,122361,dcb412fbcd66fc39e9f2457eccba242c5222d5a0,9,0.19822832942008972,Ghost,Ghostboy,Johnny Stimson,Robotaki,2017,2016,rb,pop
268052,05ded3f172ce4de7e520eebf5eec97aee3f56e47,198798,50bf77edd0c0a9ef6491a2a32c88e2b597af14be,10,0.09008940309286118,Ghost,Play Poker Remix,Johnny Stimson,SEBii & Maple,2017,2020,rb,pop
268052,05ded3f172ce4de7e520eebf5eec97aee3f56e47,53148,b6c70a5936f6f29c4c1850dbbe6a1f30dbfd3d92,11,0.12843382358551025,Ghost,I Dreamt We Spoke Again,Johnny Stimson,Death Cab for Cutie,2017,2018,rb,rock
268052,05ded3f172ce4de7e520eebf5eec97aee3f56e47,478563,ed1fb269fceef355a305f4067e41b0a373700755,12,0.12843382358551025,Ghost,Downed City,Johnny Stimson,Fugazi,2017,1995,rb,rock
268052,05ded3f172ce4de7e520eebf5eec97aee3f56e47,104296,748d385656798a8b8f5ed65605bc1d65fb409691,13,0.12653373181819916,Ghost,Ghost Train,Johnny Stimson,Gorillaz,2017,2001,rb,pop
268052,05ded3f172ce4de7e520eebf5eec97aee3f56e47,510056,9d53b209ba163cfee7b39f76c793c2e69462e1d4,14,0.19155412912368774,Ghost,Ghost,Johnny Stimson,Surf,2017,2022,rb,rap
268052,05ded3f172ce4de7e520eebf5eec97aee3f56e47,107590,a8e9849742e4e1153ba01b0e6fff325d86480a70,15,0.12843382358551025,Ghost,Visiting Statue,Johnny Stimson,Grimes,2017,2012,rb,pop
268052,05ded3f172ce4de7e520eebf5eec97aee3f56e47,62763,66867fdda9e89ea6b38ef9768aa4bb266cd6ca86,16,0.12605416774749756,Ghost,Holy Ghost Power,Johnny Stimson,Chicago Mass Choir,2017,2001,rb,pop
268052,05ded3f172ce4de7e520eebf5eec97aee3f56e47,287636,97daa3b2db8bfaaf63ba69121d13c64c59082bb0,17,0.12843382358551025,Ghost,Ghost,Johnny Stimson,Devin Townsend Project,2017,2011,rb,rock
268052,05ded3f172ce4de7e520eebf5eec97aee3f56e47,62736,9489a0fb4f90799bd631a2fda4b72b113eae7265,18,0.14027293026447296,Ghost,Sleepless Nights,Johnny Stimson,ayokay,2017,2018,rb,pop
268052,05ded3f172ce4de7e520eebf5eec97aee3f56e47,80784,9c87888724e4d3099b900a87467bd6f6feb92f17,19,0.12843382358551025,Ghost,Walking With a Ghost,Johnny Stimson,Tegan and Sara,2017,2004,rb,rock
268052,05ded3f172ce4de7e520eebf5eec97aee3f56e47,461211,f4fc45140430f408d09cc6f343577b2cbb1830a3,20,0.12843382358551025,Ghost,CRAWLING DEMO,Johnny Stimson,Aries,2017,2019,rb,rock
143167,05c369b6ec2105bb75835063c459493f44c754f7,162289,2c6ef3a5ed899d0f08ce349c6082c33230dbfecf,1,0.16766652464866638,​come over,Come Go with Me,12AM,Teddy Pendergrass,2020,1979,rb,rb
143167,05c369b6ec2105bb75835063c459493f44c754f7,442784,ae732ba0b06b3cc4391b54eaf58117ff17060391,2,0.14461974799633026,​come over,Gone Gone Gone,12AM,The Everly Brothers,2020,1965,rb,rock
143167,05c369b6ec2105bb75835063c459493f44c754f7,418367,e3955b54141234bb0b8c7fe8b6650a6b4ca1cc72,3,0.06812315434217453,​come over,In the night-time,12AM,Michael Henderson,2020,1978,rb,pop
143167,05c369b6ec2105bb75835063c459493f44c754f7,420984,cd74b6265c3c0bfc95a4748579e32ef8072b09ba,4,0.062087781727313995,​come over,Nothings Too Good For My Baby,12AM,Louis Prima,2020,1956,rb,pop
143167,05c369b6ec2105bb75835063c459493f44c754f7,491711,0e1d5bcb09df2ec639fee52c1df657f15f151514,5,0.04362695291638374,​come over,Nekrofelia,12AM,Nekromantix,2020,1992,rb,pop
143167,05c369b6ec2105bb75835063c459493f44c754f7,38896,f47f827246ef2f3cf43ad4b17fb32a2b520b2913,6,0.05591219663619995,​come over,Flora My Flawa,12AM,Davido,2020,2018,rb,rb
143167,05c369b6ec2105bb75835063c459493f44c754f7,255613,9178898ce7bd80043e9da94c3dbd3f7373dc242c,7,0.14769336581230164,​come over,Come Over,12AM,Dagny,2020,2020,rb,pop
143167,05c369b6ec2105bb75835063c459493f44c754f7,419489,d24e93930d486067f9b754a1e22a6f6c687acebb,8,0.0,​come over,Rollin And Tumblin Acoustic Live,12AM,Eric Clapton,2020,1992,rb,rock
143167,05c369b6ec2105bb75835063c459493f44c754f7,19789,4da01852de6de96f6b43fa50364ccfa1be9a88fa,9,0.0,​come over,Death By Numbers,12AM,Childish Gambino,2020,2013,rb,rap
143167,05c369b6ec2105bb75835063c459493f44c754f7,264932,01d4c8f9afaeb2a90fb32cbf5816496f60e35295,10,0.011810406111180782,​come over,Please Warm My Weiner,12AM,Bo Carter,2020,1991,rb,country
143167,05c369b6ec2105bb75835063c459493f44c754f7,166461,acf7bc0de07ea3a2c44484d8538483f21d9347f8,11,0.041028693318367004,​come over,Vibes,12AM,DeJ Loaf,2020,2016,rb,rap
143167,05c369b6ec2105bb75835063c459493f44c754f7,108813,773367190d000fc522ee97cac7eb25b4245dd392,12,0.1383400559425354,​come over,Come Over,12AM,Rudimental,2020,2020,rb,pop
143167,05c369b6ec2105bb75835063c459493f44c754f7,152517,39171065601ba5dabf18dd6bc4ef4734be1d53ba,13,0.04771996662020683,​come over,Roll with It,12AM,Steve Winwood,2020,1988,rb,pop
143167,05c369b6ec2105bb75835063c459493f44c754f7,165201,5a0ba946de21edbe217f175fb36e484eeccd345d,14,0.05718449875712395,​come over,Stickshifts and Safetybelts,12AM,CAKE,2020,1996,rb,rock
143167,05c369b6ec2105bb75835063c459493f44c754f7,431284,81725b6a3390b8ae7462b68c953c4f1b9132311e,15,0.012013311497867107,​come over,Do You Think About Us?,12AM,Total,2020,1996,rb,rb
143167,05c369b6ec2105bb75835063c459493f44c754f7,96300,6870b3420b0722377f7018d1e63e2522316fff25,16,0.010822711512446404,​come over,Living in America,12AM,The Sounds,2020,2002,rb,rock
143167,05c369b6ec2105bb75835063c459493f44c754f7,235225,f46c93c2c608ca09fd7df9b763c34730ab6b88c7,17,0.05484131723642349,​come over,LA DONT LOOK GOOD ON U,12AM,ASTN,2020,2020,rb,pop
143167,05c369b6ec2105bb75835063c459493f44c754f7,262000,1d4f5462a00fb91dc9cfb20df3ae0014b81feba3,18,0.0430043525993824,​come over,My Baby Does Me,12AM,Queen,2020,1989,rb,rock
143167,05c369b6ec2105bb75835063c459493f44c754f7,220538,93281c3e3bd8a2f071d7b5b571d3a3b4f7464bb2,19,0.03350503742694855,​come over,Ive Never Felt So Good,12AM,Mura Masa,2020,2014,rb,pop
143167,05c369b6ec2105bb75835063c459493f44c754f7,148860,44b15128e7ae5975cd48913112e0470088214755,20,0.053623080253601074,​come over,On My Mind,12AM,3LAU,2020,2017,rb,pop
349222,dbeef1fbf63f4919398ff4c33ac63640bd399e12,472874,4007b5e841b0a8183fcf63ce65f46d98c92a9c2f,1,0.13678427040576935,A Flat,Suicide Notes,Staind,Three AM Fuxk,1999,2021,rock,rap
349222,dbeef1fbf63f4919398ff4c33ac63640bd399e12,214297,4f2766845111ec8458528a8c6df6cf824b448c52,2,0.007615757640451193,A Flat,When Im On,Staind,Toni Romiti,1999,2014,rock,rap
349222,dbeef1fbf63f4919398ff4c33ac63640bd399e12,268166,83ba18a41ff17902693ca1541552498a47da3df1,3,0.030368713662028313,A Flat,What Do You Want?,Staind,Gotye,1999,2003,rock,pop
349222,dbeef1fbf63f4919398ff4c33ac63640bd399e12,296614,23f3bfe8b76e3f2ac45641da5b8eb36745b20bda,4,0.04631737992167473,A Flat,Up Front,Staind,Wipers,1999,1980,rock,rock
349222,dbeef1fbf63f4919398ff4c33ac63640bd399e12,424732,ddb35303e9ee86434267c857565eb23bf84ba42d,5,0.020345306023955345,A Flat,Enchantment Passing Through Reprise,Staind,Elton John,1999,2000,rock,pop
349222,dbeef1fbf63f4919398ff4c33ac63640bd399e12,304823,4e708cd29c3a79658ed179aeb071c037667bde8c,6,0.01803295873105526,A Flat,The Future Has Been Cancelled,Staind,Dead Cross,1999,2017,rock,rock
349222,dbeef1fbf63f4919398ff4c33ac63640bd399e12,319187,c700c06c3d58fb969cbe502a7cc084cebda3207d,7,0.06542441248893738,A Flat,Juke On Jelly,Staind,Cory Wong,1999,2018,rock,rb
349222,dbeef1fbf63f4919398ff4c33ac63640bd399e12,325857,76b57b350d6b873f854129dd7af44ed89d946415,8,0.031851425766944885,A Flat,Trust Yourself,Staind,Bob Dylan,1999,1985,rock,rock
349222,dbeef1fbf63f4919398ff4c33ac63640bd399e12,359992,2a82e45a79ddde6614e4898abbda92b3d9e7159a,9,0.012785062193870544,A Flat,But I Like You,Staind,Say Sue Me,1999,2018,rock,pop
349222,dbeef1fbf63f4919398ff4c33ac63640bd399e12,429941,32a23211f923cd69c6ce6f2d479c4dafedc5687f,10,0.05182008817791939,A Flat,Tell Me,Staind,Cocoon,1999,2007,rock,pop
349222,dbeef1fbf63f4919398ff4c33ac63640bd399e12,338051,73b1fd00910c9748490809a777b218873769f858,11,0.020095309242606163,A Flat,Mass Text Booty Call,Staind,Kitty,1999,2017,rock,pop
349222,dbeef1fbf63f4919398ff4c33ac63640bd399e12,399787,de9cc49af726edf308155df56d5069f4ff348ea6,12,0.014354792423546314,A Flat,Tylenol / Not Involved,Staind,Lucki,1999,2021,rock,rap
349222,dbeef1fbf63f4919398ff4c33ac63640bd399e12,456248,7d3a3b02df73852e47b1593d557355d2ce653a08,13,0.06906758248806,A Flat,Dont Give Up,Staind,Yung Mal & Lil Quill,1999,2017,rock,rap
349222,dbeef1fbf63f4919398ff4c33ac63640bd399e12,374446,87383cf4776218ab808b45198cf5ce25a7a99d79,14,0.019586633890867233,A Flat,Leader,Staind,Kevin Abstract,1999,2016,rock,pop
349222,dbeef1fbf63f4919398ff4c33ac63640bd399e12,411691,68e5d5a5c0056dc1dca4de92988004854da32d74,15,0.0688803419470787,A Flat,Seagull,Staind,Aquilo,1999,2018,rock,misc
349222,dbeef1fbf63f4919398ff4c33ac63640bd399e12,107303,061d26e10a29373b8ebb0b4610fb0386ec0c655f,16,0.031714167445898056,A Flat,Work This Out,Staind,Litany,1999,2015,rock,pop
349222,dbeef1fbf63f4919398ff4c33ac63640bd399e12,33156,11549ce4e1536249fa560574915cb460fa9265f5,17,0.06540887802839279,A Flat,Cocaine,Staind,Pink Sweat$,1999,2018,rock,rb
349222,dbeef1fbf63f4919398ff4c33ac63640bd399e12,33554,4f2e9647d4efb901775158bdffeee912cb04b621,18,0.005771884229034185,A Flat,Im Not Famous,Staind,AJR,1999,2016,rock,pop
349222,dbeef1fbf63f4919398ff4c33ac63640bd399e12,487157,e80e7d92f07081fed81c4880a33e9e60cf5f57d1,19,0.09342602640390396,A Flat,Take Care,Staind,SASAMI,1999,2019,rock,rock
349222,dbeef1fbf63f4919398ff4c33ac63640bd399e12,405281,712fefd085bb015a0a0575920df19696bc46574c,20,0.016067007556557655,A Flat,A Song 4 Hate  Devotion,Staind,Ordo Rosarius Equilibrio,1999,2010,rock,pop
159319,cab71e599187b697d97ed4f3ac57767e54a9b921,188395,707d84f19507176b4cd6551310975b4e9da0eac5,1,0.9040260314941406,Dialogue I Want to Be Alone,I Want To Be Alone Dialogue,Jackson C. Frank,Jackson C. Frank,1965,2013,rock,pop
159319,cab71e599187b697d97ed4f3ac57767e54a9b921,364905,a256d9a1276c668e105455f2e1333cf5c9dc49d9,2,0.8771095275878906,Dialogue I Want to Be Alone,I Want To Be Alone,Jackson C. Frank,Chromatics,1965,2019,rock,pop
159319,cab71e599187b697d97ed4f3ac57767e54a9b921,388515,c9706d07101262e295baf287bdc059d9bfac5705,3,0.11907882988452911,Dialogue I Want to Be Alone,Radio,Jackson C. Frank,He Is We,1965,2017,rock,pop
159319,cab71e599187b697d97ed4f3ac57767e54a9b921,343606,7712d4980c15148fca3a0fd3dacd7edda79121c7,4,0.1280861645936966,Dialogue I Want to Be Alone,She Doesnt Mourn Her Loss,Jackson C. Frank,ANOHNI,1965,2017,rock,pop
159319,cab71e599187b697d97ed4f3ac57767e54a9b921,155155,57b7aaaf3dacc421c9dcaf9315c2a91e3effc764,5,0.18054042756557465,Dialogue I Want to Be Alone,The Lament,Jackson C. Frank,Tribulation,1965,2018,rock,rock
159319,cab71e599187b697d97ed4f3ac57767e54a9b921,18727,e5eae11e3b4cf577829cbc59f2217d5a67b72e36,6,0.1409461796283722,Dialogue I Want to Be Alone,How Long Will They Mourn Me?,Jackson C. Frank,Thug Life,1965,1994,rock,rap
159319,cab71e599187b697d97ed4f3ac57767e54a9b921,215146,7b2123a6c4e5b91ad89c7db0da258ee64daa75ce,7,0.1422298401594162,Dialogue I Want to Be Alone,Hazel Chandeliers,Jackson C. Frank,rum.gold,1965,2020,rock,rb
159319,cab71e599187b697d97ed4f3ac57767e54a9b921,253112,9ff3e00c8eed22da300df10038acc94ff0be1e33,8,0.06595955044031143,Dialogue I Want to Be Alone,Moby Dick,Jackson C. Frank,Gurr,1965,2016,rock,rock
159319,cab71e599187b697d97ed4f3ac57767e54a9b921,100845,d336e5c9ed5f956610dbe46c42e29eb33909981a,9,0.008996350690722466,Dialogue I Want to Be Alone,LITTLE BUSTERS,Jackson C. Frank,The Pillows,1965,1998,rock,rock
159319,cab71e599187b697d97ed4f3ac57767e54a9b921,26855,518ab3b6ce0759cd0e21af7a6f67e86b8f1cb2b5,10,0.10129731148481369,Dialogue I Want to Be Alone,The Song of Purple Summer,Jackson C. Frank,Duncan Sheik,1965,2006,rock,rock
159319,cab71e599187b697d97ed4f3ac57767e54a9b921,407139,b6988a8c6352b4b771d53ac1a49fae0820f99ea3,11,0.008996350690722466,Dialogue I Want to Be Alone,Action Time Vision,Jackson C. Frank,Alternative TV,1965,1978,rock,rock
159319,cab71e599187b697d97ed4f3ac57767e54a9b921,209914,89ae3b368801f50bb2061167352e7e82a75834f7,12,0.008996350690722466,Dialogue I Want to Be Alone,Check Meowt,Jackson C. Frank,Parry Gripp,1965,2015,rock,pop
159319,cab71e599187b697d97ed4f3ac57767e54a9b921,405412,ba5de7b6094d6c7cbd07f275875add74c877b66c,13,0.13400940597057343,Dialogue I Want to Be Alone,Goin Down Jordan,Jackson C. Frank,Harry Belafonte,1965,1961,rock,pop
159319,cab71e599187b697d97ed4f3ac57767e54a9b921,453480,c5380ed62587b3cfe17539d7586e3d563fb764c5,14,0.04767129197716713,Dialogue I Want to Be Alone,Only Because of You,Jackson C. Frank,Roger Hodgson,1965,1984,rock,pop
159319,cab71e599187b697d97ed4f3ac57767e54a9b921,198339,ee1eb09a030afa810ad035a63695e781ada402b6,15,0.008996350690722466,Dialogue I Want to Be Alone,The Best Book to Read,Jackson C. Frank,Colin Buchanan,1965,1998,rock,pop
159319,cab71e599187b697d97ed4f3ac57767e54a9b921,420562,97a325ef51f7c1f315b92eb1f99bae0f362fa0b0,16,0.13456504046916962,Dialogue I Want to Be Alone,The Death of Rock N Roll,Jackson C. Frank,Miracle of Sound,1965,2018,rock,rock
159319,cab71e599187b697d97ed4f3ac57767e54a9b921,248751,5738b275b03249c8aece8bc7da83d4fdbfb761cc,17,0.042334847152233124,Dialogue I Want to Be Alone,Mary,Jackson C. Frank,Take 6,1965,1988,rock,pop
159319,cab71e599187b697d97ed4f3ac57767e54a9b921,114507,b7b446795a6ec4ea22de24896eac3cc085821957,18,0.12557123601436615,Dialogue I Want to Be Alone,Aeronaut,Jackson C. Frank,Billy Corgan,1965,2017,rock,rock
159319,cab71e599187b697d97ed4f3ac57767e54a9b921,213762,072e915be2eff0d99eb825c7dc2ca2a9aca0a007,19,0.06849448382854462,Dialogue I Want to Be Alone,Broken Lungs,Jackson C. Frank,Thrice,1965,2008,rock,rock
159319,cab71e599187b697d97ed4f3ac57767e54a9b921,214256,151b94304875670685e5163cbfaf09cea26870e8,20,0.12762023508548737,Dialogue I Want to Be Alone,Disappear,Jackson C. Frank,Off With Their Heads,1965,2019,rock,rock
7904,6c1150be75bb1df12453c1f91aa7a2b9a66d9d82,285298,38ed942dcf558b89aa81e0b0f8c6c7b2fa5a4548,1,0.18045951426029205,Hallelujah,Broken Hallelujah,Panic! at the Disco,The Afters,2015,2013,rock,pop
7904,6c1150be75bb1df12453c1f91aa7a2b9a66d9d82,434317,d997af298c66c746a21f090f472e68c88aeb87d9,2,0.1772235482931137,Hallelujah,Route 66,Panic! at the Disco,The Cheetah Girls,2015,2006,rock,pop
7904,6c1150be75bb1df12453c1f91aa7a2b9a66d9d82,308710,9cdb1bfe21b121a6b0abcfbdd2376ffeb469752e,3,0.17848877608776093,Hallelujah,SHIN BRUISE,Panic! at the Disco,Petite League,2015,2017,rock,rock
7904,6c1150be75bb1df12453c1f91aa7a2b9a66d9d82,459463,a7ae9ce90a8c7a4f10e72fed72891dee4f60f666,4,0.11499756574630737,Hallelujah,When the Night Comes,Panic! at the Disco,Electric Light Orchestra,2015,2015,rock,pop
7904,6c1150be75bb1df12453c1f91aa7a2b9a66d9d82,60352,8165fbf0fe135d4c51954de9d60fd2633f444e77,5,0.15222083032131195,Hallelujah,Da Butt,Panic! at the Disco,E.U.,2015,1988,rock,rb
7904,6c1150be75bb1df12453c1f91aa7a2b9a66d9d82,336481,213a38e39a2129cc74bbbd03cf3f6df4d7296b58,6,0.12248251587152481,Hallelujah,Pretty Blue Eyes,Panic! at the Disco,Steve Lawrence,2015,1959,rock,pop
7904,6c1150be75bb1df12453c1f91aa7a2b9a66d9d82,416277,362181042572a3a5d48166df2a915b16d0ced882,7,0.11779677867889404,Hallelujah,Oh Well,Panic! at the Disco,Peter Green,2015,2015,rock,rock
7904,6c1150be75bb1df12453c1f91aa7a2b9a66d9d82,456444,39fcc8b6ddb668fd214233c7b0614cfbee641e61,8,0.019904816523194313,Hallelujah,Once Upon A Time There Was A Pretty Fly,Panic! at the Disco,Davis Grubb,2015,1955,rock,pop
7904,6c1150be75bb1df12453c1f91aa7a2b9a66d9d82,315636,2b57393d0c37de21f71836e488c7aeedf9478185,9,0.10838490724563599,Hallelujah,8/28/1997,Panic! at the Disco,Tori Kelly,2015,2019,rock,pop
7904,6c1150be75bb1df12453c1f91aa7a2b9a66d9d82,255966,a3c12ad88fced1e04142677d64961758517fd164,10,0.023525794968008995,Hallelujah,The Woman in Red,Panic! at the Disco,Stevie Wonder,2015,1984,rock,rb
7904,6c1150be75bb1df12453c1f91aa7a2b9a66d9d82,248235,510860ff2dbd73ee643c4560dedfa117db30d5ee,11,0.07618402689695358,Hallelujah,Ode to Odetta,Panic! at the Disco,Courtney Barnett,2015,2012,rock,rock
7904,6c1150be75bb1df12453c1f91aa7a2b9a66d9d82,302163,fd29279f1cf62447190cda471d71b68d9c1423c3,12,0.11499756574630737,Hallelujah,DKWYWFM Demo,Panic! at the Disco,Deb Never,2015,2019,rock,pop
7904,6c1150be75bb1df12453c1f91aa7a2b9a66d9d82,496820,98aad99e9a378825c02ea75a3cca7c0a3a855aca,13,0.019904816523194313,Hallelujah,Blow The Man Down,Panic! at the Disco,The Irish Rovers,2015,1986,rock,pop
7904,6c1150be75bb1df12453c1f91aa7a2b9a66d9d82,326571,5eae0e90e64a948981a634411a79c9d783c54949,14,0.02649088203907013,Hallelujah,Prettyboy,Panic! at the Disco,Sam Vance-Law,2015,2018,rock,pop
7904,6c1150be75bb1df12453c1f91aa7a2b9a66d9d82,396640,1209f8e67e9b34861ee28cfccc13551d529132f4,15,0.005601185839623213,Hallelujah,Avalon Blues,Panic! at the Disco,Mississippi John Hurt,2015,1963,rock,pop
7904,6c1150be75bb1df12453c1f91aa7a2b9a66d9d82,462857,56325fbb3fa4f7f270f73dd48eeb26ee8b62091f,16,0.05152413249015808,Hallelujah,Ob-La-Di Ob-La-Da,Panic! at the Disco,Paul McCartney,2015,2018,rock,rock
7904,6c1150be75bb1df12453c1f91aa7a2b9a66d9d82,285008,39f1e9871a9702a677a3576c57cb64128f7b81bc,17,0.020112713798880577,Hallelujah,Pretty Lil Foot / Trouble in Mind,Panic! at the Disco,Rising Appalachia,2015,2012,rock,pop
7904,6c1150be75bb1df12453c1f91aa7a2b9a66d9d82,193596,4a17ef653180c451ac6bfd6da265881d7b0705e0,18,0.15807771682739258,Hallelujah,God Whispered Your Name,Panic! at the Disco,Keith Urban,2015,2020,rock,country
7904,6c1150be75bb1df12453c1f91aa7a2b9a66d9d82,72516,034db1e850cb8c79c9b8b4c06f44c437f4ccac6a,19,0.03863529488444328,Hallelujah,The Masters Calling,Panic! at the Disco,Thad Cockrell,2015,2009,rock,pop
7904,6c1150be75bb1df12453c1f91aa7a2b9a66d9d82,134657,a3448a0dd5002bbb4271c8c4387c6dd704da8594,20,0.05235980078577995,Hallelujah,Born Again,Panic! at the Disco,Marilyn Manson,2015,2000,rock,rock
115668,c8119e4573230d40d040800b925161373842e714,245760,850bbb9e8668cdf4a9b4fd7cead16a6b899922ca,1,0.9958287477493286,Death Is Not the End,Death Is Not the End,Nick Cave & The Bad Seeds,Bob Dylan,1996,1988,rock,rock
115668,c8119e4573230d40d040800b925161373842e714,193361,7de46617e996899a6a54fb184189ad7e6d337d76,2,0.022955825552344322,Death Is Not the End,STAPLE TAPE WORMS ON MY PENIS,Nick Cave & The Bad Seeds,Passenger of Shit,1996,2006,rock,misc
115668,c8119e4573230d40d040800b925161373842e714,258454,e632c021baffaaf1bdb1d3826bb0688f8bc3e721,3,0.1197623610496521,Death Is Not the End,All Alone,Nick Cave & The Bad Seeds,Nick 13,1996,2011,rock,country
115668,c8119e4573230d40d040800b925161373842e714,474207,d7cbbb4d463d4d51ad72f70b6e9c98505efe1549,4,0.07098811119794846,Death Is Not the End,Were the Same Sisi Ni Sawa Scars Version,Nick Cave & The Bad Seeds,Cast of The Lion Guard,1996,2019,rock,pop
115668,c8119e4573230d40d040800b925161373842e714,410171,b8f86d0368b864f0e926693e5e28dd2d76c00b81,5,0.014750661328434944,Death Is Not the End,Uncloudy Day,Nick Cave & The Bad Seeds,The Staple Singers,1996,1966,rock,pop
115668,c8119e4573230d40d040800b925161373842e714,475800,1ecdf3ca1b47440b940e0574b2a2240a13416d61,6,0.06520869582891464,Death Is Not the End,Tennessee Flat-Top Box,Nick Cave & The Bad Seeds,Rosanne Cash,1996,1987,rock,country
115668,c8119e4573230d40d040800b925161373842e714,171032,c7da7fc0c45de9a21cc2adb1d8e6f53eb83a6b15,7,0.03134563937783241,Death Is Not the End,Envy,Nick Cave & The Bad Seeds,Karlaaa,1996,2020,rock,rap
115668,c8119e4573230d40d040800b925161373842e714,504488,bcc6245e43d9a50d76176f76fecf2fdbafeb4ba3,8,0.13001412153244019,Death Is Not the End,Into the Night,Nick Cave & The Bad Seeds,Cult of Luna,1996,2022,rock,rock
115668,c8119e4573230d40d040800b925161373842e714,386497,1a998d0b3bd1739c03e1d421d9b1d80e0e188463,9,0.2043677717447281,Death Is Not the End,Death Is Certain Life Is Not,Nick Cave & The Bad Seeds,Dark Angel,1996,1986,rock,rock
115668,c8119e4573230d40d040800b925161373842e714,411073,45d8fbbd66d4a04e38a8320ae7743ab02c1af1cc,10,0.01535071898251772,Death Is Not the End,Baby Doll,Nick Cave & The Bad Seeds,Arca,1996,2016,rock,pop
115668,c8119e4573230d40d040800b925161373842e714,481030,26e098beea8960aadad279155515a6b715824e77,11,0.18816520273685455,Death Is Not the End,The End Complete,Nick Cave & The Bad Seeds,Obituary,1996,1992,rock,rock
115668,c8119e4573230d40d040800b925161373842e714,464000,65353c08b4ddd60a7253ddbd8b55edb8205bc6c7,12,0.04448568448424339,Death Is Not the End,Nothing New,Nick Cave & The Bad Seeds,Dropgun,1996,2017,rock,pop
115668,c8119e4573230d40d040800b925161373842e714,414451,b17add041f84ca5b92fcfe29a16f3d6077fd7a5d,13,0.06179628521203995,Death Is Not the End,Nevermind Never Mine,Nick Cave & The Bad Seeds,Cannons,1996,2018,rock,pop
115668,c8119e4573230d40d040800b925161373842e714,211559,e1ee81b33b62724a6389bdc6421ede4cb9730192,14,0.010921432636678219,Death Is Not the End,Chameleon World,Nick Cave & The Bad Seeds,Jerry Paper,1996,2014,rock,pop
115668,c8119e4573230d40d040800b925161373842e714,73891,19ee1ed8f67630ed58f38b3e62a91b70f5fc7243,15,0.10411448776721954,Death Is Not the End,Frail Limb Nursery,Nick Cave & The Bad Seeds,Slipknot,1996,1999,rock,rock
115668,c8119e4573230d40d040800b925161373842e714,135938,b30efe14bec52f59db69b3b86b1787fb760bdc26,16,0.005941811017692089,Death Is Not the End,​avalanches,Nick Cave & The Bad Seeds,Jordaan Mason & the Horse Museum,1996,2009,rock,rock
115668,c8119e4573230d40d040800b925161373842e714,228323,3a979808cf73840254fd56425f48836c6dce4ab3,17,0.022955825552344322,Death Is Not the End,Clay Man,Nick Cave & The Bad Seeds,Swans,1996,1984,rock,rock
115668,c8119e4573230d40d040800b925161373842e714,389296,ac8c228577691bfda86042d64808ddc043476b16,18,0.03961021825671196,Death Is Not the End,Ive Got My Love To Keep Me Warm,Nick Cave & The Bad Seeds,Dean Martin,1996,1959,rock,pop
115668,c8119e4573230d40d040800b925161373842e714,487066,c564b966edcd77a319c00737dfe455b50e4ff06c,19,0.07711134105920792,Death Is Not the End,All Is White,Nick Cave & The Bad Seeds,milie Simon,1996,2005,rock,pop
115668,c8119e4573230d40d040800b925161373842e714,225264,ea7466bccfab4c52490a8aa093fd097309098b2f,20,0.044618699699640274,Death Is Not the End,Then Came the Morning,Nick Cave & The Bad Seeds,Guy Penrod,1996,2015,rock,pop
135316,a71760debb40daa8b9c86fe1ab9aee1087bdb59c,423979,4b9ab23ed96cc3c8ab33669dca2f530eca0ee382,1,0.28265324234962463,Pilgrimage,Better Luck Next Life,R.E.M.,Unlike Pluto,1983,2021,rock,rock
135316,a71760debb40daa8b9c86fe1ab9aee1087bdb59c,246263,589ded177ab03f65f8fa36faa577b1e05abc7c69,2,0.26911666989326477,Pilgrimage,Wanderlust,R.E.M.,AlunaGeorge,1983,2016,rock,pop
135316,a71760debb40daa8b9c86fe1ab9aee1087bdb59c,135234,6c4f5a6cf46c520f3ab1c4ce3629aca03d0ad8be,3,0.20723991096019745,Pilgrimage,Teddy Bruckshot 2,R.E.M.,Loski,1983,2020,rock,rap
135316,a71760debb40daa8b9c86fe1ab9aee1087bdb59c,261250,728916a8dd5b45fb8f9b10bf4adda68fee48ea10,4,0.2624511420726776,Pilgrimage,It Must Be Luck,R.E.M.,Sons Of The East,1983,2019,rock,pop
135316,a71760debb40daa8b9c86fe1ab9aee1087bdb59c,330776,09c45e548d4806f2f43d4dea3ff3e6f2c167bb0a,5,0.10720369964838028,Pilgrimage,A Little Luck and a Couple of Dogs,R.E.M.,AWOLNATION,1983,2018,rock,rock
135316,a71760debb40daa8b9c86fe1ab9aee1087bdb59c,217343,b5ed9f14a007f10d3dde141518fa59506e28ca10,6,0.16937285661697388,Pilgrimage,Serpent Is Lord,R.E.M.,Alex G,1983,2014,rock,rock
135316,a71760debb40daa8b9c86fe1ab9aee1087bdb59c,467813,c20b72c08bf329a40e2629ed82add58e7b88d900,7,0.19988541305065155,Pilgrimage,By Your Side,R.E.M.,The Black Crowes,1983,1999,rock,rock
135316,a71760debb40daa8b9c86fe1ab9aee1087bdb59c,277042,ce7dbb45ac25ff3643fbf4a0f67226ff33c732f0,8,0.09684963524341583,Pilgrimage,Try Your Luck,R.E.M.,Confidence Man,1983,2018,rock,pop
135316,a71760debb40daa8b9c86fe1ab9aee1087bdb59c,262826,b5d3828703508395695715c97b80fac1e89adf67,9,0.12179373949766159,Pilgrimage,My Eyes Adored You,R.E.M.,Jersey Boys,1983,2015,rock,pop
135316,a71760debb40daa8b9c86fe1ab9aee1087bdb59c,132645,8e3e8222f4512fd62cf50e0dc2cc0ef39c929d71,10,0.12211165577173233,Pilgrimage,Fortune,R.E.M.,Krewella,1983,2017,rock,pop
135316,a71760debb40daa8b9c86fe1ab9aee1087bdb59c,17566,d3f61d6a99558613b5ff5cf2f9166ca1eebede2c,11,0.06543474644422531,Pilgrimage,School,R.E.M.,Nirvana,1983,1989,rock,rock
135316,a71760debb40daa8b9c86fe1ab9aee1087bdb59c,461843,dc9194fbff195dd045a2cf5e6647d8c0ca8ea533,12,0.07676487416028976,Pilgrimage,​wys,R.E.M.,maxime. (alt-pop),1983,2019,rock,pop
135316,a71760debb40daa8b9c86fe1ab9aee1087bdb59c,52500,28b777ef3cbc93f6c8689388ccd86223819d083d,13,0.09184322506189346,Pilgrimage,Beginners Luck,R.E.M.,King Gizzard & The Lizard Wizard,1983,2017,rock,rock
135316,a71760debb40daa8b9c86fe1ab9aee1087bdb59c,345355,e0a49b8c9e49b9edecdef68211383480237d70a9,14,0.16937285661697388,Pilgrimage,Hold Out,R.E.M.,Washed Out,1983,2009,rock,rock
135316,a71760debb40daa8b9c86fe1ab9aee1087bdb59c,374271,4499fa869c8e18287da57621194b7cc3b7ea00db,15,0.16448746621608734,Pilgrimage,Bismillah,R.E.M.,Basboi,1983,2021,rock,rap
135316,a71760debb40daa8b9c86fe1ab9aee1087bdb59c,163612,b8c28c9a67ec04cd956cc9f7daa671f54094ed64,16,0.10176845639944077,Pilgrimage,With a Little Luck,R.E.M.,Paul McCartney & Wings,1983,1978,rock,pop
135316,a71760debb40daa8b9c86fe1ab9aee1087bdb59c,215833,ec4599646cea84c267a80ab4e9c22d87f84015b9,17,0.10392110794782639,Pilgrimage,Lady Luck,R.E.M.,Jamie Woon,1983,2011,rock,pop
135316,a71760debb40daa8b9c86fe1ab9aee1087bdb59c,249325,6cc14d1fe396533f08dc1b3b3e02621393009fcf,18,0.05407429859042168,Pilgrimage,Messages,R.E.M.,Krept & Konan,1983,2015,rock,rap
135316,a71760debb40daa8b9c86fe1ab9aee1087bdb59c,509156,c89bdc38307ea8968e704871523a81958f56c357,19,0.10443872213363647,Pilgrimage,Fortune Favors the Bold,R.E.M.,NerdOut,1983,2022,rock,pop
135316,a71760debb40daa8b9c86fe1ab9aee1087bdb59c,378260,2676d4f37b4e2abab1999cb8236e7afc0f63e2f3,20,0.04809132218360901,Pilgrimage,Kimberly Austin,R.E.M.,Porno for Pyros,1983,1996,rock,rock
85325,50d1efae9bbd8d5b269f395433b7590ef650c8ff,128683,0e10c035ef41a68b9f56a5b38afe044725ef60fd,1,0.10819084942340851,Slipknot,Lean,Slipknot,RY X,1996,2016,rock,pop
85325,50d1efae9bbd8d5b269f395433b7590ef650c8ff,127196,84329dc34190a61b28f5497ae38d3ed4912b3ac8,2,0.10819084942340851,Slipknot,GRLwood,Slipknot,GRLwood,1996,2019,rock,rock
85325,50d1efae9bbd8d5b269f395433b7590ef650c8ff,165743,094b6dcb16d1ecc2f9c2964a1f0a3a8fbd753163,3,0.10819084942340851,Slipknot,Everybody Hates Me,Slipknot,Lil Peep,1996,2020,rock,rap
85325,50d1efae9bbd8d5b269f395433b7590ef650c8ff,344879,69dc7cc6bdcfb60a1cd8b966b313afba140d0cf2,4,0.10819084942340851,Slipknot,I,Slipknot,Andrew Bird,1996,2003,rock,rock
85325,50d1efae9bbd8d5b269f395433b7590ef650c8ff,125445,190020b4574cc08286e33a2d02a8b0763113e7ad,5,0.10819084942340851,Slipknot,Cafe DAthens,Slipknot,Foals,1996,2019,rock,rock
85325,50d1efae9bbd8d5b269f395433b7590ef650c8ff,351769,617d6928f11c548f036a7054bde435d2669b9f48,6,0.10819084942340851,Slipknot,Pieces,Slipknot,Cherry Glazerr,1996,2019,rock,rock
85325,50d1efae9bbd8d5b269f395433b7590ef650c8ff,478425,0cc9b9ebe4b69a840de8411f24a1683f98ce5df9,7,0.03358723223209381,Slipknot,Was it Reality,Slipknot,Adventure Time,1996,2015,rock,pop
85325,50d1efae9bbd8d5b269f395433b7590ef650c8ff,466819,18fb022f21d5dd7c81d172a2d9c395fd3d8fc962,8,0.04233671724796295,Slipknot,Pedros Basura Mix,Slipknot,Parokya Ni Edgar,1996,2005,rock,pop
85325,50d1efae9bbd8d5b269f395433b7590ef650c8ff,57844,2e8c99c8233901cae62a58c91fc7106098d31ffc,9,0.10819084942340851,Slipknot,The Background World,Slipknot,Nine Inch Nails,1996,2017,rock,rock
85325,50d1efae9bbd8d5b269f395433b7590ef650c8ff,251718,3a29a91ae3acb2d66a9043266e446017faee5edf,10,0.032392483204603195,Slipknot,The Garbage Truck Song,Slipknot,Blippi,1996,2016,rock,rap
85325,50d1efae9bbd8d5b269f395433b7590ef650c8ff,200194,dfbb8c709a84a27a58fa549f9103e2f00843ed19,11,0.08147143572568893,Slipknot,Hear Me,Slipknot,Devin Townsend,1996,2019,rock,rock
85325,50d1efae9bbd8d5b269f395433b7590ef650c8ff,352082,7cfc7fa1ec1e6a465a497da59470f343f7382203,12,0.08505665510892868,Slipknot,WIPE IT OFF,Slipknot,ionnalee,1996,2019,rock,pop
85325,50d1efae9bbd8d5b269f395433b7590ef650c8ff,110068,6f8221bfc388fb840582e11b4a3a88df081f663a,13,0.10819084942340851,Slipknot,Cant Wait,Slipknot,Jim Yosef,1996,2016,rock,pop
85325,50d1efae9bbd8d5b269f395433b7590ef650c8ff,179070,73141b0cd73de2fe6df242c4b10addd57586b928,14,0.09235852211713791,Slipknot,Get Home,Slipknot,Angus & Julia Stone,1996,2014,rock,rock
85325,50d1efae9bbd8d5b269f395433b7590ef650c8ff,161102,0c02eae6d29d987cdeca706f284aa0a33571a364,15,0.06604491174221039,Slipknot,What Part of Me,Slipknot,Low,1996,2015,rock,rock
85325,50d1efae9bbd8d5b269f395433b7590ef650c8ff,62897,598a7815355cb441bea51919d4fe6a910b879f18,16,0.02131887711584568,Slipknot,Do the Salamander,Slipknot,Pink Guy,1996,2013,rock,rap
85325,50d1efae9bbd8d5b269f395433b7590ef650c8ff,162185,0da0404eeff7a7bfa0f4a8c0853e76f4b9c12c30,17,0.08365827053785324,Slipknot,Edens House,Slipknot,Milky Chance,1996,2019,rock,pop
85325,50d1efae9bbd8d5b269f395433b7590ef650c8ff,181566,f763f20e823574360f9f92a5b8473f7350fa6d9d,18,0.08296710252761841,Slipknot,Dead Girl Walking,Slipknot,Terror Jr,1996,2017,rock,pop
85325,50d1efae9bbd8d5b269f395433b7590ef650c8ff,362168,0e135f5e8074af85313e7cf3e92ab8e150c71108,19,0.0555807463824749,Slipknot,Drag You Down,Slipknot,Finger Eleven,1996,2000,rock,rock
85325,50d1efae9bbd8d5b269f395433b7590ef650c8ff,4034,0b2a941c58bd66f14c38a6294971d926333a969d,20,0.10791905224323273,Slipknot,Until I Bleed Out,Slipknot,The Weeknd,1996,2020,rock,rb
326964,7037ad3f149c521bc77d0138b01315f31b612e1a,145762,676920355a80ce4906861d114e5dfd951ab11d89,1,0.9486995935440063,Girls Just Want To Have Fun,Girls Just Wanna Have Fun,STRFKR,Miley Cyrus,2009,2008,rock,pop
326964,7037ad3f149c521bc77d0138b01315f31b612e1a,297008,98a7953f2f44c60304a8e3f99cefdbae6680af42,2,0.9067503213882446,Girls Just Want To Have Fun,Girls Just Wanna Have Some,STRFKR,Chromatics,2009,2015,rock,pop
326964,7037ad3f149c521bc77d0138b01315f31b612e1a,209772,a261de19890c35df3b5b6a49af370c7480b3c9b9,3,0.9067500829696655,Girls Just Want To Have Fun,Girls Just Wanna Have Fun,STRFKR,Chromatics,2009,2015,rock,pop
326964,7037ad3f149c521bc77d0138b01315f31b612e1a,8402,c5d001ae9f18635811d6b2ad593020774b2038d0,4,0.8831939697265625,Girls Just Want To Have Fun,Girls Just Want to Have Fun,STRFKR,Cyndi Lauper,2009,1983,rock,pop
326964,7037ad3f149c521bc77d0138b01315f31b612e1a,117637,d9b46eb02a304ffb9f10294df795118598c0c159,5,0.8741804957389832,Girls Just Want To Have Fun,Girls Just Wanna Have Fun,STRFKR,"Charlotte Lawrence, Nina Nesbitt & Sasha Alex Sloan",2009,2018,rock,pop
326964,7037ad3f149c521bc77d0138b01315f31b612e1a,66922,61c420a2617cd01a05f75f3d6c8754d574224071,6,0.8083040714263916,Girls Just Want To Have Fun,Girls Just Want to Have Fun,STRFKR,Robert Hazard,2009,2016,rock,rock
326964,7037ad3f149c521bc77d0138b01315f31b612e1a,421118,6c425709f41383fec1a92cf71a7171c7798e6493,7,0.7818315029144287,Girls Just Want To Have Fun,Girls Just Wanna Have Fun,STRFKR,Big Daddy,2009,1985,rock,pop
326964,7037ad3f149c521bc77d0138b01315f31b612e1a,477043,2a8f88c5a68871a07c8e92e2a40db50b09f26773,8,0.6977314949035645,Girls Just Want To Have Fun,Hey Now Girls Just Want to Have Fun,STRFKR,Cyndi Lauper,2009,1994,rock,pop
326964,7037ad3f149c521bc77d0138b01315f31b612e1a,238993,17658e0730de933d3dca111ada24cc041090e3af,9,0.6781561970710754,Girls Just Want To Have Fun,Girls Just Want to Have Fun,STRFKR,Glee Cast,2009,2011,rock,pop
326964,7037ad3f149c521bc77d0138b01315f31b612e1a,466125,c1b480686c6f3495b19206a613173e8c5101ae55,10,0.3268665671348572,Girls Just Want To Have Fun,A Knife And A Fork,STRFKR,Information Society,2009,1990,rock,pop
326964,7037ad3f149c521bc77d0138b01315f31b612e1a,452373,68e7809a3833ad4ded2b5ef507f12a38d07dcfc3,11,0.3268665671348572,Girls Just Want To Have Fun,Questions with the Captain,STRFKR,The Killers,2009,2007,rock,pop
326964,7037ad3f149c521bc77d0138b01315f31b612e1a,435812,523ceace8c0f7988ff7d6f4410fc2ba3e3cef025,12,0.3268665671348572,Girls Just Want To Have Fun,Red,STRFKR,Laid Blak,2009,2015,rock,pop
326964,7037ad3f149c521bc77d0138b01315f31b612e1a,230514,bb08e282ca8a834e3f0b30d26ebb103049bb4b85,13,0.3268665671348572,Girls Just Want To Have Fun,Weightless,STRFKR,Coals,2009,2014,rock,pop
326964,7037ad3f149c521bc77d0138b01315f31b612e1a,414352,84362a02e807be1e11e8265f31a426e6c0c32e1e,14,0.3268665671348572,Girls Just Want To Have Fun,No New Wave No Fun,STRFKR,mclusky,2009,2002,rock,rock
326964,7037ad3f149c521bc77d0138b01315f31b612e1a,414983,2861d5f3c7780620d04831a59f7d10a3e97710d8,15,0.3268665671348572,Girls Just Want To Have Fun,Acid For Nothing,STRFKR,1200 Micrograms,2009,2003,rock,pop
326964,7037ad3f149c521bc77d0138b01315f31b612e1a,284860,02c10582fcb1de49f0d942b0fafd54fe7676dcd4,16,0.3268665671348572,Girls Just Want To Have Fun,Champions in Brawl Stars,STRFKR,Brawl Bro,2009,2020,rock,pop
326964,7037ad3f149c521bc77d0138b01315f31b612e1a,104041,d0066160232fd7b2dc15e30099f977015422a90b,17,0.3268665671348572,Girls Just Want To Have Fun,Big Cook Little Cook Theme,STRFKR,Big Cook Ben & Little Cook Small,2009,2004,rock,pop
326964,7037ad3f149c521bc77d0138b01315f31b612e1a,203229,6cb56a6cfc2dc175d786dba9bda7e0283f77e916,18,0.3268665671348572,Girls Just Want To Have Fun,All in My Head,STRFKR,Kill The Noise,2009,2015,rock,pop
326964,7037ad3f149c521bc77d0138b01315f31b612e1a,316994,775692abd6fe49df79dab7f2af505bc48e85b7ea,19,0.3268665671348572,Girls Just Want To Have Fun,Pushin Too Hard,STRFKR,The Seeds,2009,1965,rock,rock
326964,7037ad3f149c521bc77d0138b01315f31b612e1a,196237,0222e95527fed2b4a87cb2d0c0f87e0aee61b165,20,0.3268665671348572,Girls Just Want To Have Fun,Too Long,STRFKR,HONNE,2009,2015,rock,pop
424936,adade2da1d9fcf383d010d65c527e3359f0b06b6,513972,c20433a1da2b3432adb1b98a95f1eeeaadf95aa8,1,0.141418918967247,Castaway,Long Road To Nowhere,Blues Traveler,The Lagoons,2015,2022,rock,pop
424936,adade2da1d9fcf383d010d65c527e3359f0b06b6,498848,70ca4e011e47361a94ac8afa5a075ef02973e446,2,0.04871692508459091,Castaway,The Searchers,Blues Traveler,Felix Cartal,2015,2018,rock,pop
424936,adade2da1d9fcf383d010d65c527e3359f0b06b6,149990,2d3722e98a6f5550cbdd93aea191f270e92d1772,3,0.06578552722930908,Castaway,All the Girls Skit,Blues Traveler,Tory Lanez,2015,2016,rock,rap
424936,adade2da1d9fcf383d010d65c527e3359f0b06b6,17144,a15dd0e5a3708f262c1e4b34bb9c8019bb885fba,4,0.0789816826581955,Castaway,Woh Chali Woh Chali,Blues Traveler,Bombay Vikings,2015,2000,rock,pop
424936,adade2da1d9fcf383d010d65c527e3359f0b06b6,147888,8e3a23f64a049a8f2d25ba875b06e75e2d4dbed1,5,0.10491728782653809,Castaway,Meteor Shower,Blues Traveler,Owl City,2015,2009,rock,pop
424936,adade2da1d9fcf383d010d65c527e3359f0b06b6,86953,a9526030e68309108f110e86bc5b837d0bf65a4e,6,0.10768719762563705,Castaway,Numb,Blues Traveler,Sabrina Claudio,2015,2018,rock,rb
424936,adade2da1d9fcf383d010d65c527e3359f0b06b6,370970,60b5aee95ccb2e36bff39d4790f0514060fd6957,7,0.10491728782653809,Castaway,You  I - ORIGINAL MIX,Blues Traveler,Sons Of Maria,2015,2014,rock,pop
424936,adade2da1d9fcf383d010d65c527e3359f0b06b6,460809,514d16841374f60012e0b76563188ada2e197934,8,0.07218402624130249,Castaway,Flowers,Blues Traveler,Seneca B,2015,2015,rock,rb
424936,adade2da1d9fcf383d010d65c527e3359f0b06b6,13780,3f48a8844c9add77a4175f99afc578debb0127fb,9,0.10461216419935226,Castaway,​past lives,Blues Traveler,sapientdream,2015,2018,rock,pop
424936,adade2da1d9fcf383d010d65c527e3359f0b06b6,248093,b56916791b49db15734d241b45102624884183cc,10,0.10491728782653809,Castaway,Theres Never Enough Time,Blues Traveler,The Postal Service,2015,2003,rock,rock
424936,adade2da1d9fcf383d010d65c527e3359f0b06b6,425404,b3edd24a4342fd7fa06bc977dc249c5fd3aef1a1,11,0.0969664454460144,Castaway,Finally,Blues Traveler,03 Greedo,2015,2018,rock,rap
424936,adade2da1d9fcf383d010d65c527e3359f0b06b6,501037,e8ec514e8aedf829f37e647aea81d855f21ce4c6,12,0.10418575257062912,Castaway,Dont Want Summer,Blues Traveler,Sodaboy64,2015,2022,rock,rock
424936,adade2da1d9fcf383d010d65c527e3359f0b06b6,160805,237d14244b9d19468aa4abc49c176e096c5e22f5,13,0.10491728782653809,Castaway,A Different World,Blues Traveler,Phoebe Snow,2015,1987,rock,pop
424936,adade2da1d9fcf383d010d65c527e3359f0b06b6,408070,c8f7077ddb82dfbfddbb0b41f3aeadc5f756be88,14,0.10491728782653809,Castaway,Left Here,Blues Traveler,Versus Me,2015,2018,rock,rock
424936,adade2da1d9fcf383d010d65c527e3359f0b06b6,118212,429b75463708f58d3ebe1c7518357a61ba35b65e,15,0.09010252356529236,Castaway,Everything Belongs,Blues Traveler,Thrice,2015,2018,rock,rock
424936,adade2da1d9fcf383d010d65c527e3359f0b06b6,469010,79b7edce7f5420e8399e85b9abacc078657eeca2,16,0.10491728782653809,Castaway,Poem for the People,Blues Traveler,Chicago,2015,1970,rock,rock
424936,adade2da1d9fcf383d010d65c527e3359f0b06b6,134829,53c49978c29ace9211f06b4c2905461120595ff3,17,0.09848880022764206,Castaway,Let You Down,Blues Traveler,Three Days Grace,2015,2003,rock,rock
424936,adade2da1d9fcf383d010d65c527e3359f0b06b6,193322,09417458e62a5ecbd8817fc63dabfd8609cf252f,18,0.10491728782653809,Castaway,I Wanna Sleep in Your Arms,Blues Traveler,The Modern Lovers,2015,1976,rock,rock
424936,adade2da1d9fcf383d010d65c527e3359f0b06b6,332577,eb5259d0d7d58ecef0b0b151a800314b8ffbdf6a,19,0.10491728782653809,Castaway,I Cant Dream,Blues Traveler,Wavves,2015,2013,rock,rock
424936,adade2da1d9fcf383d010d65c527e3359f0b06b6,345125,ec88f12a98ab5ef3ec2522a0564e2c8c68d5abb2,20,0.10491728782653809,Castaway,Something to Say,Blues Traveler,Daniela Andrade,2015,2012,rock,pop
406368,057e88896b725ba424228be9207a1ebf6f92e545,123019,e90e9b2216fbf710ef22bc90f4a2038e97fa2b34,1,0.15002404153347015,Wrath of the Norsemen,Prada Coffin,Amon Amarth,iamjakehill,2011,2017,rock,rap
406368,057e88896b725ba424228be9207a1ebf6f92e545,70470,cb8f5ebff7d966d4fb92e3e9bf3c44d715339e71,2,0.02914239838719368,Wrath of the Norsemen,Meditation XVII No man is an island,Amon Amarth,John Donne,2011,2012,rock,misc
406368,057e88896b725ba424228be9207a1ebf6f92e545,453848,1b2c58563054633629be27261e4affe379fbfb50,3,0.027288464829325676,Wrath of the Norsemen,What Will Death Be Like?,Amon Amarth,Momus,2011,1987,rock,rock
406368,057e88896b725ba424228be9207a1ebf6f92e545,437007,d1f3fbf098e80d8f31cea4b8d6c97ce2595649c8,4,0.054484665393829346,Wrath of the Norsemen,Woyaya,Amon Amarth,Art Garfunkel,2011,1973,rock,pop
406368,057e88896b725ba424228be9207a1ebf6f92e545,193361,7de46617e996899a6a54fb184189ad7e6d337d76,5,0.0030821962282061577,Wrath of the Norsemen,STAPLE TAPE WORMS ON MY PENIS,Amon Amarth,Passenger of Shit,2011,2006,rock,misc
406368,057e88896b725ba424228be9207a1ebf6f92e545,515567,34fc028c5b9ac8674cbdfa0ff1e5cbfd0728d1b1,6,0.02914239838719368,Wrath of the Norsemen,Yellow Girl Stand By for Life,Amon Amarth,Thao,2011,2022,rock,pop
406368,057e88896b725ba424228be9207a1ebf6f92e545,155939,0d8594092cf6bcc3da98555f9beb1b6b37b58d14,7,0.02914239838719368,Wrath of the Norsemen,Godspeed Little Doodle,Amon Amarth,Okilly Dokilly,2011,2016,rock,rock
406368,057e88896b725ba424228be9207a1ebf6f92e545,492306,04468534c7d67b301f33edad43257e9c0868ee58,8,0.0037038500886410475,Wrath of the Norsemen,Master OConnor,Amon Amarth,Ondara,2011,2019,rock,pop
406368,057e88896b725ba424228be9207a1ebf6f92e545,405742,96bd424ab06c00063fe725b2508cf1a6f1c3b2c8,9,0.023136785253882408,Wrath of the Norsemen,The Muddy Muddy,Amon Amarth,Demun Jones,2011,2014,rock,rap
406368,057e88896b725ba424228be9207a1ebf6f92e545,9987,f56ac0f6466dd16b87c348925e258f0017d5dc62,10,0.01815236359834671,Wrath of the Norsemen,Pineapple,Amon Amarth,Ty Dolla $ign,2011,2018,rock,rb
406368,057e88896b725ba424228be9207a1ebf6f92e545,187725,2d5537fad47a7a9de6deac121515fc4f0f67b40d,11,0.02741309441626072,Wrath of the Norsemen,Beneath the Mask,Amon Amarth,Bell Witch,2011,2012,rock,rock
406368,057e88896b725ba424228be9207a1ebf6f92e545,368205,f8b0dc75cc193765ba82a162eb25340991aff351,12,0.029702726751565933,Wrath of the Norsemen,Everything Is Getting Very Snake 2,Amon Amarth,Crywank,2011,2017,rock,pop
406368,057e88896b725ba424228be9207a1ebf6f92e545,461005,7ead87c30f1ceb665f865915ffcdbd1695a6911f,13,0.022972913458943367,Wrath of the Norsemen,Death Dont Have No Mercy,Amon Amarth,Marlon Williams,2011,2014,rock,country
406368,057e88896b725ba424228be9207a1ebf6f92e545,153185,b56fae102a0832cd035cb27784beca68aa78e025,14,0.05164045840501785,Wrath of the Norsemen,Jesus Just Left Chicago,Amon Amarth,ZZ Top,2011,1973,rock,rock
406368,057e88896b725ba424228be9207a1ebf6f92e545,361705,13255a9ad4f87117f4e42e2b8df2424e916f3099,15,0.003648011712357402,Wrath of the Norsemen,Bad,Amon Amarth,Farveblind,2011,2019,rock,pop
406368,057e88896b725ba424228be9207a1ebf6f92e545,73086,f2f972a499252e1938210d58bd18a4ea55953a5f,16,0.021424176171422005,Wrath of the Norsemen,One Hand One Heart,Amon Amarth,"Jim Bryant, Marni Nixon, Johnny Green & West Side Story Orchestra",2011,1961,rock,pop
406368,057e88896b725ba424228be9207a1ebf6f92e545,434807,754f0b3548481e5423d95dcfb0551bdfdc226318,17,0.02914239838719368,Wrath of the Norsemen,Lets Fuck,Amon Amarth,Dwarves,2011,1990,rock,pop
406368,057e88896b725ba424228be9207a1ebf6f92e545,227148,9eb935d41cc956ce05fa30c812b3bb2cd47b10a5,18,0.02914239838719368,Wrath of the Norsemen,The Outsiders,Amon Amarth,Neil Cicierega,2011,2020,rock,pop
406368,057e88896b725ba424228be9207a1ebf6f92e545,444049,5e406feb84d5dfdd52094b4cc72489f91d262e76,19,0.01622891053557396,Wrath of the Norsemen,Potato,Amon Amarth,Jay Foreman,2011,2017,rock,pop
406368,057e88896b725ba424228be9207a1ebf6f92e545,52004,e7dd50c2c8b4aa446c40f19e7fe6e7c3b4d3c0a8,20,0.09486445039510727,Wrath of the Norsemen,Dig Up Her Bones,Amon Amarth,Misfits,2011,1997,rock,rock
410594,0c8ecde0222d702b81d1709c7b20cc9dcfe10788,438416,5942268a66d309db28a1d2452d0c72a15facdc57,1,0.2199232429265976,Buttons to Push the Buttons,Idea of Happiness,Modest Mouse,Van She,1996,2012,rock,pop
410594,0c8ecde0222d702b81d1709c7b20cc9dcfe10788,351074,24627b36a267229013fdf8373ad97a46fce7ce22,2,0.2199232429265976,Buttons to Push the Buttons,More of Just the Same,Modest Mouse,Infected Mushroom & WHITENO1SE,1996,2020,rock,pop
410594,0c8ecde0222d702b81d1709c7b20cc9dcfe10788,215110,6a179ba606123bfd7da4db8520b355a0005d5221,3,0.2199232429265976,Buttons to Push the Buttons,Happinezz,Modest Mouse,Boris Brejcha,1996,2019,rock,pop
410594,0c8ecde0222d702b81d1709c7b20cc9dcfe10788,482334,b2614bfa7b40da39cd4e865e32ff55f6c6b325f4,4,0.18491607904434204,Buttons to Push the Buttons,Xxx Can Of This,Modest Mouse,The Mad Capsule Markets,1996,2001,rock,pop
410594,0c8ecde0222d702b81d1709c7b20cc9dcfe10788,111670,77530f99a700e499b841359f372f464b68d05961,5,0.2199232429265976,Buttons to Push the Buttons,We Like to Party The Vengabus,Modest Mouse,Vengaboys,1996,1998,rock,pop
410594,0c8ecde0222d702b81d1709c7b20cc9dcfe10788,363432,72c162014651cf04e2c8d7618e6a5c5c7e163731,6,0.2199232429265976,Buttons to Push the Buttons,Almost There,Modest Mouse,Moderator,1996,2015,rock,rb
410594,0c8ecde0222d702b81d1709c7b20cc9dcfe10788,458175,0f174aec4eb801eaccb05390c2fcfea708b9ba77,7,0.2199232429265976,Buttons to Push the Buttons,Happiness,Modest Mouse,Chastity Belt,1996,2013,rock,rock
410594,0c8ecde0222d702b81d1709c7b20cc9dcfe10788,421107,408fef1495400963315f5f9e924e4d52ef1b0c31,8,0.1794528067111969,Buttons to Push the Buttons,Money Part 1 Clean Radio Edit,Modest Mouse,Jelleestone,1996,2001,rock,pop
410594,0c8ecde0222d702b81d1709c7b20cc9dcfe10788,336403,dd7c9347f0228eb9a8c89bda106ba98fdd1bae06,9,0.2199232429265976,Buttons to Push the Buttons,Happiness,Modest Mouse,Pet Shop Boys,1996,2016,rock,pop
410594,0c8ecde0222d702b81d1709c7b20cc9dcfe10788,134722,32a36719ea7f2e091b6ced6b509c8bd55355ee6b,10,0.2199232429265976,Buttons to Push the Buttons,The Moments of Happiness,Modest Mouse,Original London Cast of Cats,1996,1981,rock,pop
410594,0c8ecde0222d702b81d1709c7b20cc9dcfe10788,329527,0cbd261940df44d458ff2d339524fe6c20f814d4,11,0.1942135989665985,Buttons to Push the Buttons,Happiness,Modest Mouse,Jonathan Jeremiah,1996,2011,rock,pop
410594,0c8ecde0222d702b81d1709c7b20cc9dcfe10788,29426,9c06eaa7a595a40b9d6f25e236d098a35efc7522,12,0.2042020559310913,Buttons to Push the Buttons,Before the Next Teardrop Falls,Modest Mouse,Freddy Fender,1996,1975,rock,country
410594,0c8ecde0222d702b81d1709c7b20cc9dcfe10788,441430,38cbd46a5320124a41662094c0a60c6e073fc7de,13,0.1993662714958191,Buttons to Push the Buttons,Pursuit of happiness kid cudi cover,Modest Mouse,Kid Mac,1996,2015,rock,pop
410594,0c8ecde0222d702b81d1709c7b20cc9dcfe10788,425647,2487282a7159108a296d076427ac09b8c3ccc0ae,14,0.21810603141784668,Buttons to Push the Buttons,Happiness,Modest Mouse,Lea Salonga,1996,1981,rock,pop
410594,0c8ecde0222d702b81d1709c7b20cc9dcfe10788,168578,69f2e7e12bb2d6a32e823c5ee4f7f23a10b88ec9,15,0.20350293815135956,Buttons to Push the Buttons,Happiness Missouri,Modest Mouse,EL VY,1996,2016,rock,rock
410594,0c8ecde0222d702b81d1709c7b20cc9dcfe10788,216386,bd401b45bf4c3b2396266e352e6e2315b9c5b677,16,0.2057899683713913,Buttons to Push the Buttons,Happiness,Modest Mouse,Molly Drake,1996,2013,rock,pop
410594,0c8ecde0222d702b81d1709c7b20cc9dcfe10788,84918,ed3bcff3fc0320da9e41f999bef9e1795945069c,17,0.21340389549732208,Buttons to Push the Buttons,Shake Up Christmas,Modest Mouse,Train,1996,2010,rock,rock
410594,0c8ecde0222d702b81d1709c7b20cc9dcfe10788,219671,b19c1872c6d56e1052f653fbc19bd729acb27a57,18,0.19541506469249725,Buttons to Push the Buttons,Feel Happiness,Modest Mouse,Swans,1996,1998,rock,rock
410594,0c8ecde0222d702b81d1709c7b20cc9dcfe10788,306192,c682a52e0f1478091fd9c7ee5ca1d81b8817e814,19,0.16924186050891876,Buttons to Push the Buttons,Walk On,Modest Mouse,Sonny Terry & Brownie McGhee,1996,2015,rock,pop
410594,0c8ecde0222d702b81d1709c7b20cc9dcfe10788,188571,f9fb2c2ed8aea1cf0091c2ac5582bc4c097fa641,20,0.1943569928407669,Buttons to Push the Buttons,Happiness Will Fade,Modest Mouse,Blood Orange,1996,2019,rock,rb
179212,507b1ccbb069474fab6483d54385cfb2b96054f0,274802,aa15bc95d2e928e05bc07849083540bc480c72c5,1,0.23681175708770752,XOXO,​dropeverything,JUMEX & Lil Xan,surrenderdorothy,2020,2018,rap,rap
179212,507b1ccbb069474fab6483d54385cfb2b96054f0,48425,b6a2adf027b3c0bbe2cff6605f4bb586a4f49dfd,2,0.21820473670959473,XOXO,Life Is Strange,JUMEX & Lil Xan,MARINA,2020,2019,rap,pop
179212,507b1ccbb069474fab6483d54385cfb2b96054f0,485078,7b0a35174033344c6758b8ce4c48d550d8c1e13d,3,0.1714726984500885,XOXO,Voca Me,JUMEX & Lil Xan,Libera,2020,2004,rap,pop
179212,507b1ccbb069474fab6483d54385cfb2b96054f0,314409,d1adbaba20136d34d9ab29a13f733e858b29721e,4,0.19056609272956848,XOXO,Purple Eyes,JUMEX & Lil Xan,The Toxic Avenger,2020,2017,rap,pop
179212,507b1ccbb069474fab6483d54385cfb2b96054f0,174510,c59692d3d69f1b9be17e4c40ffcb3cddf736428a,5,0.14279158413410187,XOXO,Better Days,JUMEX & Lil Xan,Ant Clemons & Justin Timberlake,2020,2020,rap,rb
179212,507b1ccbb069474fab6483d54385cfb2b96054f0,167690,3931a8569124a6b85298ef129c26c5aabfb0a9ac,6,0.191036194562912,XOXO,Beyondless,JUMEX & Lil Xan,Iceage,2020,2018,rap,rock
179212,507b1ccbb069474fab6483d54385cfb2b96054f0,502386,8c379e7ba56405de204591b1d9ee1261650db8fa,7,0.18969370424747467,XOXO,I lost my mind,JUMEX & Lil Xan,Metronomy,2020,2022,rap,pop
179212,507b1ccbb069474fab6483d54385cfb2b96054f0,501066,1028acc3aba687ba8903cfa5f582b7b8b2fb59c5,8,0.08947386592626572,XOXO,Grown Man Cry,JUMEX & Lil Xan,Maddie & Tae,2020,2022,rap,country
179212,507b1ccbb069474fab6483d54385cfb2b96054f0,355078,0b2d35e59a30e409a7117e97bbe25a4969178798,9,0.1517881602048874,XOXO,Fog,JUMEX & Lil Xan,Yellow Ostrich,2020,2011,rap,pop
179212,507b1ccbb069474fab6483d54385cfb2b96054f0,438290,2152486ee7eb4c091b523cec5d5eee9a98d04eaf,10,0.14611993730068207,XOXO,No Time,JUMEX & Lil Xan,Hayden James,2020,2013,rap,pop
179212,507b1ccbb069474fab6483d54385cfb2b96054f0,430367,407533755dc2f3b7a0f4cd6a3645a09009e1687c,11,0.16753314435482025,XOXO,Get It Wrong,JUMEX & Lil Xan,Mali-Koa,2020,2020,rap,pop
179212,507b1ccbb069474fab6483d54385cfb2b96054f0,474295,3d7cc7e88be769f0dc9dac0f425c1e16afbd55c1,12,0.16061852872371674,XOXO,Lasan,JUMEX & Lil Xan,Michael Kiwanuka,2020,2012,rap,pop
179212,507b1ccbb069474fab6483d54385cfb2b96054f0,74498,ad7b3b92185c04e8b9ae5ce1500c8280d64e06d0,13,0.1571221798658371,XOXO,Flint For the Unemployed  Underpaid,JUMEX & Lil Xan,Sufjan Stevens,2020,2003,rap,pop
179212,507b1ccbb069474fab6483d54385cfb2b96054f0,270575,642e4e3a29aa94b2cca8b496c22747997511e508,14,0.16486017405986786,XOXO,King of the Lost Boys,JUMEX & Lil Xan,Little Voice Cast,2020,2020,rap,pop
179212,507b1ccbb069474fab6483d54385cfb2b96054f0,480305,cde250bdfb9909cb521cc15fa95cac2e8c53dc85,15,0.11556968837976456,XOXO,HIGH,JUMEX & Lil Xan,TroyBoi,2020,2019,rap,pop
179212,507b1ccbb069474fab6483d54385cfb2b96054f0,225684,0deacaa2441940237d2b1c2141d5d45c15966bc4,16,0.13943301141262054,XOXO,22,JUMEX & Lil Xan,Zack Villere,2020,2017,rap,rb
179212,507b1ccbb069474fab6483d54385cfb2b96054f0,221609,dfdc36328cf34b3368adf13a7d766c8e034e08d8,17,0.11844072490930557,XOXO,Nests,JUMEX & Lil Xan,Keaton Henson,2020,2010,rap,pop
179212,507b1ccbb069474fab6483d54385cfb2b96054f0,305503,36ad1a57376afcf0d7b5ad4e455bae88970009dd,18,0.1668458729982376,XOXO,I Miss You Pt. 1,JUMEX & Lil Xan,David Ruffin,2020,1973,rap,pop
179212,507b1ccbb069474fab6483d54385cfb2b96054f0,455936,547c66c45c0f89d445a3483738b362c855ce4773,19,0.15045861899852753,XOXO,Good Luck With You,JUMEX & Lil Xan,Lucia Zambetti,2020,2021,rap,pop
179212,507b1ccbb069474fab6483d54385cfb2b96054f0,273952,c9bf213f3d3fa96f3cc4b32860076d298a3e73f4,20,0.13139142096042633,XOXO,Whyd You Make Me Cry,JUMEX & Lil Xan,Odina,2020,2017,rap,pop
72090,1cf8dc6395cadb4f3e1b8f41d422e800db6654dd,24683,40312b70bf77abe70c9c9c0278ffe3a8a448c449,1,0.11970622092485428,Queensbridge Zoo,Daytona 500 500 Bars,Vince Staples,The Game,2013,2011,rap,rap
72090,1cf8dc6395cadb4f3e1b8f41d422e800db6654dd,375005,576c2f3c0fe22863aa661417e1c4de69b2e6fe4e,2,0.00632357457652688,Queensbridge Zoo,America As A Gun Culture,Vince Staples,Richard Hofstadter,2013,1970,rap,misc
72090,1cf8dc6395cadb4f3e1b8f41d422e800db6654dd,444951,cfab8cc0d40046f541bb63939964e4174462ada1,3,0.03256998583674431,Queensbridge Zoo,Little Metal Box,Vince Staples,"Red Shirt, Blue Shirt",2013,2016,rap,pop
72090,1cf8dc6395cadb4f3e1b8f41d422e800db6654dd,186296,19e6537d1854a79c0625eb66dffadff3ed4c0fd9,4,0.021847886964678764,Queensbridge Zoo,Damaged II,Vince Staples,Black Flag,2013,1981,rap,rock
72090,1cf8dc6395cadb4f3e1b8f41d422e800db6654dd,197617,d399734638dff37ef0f25fc7498ec2219288a2d0,5,0.024645958095788956,Queensbridge Zoo,Mimi,Vince Staples,Big Red Machine,2013,2021,rap,rock
72090,1cf8dc6395cadb4f3e1b8f41d422e800db6654dd,505114,6174fadddff374d34eb774716bd2fefe65da47d7,6,0.007133556064218283,Queensbridge Zoo,​talk,Vince Staples,Underaiki,2013,2022,rap,rap
72090,1cf8dc6395cadb4f3e1b8f41d422e800db6654dd,478294,cb9cd10d66f104f5ef87610a300e061e8e80a741,7,0.010437853634357452,Queensbridge Zoo,To Kind,Vince Staples,YOUNGFLYTYEE,2013,2014,rap,rap
72090,1cf8dc6395cadb4f3e1b8f41d422e800db6654dd,76733,236f167ceffae4e6ca2021c22ae480fb36c00209,8,0.0068039619363844395,Queensbridge Zoo,Trinity Titoli,Vince Staples,Annibale e i cantori moderni,2013,1970,rap,rock
72090,1cf8dc6395cadb4f3e1b8f41d422e800db6654dd,313567,8447c629de9eabc6d4e844e3bc8ac63f3e4d6195,9,0.04216589033603668,Queensbridge Zoo,Five Nights At Freddy’s,Vince Staples,Freddie Dredd,2013,2021,rap,rap
72090,1cf8dc6395cadb4f3e1b8f41d422e800db6654dd,179421,221abe978f66abfcf05f4ff8288ac2fae34bd441,10,0.007370196282863617,Queensbridge Zoo,360 Questions,Vince Staples,Gravediggaz,2013,1994,rap,rap
72090,1cf8dc6395cadb4f3e1b8f41d422e800db6654dd,379167,8884bd672f73009703bc75fd38fe9570f7bd2738,11,0.006969055626541376,Queensbridge Zoo,Staple Gun,Vince Staples,Muchdank,2013,2018,rap,rap
72090,1cf8dc6395cadb4f3e1b8f41d422e800db6654dd,115558,aecc6204ec3b904149707127a05faf366a734030,12,0.03156597539782524,Queensbridge Zoo,Final Thought Skit,Vince Staples,Eminem,2013,2004,rap,rap
72090,1cf8dc6395cadb4f3e1b8f41d422e800db6654dd,409526,0513c78ae92d090afb4ae0ba2bc7885d6d872151,13,0.009019281715154648,Queensbridge Zoo,Going Nowhere,Vince Staples,4B,2013,2020,rap,rap
72090,1cf8dc6395cadb4f3e1b8f41d422e800db6654dd,124481,a1c0138f4e10b49831782626f9ecb9457dfdd3c9,14,0.03719871863722801,Queensbridge Zoo,Gunplay,Vince Staples,Billionaire Black,2013,2013,rap,rap
72090,1cf8dc6395cadb4f3e1b8f41d422e800db6654dd,337618,7fae04e72d0cfc36d848edc81274a0bb0bd032ee,15,0.01368520874530077,Queensbridge Zoo,Play Wit My Gun,Vince Staples,Juicy J,2013,2018,rap,rap
72090,1cf8dc6395cadb4f3e1b8f41d422e800db6654dd,15631,1e06428ff80f962de55c2153a616af8f53fab248,16,0.006628343369811773,Queensbridge Zoo,Boogieman,Vince Staples,Childish Gambino,2013,2016,rap,rb
72090,1cf8dc6395cadb4f3e1b8f41d422e800db6654dd,202819,8528fbda4590579c6d0832bc2fa35a91374600de,17,0.02177138440310955,Queensbridge Zoo,Bulletproof,Vince Staples,Upchurch,2013,2016,rap,rap
72090,1cf8dc6395cadb4f3e1b8f41d422e800db6654dd,341817,3a4fbc4eed33510dc255c675317758aaf8d46bdf,18,0.007283960469067097,Queensbridge Zoo,All About Crime,Vince Staples,Apathy,2013,2006,rap,rap
72090,1cf8dc6395cadb4f3e1b8f41d422e800db6654dd,93288,dc4498c0d5c760f333e6197120b5a3fa94c3378f,19,0.0008024340495467186,Queensbridge Zoo,Giraffes  Elephants,Vince Staples,SahBabii,2013,2020,rap,rap
72090,1cf8dc6395cadb4f3e1b8f41d422e800db6654dd,18662,607632b26469c7dc0f6273fe50084363ed9b576c,20,0.11048199236392975,Queensbridge Zoo,Protect Ya Neck The Jump Off,Vince Staples,Wu-Tang Clan,2013,2000,rap,rap
30066,d41d5047d86d75fe19b65e8312bc59ec252f2440,71064,ebadbd9c60060f8354d602bf397950675d1b3b58,1,0.10754194110631943,Caught Up,Carry You Home,Majid Jordan,Tisto,2019,2017,rb,pop
30066,d41d5047d86d75fe19b65e8312bc59ec252f2440,142163,572718a4f087f9c7c9203ce8ea49c4d094fcc150,2,0.027572473511099815,Caught Up,Lady Picture Show,Majid Jordan,Stone Temple Pilots,2019,1996,rb,rock
30066,d41d5047d86d75fe19b65e8312bc59ec252f2440,394547,966894146c2d21dac61248296f0baccdb971db39,3,0.046137552708387375,Caught Up,Some boys,Majid Jordan,Dom,2019,2015,rb,pop
30066,d41d5047d86d75fe19b65e8312bc59ec252f2440,389591,7353c828952002e8306109b9e893d2be9b8799ec,4,0.10182710736989975,Caught Up,Bass Drop Bigger,Majid Jordan,TT The Artist,2019,2016,rb,rap
30066,d41d5047d86d75fe19b65e8312bc59ec252f2440,312303,eae5018e4397381bac62ce66d76c455f8a5d5f97,5,0.012971781194210052,Caught Up,Erratic Patterns,Majid Jordan,Carbon Based Lifeforms,2019,2006,rb,pop
30066,d41d5047d86d75fe19b65e8312bc59ec252f2440,499318,8a860de8685dae0846d84657b01e49fdff3d3343,6,0.013578454032540321,Caught Up,​starving,Majid Jordan,Alicks,2019,2017,rb,rb
30066,d41d5047d86d75fe19b65e8312bc59ec252f2440,314289,d5e812b8b9d259afabfa175995f3446bb4adadf5,7,0.025778884068131447,Caught Up,Homo Rainbow,Majid Jordan,Ween,2019,2002,rb,pop
30066,d41d5047d86d75fe19b65e8312bc59ec252f2440,46332,ad874cc462e5d23d7cdbbc40d8d5e54093ca54e5,8,0.0874067023396492,Caught Up,Fresh,Majid Jordan,Lil Uzi Vert & Gucci Mane,2019,2016,rb,rap
30066,d41d5047d86d75fe19b65e8312bc59ec252f2440,353173,97acd09d2d46313aa151bd02e4b5d56e568f4c54,9,0.07580502331256866,Caught Up,His Strength Is Perfect,Majid Jordan,CeCe Winans,2019,1995,rb,pop
30066,d41d5047d86d75fe19b65e8312bc59ec252f2440,465636,60ba8a52ce2bf08a49f38aac583a27636b942983,10,0.017687803134322166,Caught Up,Silver Screen Life,Majid Jordan,Unlike Pluto,2019,2019,rb,pop
30066,d41d5047d86d75fe19b65e8312bc59ec252f2440,342094,d83af68a5fbd7a8e74dd171483237d212fc0eac4,11,0.05105289816856384,Caught Up,Better Version,Majid Jordan,Shinedown,2019,2003,rb,rock
30066,d41d5047d86d75fe19b65e8312bc59ec252f2440,175251,38bd5d7a4ad757b0d4fcccd55f007d7a4af98dab,12,0.013578454032540321,Caught Up,From First Glance 4 Michelle From Zaps: Feb 1 1990,Majid Jordan,2Pac,2019,1999,rb,misc
30066,d41d5047d86d75fe19b65e8312bc59ec252f2440,357259,b23b2aa0fd1673ae126df1a2385d46c725b140f6,13,0.08809342980384827,Caught Up,Over My Head,Majid Jordan,Drowning Pool,2019,2011,rb,pop
30066,d41d5047d86d75fe19b65e8312bc59ec252f2440,503685,54e05ec86e05f714f20123955c34a0a9157d6ce2,14,0.06565582752227783,Caught Up,End of Me Interlude,Majid Jordan,Trip Lee,2019,2022,rb,rap
30066,d41d5047d86d75fe19b65e8312bc59ec252f2440,140383,a70584b36e162a30caa60ece25e1a5b61b32ea8a,15,0.0694948360323906,Caught Up,Seraphine The Starry-Eyed Songstress,Majid Jordan,League of Legends,2019,2020,rb,pop
30066,d41d5047d86d75fe19b65e8312bc59ec252f2440,514548,702b377a5c22b621eed46f2b143179e9bf995ef8,16,0.003970620688050985,Caught Up,Perfect Time,Majid Jordan,Lil Baby,2019,2022,rb,rap
30066,d41d5047d86d75fe19b65e8312bc59ec252f2440,138156,39ac2ebb391dc5f7d95bf20acdb8895511dcdeb4,17,0.08136137574911118,Caught Up,You,Majid Jordan,Q,2019,2018,rb,rb
30066,d41d5047d86d75fe19b65e8312bc59ec252f2440,335119,1aab9f2f6923bf13953b9ebb9a9c00fa95b55867,18,0.013578454032540321,Caught Up,Welcome to duloc,Majid Jordan,"Hope levy, jill bogard",2019,2015,rb,pop
30066,d41d5047d86d75fe19b65e8312bc59ec252f2440,187626,8a18185a6e7d5a05d215b159833f08ba4712d9a6,19,0.010647407732903957,Caught Up,Bing Bong Brothers,Majid Jordan,The Lonely Island,2019,2005,rb,rap
30066,d41d5047d86d75fe19b65e8312bc59ec252f2440,149608,7c7d7a5fd4141693d8f53cd4752c507caaf97703,20,0.01583884283900261,Caught Up,The Perfect Crime 2,Majid Jordan,The Decemberists,2019,2006,rb,rock
226709,e630210062f679a932a5f0cbbaf16f187311693d,307120,f9cdd818731a34724366d76fa829afcc92ddd21d,1,0.2174919694662094,Watching Me Fall,The Last Line,The Cure,Linkin Park,2000,2014,rock,rock
226709,e630210062f679a932a5f0cbbaf16f187311693d,322319,fc999099ff5a6ba6ea5a6687aa1659a7b201fce9,2,0.20130625367164612,Watching Me Fall,Never Alone,The Cure,Winterpark,2000,2015,rock,pop
226709,e630210062f679a932a5f0cbbaf16f187311693d,311140,55384a59ca149c7554af3c92ef923080ff53275f,3,0.18113994598388672,Watching Me Fall,Sailing Away,The Cure,Chris De Burgh,2000,1988,rock,pop
226709,e630210062f679a932a5f0cbbaf16f187311693d,42664,b177a855c91edc850be90962eac29c5fa4f3be16,4,0.17240820825099945,Watching Me Fall,24 Songs,The Cure,Playboi Carti,2000,2022,rock,rap
226709,e630210062f679a932a5f0cbbaf16f187311693d,369062,1887628b822b7dbff3a7592f0096167d452dd978,5,0.18303371965885162,Watching Me Fall,All Im Losing Is Me,The Cure,Saves the Day,2000,2001,rock,rock
226709,e630210062f679a932a5f0cbbaf16f187311693d,15243,16b1b92fdd3d832963344bb4a0785ab27f1384b5,6,0.17033033072948456,Watching Me Fall,Goodbye Theme from Dark A Netflix Original Series,The Cure,Apparat,2000,2011,rock,pop
226709,e630210062f679a932a5f0cbbaf16f187311693d,75126,b58184dcf04df988619936ddf83da4cc3e19d6c0,7,0.13298550248146057,Watching Me Fall,Six Billion,The Cure,Nothing But Thieves,2000,2015,rock,rock
226709,e630210062f679a932a5f0cbbaf16f187311693d,202486,0c69409ade9120d06bd93a3dbe59e66986159a9a,8,0.14763976633548737,Watching Me Fall,From The Stalls,The Cure,Angus & Julia Stone,2000,2014,rock,rock
226709,e630210062f679a932a5f0cbbaf16f187311693d,279008,4fdd8469c1e12b39ef4c296ac21df32cbd816a6a,9,0.13981464505195618,Watching Me Fall,Speed of Love,The Cure,Owl City,2000,2015,rock,pop
226709,e630210062f679a932a5f0cbbaf16f187311693d,422811,141f0b7754153dbcd3fcf17d0b3aae78a8ad91d9,10,0.08872245252132416,Watching Me Fall,Remember Me,The Cure,Sea Power,2000,2003,rock,pop
226709,e630210062f679a932a5f0cbbaf16f187311693d,446832,39dcbf1c980047d41706fad14c9c8e9a2496d328,11,0.13105261325836182,Watching Me Fall,Watch Over,The Cure,Lucy Rose,2000,2012,rock,pop
226709,e630210062f679a932a5f0cbbaf16f187311693d,474197,8c5509c2232f5c4b3b57c5384c7e5afcf1aa90c5,12,0.017112821340560913,Watching Me Fall,Tomahawk,The Cure,Wild Yaks,2000,2009,rock,rock
226709,e630210062f679a932a5f0cbbaf16f187311693d,194957,d5c93c9a4c9df6750f7da39a20936053bb7f4c2b,13,0.13810491561889648,Watching Me Fall,Still Wild,The Cure,La Mar,2000,2015,rock,pop
226709,e630210062f679a932a5f0cbbaf16f187311693d,401808,d11450b7ea0324272ed7504d7285ef02ed89e9b0,14,0.13328427076339722,Watching Me Fall,Chamber For Sleep Part One,The Cure,Screaming Females,2000,2018,rock,rock
226709,e630210062f679a932a5f0cbbaf16f187311693d,497996,8c7553ee12503a6ff1b17426fd4893af3e60318f,15,0.11136821657419205,Watching Me Fall,The Last Party Foul,The Cure,Bomb the Music Industry!,2000,2007,rock,rock
226709,e630210062f679a932a5f0cbbaf16f187311693d,299472,860d4fa8dd52ab9edb6b791dd3c7fa1cf2d4fd20,16,0.1356668621301651,Watching Me Fall,DRIVE,The Cure,John the Ghost,2000,2021,rock,pop
226709,e630210062f679a932a5f0cbbaf16f187311693d,91433,8319f9d8714b6d05cb8436fc2f93bf4487bcc8f7,17,0.10064118355512619,Watching Me Fall,Summer Years,The Cure,Death Cab for Cutie,2000,2018,rock,rock
226709,e630210062f679a932a5f0cbbaf16f187311693d,394097,00ce29f167e47ae7bb9bcc0e294bc25dfc050090,18,0.13092605769634247,Watching Me Fall,Wash Away The Wild,The Cure,KAWALA,2000,2019,rock,pop
226709,e630210062f679a932a5f0cbbaf16f187311693d,310144,cb275d33a7e0fb81869604137306948eebbc1ef8,19,0.1366138607263565,Watching Me Fall,So Do I,The Cure,Jordan Davis,2000,2018,rock,country
226709,e630210062f679a932a5f0cbbaf16f187311693d,112233,5e247bc21edf17e473156f79ecbc8c371e4adf3e,20,0.04693349450826645,Watching Me Fall,Just A Cloud,The Cure,Lusine,2000,2017,rock,pop
291494,63270834a40c765523b1d40dd69b5fc0279f9bb7,368784,5a0bc2ee1d08f28cdb2f528cd2151999ff10351b,1,0.12383538484573364,Owners Box,HBK,mike. fka mike stud,Sainvil,2016,2020,rap,rb
291494,63270834a40c765523b1d40dd69b5fc0279f9bb7,351301,714db7c129c1e1f86bcd4394e501ac881b139f6e,2,0.018143875524401665,Owners Box,Bangerz Tour Dates,mike. fka mike stud,Miley Cyrus,2016,2014,rap,pop
291494,63270834a40c765523b1d40dd69b5fc0279f9bb7,335541,b60dde1a2f1e0807deaf9f9af8677caa584e507b,3,0.0038658895064145327,Owners Box,Preface,mike. fka mike stud,Whirr,2016,2011,rap,pop
291494,63270834a40c765523b1d40dd69b5fc0279f9bb7,162924,4f86cea5801626cbfa309e3d255a55b29d0b35a9,4,0.0038658895064145327,Owners Box,Juice Streaming Version,mike. fka mike stud,Chance the Rapper,2016,2019,rap,misc
291494,63270834a40c765523b1d40dd69b5fc0279f9bb7,326486,f6efc7decff89bf7fd4452f23292b138cc70615a,5,0.018708040937781334,Owners Box,Step 1: Apologies in Advance,mike. fka mike stud,Sylvan LaCue,2016,2018,rap,rap
291494,63270834a40c765523b1d40dd69b5fc0279f9bb7,262501,bd06eb94a9bf96d9198288dc23860a4c29182557,6,0.03421976789832115,Owners Box,The Center Wont Hold,mike. fka mike stud,Sleater-Kinney,2016,2019,rap,rock
291494,63270834a40c765523b1d40dd69b5fc0279f9bb7,479507,3e07f57c63a1a9681abddea2133777c9d5d2fde4,7,0.0038658895064145327,Owners Box,I Know a Place The Creek Song,mike. fka mike stud,BIuey,2016,2021,rap,pop
291494,63270834a40c765523b1d40dd69b5fc0279f9bb7,230824,ec0c334bc589dd0c6f5ad04de95668bdcf92d1d1,8,0.018708040937781334,Owners Box,The New,mike. fka mike stud,J Dilla,2016,2006,rap,rap
291494,63270834a40c765523b1d40dd69b5fc0279f9bb7,449151,2c3e16da651886a6e65e7ec3f3729e81900497b6,9,0.0038658895064145327,Owners Box,Still Sleeping feat. Steffaloo,mike. fka mike stud,Chrome Sparks,2016,2015,rap,pop
291494,63270834a40c765523b1d40dd69b5fc0279f9bb7,414523,391d0ec3a0af5ad4936a4cd869fbc59dadd61fe3,10,0.03411005064845085,Owners Box,Transparent Things,mike. fka mike stud,Fujiya & Miyagi,2016,2006,rap,pop
291494,63270834a40c765523b1d40dd69b5fc0279f9bb7,133587,a6d0b9b2a41f6066e33a7a4ea38a27490da10b38,11,0.0038658895064145327,Owners Box,Alec Eiffel,mike. fka mike stud,Pixies,2016,1991,rap,rock
291494,63270834a40c765523b1d40dd69b5fc0279f9bb7,374336,8d54d00a20ed44f70675f6f8fa44f43202d93b62,12,0.030142730101943016,Owners Box,No Natural Order,mike. fka mike stud,Pharmakon,2016,2017,rap,rock
291494,63270834a40c765523b1d40dd69b5fc0279f9bb7,269208,f4550463a24993f25f619a5e8cb5f01352a21bc5,13,0.0038658895064145327,Owners Box,Real Cool Time,mike. fka mike stud,The Stooges,2016,1969,rap,rock
291494,63270834a40c765523b1d40dd69b5fc0279f9bb7,140552,9b94b4b9c13453e9a55e5092b0122278ae2bb7fc,14,0.0038658895064145327,Owners Box,Why Cant I Touch It?,mike. fka mike stud,Buzzcocks,2016,1979,rap,rock
291494,63270834a40c765523b1d40dd69b5fc0279f9bb7,85299,ab09df8f29396a08feeb62db1066d56d589ea865,15,0.0012592723360285163,Owners Box,Chef Curry With The Pot,mike. fka mike stud,Ayesha Curry,2016,2014,rap,rap
291494,63270834a40c765523b1d40dd69b5fc0279f9bb7,357527,47cb2633ca38253c6037f1e81481de2a13950504,16,0.07175161689519882,Owners Box,Professional,mike. fka mike stud,SAMAHTA,2016,2018,rap,pop
291494,63270834a40c765523b1d40dd69b5fc0279f9bb7,44714,6db52690ef1b9d4a4535b0d3d22124688dce224e,17,0.0008423919207416475,Owners Box,Real Slavs,mike. fka mike stud,KUKU$,2016,2018,rap,rap
291494,63270834a40c765523b1d40dd69b5fc0279f9bb7,381427,61ce30e01a8a0f40417b2e35c88eeb7af7ace29d,18,0.010580929927527905,Owners Box,The Real Meaning of Christmas,mike. fka mike stud,The Winans,2016,1986,rap,rb
291494,63270834a40c765523b1d40dd69b5fc0279f9bb7,317192,33aa9a9b4118e413ef51842af7dcb88cc9dbfc76,19,0.0038658895064145327,Owners Box,Shes A Killer,mike. fka mike stud,Justin OH,2016,2018,rap,pop
291494,63270834a40c765523b1d40dd69b5fc0279f9bb7,29978,4b6db3b0afe8df4e8b232f401729b550a6ab8e1b,20,0.0038658895064145327,Owners Box,Low Rider,mike. fka mike stud,War,2016,1975,rap,rock
440973,f3df01c35c561c4c2b933984965f8eb56f14be99,462478,7af9159240c1610318554bc51ab2638a04a8b79b,1,0.17230111360549927,Darkness,Lost,Mic Righteous,Mic Righteous,2020,2020,rap,rap
440973,f3df01c35c561c4c2b933984965f8eb56f14be99,103299,3b1a8a6289165cec203721b7c68b61f6cfaf7451,2,0.10682202875614166,Darkness,The Dripping Tap,Mic Righteous,King Gizzard & The Lizard Wizard,2020,2022,rap,rock
440973,f3df01c35c561c4c2b933984965f8eb56f14be99,445995,b89df012c38ddff72c018a2f5300cf3e93f332cc,3,0.02987622283399105,Darkness,$WITCHBLADE,Mic Righteous,BONES,2020,2012,rap,rap
440973,f3df01c35c561c4c2b933984965f8eb56f14be99,37047,e19f10f46cee748734ecb9bd2d02789f2064ca29,4,0.02987622283399105,Darkness,Purple Hat,Mic Righteous,SOFI TUKKER,2020,2019,rap,pop
440973,f3df01c35c561c4c2b933984965f8eb56f14be99,132493,3b0ac51745b0f05ff8e745563a2cd4a02d58310b,5,0.03410279378294945,Darkness,Trika Trika,Mic Righteous,Faydee,2020,2019,rap,pop
440973,f3df01c35c561c4c2b933984965f8eb56f14be99,141746,fab759b8b75dacd1998e23c20ed73b53a2d234db,6,0.0911935493350029,Darkness,Whatever Some Folk Song in C,Mic Righteous,Elliott Smith,2020,2007,rap,rock
440973,f3df01c35c561c4c2b933984965f8eb56f14be99,302539,5787fbc9b99de182642ac10f8d0e91d9ce722ed6,7,0.021493175998330116,Darkness,Balls In Your Mouth,Mic Righteous,Jimmy Fallon,2020,2012,rap,rock
440973,f3df01c35c561c4c2b933984965f8eb56f14be99,279800,60ab8b4fe7e3236193fbd1b88d032806abc36a97,8,0.01095788087695837,Darkness,Three Little Fishes,Mic Righteous,Glenn Miller,2020,2015,rap,pop
440973,f3df01c35c561c4c2b933984965f8eb56f14be99,349289,f1757ec5512bb714be97d241822dd071b578d120,9,0.021493175998330116,Darkness,Man / Bag of Sand,Mic Righteous,Frightened Rabbit,2020,2010,rap,rock
440973,f3df01c35c561c4c2b933984965f8eb56f14be99,135547,15c3142efaad163e166ca16bfaf33cabd159876a,10,0.025762084871530533,Darkness,​poster,Mic Righteous,oaf1,2020,2020,rap,rap
440973,f3df01c35c561c4c2b933984965f8eb56f14be99,331351,70c322b44f1317c4beecf5424e1c88de1f2961f6,11,0.02987622283399105,Darkness,Rockstar,Mic Righteous,Timmy Trumpet & Sub Zero Project,2020,2018,rap,pop
440973,f3df01c35c561c4c2b933984965f8eb56f14be99,339168,85f3695a92396aeddd1ce7aa94fd6c373eec7d46,12,0.029737485572695732,Darkness,Night People,Mic Righteous,Allen Toussaint,2020,1978,rap,pop
440973,f3df01c35c561c4c2b933984965f8eb56f14be99,94688,fdc2e4d3e46e5033a09a74ea59ad9c54f4f22f11,13,0.1093377098441124,Darkness,Be Apart,Mic Righteous,Porches,2020,2016,rap,pop
440973,f3df01c35c561c4c2b933984965f8eb56f14be99,348461,3cc67c439356b5b2392d3ac5782f15dabbcbf6d3,14,0.013533303514122963,Darkness,We Keep on Running,Mic Righteous,What So Not & Toto,2020,2018,rap,pop
440973,f3df01c35c561c4c2b933984965f8eb56f14be99,279011,377d7682e7a637fa5eb2628eff495b459ce9df27,15,0.06502965092658997,Darkness,Hanging on a Star,Mic Righteous,Nick Drake,2020,1986,rap,pop
440973,f3df01c35c561c4c2b933984965f8eb56f14be99,187668,1db7ae81a53b36993548fb24549e393f2bf5a66e,16,0.014780781231820583,Darkness,Running Back to Saskatoon,Mic Righteous,The Guess Who,2020,1972,rap,rock
440973,f3df01c35c561c4c2b933984965f8eb56f14be99,31614,938ad60a5018fe10eb17f73c0784348e28cc666f,17,0.06667879223823547,Darkness,Bring the Boys Back Home,Mic Righteous,Pink Floyd,2020,1979,rap,rock
440973,f3df01c35c561c4c2b933984965f8eb56f14be99,500752,4404d280d44a44332b89cee52318892eb540ef92,18,0.02987622283399105,Darkness,Skeletons in the Closet,Mic Righteous,Labrinth,2020,2022,rap,pop
440973,f3df01c35c561c4c2b933984965f8eb56f14be99,425740,c965ef95bede8c2b6fd8fa38bee2d27fe3f2f9ac,19,0.015119186602532864,Darkness,Sleepswimming,Mic Righteous,No Buses,2020,2019,rap,pop
440973,f3df01c35c561c4c2b933984965f8eb56f14be99,58684,c9fd19a7eb388d7e1327a3b08c4e80184017e571,20,0.08769211918115616,Darkness,Hangin,Mic Righteous,Bastille,2020,2015,rap,rock
17891,d652974f51db5332e0773e467e3f900e1ae9f8e8,40070,98a132ace0d425f24ede084906812ac68299478a,1,0.9012550115585327,Basketball,Basketball,Kurtis Blow,Bow Wow,1984,2002,rap,rap
17891,d652974f51db5332e0773e467e3f900e1ae9f8e8,446698,fc4b406cbaf26f52da2f6d2ff1b03fcb686ace04,2,0.8671676516532898,Basketball,Basketball freestyle,Kurtis Blow,DJ Blazin,1984,2016,rap,rap
17891,d652974f51db5332e0773e467e3f900e1ae9f8e8,81935,292e4fc502253bd4cbd3f7674bdd6dfd93aaf30d,3,0.5847218036651611,Basketball,Basketball Jones,Kurtis Blow,Cheech & Chong,1984,1973,rap,rock
17891,d652974f51db5332e0773e467e3f900e1ae9f8e8,378602,5a425d789e116057c19bb2c14a14c57872aecf88,4,0.6016812324523926,Basketball,Hoopla,Kurtis Blow,KyleYouMadeThat,1984,2021,rap,rap
17891,d652974f51db5332e0773e467e3f900e1ae9f8e8,88777,b5edb15c6e7babe9648a5afe2540bc1f57199286,5,0.5633077025413513,Basketball,Basketball Jones,Kurtis Blow,Barry White,1984,1996,rap,rap
17891,d652974f51db5332e0773e467e3f900e1ae9f8e8,122328,ac69fd2bfd57412011953ab50fb58ccf57bd6c5e,6,0.5130550265312195,Basketball,Your Mother is a Basketball,Kurtis Blow,Joe Hawley,1984,2016,rap,rap
17891,d652974f51db5332e0773e467e3f900e1ae9f8e8,454126,88fe874af810c7f1d3d95e3db54f577581dcb7c4,7,0.41605812311172485,Basketball,Niggas Hollering,Kurtis Blow,Little Brother,1984,2019,rap,rap
17891,d652974f51db5332e0773e467e3f900e1ae9f8e8,118637,292d197400e3e4891afa636ae256a286d625d9cd,8,0.3932027816772461,Basketball,XXL Freshman Freestyle: OJ da Juiceman,Kurtis Blow,OJ da Juiceman,1984,2010,rap,rap
17891,d652974f51db5332e0773e467e3f900e1ae9f8e8,515266,d9ce0e418a992a8215f9f00b2204b16cc9da337c,9,0.3927688002586365,Basketball,Basketball,Kurtis Blow,Barrie,1984,2022,rap,pop
17891,d652974f51db5332e0773e467e3f900e1ae9f8e8,272639,645f30445fa9cdde30d3dff2a75ae0eec05b20fb,10,0.3799190819263458,Basketball,Harden Soul Remix,Kurtis Blow,Stephen Curry,1984,2013,rap,rap
17891,d652974f51db5332e0773e467e3f900e1ae9f8e8,236303,863ccd1782796f85bef7170a00dfe89faf636a7d,11,0.29144418239593506,Basketball,Kevin Durant Joins The Roc Nation Sports/CAA Family,Kurtis Blow,Roc Nation Sports,1984,2013,rap,misc
17891,d652974f51db5332e0773e467e3f900e1ae9f8e8,79900,aa6c5ed394b678ea41d23562029f2e997ccd4c93,12,0.40648066997528076,Basketball,Give Me the Ball,Kurtis Blow,Eminem,1984,2011,rap,rap
17891,d652974f51db5332e0773e467e3f900e1ae9f8e8,472137,801cf7b16d9655ed8647d3cd081c623b2d3ebf8c,13,0.29376649856567383,Basketball,How Much Is That Hound Dog In The Window?,Kurtis Blow,Homer & Jethro,1984,1953,rap,country
17891,d652974f51db5332e0773e467e3f900e1ae9f8e8,470795,9687126e31729fcef19d194ea1393e4668322658,14,0.4020383656024933,Basketball,Shooting Hoops,Kurtis Blow,G. Love & Special Sauce,1984,1994,rap,pop
17891,d652974f51db5332e0773e467e3f900e1ae9f8e8,21647,60a99b2eecd5494204c0a1364aaf2a5e428981a2,15,0.2271728515625,Basketball,I Don’t Like Niggers,Kurtis Blow,London Yellow,1984,2018,rap,rap
17891,d652974f51db5332e0773e467e3f900e1ae9f8e8,446955,dd4465f2f73b6273c9d0ca3522bbc243467c88ed,16,0.35019469261169434,Basketball,Sports Based Freestyle,Kurtis Blow,Lil B,1984,2014,rap,rap
17891,d652974f51db5332e0773e467e3f900e1ae9f8e8,329876,b71578f8266bdbb67c283afed3a642ad491e62f6,17,0.27340707182884216,Basketball,Say What You Want To,Kurtis Blow,All-4-One,1984,2015,rap,rb
17891,d652974f51db5332e0773e467e3f900e1ae9f8e8,490281,b1136cc5316737a5e4c4d22705998b7684d74d64,18,0.27059441804885864,Basketball,Made,Kurtis Blow,Agar Agar,1984,2018,rap,pop
17891,d652974f51db5332e0773e467e3f900e1ae9f8e8,186014,ee90c9544c834331b89a53a5b25ebfefcbcdb301,19,0.33371502161026,Basketball,My Right Lung,Kurtis Blow,Action Bronson,1984,2017,rap,rap
17891,d652974f51db5332e0773e467e3f900e1ae9f8e8,434210,3d58287d54085524bb8ce8114a82b7ee4c807c3c,20,0.1686541885137558,Basketball,Репост Модерн Repost Modern,Kurtis Blow,Буерак Buerak,1984,2018,rap,rock
151415,eb28149dd075bb7191b831e80214706f0e410de9,409384,e082464ddbefe1184bae14bccd135046147c17d6,1,0.19801147282123566,Real Shit,Fake Lil Wayne - Long Live King Von Quando Rondo Diss,Tay Capone,Swillz,2015,2020,rap,rap
151415,eb28149dd075bb7191b831e80214706f0e410de9,153821,167c31f0c0f55d2686e432a8e18bfc62c42deeb0,2,0.07369735836982727,Real Shit,Fifty-Mission Cap,Tay Capone,The Tragically Hip,2015,1992,rap,rock
151415,eb28149dd075bb7191b831e80214706f0e410de9,65214,02213039217ca242f8862c238330eb4f2ec5308f,3,0.07330159097909927,Real Shit,No Cap,Tay Capone,KR$NA,2015,2021,rap,rap
151415,eb28149dd075bb7191b831e80214706f0e410de9,479158,3cdef6da94f85cda31e8c28db9ba51fe5600bb70,4,0.07369735836982727,Real Shit,N.Y. Hotel,Tay Capone,The Knife,2015,2001,rap,pop
151415,eb28149dd075bb7191b831e80214706f0e410de9,456240,2fd05c0a7dd66f75e02b05cc23f76a53d1e761f2,5,0.029857665300369263,Real Shit,Santy Anno,Tay Capone,Odetta,2015,1956,rap,rock
151415,eb28149dd075bb7191b831e80214706f0e410de9,145931,e5acaa9b8944d32a431c0aae6e5436e84dde95e3,6,0.08312807977199554,Real Shit,Caps Lock,Tay Capone,M.I.A.,2015,2010,rap,pop
151415,eb28149dd075bb7191b831e80214706f0e410de9,149572,57450dbfdf9a4de77e5e3a5040fbd20263aba102,7,0.04846904054284096,Real Shit,Omaha Mall,Tay Capone,Justin Bieber,2015,2011,rap,pop
151415,eb28149dd075bb7191b831e80214706f0e410de9,50611,cf567e1e641ab183a94b8c604d0fb25521621ab6,8,0.07060476392507553,Real Shit,GO ALL THE WAY,Tay Capone,Quavo,2015,2018,rap,rap
151415,eb28149dd075bb7191b831e80214706f0e410de9,260282,9a6bda691932fd08ec0f053a56174aa373bdb87f,9,0.11225185543298721,Real Shit,Moncleezy,Tay Capone,Autumn!,2015,2020,rap,rap
151415,eb28149dd075bb7191b831e80214706f0e410de9,66106,10770ce202d40a63251ce2af2824a049fee474dc,10,0.08522001653909683,Real Shit,Bean  Lean,Tay Capone,Mario Judah,2015,2020,rap,rap
151415,eb28149dd075bb7191b831e80214706f0e410de9,31982,589405d1a66ed07c4f0b20a2ba0e2a063d3bf734,11,0.06237093359231949,Real Shit,Whats My Name?,Tay Capone,Trippie Redd,2015,2018,rap,rap
151415,eb28149dd075bb7191b831e80214706f0e410de9,296765,cc19ad2d4ddcd22ab6742ff3b393202accb04676,12,0.07148386538028717,Real Shit,Where Was You At,Tay Capone,Good Gas,2015,2019,rap,rap
151415,eb28149dd075bb7191b831e80214706f0e410de9,156992,f0901ad51ae5863462e26c344d04547821fdbc2c,13,0.0657554641366005,Real Shit,World of Wils Pt. 2,Tay Capone,Shahmen,2015,2015,rap,rap
151415,eb28149dd075bb7191b831e80214706f0e410de9,142495,13bc05e7e79871b1273326e252fd04210f58900a,14,0.09976281970739365,Real Shit,When They See Us,Tay Capone,Capo (GBE),2015,2013,rap,rap
151415,eb28149dd075bb7191b831e80214706f0e410de9,36125,b67ce46d3a28cdbc3388117321bb94d4b27b9334,15,0.08562800288200378,Real Shit,Snap,Tay Capone,NAV,2015,2019,rap,rap
151415,eb28149dd075bb7191b831e80214706f0e410de9,122367,b7aa822ead8252aaef83c0735b28053d83353961,16,0.05335703119635582,Real Shit,Floated In,Tay Capone,Frankie Cosmos,2015,2016,rap,pop
151415,eb28149dd075bb7191b831e80214706f0e410de9,504199,3c48a8a02ca58129b18b568843188a05c3ffe27c,17,0.08979526162147522,Real Shit,ANYTHINGS POSSIBLE,Tay Capone,Young Thug,2015,2022,rap,rap
151415,eb28149dd075bb7191b831e80214706f0e410de9,324287,d1f104ad2ab23338effd20f58c0749a492355115,18,0.07407786697149277,Real Shit,Purple Savage Mode II Intro ChopNotSlop Remix,Tay Capone,21 Savage & Metro Boomin,2015,2020,rap,rap
151415,eb28149dd075bb7191b831e80214706f0e410de9,493154,445c8f8fba6abb530232eb462340772fe34f6e27,19,0.08140665292739868,Real Shit,Baseball Cap,Tay Capone,Faithless,2015,1996,rap,rap
151415,eb28149dd075bb7191b831e80214706f0e410de9,208541,cc5372f981e17e8478f89a3f33a9d58dedcdec7f,20,0.049085650593042374,Real Shit,The Hop,Tay Capone,Radio Citizen,2015,2006,rap,rap
242944,44b1da970ccb85a23b79f616fac887fc883c1dbf,356177,dca63687bbd85535c0a46d6af5c3fb8ea81fe427,1,0.19654951989650726,Sleep In,Dont Wake Me Up,Telekinesis,outsiderX,2015,2021,pop,rap
242944,44b1da970ccb85a23b79f616fac887fc883c1dbf,181045,b5b17779c1318fab9dff936f3ae93839a7a17a3b,2,0.15876339375972748,Sleep In,Dont Be Shy,Telekinesis,Cat Stevens,2015,1971,pop,pop
242944,44b1da970ccb85a23b79f616fac887fc883c1dbf,352242,f10234e7ba33bed2affeb5edf98a840b84a782c8,3,0.05586978793144226,Sleep In,The Gift,Telekinesis,Donald Lawrence,2015,2013,pop,pop
242944,44b1da970ccb85a23b79f616fac887fc883c1dbf,472971,54ae99524831bffaf3b6b564e457bf7e842466e0,4,0.13620731234550476,Sleep In,Low Man,Telekinesis,Alberta Cross,2015,2007,pop,pop
242944,44b1da970ccb85a23b79f616fac887fc883c1dbf,36998,c1b139aca322e091d93b919fad1e540910a4f9e0,5,0.026616275310516357,Sleep In,Push The Feeling On MK Dub Revisited Edit,Telekinesis,Nightcrawlers,2015,1992,pop,pop
242944,44b1da970ccb85a23b79f616fac887fc883c1dbf,389625,86c1f8b3436831ed87f34bc5c1517e035963b81a,6,0.026616275310516357,Sleep In,Schnitzel Boogie,Telekinesis,Ariel Pink's Haunted Graffiti,2015,2012,pop,pop
242944,44b1da970ccb85a23b79f616fac887fc883c1dbf,296175,59e9eb1be7173cc0ace9ee2a3a721339a80bbfd2,7,0.026616275310516357,Sleep In,In Spain We Call It Soledad,Telekinesis,Rigoberta Bandini,2015,2020,pop,pop
242944,44b1da970ccb85a23b79f616fac887fc883c1dbf,71225,ff9bf3f3e484daccff114f010166273b4beab17a,8,0.026616275310516357,Sleep In,Freak,Telekinesis,"Steve Aoki, Diplo & Deorro",2015,2014,pop,rap
242944,44b1da970ccb85a23b79f616fac887fc883c1dbf,190304,a265081dcc1708ea362878e93a88378f95527f2f,9,0.026616275310516357,Sleep In,Jacob in Egypt,Telekinesis,Andrew Lloyd Webber,2015,1982,pop,pop
242944,44b1da970ccb85a23b79f616fac887fc883c1dbf,442474,f1c59e3d449ee5c6b9e3184ce662e8bc88534fcf,10,0.026616275310516357,Sleep In,They Dont Know - Radio Edit,Telekinesis,Disciples,2015,2015,pop,pop
242944,44b1da970ccb85a23b79f616fac887fc883c1dbf,134684,3167f775b8fe57df8cc4a2c731a21c6bffe3feb3,11,0.09001237899065018,Sleep In,Near Wild Heaven,Telekinesis,R.E.M.,2015,1991,pop,rock
242944,44b1da970ccb85a23b79f616fac887fc883c1dbf,202160,e138c05fdfe858420b35e84ac87fad44f7f3017f,12,0.026616275310516357,Sleep In,Feeling better radio version,Telekinesis,Gabriel vitel,2015,2014,pop,pop
242944,44b1da970ccb85a23b79f616fac887fc883c1dbf,427112,14971c6b82023647e89d1b6a4ed5e0f07e115b96,13,0.026616275310516357,Sleep In,Craving I Only Want What I Cant Have,Telekinesis,t.A.T.u.,2015,2005,pop,pop
242944,44b1da970ccb85a23b79f616fac887fc883c1dbf,188987,04750de37a67b9df66ec9a522378446be5934fd7,14,0.17613190412521362,Sleep In,Wake Up Boo,Telekinesis,The Boo Radleys,2015,1995,pop,pop
242944,44b1da970ccb85a23b79f616fac887fc883c1dbf,116865,f4e1dd71353e0efd6c0c0ed1f7e177c90d3743d1,15,0.07943905889987946,Sleep In,Almost Over,Telekinesis,Aquilo,2015,2017,pop,pop
242944,44b1da970ccb85a23b79f616fac887fc883c1dbf,233539,14cf63e0868a3457ace77cf1353c28b1630d9a76,16,0.026616275310516357,Sleep In,Hall,Telekinesis,Baths,2015,2010,pop,rock
242944,44b1da970ccb85a23b79f616fac887fc883c1dbf,499763,0933c34a2cb3175b57d12e304cc11fdc0ffcfb05,17,0.00395455164834857,Sleep In,Wayward Kids,Telekinesis,Old Gray,2015,2011,pop,rock
242944,44b1da970ccb85a23b79f616fac887fc883c1dbf,277987,1ed45ce687dbc34e52442148e69e2b70847321c8,18,0.16535675525665283,Sleep In,Wake Up,Telekinesis,Now United,2015,2020,pop,pop
242944,44b1da970ccb85a23b79f616fac887fc883c1dbf,514391,2972898080ac28f33d36251283bcb03d6b1c19b0,19,0.026616275310516357,Sleep In,Two Flies,Telekinesis,BoyWithUke,2015,2022,pop,pop
242944,44b1da970ccb85a23b79f616fac887fc883c1dbf,221494,7570d6b1d0b5f8c2a80be6565ad830fdafdc9031,20,0.026616275310516357,Sleep In,Better By Your Side,Telekinesis,Aeble,2015,2016,pop,pop
506823,627e3947aeb2f7ce00ed3f1a5f5aa3ba528c10eb,366704,c4a3bbc61ada3360d4949d14f7cce326edbc125b,1,0.22323238849639893,Rock  Roll Alchemy,Dabilo,Peter Doherty & Frdric Lo,Tom Rosenthal,2022,2014,rock,pop
506823,627e3947aeb2f7ce00ed3f1a5f5aa3ba528c10eb,189938,ece2e77005b3a36eb7e6537ba3ac8bfc4aca881d,2,0.22323238849639893,Rock  Roll Alchemy,We Like the Moon,Peter Doherty & Frdric Lo,Spongmonkeys,2022,2002,rock,rock
506823,627e3947aeb2f7ce00ed3f1a5f5aa3ba528c10eb,330220,a27bbcc300173a09e1c348015c6ecbf5028b816c,3,0.20038150250911713,Rock  Roll Alchemy,The Sailboat Malarkey,Peter Doherty & Frdric Lo,Assassin's Creed Sea Shanties,2022,2016,rock,country
506823,627e3947aeb2f7ce00ed3f1a5f5aa3ba528c10eb,376411,69ae023a066290eb44971c712981c9647505be46,4,0.22323238849639893,Rock  Roll Alchemy,Tickets to the Car Crash,Peter Doherty & Frdric Lo,Pig Destroyer,2022,2001,rock,rock
506823,627e3947aeb2f7ce00ed3f1a5f5aa3ba528c10eb,418678,2e2eb176347320550c10f176887df181d04e6c56,5,0.22323238849639893,Rock  Roll Alchemy,The Kretchma,Peter Doherty & Frdric Lo,Darby O'Gill,2022,1996,rock,pop
506823,627e3947aeb2f7ce00ed3f1a5f5aa3ba528c10eb,186713,13a64de1d9550bf147336d3215654ebcebbaa2c1,6,0.22323238849639893,Rock  Roll Alchemy,The Cactus Where Your Heart Should Be,Peter Doherty & Frdric Lo,The Magnetic Fields,2022,1999,rock,pop
506823,627e3947aeb2f7ce00ed3f1a5f5aa3ba528c10eb,26623,a105e8a1bd0d831328ce980c5e9e25c8820b1af5,7,0.21352322399616241,Rock  Roll Alchemy,Lovely Rita,Peter Doherty & Frdric Lo,The Beatles,2022,1967,rock,pop
506823,627e3947aeb2f7ce00ed3f1a5f5aa3ba528c10eb,43527,3e1e82afb2534549651f600eedfe64c829418d8e,8,0.22323238849639893,Rock  Roll Alchemy,Gram Rock,Peter Doherty & Frdric Lo,IDLES,2022,2018,rock,rock
506823,627e3947aeb2f7ce00ed3f1a5f5aa3ba528c10eb,144954,42711b04dd383ef87601f68b2dfa247d7b63f11a,9,0.22323238849639893,Rock  Roll Alchemy,Under The Moon,Peter Doherty & Frdric Lo,Claptone,2022,2018,rock,pop
506823,627e3947aeb2f7ce00ed3f1a5f5aa3ba528c10eb,347021,40152cb3aa3a7f37530ccaee62152839e743125f,10,0.22323238849639893,Rock  Roll Alchemy,Supercrush,Peter Doherty & Frdric Lo,Tiger Trap,2022,1993,rock,pop
506823,627e3947aeb2f7ce00ed3f1a5f5aa3ba528c10eb,238235,e36558d27e69256132e1b3a77894cff840fe0900,11,0.21417544782161713,Rock  Roll Alchemy,Lovely,Peter Doherty & Frdric Lo,Fly By Midnight,2022,2019,rock,pop
506823,627e3947aeb2f7ce00ed3f1a5f5aa3ba528c10eb,119503,d23358c83b2a2301b40ac5fc9df2a4ec23ebadb3,12,0.16322799026966095,Rock  Roll Alchemy,The Time Has Come To Say Goodnight,Peter Doherty & Frdric Lo,CBeebies Presenters,2022,2015,rock,pop
506823,627e3947aeb2f7ce00ed3f1a5f5aa3ba528c10eb,145803,552ce893b59e5fbce7d8dede56698ebc50014192,13,0.20475177466869354,Rock  Roll Alchemy,Sad Fuzz,Peter Doherty & Frdric Lo,Ty Segall,2022,2010,rock,rock
506823,627e3947aeb2f7ce00ed3f1a5f5aa3ba528c10eb,148363,576a5ed75ea07058c67df01f8f2a401ece79376f,14,0.20206113159656525,Rock  Roll Alchemy,Voices in My Head,Peter Doherty & Frdric Lo,Kat Dahlia,2022,2016,rock,rb
506823,627e3947aeb2f7ce00ed3f1a5f5aa3ba528c10eb,203040,213920cf12094e140fd1e6233e51ec98b580c641,15,0.21035626530647278,Rock  Roll Alchemy,Loving the Alien,Peter Doherty & Frdric Lo,Velvet Revolver,2022,2004,rock,pop
506823,627e3947aeb2f7ce00ed3f1a5f5aa3ba528c10eb,509737,41faa6138cd03bb207912cbb119af5d22977f3d9,16,0.19938373565673828,Rock  Roll Alchemy,Enigma,Peter Doherty & Frdric Lo,BoyWithUke,2022,2022,rock,pop
506823,627e3947aeb2f7ce00ed3f1a5f5aa3ba528c10eb,312565,a0eb7f89c5b5ba3346ef408d28b9aaf73cafd16a,17,0.1944030374288559,Rock  Roll Alchemy,Locket Love,Peter Doherty & Frdric Lo,Ramones,2022,1977,rock,rock
506823,627e3947aeb2f7ce00ed3f1a5f5aa3ba528c10eb,201914,a03bd89cc66b5ed9a8556612c20c4a1fafab0722,18,0.20204035937786102,Rock  Roll Alchemy,Lovely,Peter Doherty & Frdric Lo,Running Touch,2022,2017,rock,pop
506823,627e3947aeb2f7ce00ed3f1a5f5aa3ba528c10eb,74814,0f3bb8bb5c0a537e927e28b9a814ae1f70e46794,19,0.20165951550006866,Rock  Roll Alchemy,Lovely Billie Eilish  Khalid Flip,Peter Doherty & Frdric Lo,Hippie Sabotage,2022,2018,rock,pop
506823,627e3947aeb2f7ce00ed3f1a5f5aa3ba528c10eb,382364,626d09ca3592faa9eca6db23648a2ce61128b484,20,0.17369113862514496,Rock  Roll Alchemy,Sleigh Ride,Peter Doherty & Frdric Lo,Tori Kelly,2022,2020,rock,rb
441300,edfbc6a9bf940734615899607dc99220acd51082,354443,3cd5a725d74e7e1079fc62c77645d62e39a9fe54,1,0.14802731573581696,Where Are You Know,Hold Me Down,Chris Sails,Danity Kane,2018,2006,rap,rb
441300,edfbc6a9bf940734615899607dc99220acd51082,29144,f665cbd8400534a343177bc1df54aaaae41a114f,2,0.08060181885957718,Where Are You Know,How to Love,Chris Sails,YoungBoy Never Broke Again,2018,2016,rap,rap
441300,edfbc6a9bf940734615899607dc99220acd51082,457129,34a706d5b46cae3f0e558ade445c30019f98300b,3,0.1460070013999939,Where Are You Know,Dont Make Me Love You,Chris Sails,Christina Aguilera,2018,1999,rap,pop
441300,edfbc6a9bf940734615899607dc99220acd51082,160559,76889bd0ef68775f0a0de8bcdd4e9c9578f4cdc0,4,0.11886260658502579,Where Are You Know,Without,Chris Sails,Shy Girls,2018,2013,rap,rb
441300,edfbc6a9bf940734615899607dc99220acd51082,68521,72919384dd8ac41704b5be9ef079e6c7791a01ed,5,0.14059047400951385,Where Are You Know,For the Fickle,Chris Sails,Reese Lansangan,2018,2017,rap,pop
441300,edfbc6a9bf940734615899607dc99220acd51082,121718,7140b1a66904ae0c4a3792f8fa86efb010306be1,6,0.14278163015842438,Where Are You Know,Tea Leaf Dancers,Chris Sails,Flying Lotus,2018,2007,rap,rap
441300,edfbc6a9bf940734615899607dc99220acd51082,201843,52cc1b3ced1d5c7aa0d3383ae29359a3b43ede00,7,0.03853295370936394,Where Are You Know,Well... All Right,Chris Sails,Buddy Holly,2018,1958,rap,rock
441300,edfbc6a9bf940734615899607dc99220acd51082,78973,79080159f0ce4b07561afa1da64874426d48f673,8,0.020353270694613457,Where Are You Know,Government Plates,Chris Sails,Death Grips,2018,2013,rap,rap
441300,edfbc6a9bf940734615899607dc99220acd51082,44780,71af09a0a429cbcc5ba86fb77fef06dde44cf69b,9,0.08110301941633224,Where Are You Know,Three Times a Lady,Chris Sails,Commodores,2018,1978,rap,rb
441300,edfbc6a9bf940734615899607dc99220acd51082,329796,b131cd5d73cbc38bec3df97dc6a3c799eec4ca42,10,0.0929395854473114,Where Are You Know,Big Dummy,Chris Sails,Supa Bwe,2018,2017,rap,rap
441300,edfbc6a9bf940734615899607dc99220acd51082,359829,0e75f9f75a6a9137299d101f58e11e75b123e489,11,0.0869351252913475,Where Are You Know,Ready Steady Go,Chris Sails,Generation X,2018,1978,rap,rock
441300,edfbc6a9bf940734615899607dc99220acd51082,458491,75f0afa64e551e6058ebb456bad9dd32c4e0095a,12,0.07740310579538345,Where Are You Know,Nice N Slow,Chris Sails,Freddie Jackson,2018,1988,rap,pop
441300,edfbc6a9bf940734615899607dc99220acd51082,346858,c6f0f761c57fd6c26e83ebebbd2bacd651327e0c,13,0.04648227617144585,Where Are You Know,She Dont Love U,Chris Sails,Spectacular,2018,2016,rap,rap
441300,edfbc6a9bf940734615899607dc99220acd51082,18212,dc75d9ca4751c4c6b54bfcd015aff858678cfbcd,14,0.14130382239818573,Where Are You Know,Still Waiting,Chris Sails,Tory Lanez,2018,2019,rap,rb
441300,edfbc6a9bf940734615899607dc99220acd51082,423232,be43e7045049d8c878f819d1ffebc1131c127a6e,15,0.0005358466878533363,Where Are You Know,Pencils in the Wind HBO Version,Chris Sails,Flight of the Conchords,2018,2009,rap,pop
441300,edfbc6a9bf940734615899607dc99220acd51082,503253,152e94508dd2ca1c09935bba8db48f5da6d8e97d,16,0.05625632032752037,Where Are You Know,Tattoo,Chris Sails,  (Eva Temush),2018,2022,rap,pop
441300,edfbc6a9bf940734615899607dc99220acd51082,235359,423704c8f57303a2be9df1424ee0581f754af5fa,17,0.11295091360807419,Where Are You Know,Only For You,Chris Sails,Tomorrows Bad Seeds,2018,2010,rap,pop
441300,edfbc6a9bf940734615899607dc99220acd51082,167889,2998267d470d85d9aad8bfeaeb1b9f104333c431,18,0.01637132838368416,Where Are You Know,Letter to Jarad,Chris Sails,LRN Slime & Shiloh Dynasty,2018,2020,rap,rap
441300,edfbc6a9bf940734615899607dc99220acd51082,506146,d37a743abcb41d3a5b737a0a67b15ca4845f07cb,19,0.082502581179142,Where Are You Know,Love U Already,Chris Sails,Fleurie,2018,2022,rap,pop
441300,edfbc6a9bf940734615899607dc99220acd51082,32695,c8c176fc54098b40269961bf2a9ec321e70e862b,20,0.13149826228618622,Where Are You Know,Ms Capalot,Chris Sails,Polo G,2018,2018,rap,rap
59058,1c71651fbfefe48a0d3c917fbcd14105c33783a9,124476,b23ca79808716f44e5f1b78d30bd20a2362fb357,1,0.16055065393447876,Know My Ting,Mad Man Ting,Ghetts,Smoke Boys,2017,2015,rap,rap
59058,1c71651fbfefe48a0d3c917fbcd14105c33783a9,340765,8c5345038ef0f0e7a5d217b4995288a29960bb3e,2,0.1351894587278366,Know My Ting,Oh Love,Ghetts,Ane Brun,2017,2011,rap,pop
59058,1c71651fbfefe48a0d3c917fbcd14105c33783a9,301917,d28325b6bb52ed6df83ac1c6cb40acc163c5b7d1,3,0.11586617678403854,Know My Ting,Nice  Slow,Ghetts,Jesse Green,2017,1976,rap,pop
59058,1c71651fbfefe48a0d3c917fbcd14105c33783a9,249564,c3d6c72b328deb90240e9da1df774930c15c087b,4,0.02461750991642475,Know My Ting,Africa,Ghetts,Excision & Dion Timmer,2017,2016,rap,rock
59058,1c71651fbfefe48a0d3c917fbcd14105c33783a9,328586,e89609e458472c2a071effa8560fa8b8b893a128,5,0.03337601572275162,Know My Ting,Mad Men: Kodak Pitch,Ghetts,Matthew Weiner,2017,2007,rap,misc
59058,1c71651fbfefe48a0d3c917fbcd14105c33783a9,476066,fbfe290bcb84887015fa8a18e3d33d13d1cfa1f0,6,0.041102029383182526,Know My Ting,Ealán,Ghetts,ISK (NOR),2017,2019,rap,pop
59058,1c71651fbfefe48a0d3c917fbcd14105c33783a9,202398,8496507c2e7ba8408718fdce761acf505eb45bf5,7,0.14626742899417877,Know My Ting,Dat a di Ting,Ghetts,Aidonia,2017,2016,rap,pop
59058,1c71651fbfefe48a0d3c917fbcd14105c33783a9,258504,cdda6e8ea0d63a9c29eb457e0fdf0b10a814685b,8,0.027190251275897026,Know My Ting,Joy  Sorrow,Ghetts,Kadebostany,2017,2017,rap,pop
59058,1c71651fbfefe48a0d3c917fbcd14105c33783a9,256774,f3d3d82fe67a87167ee1c2788fb7af562ada40c3,9,0.13251131772994995,Know My Ting,Disa My Ting,Ghetts,T-Pain,2017,2015,rap,rap
59058,1c71651fbfefe48a0d3c917fbcd14105c33783a9,212316,433d52c4ba39d096e29c7d35debc267e86943123,10,0.02461750991642475,Know My Ting,Sea,Ghetts,Roosevelt,2017,2013,rap,pop
59058,1c71651fbfefe48a0d3c917fbcd14105c33783a9,31704,9e21ee4199cc92497e0459fcc7eb89cbd945f7c7,11,0.12500625848770142,Know My Ting,Senseless Remix,Ghetts,Stefflon Don,2017,2018,rap,rap
59058,1c71651fbfefe48a0d3c917fbcd14105c33783a9,358412,d12449d68daa0cbedd9303b1c0f1c77879696a3f,12,0.0649511069059372,Know My Ting,Long Way Home,Ghetts,Don Henley,2017,1982,rap,rock
59058,1c71651fbfefe48a0d3c917fbcd14105c33783a9,300743,3d4908643eaeea8e98a7c917f09d92ae6e389bae,13,0.03636159375309944,Know My Ting,Don Dada,Ghetts,Yungeen Ace,2017,2020,rap,rap
59058,1c71651fbfefe48a0d3c917fbcd14105c33783a9,502317,5201501c38d92347b96497d8f8e96b0a2a14e163,14,0.14671213924884796,Know My Ting,Woah,Ghetts,Escobars (AL),2017,2022,rap,rap
59058,1c71651fbfefe48a0d3c917fbcd14105c33783a9,232314,434ba3c5d3cc089e725697464c27b59299108397,15,0.01619931310415268,Know My Ting,Mad Men: Lucky Strike Pitch,Ghetts,Matthew Weiner,2017,2007,rap,misc
59058,1c71651fbfefe48a0d3c917fbcd14105c33783a9,270421,21d0aded9624ffa27a8d674446e3eb3bf984a0d4,16,0.0061525036580860615,Know My Ting,Mama Lover,Ghetts,Serebro,2017,2009,rap,pop
59058,1c71651fbfefe48a0d3c917fbcd14105c33783a9,45170,70bee15d272a626c0533785b593719e1f60c46b9,17,0.08379032462835312,Know My Ting,Chemistry,Ghetts,Simi & Falz,2017,2016,rap,rap
59058,1c71651fbfefe48a0d3c917fbcd14105c33783a9,257413,3dfc38b5e4717ac0bf2747886f635efe9aa1b11d,18,0.005181520711630583,Know My Ting,Please Turn Me Into the Snat,Ghetts,Connan Mockasin,2017,2010,rap,rock
59058,1c71651fbfefe48a0d3c917fbcd14105c33783a9,21459,de9e680381059f36db488777900487138e3b9159,19,0.02606859803199768,Know My Ting,My Lover,Ghetts,Not3s,2017,2017,rap,rb
59058,1c71651fbfefe48a0d3c917fbcd14105c33783a9,177363,4e2293a3590c67ee7bcb61f494ef331d5c908fe3,20,0.016299892216920853,Know My Ting,Woman to Woman,Ghetts,Joe Cocker,2017,1972,rap,rock
293296,4c79468fc59ed59ee278f400e5a7f62f148c9ed5,148938,0fb1dde181587e50be1844817722850c9279e94b,1,0.3567623198032379,Ugly as Fuck,Ugly Girls,2 Live Crew,"Tyler, The Creator",1991,2010,rap,rap
293296,4c79468fc59ed59ee278f400e5a7f62f148c9ed5,300355,739749d8aa42240f3ba74daff1d34615dec34afc,2,0.3110881745815277,Ugly as Fuck,Crutch,2 Live Crew,Pinback,1991,1999,rap,rock
293296,4c79468fc59ed59ee278f400e5a7f62f148c9ed5,158831,240606f842dc42efabbb775bcadb01391f2e93d7,3,0.3477286100387573,Ugly as Fuck,Cosmopolitan Bloodloss,2 Live Crew,Glassjaw,1991,2002,rap,rock
293296,4c79468fc59ed59ee278f400e5a7f62f148c9ed5,272789,daa0a73a5e341a195064f8fd77da87032103560b,4,0.2968169152736664,Ugly as Fuck,POLO RIGHTSUICIDE ALPS FOREVER RE-EDIT,2 Live Crew,Lil Ugly Mane,1991,2012,rap,rap
293296,4c79468fc59ed59ee278f400e5a7f62f148c9ed5,122566,afdbfd798788254b80ca56e3059a7eec62bad17c,5,0.33010682463645935,Ugly as Fuck,Stay Ugly,2 Live Crew,Crim3s,1991,2013,rap,pop
293296,4c79468fc59ed59ee278f400e5a7f62f148c9ed5,75552,23233c339a202ab76e410815395a3eebe1e1762d,6,0.3390986919403076,Ugly as Fuck,Ugly Cherries,2 Live Crew,PWR BTTM,1991,2015,rap,rock
293296,4c79468fc59ed59ee278f400e5a7f62f148c9ed5,376860,721d2cee2e87d410e90c2435e1d6603dce6ec2dc,7,0.34775838255882263,Ugly as Fuck,The Ugly American,2 Live Crew,Big Black,1991,1984,rap,rock
293296,4c79468fc59ed59ee278f400e5a7f62f148c9ed5,18285,ba5a3ee2b1dfdc12a5c64a5e58d3997f978ab8ed,8,0.33804404735565186,Ugly as Fuck,Get Ugly,2 Live Crew,Jason Derulo,1991,2015,rap,pop
293296,4c79468fc59ed59ee278f400e5a7f62f148c9ed5,323180,3fe88540de64abe7fc2336c82403df9b181c862d,9,0.2940236032009125,Ugly as Fuck,Mike Kanashi,2 Live Crew,BigGucciDiego,1991,2014,rap,rap
293296,4c79468fc59ed59ee278f400e5a7f62f148c9ed5,192399,bc0cfdaafa876248c05bea0bdde40041aedaf414,10,0.35308098793029785,Ugly as Fuck,Swimming,2 Live Crew,Teen Suicide,1991,2015,rap,pop
293296,4c79468fc59ed59ee278f400e5a7f62f148c9ed5,293768,b1645bbda1582fbe4c0ca55439bce46dac5d1fb3,11,0.3366846740245819,Ugly as Fuck,Young Dumb and Ugly,2 Live Crew,"""Weird Al"" Yankovic",1991,1993,rap,rock
293296,4c79468fc59ed59ee278f400e5a7f62f148c9ed5,463542,cb6d2ec419aa978aa5b0dcea78aac1fd1ceebffd,12,0.26711103320121765,Ugly as Fuck,Im Ugly,2 Live Crew,Nobodys,1991,1997,rap,pop
293296,4c79468fc59ed59ee278f400e5a7f62f148c9ed5,64834,da224ebc06c6567e4299b8e4062134a3ca1b1685,13,0.3470330834388733,Ugly as Fuck,Ugly,2 Live Crew,Bubba Sparxxx,1991,2001,rap,rap
293296,4c79468fc59ed59ee278f400e5a7f62f148c9ed5,339101,5a178a14a5f1a1cf555e0c6ed80dc3a6b7439469,14,0.33237263560295105,Ugly as Fuck,Ugly Boy,2 Live Crew,Michael Seyer,1991,2015,rap,pop
293296,4c79468fc59ed59ee278f400e5a7f62f148c9ed5,405956,290d7c8a6f31b53b8acf897c4fa5bf4787e9d50c,15,0.3372977077960968,Ugly as Fuck,Im Ugly And I Dont Know Why,2 Live Crew,Betty Blowtorch,1991,2001,rap,pop
293296,4c79468fc59ed59ee278f400e5a7f62f148c9ed5,386660,d8d6bfa2dcc71e60313d5395ee44cca7f6ac1958,16,0.3464820981025696,Ugly as Fuck,Ugly,2 Live Crew,Jon Bon Jovi,1991,1997,rap,rock
293296,4c79468fc59ed59ee278f400e5a7f62f148c9ed5,387728,31d03bbf5bea438e65de36e99dc4a420d7caa397,17,0.35028544068336487,Ugly as Fuck,Pussy Aint Got No Face,2 Live Crew,Esham,1991,1989,rap,rap
293296,4c79468fc59ed59ee278f400e5a7f62f148c9ed5,156938,94c2f20c8e3c641b755148008e02248532130f9d,18,0.3109580874443054,Ugly as Fuck,When Youre Ugly,2 Live Crew,Louis Cole,1991,2018,rap,pop
293296,4c79468fc59ed59ee278f400e5a7f62f148c9ed5,69740,bae66cdf78efd139c4d197a91392ba7112b6809b,19,0.3510374426841736,Ugly as Fuck,Ugly in This Ugly World,2 Live Crew,Original West End Cast of Everybody's Talking About Jamie,1991,2018,rap,pop
293296,4c79468fc59ed59ee278f400e5a7f62f148c9ed5,276092,e01502b141bbff362a6c69f725db5d4fa4ef837a,20,0.3521050214767456,Ugly as Fuck,Ugly,2 Live Crew,Violent Femmes,1991,1983,rap,rock
288390,042c844f59993e7c99d8ec3cde2d4cbd55c506f6,475604,056bffb1cea5700767dd8762df1d1513a590bf0c,1,0.21179766952991486,Make It Happen,UFO,RFS DU SOL,Alex Mattson,2021,2016,pop,pop
288390,042c844f59993e7c99d8ec3cde2d4cbd55c506f6,231755,e3e4bac5be7f6ee1aead2df713c28f6b4fad7209,2,0.06217851862311363,Make It Happen,Hip Hop Reindeer Eight Tiny Reindeer,RFS DU SOL,MMCY Kids,2021,2017,pop,rock
288390,042c844f59993e7c99d8ec3cde2d4cbd55c506f6,321920,3b3f6f9114e62ebd7d992f77917592aff47edcef,3,0.17130856215953827,Make It Happen,Sure Love,RFS DU SOL,Jarryd James,2021,2015,pop,pop
288390,042c844f59993e7c99d8ec3cde2d4cbd55c506f6,479498,15bf5238a9309d4d862fba7155448e4050db33b3,4,0.07711025327444077,Make It Happen,REDBULL ADDICT,RFS DU SOL,Sematary,2021,2020,pop,rap
288390,042c844f59993e7c99d8ec3cde2d4cbd55c506f6,418303,c65514067afd930e86eaa9c27191f611fcae1671,5,0.054388463497161865,Make It Happen,Customer,RFS DU SOL,The Replacements,2021,1981,pop,rock
288390,042c844f59993e7c99d8ec3cde2d4cbd55c506f6,316088,5851389f63ecf41e3de02296a5288ca642ca9e21,6,0.13405346870422363,Make It Happen,The Airplane Song,RFS DU SOL,Laura Jane Grace & The Devouring Mothers,2021,2018,pop,rock
288390,042c844f59993e7c99d8ec3cde2d4cbd55c506f6,179373,971f94727f0189d34f388b67b4ddf9af656933b8,7,0.17033518850803375,Make It Happen,In This Love,RFS DU SOL,Stick Figure,2021,2015,pop,rock
288390,042c844f59993e7c99d8ec3cde2d4cbd55c506f6,325489,22f03535842da64fb690046e67a02d66c20fb269,8,0.15694963932037354,Make It Happen,Candy,RFS DU SOL,Wake Owl,2021,2013,pop,rock
288390,042c844f59993e7c99d8ec3cde2d4cbd55c506f6,221086,cb7012ead6b63bfbaab2454507e37baee791693b,9,0.0018406929448246956,Make It Happen,I Love the Sound of Breaking Glass,RFS DU SOL,Nick Lowe,2021,1978,pop,rock
288390,042c844f59993e7c99d8ec3cde2d4cbd55c506f6,341691,3078f8b89602865c10e623ba2e0f9f8238de9218,10,0.08911030739545822,Make It Happen,Purple Sand My Home,RFS DU SOL,Big Wild,2021,2019,pop,pop
288390,042c844f59993e7c99d8ec3cde2d4cbd55c506f6,77348,68ca3ec6d62b85b66cb428fe37e7e8f61b63b7e1,11,0.08911030739545822,Make It Happen,Darlings,RFS DU SOL,Susanne Sundfr,2021,2015,pop,pop
288390,042c844f59993e7c99d8ec3cde2d4cbd55c506f6,236376,c64584ccb522277234f3ae5dbd48c0190bdacb8a,12,0.1455422192811966,Make It Happen,California,RFS DU SOL,Wave (Band),2021,2001,pop,pop
288390,042c844f59993e7c99d8ec3cde2d4cbd55c506f6,253188,d349e10a1232285ce9bd718ef2108239421e9096,13,0.09243801236152649,Make It Happen,Big White Cloud,RFS DU SOL,John Cale,2021,1970,pop,pop
288390,042c844f59993e7c99d8ec3cde2d4cbd55c506f6,160075,28afefec3c7a72a9b7490cf58f4cced4e71c3791,14,0.04808533191680908,Make It Happen,I Love You for All Seasons,RFS DU SOL,The Fuzz (Soul),2021,1970,pop,rb
288390,042c844f59993e7c99d8ec3cde2d4cbd55c506f6,396340,48559bed941e80d90500e83c78a5966bb6eb0289,15,0.11806786060333252,Make It Happen,Ill Stay For You,RFS DU SOL,Abdul & The Coffee Theory,2021,2019,pop,pop
288390,042c844f59993e7c99d8ec3cde2d4cbd55c506f6,273516,0568afbe6fde6cd468d1b5e8847201131d9bf3b4,16,0.09560269862413406,Make It Happen,This Is Love,RFS DU SOL,George Harrison,2021,1988,pop,rock
288390,042c844f59993e7c99d8ec3cde2d4cbd55c506f6,48265,4b3f3ec60dc5216c053b3b52220a840df1bff800,17,0.12996536493301392,Make It Happen,Nothings Gonna Change My Love For You,RFS DU SOL,George Benson,2021,1985,pop,rb
288390,042c844f59993e7c99d8ec3cde2d4cbd55c506f6,54553,e3f6669e83bfbd68a2c40360afd4b6d30c546782,18,0.1032571792602539,Make It Happen,Fades Away,RFS DU SOL,Avicii,2021,2019,pop,pop
288390,042c844f59993e7c99d8ec3cde2d4cbd55c506f6,467091,04c2342a9ceaa81a6edeb5b3afc20ba8460fa02a,19,0.10376224666833878,Make It Happen,The World We Knew Over and Over,RFS DU SOL,Josh Groban,2021,2020,pop,pop
288390,042c844f59993e7c99d8ec3cde2d4cbd55c506f6,342700,cbb49f514e8ddf667916902bc380233c1120cf93,20,0.0783039852976799,Make It Happen,All Dried Up,RFS DU SOL,Phantogram,2021,2010,pop,rock
344696,767fa74f115b7bddd89f3f08daf8984f74346bfa,166183,250b6b38cdc6b57ea76b1525b318860d74cd01a1,1,0.18461444973945618,Relentless Storm,Blazing Hot Fast Rap Mumble Rap/Jake Paul Diss,Sicknature,Mac Lethal,2013,2018,rap,rap
344696,767fa74f115b7bddd89f3f08daf8984f74346bfa,372626,fbfe19cbba1b1d9005f2d9d258c50d6bd7947b6f,2,0.01880144514143467,Relentless Storm,A thing is valued excerpt from The Handmaids Tale,Sicknature,Margaret Atwood,2013,2015,rap,misc
344696,767fa74f115b7bddd89f3f08daf8984f74346bfa,210778,cdb4b22dd14f187ffe08c9bdf9dd65f9dbeccb74,3,0.01880144514143467,Relentless Storm,Floating Spit,Sicknature,Perfume Genius,2013,2012,rap,rock
344696,767fa74f115b7bddd89f3f08daf8984f74346bfa,6930,3ab8dc1f237a19adfb10776b394c46ad6a68fd6e,4,0.01880144514143467,Relentless Storm,Black Smoke Rising,Sicknature,Greta Van Fleet,2013,2017,rap,rock
344696,767fa74f115b7bddd89f3f08daf8984f74346bfa,161294,04dd404690defd785435020172870a95dacafbf1,5,0.031145954504609108,Relentless Storm,Denial,Sicknature,Sevendust,2013,1999,rap,rock
344696,767fa74f115b7bddd89f3f08daf8984f74346bfa,2535,b18183c478f188ba00b034ceea253c7083d250ae,6,0.029804376885294914,Relentless Storm,Purple Swag,Sicknature,A$AP Rocky,2013,2011,rap,rap
344696,767fa74f115b7bddd89f3f08daf8984f74346bfa,509761,b62e102c7820b7cd9f798ae0bddcea34e5752580,7,0.031600356101989746,Relentless Storm,FUNCTION,Sicknature,MADJAX,2013,2022,rap,rap
344696,767fa74f115b7bddd89f3f08daf8984f74346bfa,404713,52cfcf3faa615f4fcf88c0a5c9be39b4f15610a0,8,0.03330922871828079,Relentless Storm,Thug Anthem 2000,Sicknature,Funkmaster Flex,2013,2000,rap,rap
344696,767fa74f115b7bddd89f3f08daf8984f74346bfa,467041,84ca4c7b33f9c1591b40330ff52b197b535da789,9,0.019145049154758453,Relentless Storm,Mudjug Dip In My Lip,Sicknature,Jawga Boyz,2013,2011,rap,rap
344696,767fa74f115b7bddd89f3f08daf8984f74346bfa,369561,44c9c4e2a5e08c158a35451bc88cbefb86b27718,10,0.02440989576280117,Relentless Storm,Coming Up,Sicknature,Arizona Zervas,2013,2016,rap,rap
344696,767fa74f115b7bddd89f3f08daf8984f74346bfa,280705,6a22e701d1a709527ff9cc6f5adb4769340fbe2e,11,0.04991721734404564,Relentless Storm,Spit,Sicknature,Baby Bugs,2013,2021,rap,rock
344696,767fa74f115b7bddd89f3f08daf8984f74346bfa,499666,52e633e14ca2beba5e4b6039eeeb9cc370eca5e3,12,0.020294062793254852,Relentless Storm,Break,Sicknature,Saul Williams,2013,2007,rap,rap
344696,767fa74f115b7bddd89f3f08daf8984f74346bfa,30975,40fba885ed9eeb62ae17e93cb309de2bdaabcc62,13,0.010956548154354095,Relentless Storm,Lovers Spit,Sicknature,Broken Social Scene,2013,2002,rap,rock
344696,767fa74f115b7bddd89f3f08daf8984f74346bfa,94612,d2099bbeb51d1ff44260b203a5c9ea49e592a797,14,0.01880144514143467,Relentless Storm,Sit,Sicknature,Japanese Breakfast,2013,2021,rap,rock
344696,767fa74f115b7bddd89f3f08daf8984f74346bfa,94722,8f0fe20cc51784e6e7d3e58f495009d5a0806c22,15,0.006295457016676664,Relentless Storm,3 BIG BALLS REVAMPED,Sicknature,DigBarGayRaps,2013,2021,rap,rap
344696,767fa74f115b7bddd89f3f08daf8984f74346bfa,164462,66437a0f1e27145cfcd24d924c24f2527e09c9af,16,0.037275366485118866,Relentless Storm,Girl Scouts,Sicknature,Rico Nasty,2013,2020,rap,rap
344696,767fa74f115b7bddd89f3f08daf8984f74346bfa,262820,39bbe759209039831ca00d600713c63b155b21a6,17,0.01578143797814846,Relentless Storm,Feed The Addiction,Sicknature,Ils,2013,2005,rap,pop
344696,767fa74f115b7bddd89f3f08daf8984f74346bfa,248763,ce8ad02baa1d6ad4d080c46d2242dfb3e0196a19,18,0.04886644706130028,Relentless Storm,Ill Curb Stomp Your Auntie,Sicknature,DeadBeatVillain,2013,2017,rap,rap
344696,767fa74f115b7bddd89f3f08daf8984f74346bfa,315543,c15ca906f02ddc6e4904c446d6d0be7d387d8671,19,0.016436399891972542,Relentless Storm,Spit It Out,Sicknature,The Maccabees,2013,2015,rap,rock
344696,767fa74f115b7bddd89f3f08daf8984f74346bfa,15224,e94d622e308babc42ca3d72c07532fb1b3a6a012,20,0.014111737720668316,Relentless Storm,How,Sicknature,The Neighbourhood,2013,2013,rap,rock
296325,2d7d2146b62697c3746ad2915f6c647b0792acaa,401331,d59c29192c0a25e357267f9f47a3e9356e6ee608,1,0.11819710582494736,One More Time,Look Up To The Sky,YONAS,Fly Union,1997,2013,rap,rap
296325,2d7d2146b62697c3746ad2915f6c647b0792acaa,233798,c8d8aede75e565342bde3badc0551fe39e03241d,2,0.01039286982268095,One More Time,Boys Theme,YONAS,The Brave Little Abacus,1997,2010,rap,rock
296325,2d7d2146b62697c3746ad2915f6c647b0792acaa,17566,d3f61d6a99558613b5ff5cf2f9166ca1eebede2c,3,0.02193528786301613,One More Time,School,YONAS,Nirvana,1997,1989,rap,rock
296325,2d7d2146b62697c3746ad2915f6c647b0792acaa,370630,667ba79d934ea70a04a3d99cff13e5b866bfc959,4,0.06510334461927414,One More Time,14 I Wish I Had Pictures,YONAS,The Magnetic Fields,1997,2017,rap,rock
296325,2d7d2146b62697c3746ad2915f6c647b0792acaa,375881,d86bcce14d95c27bdb188e73eb48c8adcd924b00,5,0.02902107499539852,One More Time,Camouflage,YONAS,Brad Paisley,1997,2011,rap,country
296325,2d7d2146b62697c3746ad2915f6c647b0792acaa,269665,865d5799268f4f252d0b553eceeae073521027f4,6,0.050128813832998276,One More Time,Youth Memories,YONAS,Fljga,1997,2019,rap,pop
296325,2d7d2146b62697c3746ad2915f6c647b0792acaa,492487,b7bc217c91be1d6f0d5d4e18feee85ceee558da8,7,0.02859911322593689,One More Time,Plateau,YONAS,REL,1997,2016,rap,pop
296325,2d7d2146b62697c3746ad2915f6c647b0792acaa,154003,d708b39e5cc1f52973a685c1851126f41dcbcc7f,8,0.05617690086364746,One More Time,Makeshift Swahili,YONAS,This Heat,1997,1981,rap,rock
296325,2d7d2146b62697c3746ad2915f6c647b0792acaa,332197,7f45f58a83509e554c121682659ccb07e1681087,9,0.09043144434690475,One More Time,Google Translate / poppies,YONAS,Leanna Firestone,1997,2022,rap,pop
296325,2d7d2146b62697c3746ad2915f6c647b0792acaa,30786,bad271cccf742836b64941a057b13031216109f1,10,0.06769983470439911,One More Time,Marlboro Nights Extended,YONAS,Lonely God,1997,2018,rap,pop
296325,2d7d2146b62697c3746ad2915f6c647b0792acaa,67450,d33616556134806a0cb2289e4a7735b32f15fc85,11,0.0005840939120389521,One More Time,Pour Out Your Spirit,YONAS,Jason Nelson,1997,2015,rap,pop
296325,2d7d2146b62697c3746ad2915f6c647b0792acaa,99519,ba39db3f697455a14e9955d6960ad60b4f08a163,12,0.04072485491633415,One More Time,Dump,YONAS,Kero Kero Bonito,1997,2018,rap,pop
296325,2d7d2146b62697c3746ad2915f6c647b0792acaa,247549,aa379912c29499610ef98a5ddf6d32e09d99f61a,13,0.0005840939120389521,One More Time,Carrion Crawler,YONAS,Oh Sees,1997,2011,rap,pop
296325,2d7d2146b62697c3746ad2915f6c647b0792acaa,109967,d7f2493b797f8fd49cf5c174974a648f996a65ce,14,0.010860602371394634,One More Time,PRIMADONA,YONAS,Sueco,1997,2020,rap,pop
296325,2d7d2146b62697c3746ad2915f6c647b0792acaa,256045,70308425d02fc0678b343d04ceaabc9bf6758dcc,15,0.07829678058624268,One More Time,Hey Cowgirl,YONAS,Randall King,1997,2020,rap,country
296325,2d7d2146b62697c3746ad2915f6c647b0792acaa,132207,c15bf211e41be92409f43f331d0443ed774b727e,16,0.01681262068450451,One More Time,FLY AGAIN,YONAS,Turnstile,1997,2021,rap,rock
296325,2d7d2146b62697c3746ad2915f6c647b0792acaa,282271,bea8ee64e3fe6936638006ac9c97073a2a3040b3,17,0.021018071100115776,One More Time,Fill Me with the Fullness,YONAS,Housefires,1997,2016,rap,pop
296325,2d7d2146b62697c3746ad2915f6c647b0792acaa,196942,30eb7cb1154de8ab1e3fa77a8e506463f08417b4,18,0.0005840939120389521,One More Time,Sailors in Your Mouth - Bobs Buskers,YONAS,Bob's Burgers,1997,2013,rap,rock
296325,2d7d2146b62697c3746ad2915f6c647b0792acaa,54753,f9125454eb0aacbd640968c355ee5c6ec3449e81,19,0.06558110564947128,One More Time,Out of Tune,YONAS,The Backseat Lovers,1997,2018,rap,rock
296325,2d7d2146b62697c3746ad2915f6c647b0792acaa,472998,88d73098e988062d202271830a3be291c9415507,20,0.01506322342902422,One More Time,Hangover,YONAS,Eric Bellinger,1997,2015,rap,rb
310892,2fb689105cf5c01a3fa02cc4e908c6d38d5fd776,80384,ae7b66967321a2c38fade3a08a900886d673af40,1,0.8877649307250977,If You Hadnt But You Did From Two On The Aisle 1951,If You Hadnt but You Did,Kristin Chenoweth,Kristin Chenoweth,2015,2015,pop,pop
310892,2fb689105cf5c01a3fa02cc4e908c6d38d5fd776,443616,8406816401bec56fe52574e1aae21f209314f514,2,0.8545465469360352,If You Hadnt But You Did From Two On The Aisle 1951,If You Hadnt But You Did,Kristin Chenoweth,Liza Minnelli,2015,1987,pop,pop
310892,2fb689105cf5c01a3fa02cc4e908c6d38d5fd776,187765,caf554f5a490077ba30631fc6373e37011e2ac7d,3,0.03861856460571289,If You Hadnt But You Did From Two On The Aisle 1951,The Godfather,Kristin Chenoweth,The Godfather (Film),2015,1972,pop,misc
310892,2fb689105cf5c01a3fa02cc4e908c6d38d5fd776,328586,e89609e458472c2a071effa8560fa8b8b893a128,4,0.08302291482686996,If You Hadnt But You Did From Two On The Aisle 1951,Mad Men: Kodak Pitch,Kristin Chenoweth,Matthew Weiner,2015,2007,pop,misc
310892,2fb689105cf5c01a3fa02cc4e908c6d38d5fd776,287436,a525a21b707e49ae20ddf1f58060ff952f1aa6b7,5,0.07414543628692627,If You Hadnt But You Did From Two On The Aisle 1951,Free My Mind,Kristin Chenoweth,Omah Lay,2015,2021,pop,pop
310892,2fb689105cf5c01a3fa02cc4e908c6d38d5fd776,431561,94ccaf4c6dda9bab69ad9d5d6d2dc41a8132437f,6,0.07520327717065811,If You Hadnt But You Did From Two On The Aisle 1951,Contact Us,Kristin Chenoweth,D Double E,2015,2020,pop,rap
310892,2fb689105cf5c01a3fa02cc4e908c6d38d5fd776,152014,b8ed3ffff49a9be95ead6eac70e4440851556513,7,0.05324126407504082,If You Hadnt But You Did From Two On The Aisle 1951,Yr So Beautiful,Kristin Chenoweth,Thaiboy Digital,2015,2014,pop,rap
310892,2fb689105cf5c01a3fa02cc4e908c6d38d5fd776,257413,3dfc38b5e4717ac0bf2747886f635efe9aa1b11d,8,0.06645505875349045,If You Hadnt But You Did From Two On The Aisle 1951,Please Turn Me Into the Snat,Kristin Chenoweth,Connan Mockasin,2015,2010,pop,rock
310892,2fb689105cf5c01a3fa02cc4e908c6d38d5fd776,259979,caef3c09bf53dfe34e7770a4a7c51adc5d9b7ac4,9,0.09102194756269455,If You Hadnt But You Did From Two On The Aisle 1951,Nuclear Hands Up,Kristin Chenoweth,Zomboy,2015,2012,pop,pop
310892,2fb689105cf5c01a3fa02cc4e908c6d38d5fd776,300743,3d4908643eaeea8e98a7c917f09d92ae6e389bae,10,0.07827923446893692,If You Hadnt But You Did From Two On The Aisle 1951,Don Dada,Kristin Chenoweth,Yungeen Ace,2015,2020,pop,rap
310892,2fb689105cf5c01a3fa02cc4e908c6d38d5fd776,476066,fbfe290bcb84887015fa8a18e3d33d13d1cfa1f0,11,0.08197270333766937,If You Hadnt But You Did From Two On The Aisle 1951,Ealán,Kristin Chenoweth,ISK (NOR),2015,2019,pop,pop
310892,2fb689105cf5c01a3fa02cc4e908c6d38d5fd776,458280,2bdb529970bcb48e3c23af4a24de94db5289a892,12,0.0785665437579155,If You Hadnt But You Did From Two On The Aisle 1951,Fed Up,Kristin Chenoweth,Hocico,2015,2008,pop,pop
310892,2fb689105cf5c01a3fa02cc4e908c6d38d5fd776,503597,4bb1e347844bfd45397bfc5ff705cc8a69e6f90f,13,0.08387868851423264,If You Hadnt But You Did From Two On The Aisle 1951,Ride It,Kristin Chenoweth,RUSSELL!,2015,2022,pop,rb
310892,2fb689105cf5c01a3fa02cc4e908c6d38d5fd776,232314,434ba3c5d3cc089e725697464c27b59299108397,14,0.0652303621172905,If You Hadnt But You Did From Two On The Aisle 1951,Mad Men: Lucky Strike Pitch,Kristin Chenoweth,Matthew Weiner,2015,2007,pop,misc
310892,2fb689105cf5c01a3fa02cc4e908c6d38d5fd776,511438,885fd95206f66f7d3a557ed1045951cddd9c2480,15,0.0789068192243576,If You Hadnt But You Did From Two On The Aisle 1951,Charger,Kristin Chenoweth,Timaya,2015,2022,pop,pop
310892,2fb689105cf5c01a3fa02cc4e908c6d38d5fd776,101822,76dc7f08cadac2246d5bec6be7b670f59f5f25dc,16,0.07392019778490067,If You Hadnt But You Did From Two On The Aisle 1951,Kilometre,Kristin Chenoweth,Burna Boy,2015,2021,pop,pop
310892,2fb689105cf5c01a3fa02cc4e908c6d38d5fd776,230465,d5fef381e1dcc5e8c7385ab722baa1e9be893b46,17,0.08996932208538055,If You Hadnt But You Did From Two On The Aisle 1951,Dont Say Its Over,Kristin Chenoweth,Gun (band),2015,1994,pop,pop
310892,2fb689105cf5c01a3fa02cc4e908c6d38d5fd776,452265,f7353f848fc2afbba989261ab7e73d5a076d0a40,18,0.03204392269253731,If You Hadnt But You Did From Two On The Aisle 1951,Hate it or Love it,Kristin Chenoweth,Rico Cartel,2015,2020,pop,rap
310892,2fb689105cf5c01a3fa02cc4e908c6d38d5fd776,76824,620790bbe15e9c98d3f12ae7c65826fbed68b510,19,0.08197270333766937,If You Hadnt But You Did From Two On The Aisle 1951,Empty Hearts,Kristin Chenoweth,Prxz & Shiloh Dynasty,2015,2017,pop,rb
310892,2fb689105cf5c01a3fa02cc4e908c6d38d5fd776,431974,442f75fcbebb8ae174b139ccb9e5f36110c0becc,20,0.062020350247621536,If You Hadnt But You Did From Two On The Aisle 1951,She Can Get It,Kristin Chenoweth,Kevin Rudolf,2015,2008,pop,pop
210688,a6a2f18e1555176620302110ad85171c18fbb033,183390,5c1e0b5e5def554d8ece7bb3f193b7ace8470f4e,1,0.17542514204978943,I Love You,Ive Got that Tune,Alex Clare,Chinese Man,2011,2006,pop,pop
210688,a6a2f18e1555176620302110ad85171c18fbb033,332746,dc8bacc4872353f6d8b7fa3bd83282c4d948c3a3,2,0.1742342710494995,I Love You,Were Breaking Up,Alex Clare,Against Me!,2011,2010,pop,rock
210688,a6a2f18e1555176620302110ad85171c18fbb033,349242,4b0a40e3b39cb721f718a12b11479cb50d68361b,3,0.1130978986620903,I Love You,Dont Wanna,Alex Clare,Warpaint,2011,2016,pop,rock
210688,a6a2f18e1555176620302110ad85171c18fbb033,231124,36d54c963e72dc99f05e8ee07cbd3acafed059b1,4,0.1610022485256195,I Love You,If Love Is Just A Word,Alex Clare,Bleib Modern,2011,2015,pop,rock
210688,a6a2f18e1555176620302110ad85171c18fbb033,388563,0f70087a8a0fc109d69eacc9e94b73d8e12c0ba9,5,0.13201551139354706,I Love You,Without Words,Alex Clare,Joseph of Mercury,2011,2017,pop,pop
210688,a6a2f18e1555176620302110ad85171c18fbb033,323543,3813eb58b652f6001bb263d18e396e2a9088f1cd,6,0.13201551139354706,I Love You,I Want to Tell You Something,Alex Clare,Jenny Hval,2011,2018,pop,pop
210688,a6a2f18e1555176620302110ad85171c18fbb033,339793,cdaa979705e891fb8c51d6c7ba37d54262fadec5,7,0.1479991227388382,I Love You,Hello,Alex Clare,Galantis,2011,2017,pop,pop
210688,a6a2f18e1555176620302110ad85171c18fbb033,96939,7b85508da1b3dbf6ab8922578b83478d83fe9cac,8,0.13201551139354706,I Love You,The Sweetest Sounds,Alex Clare,Richard Rodgers,2011,2017,pop,pop
210688,a6a2f18e1555176620302110ad85171c18fbb033,409855,5c59a110cf59a9090230eb3c193f25700fda2e17,9,0.13201551139354706,I Love You,Thats All Ive Got to Say,Alex Clare,Art Garfunkel,2011,1981,pop,pop
210688,a6a2f18e1555176620302110ad85171c18fbb033,196802,c55309d255379c751e3ceae4212e203804122d95,10,0.13201551139354706,I Love You,No Words,Alex Clare,Sander van Doorn,2011,2018,pop,pop
210688,a6a2f18e1555176620302110ad85171c18fbb033,114600,26e7ddd9df4dc981fed6df1c0035d15382fa4a16,11,0.13201551139354706,I Love You,Better With You,Alex Clare,Jason Mraz,2011,2018,pop,pop
210688,a6a2f18e1555176620302110ad85171c18fbb033,119518,03954c6ef144356139ee7df5569ff270d42102d7,12,0.13709022104740143,I Love You,Neverland,Alex Clare,Holland,2011,2018,pop,pop
210688,a6a2f18e1555176620302110ad85171c18fbb033,173160,95c8368120b9416b73b1cedf382e1c0cedc6eede,13,0.13201551139354706,I Love You,The Big Dream,Alex Clare,David Lynch,2011,2013,pop,misc
210688,a6a2f18e1555176620302110ad85171c18fbb033,351695,35d5f7b602bbe25a8fa536fe8c9d8ab600c7fd59,14,0.11540248245000839,I Love You,Back to Black BBC Radio 1 Live Session,Alex Clare,Sam Fender,2011,2020,pop,pop
210688,a6a2f18e1555176620302110ad85171c18fbb033,331070,29406e7bdbb9a6761fca8b1ab6a304783ce9f373,15,0.14203773438930511,I Love You,I Love You,Alex Clare,The Zombies,2011,1965,pop,rock
210688,a6a2f18e1555176620302110ad85171c18fbb033,265011,05e7334f92c35a52495badb138f5bae1536250b7,16,0.12380390614271164,I Love You,Busy Tone,Alex Clare,Isaura,2011,2018,pop,pop
210688,a6a2f18e1555176620302110ad85171c18fbb033,478372,1addf2a6a1f47168b2b8a2eb97b66f5d4a0e80fb,17,0.13201551139354706,I Love You,Shell Move,Alex Clare,Lucy Rose,2011,2015,pop,pop
210688,a6a2f18e1555176620302110ad85171c18fbb033,425277,ea7935482ccd375db5dc6e119d4d4cb8f8378938,18,0.11417537182569504,I Love You,The Return Love Comes Back,Alex Clare,Rose Cousins,2011,2020,pop,pop
210688,a6a2f18e1555176620302110ad85171c18fbb033,309194,d501d7bb59cfeddaa10999dbf584665a0f71024f,19,0.13201551139354706,I Love You,Drivin on by You,Alex Clare,Sports,2011,2016,pop,rock
210688,a6a2f18e1555176620302110ad85171c18fbb033,248318,96045623182843600ab5a19c4008c20ba35dd368,20,0.12844470143318176,I Love You,Kindness Soul Hymns Version,Alex Clare,Isla Vista Worship,2011,2019,pop,pop
473269,603c1678471df82964c12c3f8bad98f3614fde05,469108,bbe0f5483ae7f71a03a307a81d937c3d356d94de,1,0.3000403344631195,Magic,Why Are We In Love?,Kisch,Furniture,2021,1983,pop,rock
473269,603c1678471df82964c12c3f8bad98f3614fde05,46327,ce409780cc939a117024c5d6d791aab08a519a06,2,0.2259092628955841,Magic,Magical Mystery Tour,Kisch,The Beatles,2021,1967,pop,pop
473269,603c1678471df82964c12c3f8bad98f3614fde05,493633,7b6be74d2f48ec6f7bb9b381d70e3bace33685c0,3,0.22716780006885529,Magic,Peng 33,Kisch,Iron & Wine,2021,2009,pop,rock
473269,603c1678471df82964c12c3f8bad98f3614fde05,434533,1a227fea9e5bccf1670506b6ff901f6ac821230a,4,0.20013479888439178,Magic,Magical Trevor,Kisch,Weebl,2021,2004,pop,pop
473269,603c1678471df82964c12c3f8bad98f3614fde05,346802,b9992e245a147c5de7a61b7f802dec4f88b7154f,5,0.1982703059911728,Magic,A Newlywed Couple,Kisch,"Kristen Anderson-Lopez, Sara Mann, Jessica Rotter, Cindy Bourquin, Elyse Willis, Laura Dickinson, Robert Lopez, Eric Bradley, Greg Whipple & Jasper Randall",2021,2021,pop,pop
473269,603c1678471df82964c12c3f8bad98f3614fde05,459819,130797f6d275f9c5282fe294753809cfc77a110f,6,0.2550642490386963,Magic,Welcome to Scatland,Kisch,Scatman John,2021,1995,pop,pop
473269,603c1678471df82964c12c3f8bad98f3614fde05,503431,1f1b4ffba0eb03979b5673a4aed13979108748ae,7,0.22766859829425812,Magic,Magical World,Kisch,Mario Judah,2021,2022,pop,rock
473269,603c1678471df82964c12c3f8bad98f3614fde05,496111,d5b5ff2b203b01e6fcc1227c4640465a0c95f744,8,0.27555909752845764,Magic,June in January,Kisch,Dean Martin,2021,1959,pop,pop
473269,603c1678471df82964c12c3f8bad98f3614fde05,471188,e3948810cc4e92abb63b5a204f3f5727d98e83fd,9,0.24172969162464142,Magic,Im Not That Kind Of Boy,Kisch,AxCx,2021,1998,pop,rock
473269,603c1678471df82964c12c3f8bad98f3614fde05,271654,848098a52fa1acc1a944e733267ded874303ae89,10,0.22766859829425812,Magic,Magic,Kisch,KSHMR,2021,2018,pop,pop
473269,603c1678471df82964c12c3f8bad98f3614fde05,420801,006e30e900b6670188e283099322d1bd7f5aae72,11,0.20124872028827667,Magic,Kylie from Connecticut,Kisch,Ben Folds,2021,2008,pop,rock
473269,603c1678471df82964c12c3f8bad98f3614fde05,282586,0f63b9e65837b7cb3a68596fe3740522400a0ffc,12,0.2511642873287201,Magic,Gravity,Kisch,Blondie,2021,2017,pop,rock
473269,603c1678471df82964c12c3f8bad98f3614fde05,25310,d8a217f4e295038d4169261f7a697e2b180b484a,13,0.14090584218502045,Magic,Pink Fluffy Unicorns Dancing on Rainbows,Kisch,Andrew Huang,2021,2010,pop,pop
473269,603c1678471df82964c12c3f8bad98f3614fde05,363971,d5213b0b1e14204d2311a168f4b321fd5c2e74f0,14,0.22130422294139862,Magic,Magic City,Kisch,Buju Banton,2021,2009,pop,misc
473269,603c1678471df82964c12c3f8bad98f3614fde05,464886,f18ca5178c783a44977e3855bd222a82240f3c89,15,0.24395973980426788,Magic,Silent,Kisch,Archive,2021,2012,pop,pop
473269,603c1678471df82964c12c3f8bad98f3614fde05,493954,cb4b28bd333a0f0351b3a798234806faf17cd8f8,16,0.22664152085781097,Magic,You Have To Dance Feet,Kisch,Esperanza Spalding,2021,2018,pop,pop
473269,603c1678471df82964c12c3f8bad98f3614fde05,326386,0a99f58ec126957e2d30fdc42082ffc4df623117,17,0.14865998923778534,Magic,Tropical Oceans,Kisch,D.D Dumbo,2021,2014,pop,pop
473269,603c1678471df82964c12c3f8bad98f3614fde05,84039,51fca62e72d0c8895780b11b66316b9080e11ed9,18,0.208664208650589,Magic,TNT,Kisch,M Huncho,2021,2019,pop,rap
473269,603c1678471df82964c12c3f8bad98f3614fde05,158944,639e4c5ca3810f10fb0e34b06a3d4267278c4443,19,0.17309768497943878,Magic,Beat the Ordinary,Kisch,Elephant Kind,2021,2016,pop,pop
473269,603c1678471df82964c12c3f8bad98f3614fde05,292311,87e8d953ba39cd6083886cdc602dcd3a94b25649,20,0.21848106384277344,Magic,Not Alone/Goin Back to Hogwarts Reprise,Kisch,Team StarKid,2021,2009,pop,misc
440126,91ea9a22b53070e1cf4b7636649489848eb69f0d,95904,ea3a64ddacc75fe93dc8118f4e8d81f0a2202b98,1,0.1321062296628952,Bible Love,Sundays,Unknown T,Emotional Oranges,2021,2019,rap,pop
440126,91ea9a22b53070e1cf4b7636649489848eb69f0d,354394,61c69e96b2bbf1e7a26f2aa526b0056d4d25ba6a,2,0.04087620973587036,Bible Love,A History of Babies,Unknown T,Toby Fox,2021,2010,rap,pop
440126,91ea9a22b53070e1cf4b7636649489848eb69f0d,368841,c0c8dcfa9c0a5b9c4f4db83f2fe152f6e16d97bb,3,0.024678468704223633,Bible Love,A Tune for Jack,Unknown T,Lemon Jelly,2021,1998,rap,rock
440126,91ea9a22b53070e1cf4b7636649489848eb69f0d,101708,d0a28cda9213c072d21125dbe06b6059fb94053a,4,0.035319551825523376,Bible Love,SEVENTEEN 세븐틴 Discography,Unknown T,Genius Korea,2021,2015,rap,misc
440126,91ea9a22b53070e1cf4b7636649489848eb69f0d,450208,3ba9d318572768a5e84832a0beb915a62150dd0d,5,0.024136217311024666,Bible Love,The Ramen Burger,Unknown T,Keizo Shimamoto,2021,2013,rap,misc
440126,91ea9a22b53070e1cf4b7636649489848eb69f0d,120506,95fc773ac0818ac58e319b6db35f4a9f3629cc14,6,0.06949048489332199,Bible Love,People 2014,Unknown T,Barbra Streisand,2021,2014,rap,pop
440126,91ea9a22b53070e1cf4b7636649489848eb69f0d,104716,1a56c0cdf04dae228440515cae1498bcd46af97a,7,0.024642007425427437,Bible Love,Special Agent Oso Theme,Unknown T,Joey Gian,2021,2010,rap,rock
440126,91ea9a22b53070e1cf4b7636649489848eb69f0d,323033,a94b93ed36864e36095a9ff976761629c1ee1006,8,0.024678468704223633,Bible Love,My Yellow Blankey,Unknown T,Barney,2021,1994,rap,rock
440126,91ea9a22b53070e1cf4b7636649489848eb69f0d,309670,c9c1cc84b817b179349de8491f18a9e1bcee48f7,9,0.024678468704223633,Bible Love,POST-APOCALYPTO THEME,Unknown T,Tenacious D,2021,2018,rap,rock
440126,91ea9a22b53070e1cf4b7636649489848eb69f0d,442144,9e4db3f94a75217303a73f97b5f0b92c7a35494d,10,0.024678468704223633,Bible Love,The Giver,Unknown T,Duke Dumont,2021,2012,rap,pop
440126,91ea9a22b53070e1cf4b7636649489848eb69f0d,425785,4922e4559fe9d29ddc7666b01ab7180baedbcc30,11,0.024678468704223633,Bible Love,Best Dressed of New Years 2014,Unknown T,Fashion Genius,2021,2014,rap,misc
440126,91ea9a22b53070e1cf4b7636649489848eb69f0d,473693,946beb480b0270a53c3408d971968e79ee4081fb,12,0.052126772701740265,Bible Love,Hes So Cute,Unknown T,Shanice,2021,1987,rap,rb
440126,91ea9a22b53070e1cf4b7636649489848eb69f0d,110879,ec94aa06bc381270592f262341b2fe7bb0c71a0e,13,0.07705932855606079,Bible Love,Very Special,Unknown T,Davido,2021,2020,rap,pop
440126,91ea9a22b53070e1cf4b7636649489848eb69f0d,496400,3adb313eb57791a4cb723bd8416dd573a0016e6a,14,0.09680641442537308,Bible Love,Starting again,Unknown T,George Duke,2021,1978,rap,pop
440126,91ea9a22b53070e1cf4b7636649489848eb69f0d,310138,3657628d098355e7e941c80f65e908437b420064,15,0.024678468704223633,Bible Love,Zulu War Chant Funky Remix,Unknown T,Time Zone,2021,1993,rap,rap
440126,91ea9a22b53070e1cf4b7636649489848eb69f0d,320226,1b4891b414543bdf27821d8f27688e886b0a00e6,16,0.07093001902103424,Bible Love,Donuts Mind If I Do,Unknown T,CHAI (JPN),2021,2020,rap,pop
440126,91ea9a22b53070e1cf4b7636649489848eb69f0d,175220,1b5fe8f8b1f6c296e056bf1d94c81efc8ae23afe,17,0.09063427150249481,Bible Love,If You Want My Love,Unknown T,Cheap Trick,2021,1982,rap,rock
440126,91ea9a22b53070e1cf4b7636649489848eb69f0d,198493,a23a6a96c9785e58fe8c8ee1b94b314d97f646d4,18,0.07586845010519028,Bible Love,Saturday Love,Unknown T,Alexander O'Neal,2021,2008,rap,rb
440126,91ea9a22b53070e1cf4b7636649489848eb69f0d,490726,754896bf034595a98d8ef2b2c5d45bea1b081af3,19,0.06873734295368195,Bible Love,L-O-V-E,Unknown T,Cast - T.O.T.S.,2021,2019,rap,pop
440126,91ea9a22b53070e1cf4b7636649489848eb69f0d,72979,2d5ebb7c31542758795d41a590f43e2258b8fed3,20,0.03414042666554451,Bible Love,The New Real,Unknown T,Three Days Grace,2021,2018,rap,rock
327331,76b6ebb9cf4a410bc3986200fdf364963d0c7e14,30370,d4b54422b33048372c3b074ec297eeba0f8dde1e,1,0.1561509519815445,Barely Finished,Weapon of Choice,BrvndonP & Mission,Fatboy Slim,2017,2001,rap,pop
327331,76b6ebb9cf4a410bc3986200fdf364963d0c7e14,488663,9e49f6c430e0bcb3707f39920acaaf86c78c3737,2,0.07159852236509323,Barely Finished,Money In The Bank 2015,BrvndonP & Mission,WWE,2017,2015,rap,misc
327331,76b6ebb9cf4a410bc3986200fdf364963d0c7e14,7588,99a972a40c9099c3e646cb4526c23c6f1bcf5c00,3,0.019085988402366638,Barely Finished,Miracle on Ice Pre-Game Speech,BrvndonP & Mission,Kurt Russell,2017,2014,rap,misc
327331,76b6ebb9cf4a410bc3986200fdf364963d0c7e14,272137,b34fa9c55c87aceb1350c98cb0690b63cb6105a1,4,0.05698254331946373,Barely Finished,First Place,BrvndonP & Mission,A Boogie wit da Hoodie,2017,2020,rap,rap
327331,76b6ebb9cf4a410bc3986200fdf364963d0c7e14,374817,ac03d713ba80078c9ea9ae3489b9f7afbdf9b655,5,0.04449383541941643,Barely Finished,Midnight Zone,BrvndonP & Mission,Belly,2017,2018,rap,rap
327331,76b6ebb9cf4a410bc3986200fdf364963d0c7e14,67239,6d31eaf9c566137677da89715c52175b7fe222e5,6,0.032652586698532104,Barely Finished,Follow Follow,BrvndonP & Mission,Glasgow Rangers,2017,2015,rap,pop
327331,76b6ebb9cf4a410bc3986200fdf364963d0c7e14,59031,ae3eaa3aff315c9df6d3b6c658044da71739e620,7,0.010926080867648125,Barely Finished,Alexis Sánchezs Career Achievements,BrvndonP & Mission,Alexis Snchez,2017,2014,rap,misc
327331,76b6ebb9cf4a410bc3986200fdf364963d0c7e14,119813,395c00efddde8bc8350cbdf889d0074f98271dee,8,0.0429232083261013,Barely Finished,The Worse Word,BrvndonP & Mission,John Mulaney,2017,2012,rap,misc
327331,76b6ebb9cf4a410bc3986200fdf364963d0c7e14,370630,667ba79d934ea70a04a3d99cff13e5b866bfc959,9,0.04662393778562546,Barely Finished,14 I Wish I Had Pictures,BrvndonP & Mission,The Magnetic Fields,2017,2017,rap,rock
327331,76b6ebb9cf4a410bc3986200fdf364963d0c7e14,505631,aca91aea693fcec8bf63911e90e51e1a89b14562,10,0.04084642976522446,Barely Finished,Home Team,BrvndonP & Mission,PnB Rock,2017,2022,rap,rap
327331,76b6ebb9cf4a410bc3986200fdf364963d0c7e14,134827,e38e512a7e5ed29497a97e2ab446fe3bd8bd09be,11,0.04441540315747261,Barely Finished,Let Him Come,BrvndonP & Mission,Team StarKid,2017,2018,rap,pop
327331,76b6ebb9cf4a410bc3986200fdf364963d0c7e14,371659,7717b3c4af5a6ed783b9e7730e6684e0e3884cba,12,0.12880739569664001,Barely Finished,Whoa Now,BrvndonP & Mission,B-Rich,2017,2002,rap,rap
327331,76b6ebb9cf4a410bc3986200fdf364963d0c7e14,265069,bfe3636e306875aba159606176c20f82be0fe9de,13,0.04449383541941643,Barely Finished,Higher,BrvndonP & Mission,Modestep,2017,2017,rap,pop
327331,76b6ebb9cf4a410bc3986200fdf364963d0c7e14,13357,dd47dac8b95d1c2a73900843a253a51102e2b82d,14,0.054903991520404816,Barely Finished,Order My Steps,BrvndonP & Mission,The Brooklyn Tabernacle Choir,2017,1996,rap,pop
327331,76b6ebb9cf4a410bc3986200fdf364963d0c7e14,506423,8766651c58d265e64dfd35b38606fc96f8c496e1,15,0.0758061483502388,Barely Finished,Killers,BrvndonP & Mission,Snoop Dogg,2017,2022,rap,rap
327331,76b6ebb9cf4a410bc3986200fdf364963d0c7e14,368373,655cca9ec626fc0c83bebde22c291c7b768a3d81,16,0.032890453934669495,Barely Finished,A Word for That,BrvndonP & Mission,Barenaked Ladies,2017,2008,rap,rock
327331,76b6ebb9cf4a410bc3986200fdf364963d0c7e14,52090,0c6670f67b8d533fc2f8986b4ed83930b5ee93f3,17,0.01699039712548256,Barely Finished,Sussudio,BrvndonP & Mission,Phil Collins,2017,1985,rap,rock
327331,76b6ebb9cf4a410bc3986200fdf364963d0c7e14,244358,5b2915808770705b66eacfb6c82dd3d3fc015bdb,18,0.0,Barely Finished,Maria 62,BrvndonP & Mission,Tropical Fuck Storm,2017,2019,rap,rock
327331,76b6ebb9cf4a410bc3986200fdf364963d0c7e14,475149,b8982e08314645c316ac7d69382c1072e1ad8df2,19,0.06330382078886032,Barely Finished,No Words,BrvndonP & Mission,Charlie Wilson,2017,2005,rap,rb
327331,76b6ebb9cf4a410bc3986200fdf364963d0c7e14,412944,14efc9587107cdfcf990f2ae6dabc2bea036cc1b,20,0.001817358541302383,Barely Finished,Bamboo Skit,BrvndonP & Mission,A$AP Twelvyy,2017,2017,rap,rap
291568,1aad187e98ea199adb48dda1ae43b6b21275fbc8,11327,b0798414e5ff55809428444ae5550718e1fa1cfe,1,0.2031538337469101,Alpaca,Litty Again Freestyle,Conway the Machine,Tory Lanez,2018,2018,rap,rap
291568,1aad187e98ea199adb48dda1ae43b6b21275fbc8,304811,edf1d0a985fa1847ca84a29389340fdc6407380e,2,0.008182782679796219,Alpaca,This Is Not Miami,Conway the Machine,Sander Kleinenberg,2018,2015,rap,pop
291568,1aad187e98ea199adb48dda1ae43b6b21275fbc8,22756,461a3fb1c6f01aec11727b6d9b25e81c63924d66,3,0.01410686131566763,Alpaca,Giant Woman,Conway the Machine,Zach Callison,2018,2014,rap,pop
291568,1aad187e98ea199adb48dda1ae43b6b21275fbc8,296542,bedb4e8bac46206c99b107e72673b96c86bccf09,4,0.022545551881194115,Alpaca,Harlem River Drive,Conway the Machine,Bobbi Humphrey,2018,1974,rap,rb
291568,1aad187e98ea199adb48dda1ae43b6b21275fbc8,259481,2151f7dea2957793ef2f6872f77b3970d6a4443f,5,0.010533279739320278,Alpaca,Honey,Conway the Machine,salute,2018,2018,rap,pop
291568,1aad187e98ea199adb48dda1ae43b6b21275fbc8,398237,fd197a6ba688f847626d05bb2ab63c6b3e1138ab,6,0.030427703633904457,Alpaca,GOLIATH,Conway the Machine,Lucy Grimble,2018,2020,rap,pop
291568,1aad187e98ea199adb48dda1ae43b6b21275fbc8,247459,76e21948578eb0ea1065bb3cef011d3d3805d705,7,0.02051396854221821,Alpaca,4AM,Conway the Machine,Kaskade,2018,2006,rap,pop
291568,1aad187e98ea199adb48dda1ae43b6b21275fbc8,23925,4e80702628bcbfa0c8b4efd5665d8434614b5d74,8,0.0038554263301193714,Alpaca,Be Wherever You Are,Conway the Machine,Zach Callison,2018,2014,rap,pop
291568,1aad187e98ea199adb48dda1ae43b6b21275fbc8,74413,6a9bf490fc7f3272f9693dd14685bcc8cdb6adbe,9,0.013355949893593788,Alpaca,Shanghai,Conway the Machine,King Gizzard & The Lizard Wizard,2018,2021,rap,pop
291568,1aad187e98ea199adb48dda1ae43b6b21275fbc8,417692,3683ec3818a2e14caf8872fec4a14112b1a12a39,10,0.015950994566082954,Alpaca,Let It Roll,Conway the Machine,UFO,2018,1975,rap,rock
291568,1aad187e98ea199adb48dda1ae43b6b21275fbc8,180769,56de4ae664533fdc48016a9b75361e56c2c859ab,11,0.008741489611566067,Alpaca,Shining Like Diamonds,Conway the Machine,Cyborg,2018,2017,rap,rb
291568,1aad187e98ea199adb48dda1ae43b6b21275fbc8,348948,f1410d3aff6074cfb2efcaed43d7c57bc45cf011,12,0.009826685301959515,Alpaca,Dog Day Sunrise,Conway the Machine,Fear Factory,2018,1995,rap,rock
291568,1aad187e98ea199adb48dda1ae43b6b21275fbc8,405843,69b6f4410e1ffee4a3786f24e943934b8dd461f1,13,0.025040894746780396,Alpaca,Hyper Enough,Conway the Machine,Superchunk,2018,1995,rap,rock
291568,1aad187e98ea199adb48dda1ae43b6b21275fbc8,232363,60014920b4550a586b18d75bdc5f69089f398a2d,14,0.015526828356087208,Alpaca,Land of Dreams,Conway the Machine,Rosanne Cash,2018,2015,rap,pop
291568,1aad187e98ea199adb48dda1ae43b6b21275fbc8,117823,aa27e74454c8020ba8ca3f88b4dd81d172c5b8b3,15,0.04981296882033348,Alpaca,On the Bus,Conway the Machine,Irene Sankoff and David Hein,2018,2017,rap,rock
291568,1aad187e98ea199adb48dda1ae43b6b21275fbc8,127315,5a5cdb1b659f1f1099ca334d343a787dac487310,16,0.008191261440515518,Alpaca,Columbine,Conway the Machine,SKYND,2018,2020,rap,rock
291568,1aad187e98ea199adb48dda1ae43b6b21275fbc8,388212,c191cb371c13c27df5c89ce15ab0db28542c7e77,17,0.009967681020498276,Alpaca,Just Water,Conway the Machine,Bryansanon,2018,2021,rap,rap
291568,1aad187e98ea199adb48dda1ae43b6b21275fbc8,286642,2de0cd3f661729e4465421d77c066a06e9d1a62f,18,0.010135858319699764,Alpaca,Yay Yay,Conway the Machine,French Montana,2018,2015,rap,rap
291568,1aad187e98ea199adb48dda1ae43b6b21275fbc8,173043,490d62247bbdd0fce4f7adea1483d494fdb7173d,19,0.015495083294808865,Alpaca,Shining,Conway the Machine,ROY KNOX,2018,2019,rap,pop
291568,1aad187e98ea199adb48dda1ae43b6b21275fbc8,125686,c010b0067a0c463cb7de63a43989054d5058f6d5,20,0.015208318829536438,Alpaca,Animal Impulses,Conway the Machine,IAMX,2018,2013,rap,pop
142621,08f634023e675015487610e6d9e5ac73b7224802,386139,e7112b14588715225538964a999d291bdda29ecd,1,0.2817070186138153,Make You Mine,Goodbye,Mike Williams,Marcus Alexander,2020,2016,pop,rock
142621,08f634023e675015487610e6d9e5ac73b7224802,352833,8e696a15f0f673022fe955033e730599cfcb2a61,2,0.21747243404388428,Make You Mine,Marbles,Mike Williams,Snarls,2020,2020,pop,rock
142621,08f634023e675015487610e6d9e5ac73b7224802,128453,60303e492c4b86ddbcd4d5b5eaf03aa7402c2237,3,0.1942213624715805,Make You Mine,Make You Mine,Mike Williams,Fudasca,2020,2020,pop,rap
142621,08f634023e675015487610e6d9e5ac73b7224802,55882,45976a5e7adcaaf7d03d7e775d8f96bb0200c767,4,0.15097127854824066,Make You Mine,Afterlife,Mike Williams,ILLENIUM,2020,2016,pop,pop
142621,08f634023e675015487610e6d9e5ac73b7224802,417765,46fd78f2fc4af74f036b67f79a3cd63529b3bb17,5,0.17927049100399017,Make You Mine,Unfolding,Mike Williams,Luca Fogale,2020,2019,pop,pop
142621,08f634023e675015487610e6d9e5ac73b7224802,380283,74ab5b04fcb60213323386400981801016bae487,6,0.15097127854824066,Make You Mine,Desdemona,Mike Williams,The Beaches,2020,2019,pop,rock
142621,08f634023e675015487610e6d9e5ac73b7224802,284525,3c318c0e1074fa5827f2d3cf2b7c303e10f2ab75,7,0.15097127854824066,Make You Mine,Lost,Mike Williams,Tinlicker,2020,2019,pop,pop
142621,08f634023e675015487610e6d9e5ac73b7224802,289760,9f66f858ca77a96a183df29446441fcd729e0f05,8,0.15097127854824066,Make You Mine,Outro Lost in a World with You,Mike Williams,Yellow Days,2020,2017,pop,rock
142621,08f634023e675015487610e6d9e5ac73b7224802,474797,1581f851df36311bca392758d11d36db229e6a55,9,0.1716340035200119,Make You Mine,Fading Star,Mike Williams,Weaving the Fate,2020,2012,pop,rock
142621,08f634023e675015487610e6d9e5ac73b7224802,496627,5cff3fbfcf8185d6707d392022b3477fed82fe26,10,0.19899338483810425,Make You Mine,Make You Mine,Mike Williams,Joe Jonas,2020,2011,pop,pop
142621,08f634023e675015487610e6d9e5ac73b7224802,193609,b72134120c9bc7c9e5ffdc29f308fa461e3746b3,11,0.15097127854824066,Make You Mine,Dont Let It Pass,Mike Williams,Junip,2020,2010,pop,pop
142621,08f634023e675015487610e6d9e5ac73b7224802,239087,1973045fd8f1675974c09af42127c6d8b200bfd9,12,0.1323409080505371,Make You Mine,Dream in Color,Mike Williams,HALIENE,2020,2018,pop,pop
142621,08f634023e675015487610e6d9e5ac73b7224802,338300,82a8b158992a9d03b98676399aa39fa40fad12f4,13,0.087921641767025,Make You Mine,Taste,Mike Williams,Ride,2020,1990,pop,rock
142621,08f634023e675015487610e6d9e5ac73b7224802,297686,1dd074315f191e3548bcec5848fe1cbe78db8f8b,14,0.06232941150665283,Make You Mine,Wellerman,Mike Williams,Santiano & Nathan Evans,2020,2021,pop,rock
142621,08f634023e675015487610e6d9e5ac73b7224802,487607,ed4429118d7ed1ca4274c1455b0fa9b737788ccd,15,0.11460556089878082,Make You Mine,Before I Loved You,Mike Williams,Rynn,2020,2019,pop,pop
142621,08f634023e675015487610e6d9e5ac73b7224802,149241,a62efba7caf6398309151391b48c1f3841519bbe,16,0.13221630454063416,Make You Mine,​what you do to me,Mike Williams,53 Thieves,2020,2019,pop,rb
142621,08f634023e675015487610e6d9e5ac73b7224802,384637,b8dbaf2d46b3394cd73fedcfe5d27392556a446f,17,0.06827618926763535,Make You Mine,Manners,Mike Williams,Icona Pop,2020,2010,pop,pop
142621,08f634023e675015487610e6d9e5ac73b7224802,251119,bae69cf979f79515d89ed329b946d6dfab46f44c,18,0.0809066966176033,Make You Mine,Heavy Chains,Mike Williams,Loudness,2020,1985,pop,rock
142621,08f634023e675015487610e6d9e5ac73b7224802,77712,8922cc0350a52dc716c7c95890e0f53678caa1f3,19,0.1323409080505371,Make You Mine,Tell Me Where You Are,Mike Williams,PinkPantheress,2020,2022,pop,pop
142621,08f634023e675015487610e6d9e5ac73b7224802,386948,9bbf3e907901b7e25c6edd1ed23af700ccf158f9,20,0.16280190646648407,Make You Mine,런 내 사람 Alone English Ver.,Mike Williams,Yu Jei (),2020,2021,pop,pop
19214,a3587a2c50bd1cffab65209617bdd8e84e88a5d3,93634,834e3c0b45b29a497ee1c2424585b983659a66eb,1,0.3739481568336487,Eyes Closed,Eyez Closed,Kanye West,Snoop Dogg,2011,2011,rap,rap
19214,a3587a2c50bd1cffab65209617bdd8e84e88a5d3,343261,2e3c07d4a2cbe0a9956c81fe6a54ec96cdcdae41,2,0.0034332782961428165,Eyes Closed,Prepared Testimony for the Healthcare.gov Hearing,Kanye West,"Cheryl Campbell - Senior Vice President CGI Federal, Inc",2011,2013,rap,misc
19214,a3587a2c50bd1cffab65209617bdd8e84e88a5d3,295457,66b8525daf6bad2f9dfb45aabfb421fa8dac5d42,3,0.02800096943974495,Eyes Closed,The Marx-Engels Reader Chap. 2.1: Wage Labour and Capital,Kanye West,Robert C. Tucker,2011,1978,rap,misc
19214,a3587a2c50bd1cffab65209617bdd8e84e88a5d3,411372,f192f26c4c239f130a0d2619cd7ae06ac01eaea1,4,0.06983856856822968,Eyes Closed,What Would You Give In Exchange For Your Soul,Kanye West,Bill Monroe,2011,2015,rap,country
19214,a3587a2c50bd1cffab65209617bdd8e84e88a5d3,237223,06107f23b5f4e6d83b85326b319a53849d6c1a4a,5,0.007231016643345356,Eyes Closed,Ring Down Below,Kanye West,Storm Weather Shanty Choir,2011,2012,rap,pop
19214,a3587a2c50bd1cffab65209617bdd8e84e88a5d3,201573,2b5e551d18c465023d77dc45cfde208f04a8b7c0,6,0.041067421436309814,Eyes Closed,She Is Beyond Good and Evil,Kanye West,The Pop Group,2011,1979,rap,rock
19214,a3587a2c50bd1cffab65209617bdd8e84e88a5d3,175789,6d88acd23d67d27e9dc198747d6ba6d3caf026d2,7,0.02671174518764019,Eyes Closed,Halo,Kanye West,Rynx,2011,2019,rap,pop
19214,a3587a2c50bd1cffab65209617bdd8e84e88a5d3,490084,81e2f6bbb1bde1bea531f116be3611559212e4e2,8,0.0480099618434906,Eyes Closed,Shiny New Model,Kanye West,Bodega,2011,2019,rap,rock
19214,a3587a2c50bd1cffab65209617bdd8e84e88a5d3,395235,54bbd4e38d839ecea78413f9f0836cf89ccd85fd,9,0.011004478670656681,Eyes Closed,Divine Wind,Kanye West,Blue yster Cult,2011,1980,rap,rock
19214,a3587a2c50bd1cffab65209617bdd8e84e88a5d3,184698,cfe18baea5135e234c75520d8b9cee51e29941dc,10,0.007014417555183172,Eyes Closed,Shut De Do,Kanye West,Acappella,2011,2015,rap,pop
19214,a3587a2c50bd1cffab65209617bdd8e84e88a5d3,126575,62c7325d40f0646a71c2eea5a0ee74fea80cacf9,11,0.010184797458350658,Eyes Closed,Pas vraiment,Kanye West,Stromae,2011,2022,rap,pop
19214,a3587a2c50bd1cffab65209617bdd8e84e88a5d3,389101,e8af37b1c5ccc89d6bddad36caf3b6fcf9fca944,12,0.002304936060681939,Eyes Closed,Real Bad Job,Kanye West,John Maus,2011,2006,rap,pop
19214,a3587a2c50bd1cffab65209617bdd8e84e88a5d3,104300,853111920a441f0f2d973f9aab58e12f51533055,13,0.08589088916778564,Eyes Closed,Running Up That Hill,Kanye West,Meg Myers,2011,2019,rap,pop
19214,a3587a2c50bd1cffab65209617bdd8e84e88a5d3,374738,46b99eee8c8cd8bfd3a284bac4675d49f880956e,14,0.01442722138017416,Eyes Closed,Hello-A,Kanye West,Mouth & MacNeal,2011,1972,rap,pop
19214,a3587a2c50bd1cffab65209617bdd8e84e88a5d3,153279,b4014f59c9a06134823a2a28f0def6442ac7421e,15,0.032946083694696426,Eyes Closed,Confessions Interlude Part 1,Kanye West,August Alsina,2011,2013,rap,rap
19214,a3587a2c50bd1cffab65209617bdd8e84e88a5d3,40259,ba7cb247afbce583cedba338c838fd7ee0a2cf1d,16,0.01589169166982174,Eyes Closed,Bluffin,Kanye West,Brent Faiyaz,2011,2020,rap,rb
19214,a3587a2c50bd1cffab65209617bdd8e84e88a5d3,319843,a192a8dc58acf48592cfda45dce34e16e827b093,17,0.04570779949426651,Eyes Closed,Somewhere in the universe,Kanye West,Pity Party Girls Club,2011,2019,rap,rock
19214,a3587a2c50bd1cffab65209617bdd8e84e88a5d3,269013,ba0cb97d7adb1fc97e55a4c04218ceeb574a4a4b,18,0.014443148858845234,Eyes Closed,Michael a Grammar,Kanye West,Broadcast,2011,2005,rap,rock
19214,a3587a2c50bd1cffab65209617bdd8e84e88a5d3,338049,ed88c21a2da5c1180f0c47f87595aa33370c8db1,19,0.010901964269578457,Eyes Closed,The Advantages of Floating in the Middle of the Sea,Kanye West,Stephen Sondheim,2011,1976,rap,pop
19214,a3587a2c50bd1cffab65209617bdd8e84e88a5d3,205536,b5531d2cfdf367d0ac065682fac6ac25bb4961f8,20,0.14249591529369354,Eyes Closed,Live Alone Die Alone,Kanye West,DempseyRollBoy,2011,2019,rap,rap
260738,de88e8fd3cef5c1009b93a14b9016cf9e4727ec8,350149,a7830b545986dea17731c49143c959c5c15a032e,1,0.8856573104858398,Across The Universe - triple j Like A Version,Across the Universe Wildlife Version,AURORA,The Beatles,2019,1969,pop,rock
260738,de88e8fd3cef5c1009b93a14b9016cf9e4727ec8,184382,53aa18a1ab0d1a5c3a2e432e63fb838d06e64d78,2,0.8830572366714478,Across The Universe - triple j Like A Version,Across the Universe,AURORA,Rufus Wainwright,2019,2002,pop,rock
260738,de88e8fd3cef5c1009b93a14b9016cf9e4727ec8,3500,6449ef65638a2588b0fa982ed76b7f376255a43e,3,0.8856573104858398,Across The Universe - triple j Like A Version,Across the Universe,AURORA,The Beatles,2019,1969,pop,rock
260738,de88e8fd3cef5c1009b93a14b9016cf9e4727ec8,63393,4d54d734f498c8acc00665fd067ac437f71da0a6,4,0.8769143223762512,Across The Universe - triple j Like A Version,Across the Universe,AURORA,Fiona Apple,2019,1998,pop,pop
260738,de88e8fd3cef5c1009b93a14b9016cf9e4727ec8,464710,f80897b390e35d81bf6a90a069b35e4d6d5c78db,5,0.8140555620193481,Across The Universe - triple j Like A Version,Across the Universe,AURORA,Scorpions,2019,2011,pop,pop
260738,de88e8fd3cef5c1009b93a14b9016cf9e4727ec8,499218,9b2c10a21a59b6701b66ca13a5768e6b6b9fe844,6,0.7834989428520203,Across The Universe - triple j Like A Version,Across the Universe,AURORA,Laibach,2019,1988,pop,pop
260738,de88e8fd3cef5c1009b93a14b9016cf9e4727ec8,392019,3f2b1678d0f2a17c039a7e85d4913a76cbeac82e,7,0.6450400352478027,Across The Universe - triple j Like A Version,Across the Universe,AURORA,Jim Sturgess,2019,2007,pop,pop
260738,de88e8fd3cef5c1009b93a14b9016cf9e4727ec8,266696,d373190adcfb259491731a45c89f08856b4778a7,8,0.6285756826400757,Across The Universe - triple j Like A Version,Across the Universe,AURORA,Evanescence,2019,2021,pop,pop
260738,de88e8fd3cef5c1009b93a14b9016cf9e4727ec8,454184,953ecdbef3ed56a5001d8421a78131a88457750b,9,0.36223503947257996,Across The Universe - triple j Like A Version,Name Tag Premier  The Guru,AURORA,Gang Starr,2019,1991,pop,rap
260738,de88e8fd3cef5c1009b93a14b9016cf9e4727ec8,87896,1adbb1f8c99116159f486377ec20c76ac6edaeff,10,0.35636886954307556,Across The Universe - triple j Like A Version,Ong Namo,AURORA,Snatam Kaur,2019,2004,pop,pop
260738,de88e8fd3cef5c1009b93a14b9016cf9e4727ec8,113792,8b69bfa4d23525387fad692586a7c7b12f053227,11,0.3621233105659485,Across The Universe - triple j Like A Version,Ella Guru,AURORA,Captain Beefheart & His Magic Band,2019,1969,pop,rock
260738,de88e8fd3cef5c1009b93a14b9016cf9e4727ec8,158313,05a41b1492d9d95134d779b3481b852e6573ea6b,12,0.3585602343082428,Across The Universe - triple j Like A Version,Metal Guru,AURORA,T. Rex,2019,1972,pop,rock
260738,de88e8fd3cef5c1009b93a14b9016cf9e4727ec8,269695,95953ff75d478361383b3be515641bcbf1d8af89,13,0.3483501076698303,Across The Universe - triple j Like A Version,Ardas Bhaee,AURORA,Jai-Jagdeesh,2019,2013,pop,pop
260738,de88e8fd3cef5c1009b93a14b9016cf9e4727ec8,512721,060f3fb379d4f5f5ca1cf5d8226bdc9375fa6b5f,14,0.31345629692077637,Across The Universe - triple j Like A Version,Triple Mantra English translation,AURORA,Nirinjan Kaur,2019,2022,pop,pop
260738,de88e8fd3cef5c1009b93a14b9016cf9e4727ec8,302399,703d4bf3dd66a7795ddd949f7620caa914847245,15,0.35526812076568604,Across The Universe - triple j Like A Version,Take Me In,AURORA,Snatam Kaur,2019,2014,pop,pop
260738,de88e8fd3cef5c1009b93a14b9016cf9e4727ec8,143191,240e1732b6dbba5452ee91bced9f2b2c2cd9bfea,16,0.20383088290691376,Across The Universe - triple j Like A Version,What Is Hip,AURORA,Tower of Power,2019,1973,pop,pop
260738,de88e8fd3cef5c1009b93a14b9016cf9e4727ec8,395589,e61fd61c363b071196384b658ca1cba479ce1448,17,0.3525289297103882,Across The Universe - triple j Like A Version,Sit with the Guru,AURORA,Strawberry Alarm Clock,2019,1968,pop,pop
260738,de88e8fd3cef5c1009b93a14b9016cf9e4727ec8,132877,def931be67e7bd7db3ad24ef1b618c86f2a26166,18,0.29338404536247253,Across The Universe - triple j Like A Version,Imogen,AURORA,Nick Mulvey,2019,2017,pop,pop
260738,de88e8fd3cef5c1009b93a14b9016cf9e4727ec8,42328,9bc94d25980f7d3ca719da9e57a78887661242e5,19,0.33851271867752075,Across The Universe - triple j Like A Version,Gone Guru,AURORA,Lifeseeker,2019,2002,pop,rap
260738,de88e8fd3cef5c1009b93a14b9016cf9e4727ec8,32748,daf719b9e2aa84fd9419e48b228a4642f63b320f,20,0.320972740650177,Across The Universe - triple j Like A Version,Guru,AURORA,Coast Modern,2019,2016,pop,pop
423766,505988421c3786fe2637dea628c7f3546862741a,43348,12524aa8930ac102a74852a6061c9a8a36e1cd74,1,0.7266225814819336,​seventeen,Seventeen,keshi,No Rome,2019,2018,rb,rb
423766,505988421c3786fe2637dea628c7f3546862741a,340068,68cf4243c8014feeff9da37f3ece15191c8588dc,2,0.27152949571609497,​seventeen,I Know When You Lyin,keshi,Plies,2019,2019,rb,rap
423766,505988421c3786fe2637dea628c7f3546862741a,232858,39ceeee5b3fabd62255078043e9d665d302d0034,3,0.1910647451877594,​seventeen,Sea,keshi,Low,2019,1994,rb,rock
423766,505988421c3786fe2637dea628c7f3546862741a,344594,ee1ba48b7731dbdad8be5933c9c38ddabf57fdce,4,0.2686076760292053,​seventeen,Busy,keshi,Olly Murs,2019,2011,rb,pop
423766,505988421c3786fe2637dea628c7f3546862741a,358403,bc7530b5cebf3289ab4a011d6bf01bc741fdadb4,5,0.2790878713130951,​seventeen,I Remember You,keshi,Ramones,2019,1977,rb,rock
423766,505988421c3786fe2637dea628c7f3546862741a,89501,c1337fd15c1811cb416269fcc36249cc6d81c500,6,0.19448423385620117,​seventeen,Why U Always Lying?,keshi,Strife Kid,2019,2015,rb,rap
423766,505988421c3786fe2637dea628c7f3546862741a,290972,6da585a4d56f5f7f0207ce32868fd83f7b0e2dd0,7,0.1910647451877594,​seventeen,Black Mud,keshi,LAYLA (GBR),2019,2014,rb,pop
423766,505988421c3786fe2637dea628c7f3546862741a,382099,be9ce94dfdb346e58e31770c0081ad6570797e72,8,0.1910647451877594,​seventeen,Mansion,keshi,Typhoon (Band),2019,2018,rb,rock
423766,505988421c3786fe2637dea628c7f3546862741a,131508,79cf579398f02b9fe316ed28d18caf948262fcea,9,0.1910647451877594,​seventeen,Aint No Home,keshi,Bane's World,2019,2016,rb,misc
423766,505988421c3786fe2637dea628c7f3546862741a,355825,bedca929bc4c2f5ec3dd792a6b27dc75bd34cc49,10,0.2790878713130951,​seventeen,Souvenirs,keshi,Swimming Tapes,2019,2016,rb,pop
423766,505988421c3786fe2637dea628c7f3546862741a,444576,1eb2ab603d244789f46641440e0f1251c10de350,11,0.1910647451877594,​seventeen,Warmth,keshi,ford.,2019,2018,rb,pop
423766,505988421c3786fe2637dea628c7f3546862741a,456120,0c0d9f4a3c295e8300a52844c270ac54ae3bfe88,12,0.1910647451877594,​seventeen,Shattering the Hourglass,keshi,Deep Sea Diver,2019,2020,rb,pop
423766,505988421c3786fe2637dea628c7f3546862741a,417158,f5c9aa6e742246ea22e8b3d22713b086af1a0b2e,13,0.1910647451877594,​seventeen,I Hear You Calling,keshi,Bill Fay,2019,1971,rb,rock
423766,505988421c3786fe2637dea628c7f3546862741a,452604,e6accb2ef0ebf9577ffcd188428f447333cbde43,14,0.19099578261375427,​seventeen,You Could Be Wrong,keshi,Bully,2019,2017,rb,rock
423766,505988421c3786fe2637dea628c7f3546862741a,105246,f5aff348af3cda2632c61f25b9953086a1835b4d,15,0.2102639228105545,​seventeen,Stutter,keshi,Joe,2019,2000,rb,rb
423766,505988421c3786fe2637dea628c7f3546862741a,387649,3c6f59d34c75376566fcc9e5b5767d55b5e39f7e,16,0.17252373695373535,​seventeen,What You Want,keshi,Teen Suicide,2019,2016,rb,rock
423766,505988421c3786fe2637dea628c7f3546862741a,483041,65dc4b67db9ec9ea1c6601c577432fe6ed8660f1,17,0.1910647451877594,​seventeen,Slug,keshi,Ramones,2019,1977,rb,rock
423766,505988421c3786fe2637dea628c7f3546862741a,225720,65cbb8518bc15c2c44f53db9a61596e291bb38c0,18,0.18049952387809753,​seventeen,Undone - The Sweater Song Kitchen Tape Demo,keshi,Weezer,2019,1992,rb,rock
423766,505988421c3786fe2637dea628c7f3546862741a,284611,6b6648697468d208dc52e44d4c1a7705e2d3d743,19,0.1910647451877594,​seventeen,Run,keshi,Air,2019,2004,rb,pop
423766,505988421c3786fe2637dea628c7f3546862741a,65794,d9f0f15984f51d8577ea092a552240b6b01fe5a9,20,0.19011002779006958,​seventeen,Im Tired And I Hate This Song Dont Go,keshi,Cyberbully Mom Club,2019,2014,rb,pop
145118,376aec90cbd034a9ccca0818586da5997f1b364c,141505,8861c89318c75bf916f896414df76dba2f1abd76,1,0.14595767855644226,MOP,30,Borgore,Lotto Savage,2018,2016,rap,rap
145118,376aec90cbd034a9ccca0818586da5997f1b364c,317912,ca867d5f0cbf446eb92b85e8934034ea81dd7d75,2,0.006411050446331501,MOP,The reddit Front Page is Not a Meritocracy,Borgore,ATodd,2018,2014,rap,misc
145118,376aec90cbd034a9ccca0818586da5997f1b364c,447392,abd8c838aaf7e24c09a54388d17a0f1b28f4116b,3,0.04636296629905701,MOP,Cool,Borgore,White Reaper,2018,2014,rap,pop
145118,376aec90cbd034a9ccca0818586da5997f1b364c,425101,b9e7f104053068153f9046766a75a12123c7c18c,4,0.04400961846113205,MOP,Cant Be Stopped,Borgore,First of October,2018,2018,rap,rock
145118,376aec90cbd034a9ccca0818586da5997f1b364c,262696,a8e39ba9a9ddbf7933c6788bbca39c44925840a2,5,0.03124736063182354,MOP,High On A Mountain Top,Borgore,Marty Stuart,2018,1992,rap,pop
145118,376aec90cbd034a9ccca0818586da5997f1b364c,162441,585f8f36aa391026daadca99efbd07553ed00083,6,0.04281216487288475,MOP,Cherry On Top,Borgore,Felix Snow,2018,2017,rap,pop
145118,376aec90cbd034a9ccca0818586da5997f1b364c,315884,7b9fa855bbcdc5b81757c03d80a9fbb37f8615a2,7,0.04636296629905701,MOP,Supa Dupa Fly,Borgore,666,2018,2015,rap,pop
145118,376aec90cbd034a9ccca0818586da5997f1b364c,274090,c726c7f254aa30acc3ce6db900dc0129deeb3035,8,0.016567913815379143,MOP,Shoop Shoop Diddy Wop,Borgore,Monte Video and the Cassettes,2018,2015,rap,pop
145118,376aec90cbd034a9ccca0818586da5997f1b364c,305412,7d1c04e1cbc7c499937d61bb388cf523eba30ad6,9,0.02044524811208248,MOP,Sautéed Asparagus / Me Time Sauce,Borgore,2 Chainz,2018,2013,rap,misc
145118,376aec90cbd034a9ccca0818586da5997f1b364c,46195,e8a812a523b61478003372ce9f40b774f5baea16,10,0.016888713464140892,MOP,Young Abu Dhabi,Borgore,Chinx,2018,2015,rap,rap
145118,376aec90cbd034a9ccca0818586da5997f1b364c,216244,6222c9f327163eb5fb292f2a9c9eb13423d067cd,11,0.034573379904031754,MOP,Catch A Wave,Borgore,The Beach Boys,2018,1963,rap,pop
145118,376aec90cbd034a9ccca0818586da5997f1b364c,363324,ed7c90bc11459bb69bf914cd13156282dd2bc1b5,12,0.04636296629905701,MOP,Pull Up to the Spot,Borgore,Playboi Carti,2018,2019,rap,rap
145118,376aec90cbd034a9ccca0818586da5997f1b364c,285820,2e9c451361892062d70e70d840092d46119a2dd9,13,0.04636296629905701,MOP,Spinning,Borgore,Elan Noon,2018,2020,rap,rock
145118,376aec90cbd034a9ccca0818586da5997f1b364c,351467,4a6ee48d175d7c505c0dd36ad8a7a82b307b92cf,14,0.04636296629905701,MOP,Next Chapter,Borgore,Hydelic,2018,2020,rap,pop
145118,376aec90cbd034a9ccca0818586da5997f1b364c,511331,9835f231cba04ce7068f015ade3a8b4e538861b7,15,0.04636296629905701,MOP,Toyboat,Borgore,Sharon Van Etten,2018,2022,rap,pop
145118,376aec90cbd034a9ccca0818586da5997f1b364c,85284,02a1b7a41284f84973d1ab92d832421ab097ac19,16,0.039742883294820786,MOP,Rocky Top,Borgore,The Osborne Brothers,2018,1967,rap,country
145118,376aec90cbd034a9ccca0818586da5997f1b364c,274943,1022b6ddf3c436e0fdcee0c5d0a9870c32f422e6,17,0.04636296629905701,MOP,Were At The Top Of The World,Borgore,The Juliana Theory,2018,2000,rap,pop
145118,376aec90cbd034a9ccca0818586da5997f1b364c,221656,e2df384407d4df3930a41be4367cc3a8786d4014,18,0.04636296629905701,MOP,52 Fabrics,Borgore,Skooly,2018,2018,rap,rap
145118,376aec90cbd034a9ccca0818586da5997f1b364c,117668,4fb6aec6c9f9a669a7e4c1aa8640d781d65f85a7,19,0.03163978457450867,MOP,Ride It,Borgore,MihTy,2018,2018,rap,rb
145118,376aec90cbd034a9ccca0818586da5997f1b364c,126132,250e8ae597b3307ca62bdf407596d5083b2bb294,20,0.04636296629905701,MOP,Waken Baken,Borgore,Wiz Khalifa,2018,2010,rap,rap
337490,f5a3fff67ab785a243ca2e2fcc392172165eb624,62743,93436a6938cfdfbeaf5aa5ef917575ee27a22075,1,0.14382435381412506,Higher,Rise,Dream Junkies,GAWNE,2013,2019,rap,rap
337490,f5a3fff67ab785a243ca2e2fcc392172165eb624,435099,2fa3ecbf064270d4b3a1bb6a29cf9a613328c601,2,0.015949882566928864,Higher,Revelation 4,Dream Junkies,Holy Bible (KJV),2013,2017,rap,misc
337490,f5a3fff67ab785a243ca2e2fcc392172165eb624,164469,081907f25e5e191f631fd3a4bb27616c3dca1982,3,0.06881680339574814,Higher,Oedipus Rex,Dream Junkies,Sophocles,2013,2016,rap,misc
337490,f5a3fff67ab785a243ca2e2fcc392172165eb624,103181,b5f27478643a11caabda9acc52ec4bb2e4b3749f,4,0.06520462781190872,Higher,Gentle Shepherd,Dream Junkies,Gaither Vocal Band,2013,2015,rap,pop
337490,f5a3fff67ab785a243ca2e2fcc392172165eb624,91272,8c1b024d47b55c57396de8320154704daf6bdc02,5,0.0817231610417366,Higher,Hes So Fine,Dream Junkies,The Chiffons,2013,1962,rap,pop
337490,f5a3fff67ab785a243ca2e2fcc392172165eb624,440017,067470734755f0465c7dbe4f2ecbd35312b4a73d,6,0.06288125365972519,Higher,I Can Hear Your Voice,Dream Junkies,Michael W. Smith,2013,2002,rap,pop
337490,f5a3fff67ab785a243ca2e2fcc392172165eb624,118304,8d155984c379c91688a10fa439d5e43af14489c1,7,0.0031161729712039232,Higher,Not Enough,Dream Junkies,Rj rap,2013,2016,rap,rap
337490,f5a3fff67ab785a243ca2e2fcc392172165eb624,110548,51760cf92170732d9c09093a9988a4ab8f511416,8,0.10497814416885376,Higher,Emmanuel,Dream Junkies,Hillsong Worship,2013,2005,rap,pop
337490,f5a3fff67ab785a243ca2e2fcc392172165eb624,289137,ab80cf30eb9c32666cd9143279b8f7513ce3fab7,9,0.07043635100126266,Higher,Shepherd,Dream Junkies,Anas Mitchell,2013,2012,rap,pop
337490,f5a3fff67ab785a243ca2e2fcc392172165eb624,388829,fea2adaa03ff562b7cc25037be0207869e076d8e,10,0.031664930284023285,Higher,Throne - Commentary,Dream Junkies,Bring Me The Horizon,2013,2015,rap,misc
337490,f5a3fff67ab785a243ca2e2fcc392172165eb624,471082,a51380e17a55a19f4927a9231d74af43df49faaa,11,0.02110622450709343,Higher,Tusk,Dream Junkies,Local Natives,2013,2017,rap,rock
337490,f5a3fff67ab785a243ca2e2fcc392172165eb624,382792,88a7c4abaa10bb658545a5ec3e9253ecb11431bd,12,0.028597325086593628,Higher,Seraphim,Dream Junkies,For Today,2013,2010,rap,rock
337490,f5a3fff67ab785a243ca2e2fcc392172165eb624,481465,8fa52bb9c0b2b9c86666fcdddb9735f4dc24f28d,13,0.021937310695648193,Higher,Mr. Smooth,Dream Junkies,Michael Franks,2013,1999,rap,pop
337490,f5a3fff67ab785a243ca2e2fcc392172165eb624,277867,1bbcbe6240cdc9043ece404c855fd322491d6cf7,14,0.03302651643753052,Higher,Satta Massagana,Dream Junkies,The Abyssinians,2013,1976,rap,rb
337490,f5a3fff67ab785a243ca2e2fcc392172165eb624,78326,65c6da689992480a594df96ac3924904e68e1fd3,15,0.003875328227877617,Higher,Bleecker Street,Dream Junkies,Simon & Garfunkel,2013,1964,rap,rock
337490,f5a3fff67ab785a243ca2e2fcc392172165eb624,132714,2dcb677e5c1f091d1a03ce31c3f399b2ea1d56f8,16,0.09111061692237854,Higher,Shepherd,Dream Junkies,Tommy Genesis,2013,2015,rap,rap
337490,f5a3fff67ab785a243ca2e2fcc392172165eb624,442021,b90e935f5c33cd3495cb1e09521888d457419dbd,17,0.02335585467517376,Higher,Wait,Dream Junkies,Matondo,2013,2017,rap,rap
337490,f5a3fff67ab785a243ca2e2fcc392172165eb624,301452,820c6b77cb093f0dc823e31732b6acbfeef36cae,18,0.04414905235171318,Higher,Friends Are Evil,Dream Junkies,Jesu,2013,2004,rap,rock
337490,f5a3fff67ab785a243ca2e2fcc392172165eb624,338449,c126f648985e03f7f45f4afe3497feca1cae8540,19,0.07475010305643082,Higher,Conmigo,Dream Junkies,Maverick City Music,2013,2021,rap,pop
337490,f5a3fff67ab785a243ca2e2fcc392172165eb624,472102,484a07cf2d2689d927922bd2221c079a3b1aa4b6,20,0.019970664754509926,Higher,Everything Cries Holy,Dream Junkies,Robin Mark,2013,2001,rap,pop
15892,b21471aa59b7e1f63b829ac96bfc0abbb3e67579,204816,5ffb05b0382f75a231f9524989577c357d3ff523,1,0.8427146673202515,Thats Life,Benji The Dog That’s Life Demo,88-Keys,Mac Miller,2019,2019,rap,rap
15892,b21471aa59b7e1f63b829ac96bfc0abbb3e67579,246532,00bcbd98e0c29965a6b03701058b565961077965,2,0.010097494348883629,Thats Life,Im Canadian,88-Keys,Blue Blob (YT),2019,2020,rap,pop
15892,b21471aa59b7e1f63b829ac96bfc0abbb3e67579,495926,a3a18f24381e8fb7b19f0ce404d75c932cbe0563,3,0.06413009762763977,Thats Life,Standing Ovation,88-Keys,Babyface,2019,2015,rap,rb
15892,b21471aa59b7e1f63b829ac96bfc0abbb3e67579,331113,d08c622a8c9d7bf233cd54322e06c85da3b6bde5,4,0.07472602277994156,Thats Life,TSUNAMI,88-Keys,Aries,2019,2018,rap,pop
15892,b21471aa59b7e1f63b829ac96bfc0abbb3e67579,265388,f49c3ae18e7f81eb692133caa3afe3e5c9a2c21f,5,0.014157973229885101,Thats Life,Big Takeover,88-Keys,John Frusciante,2019,1994,rap,rock
15892,b21471aa59b7e1f63b829ac96bfc0abbb3e67579,88397,b1a3d10db7bb8f0ae210c88917257e2f07c14ec1,6,0.03639177978038788,Thats Life,Rotation,88-Keys,Stunna Girl,2019,2020,rap,rap
15892,b21471aa59b7e1f63b829ac96bfc0abbb3e67579,425718,8c221d2086f3c14f942216217713917f0442adac,7,0.00817019585520029,Thats Life,Purple Rain Piano  A Microphone 1983 Version,88-Keys,Prince,2019,2018,rap,pop
15892,b21471aa59b7e1f63b829ac96bfc0abbb3e67579,148116,117b92a0b45dc9c24578e3669edecbe6b9fb2c9a,8,0.030964363366365433,Thats Life,I Will Carry You,88-Keys,Safari Riot & Old Man Saxon,2019,2021,rap,rb
15892,b21471aa59b7e1f63b829ac96bfc0abbb3e67579,82279,a1a2174b63183e50cb180051194601c25b3a977e,9,0.04191397875547409,Thats Life,Lay it down - explicit version,88-Keys,Lloyd,2019,2015,rap,pop
15892,b21471aa59b7e1f63b829ac96bfc0abbb3e67579,245789,8992ae08087c9a6ce2935b182ddd9a86bb0f8629,10,0.05115810036659241,Thats Life,Lay,88-Keys,The Blue Stones,2019,2018,rap,rock
15892,b21471aa59b7e1f63b829ac96bfc0abbb3e67579,461951,eba54a6d55c9fec21bb1dd671f15a37412f7dd28,11,0.00715683726593852,Thats Life,Space Is Deep,88-Keys,Hawkwind,2019,1972,rap,rock
15892,b21471aa59b7e1f63b829ac96bfc0abbb3e67579,198032,2a5f964ba77c444ee095323308dc1797317e10db,12,0.01699019782245159,Thats Life,It’s a Very Deep Sea,88-Keys,The Style Council,2019,1988,rap,pop
15892,b21471aa59b7e1f63b829ac96bfc0abbb3e67579,496076,b81a6b7169aa07be0970b6a4742c844b752f5523,13,0.05192909762263298,Thats Life,Wash Away,88-Keys,Alkaline Trio,2019,2005,rap,rock
15892,b21471aa59b7e1f63b829ac96bfc0abbb3e67579,355102,5479b99feb65d2605521f98bcadba5a5f0f3e838,14,0.051619987934827805,Thats Life,Heartbreaker,88-Keys,Eighty Ninety,2019,2016,rap,pop
15892,b21471aa59b7e1f63b829ac96bfc0abbb3e67579,196429,6fd10192bdf36f1465711c97180084a8b66da2cb,15,0.05906440690159798,Thats Life,We Made It Fivio Foreign Demo,88-Keys,Pop Smoke,2019,2021,rap,rap
15892,b21471aa59b7e1f63b829ac96bfc0abbb3e67579,282613,b068c939a42e135190ebc4f67b92b44f40f1e263,16,0.04162348434329033,Thats Life,Way Back Home,88-Keys,Krys Talk & Cole Sipe,2019,2014,rap,pop
15892,b21471aa59b7e1f63b829ac96bfc0abbb3e67579,167478,82366787bc5459ad59fb53e0bc42e2d2238b3613,17,0.007425099611282349,Thats Life,Quarter of a century,88-Keys,Blade,2019,2014,rap,rap
15892,b21471aa59b7e1f63b829ac96bfc0abbb3e67579,213045,36475cfb5ca47f44d757e7be99dfe30f30848cb5,18,0.1452377289533615,Thats Life,In Due Time,88-Keys,No-Uh,2019,2016,rap,rap
15892,b21471aa59b7e1f63b829ac96bfc0abbb3e67579,327130,5881f77923461ffa3eada545eed432be8e41ca87,19,0.011881817132234573,Thats Life,Villanelle It is the pain...,88-Keys,William Empson,2019,2013,rap,misc
15892,b21471aa59b7e1f63b829ac96bfc0abbb3e67579,137478,9d2134d8d950228f01543ac8f01e30b3624d0719,20,0.03470297157764435,Thats Life,Fight My Regret,88-Keys,The Amity Affliction,2019,2016,rap,rock
511946,9735b82dceb7295587d89834b2e0ff4f777f4f55,445731,2026fe8b7cde4e83823d78ec48fadc007f59f2bc,1,0.2936044931411743,Who Run This?,Who Run This Motherfucker?,Angel De-Mar,The Hood$tars,2022,2004,rap,rap
511946,9735b82dceb7295587d89834b2e0ff4f777f4f55,426038,a4c8cc016c3c961cfb531e80aea5a9954a119cc9,2,0.0775148794054985,Who Run This?,Do You Like Bass?,Angel De-Mar,Yellow Claw,2022,2017,rap,misc
511946,9735b82dceb7295587d89834b2e0ff4f777f4f55,452491,f0b507472c8436c396522b0adff7b861c75f4db4,3,0.0775148794054985,Who Run This?,Bronson Missouri,Angel De-Mar,The Simpsons,2022,2013,rap,misc
511946,9735b82dceb7295587d89834b2e0ff4f777f4f55,114276,df7b021167c070df8a08a1540a80c8b4ae3dabd9,4,0.03952184319496155,Who Run This?,Adi shakti,Angel De-Mar,Mantra girl,2022,2015,rap,pop
511946,9735b82dceb7295587d89834b2e0ff4f777f4f55,33087,d85c3f227c3fbd8afd9a0e33840cbe1df0209e46,5,0.053119100630283356,Who Run This?,B-I-N-G-O,Angel De-Mar,Barney,2022,1993,rap,pop
511946,9735b82dceb7295587d89834b2e0ff4f777f4f55,200373,de6da2d97c171b4ded67bcf6b3ee486150dbda6f,6,0.04242299124598503,Who Run This?,Lulus Pie Song,Angel De-Mar,Sara Bareilles,2022,2015,rap,pop
511946,9735b82dceb7295587d89834b2e0ff4f777f4f55,280694,39e60e5437f10d73df1d7c5b83e9896387b36369,7,0.0775148794054985,Who Run This?,Whispers Of Oxenfurt,Angel De-Mar,Mikolai Stroinski,2022,2015,rap,pop
511946,9735b82dceb7295587d89834b2e0ff4f777f4f55,508083,2c8b6e38c53678c7e2ffcf18881950e8c6596cab,8,0.053119100630283356,Who Run This?,Crusher,Angel De-Mar,Excision,2022,2022,rap,pop
511946,9735b82dceb7295587d89834b2e0ff4f777f4f55,453777,8b996b8a4e03f1e1bdd02470aa6de51aa79f5528,9,0.0775148794054985,Who Run This?,Bored In The House Remix,Angel De-Mar,Curtis Roach,2022,2020,rap,pop
511946,9735b82dceb7295587d89834b2e0ff4f777f4f55,254299,927822f85a07b4e3ddc5f6b93d7887b83cea7b64,10,0.02734741009771824,Who Run This?,Ancient Mother,Angel De-Mar,Moving Breath,2022,2015,rap,pop
511946,9735b82dceb7295587d89834b2e0ff4f777f4f55,254674,4322a4181caf40aeb106b9e07510c6e4221b9660,11,0.0775148794054985,Who Run This?,USA,Angel De-Mar,GFOTY,2022,2014,rap,pop
511946,9735b82dceb7295587d89834b2e0ff4f777f4f55,456080,99cfb0d1fda7d4172dde9605fe23f54e1c793673,12,0.0775148794054985,Who Run This?,Breathe This Air remix,Angel De-Mar,Jon Hopkins,2022,2013,rap,rock
511946,9735b82dceb7295587d89834b2e0ff4f777f4f55,477789,e61af427a48e73eaa5d0768dee13df5c97c8ba41,13,0.05786248669028282,Who Run This?,Bounce Like That,Angel De-Mar,Pia Mia,2022,2017,rap,rb
511946,9735b82dceb7295587d89834b2e0ff4f777f4f55,339104,3132a7cef59f4a8f87717adffb0c1f40a7690489,14,0.06368893384933472,Who Run This?,Mother,Angel De-Mar,Haley Heynderickx,2022,2018,rap,rock
511946,9735b82dceb7295587d89834b2e0ff4f777f4f55,244208,cc2c8877efc649bbb67e3fbef176db88f4c1e040,15,0.0775148794054985,Who Run This?,The Hollow,Angel De-Mar,Coheed and Cambria,2022,2012,rap,rock
511946,9735b82dceb7295587d89834b2e0ff4f777f4f55,306930,ae7c8edcacbcce0c911dd4aaf48f841613236bdd,16,0.0775148794054985,Who Run This?,Doma,Angel De-Mar,Zola Jesus,2022,2017,rap,pop
511946,9735b82dceb7295587d89834b2e0ff4f777f4f55,196210,2dc2326f6a23cee5370d1d5d3564717d3ac59dd1,17,0.053119100630283356,Who Run This?,Handclapping Song,Angel De-Mar,The Meters,2022,1970,rap,rb
511946,9735b82dceb7295587d89834b2e0ff4f777f4f55,389631,eb41cbdc2b77c1782dfd73b51a004d5ea04cc1df,18,0.0775148794054985,Who Run This?,This Time,Angel De-Mar,Life of Agony,2022,1993,rap,rock
511946,9735b82dceb7295587d89834b2e0ff4f777f4f55,37413,ed0d5b1cee01d8f3ead3882bc04ef250629ad277,19,0.05906757712364197,Who Run This?,Sylvias Mother,Angel De-Mar,Dr. Hook,2022,1972,rap,rock
511946,9735b82dceb7295587d89834b2e0ff4f777f4f55,47427,1d3beb34ab8d0a937294007bfa97e97d8c6f5711,20,0.06470081955194473,Who Run This?,Mothercreep,Angel De-Mar,FKA twigs,2022,2015,rap,pop
40839,dc607f9428fed5386f55b06cc416ed82dbd4003e,11869,fe8721b791eca1ff3c7e01f96b25ca8f375ec4e9,1,0.8729590177536011,Waterloo,Waterloo,Cast Of Mamma Mia! Here We Go Again,ABBA,2018,1974,pop,pop
40839,dc607f9428fed5386f55b06cc416ed82dbd4003e,275677,b0710b1f94135eb497269fcf8d4ee0b76fd5d9c0,2,0.8695092797279358,Waterloo,Waterloo,Cast Of Mamma Mia! Here We Go Again,Cher,2018,2018,pop,pop
40839,dc607f9428fed5386f55b06cc416ed82dbd4003e,54295,45d273935c570bd42c2f76c266a211d6b4289bda,3,0.11864849179983139,Waterloo,Imperfect Circle,Cast Of Mamma Mia! Here We Go Again,Jorja Smith,2018,2016,pop,rb
40839,dc607f9428fed5386f55b06cc416ed82dbd4003e,267883,1a8ce0c56836d302b84fbc5f172a2f570f7e09a5,4,0.11864849179983139,Waterloo,Dreamer,Cast Of Mamma Mia! Here We Go Again,Throttle,2018,2019,pop,pop
40839,dc607f9428fed5386f55b06cc416ed82dbd4003e,363307,288a8bf5f743357f5ee7097442f8ff9e7c13d6ef,5,0.11864849179983139,Waterloo,Fires at Night,Cast Of Mamma Mia! Here We Go Again,Forget Gravity,2018,2014,pop,pop
40839,dc607f9428fed5386f55b06cc416ed82dbd4003e,185048,404cd5c5d4fc01e4bde962f02724ff82875382af,6,0.10282792896032333,Waterloo,Good Time,Cast Of Mamma Mia! Here We Go Again,Crystal Castles,2018,2008,pop,pop
40839,dc607f9428fed5386f55b06cc416ed82dbd4003e,90344,d36fb7c61e39b0083fe7da389ea4ce75fa8e9194,7,0.11864849179983139,Waterloo,Exogenesis: Symphony Part I Overture,Cast Of Mamma Mia! Here We Go Again,Muse,2018,2009,pop,rock
40839,dc607f9428fed5386f55b06cc416ed82dbd4003e,297933,0405150b12eac54dd68d25ea8aa5313d7f6c7821,8,0.11344354599714279,Waterloo,Name Escape,Cast Of Mamma Mia! Here We Go Again,Bodega,2018,2018,pop,rock
40839,dc607f9428fed5386f55b06cc416ed82dbd4003e,135873,5602986624e7ed5100293c95b421a3073b1ab524,9,0.23620718717575073,Waterloo,Waterloo,Cast Of Mamma Mia! Here We Go Again,Stonewall Jackson,2018,1959,pop,country
40839,dc607f9428fed5386f55b06cc416ed82dbd4003e,164341,667ebf441b69711b4179890c934a5a7740e743c0,10,0.1337968409061432,Waterloo,Far,Cast Of Mamma Mia! Here We Go Again,The Soft Moon,2018,2015,pop,pop
40839,dc607f9428fed5386f55b06cc416ed82dbd4003e,293135,10aa84c886c4173ff3c653a00ed8c4f486c4ec1a,11,0.11864849179983139,Waterloo,The Great Escape,Cast Of Mamma Mia! Here We Go Again,We Are Scientists,2018,2005,pop,rock
40839,dc607f9428fed5386f55b06cc416ed82dbd4003e,427746,5f18f6f989d789c6882c62b393c67701c34a26a7,12,0.11114293336868286,Waterloo,Weathered Town,Cast Of Mamma Mia! Here We Go Again,Hundredth,2018,2011,pop,pop
40839,dc607f9428fed5386f55b06cc416ed82dbd4003e,225724,7b0209d0fae9a0fbab28c4c3f3bff8e7d71e8405,13,0.11216198652982712,Waterloo,Lets Escape. freestyle,Cast Of Mamma Mia! Here We Go Again,Abraham Blue,2018,2020,pop,rb
40839,dc607f9428fed5386f55b06cc416ed82dbd4003e,199932,ecc4b850ed27e4868271eb10de87fde6e2a6507f,14,0.060294896364212036,Waterloo,Aquarian,Cast Of Mamma Mia! Here We Go Again,Sleep,2018,1992,pop,rock
40839,dc607f9428fed5386f55b06cc416ed82dbd4003e,405968,d04b44b2780af62f824b67aaa691d6935d906552,15,0.13986311852931976,Waterloo,Already Gone,Cast Of Mamma Mia! Here We Go Again,Powderfinger,2018,1999,pop,rock
40839,dc607f9428fed5386f55b06cc416ed82dbd4003e,134164,fc8e6f614694d63535c27b9703bbbb13edd878a4,16,0.11850632727146149,Waterloo,Slow Burn,Cast Of Mamma Mia! Here We Go Again,Crywolf,2018,2015,pop,pop
40839,dc607f9428fed5386f55b06cc416ed82dbd4003e,346827,cc23db4a987a5141ab97aac8091368f5ada839f5,17,0.012089836411178112,Waterloo,Excerpt from Drown Boyfriend 113-115,Cast Of Mamma Mia! Here We Go Again,Junot Daz,2018,2014,pop,misc
40839,dc607f9428fed5386f55b06cc416ed82dbd4003e,95452,5d371373016018814ce8347376123bee26162ca1,18,0.12247500568628311,Waterloo,Antigravity,Cast Of Mamma Mia! Here We Go Again,STARSET,2018,2014,pop,rock
40839,dc607f9428fed5386f55b06cc416ed82dbd4003e,366562,d1569fc91a502b2dd01a01b8a8f9a16e9faa2801,19,0.11864849179983139,Waterloo,1000 Dreams,Cast Of Mamma Mia! Here We Go Again,Miss Kittin & The Hacker,2018,2009,pop,pop
40839,dc607f9428fed5386f55b06cc416ed82dbd4003e,441463,85ed8321b21ce9f8624a17044b0a54cd2fbd8f20,20,0.11864849179983139,Waterloo,Time,Cast Of Mamma Mia! Here We Go Again,Andrea Marie,2018,2016,pop,pop
394518,ab8bde728950bb65b4a12561b1b14934a3c92b41,311090,7fa57005496594bf8a8164a7a745677bb0a47cc8,1,0.1309266984462738,Simulacra,You Do Mutilate?,Jonny 5 + Yak,of Montreal,2001,2015,rap,rock
394518,ab8bde728950bb65b4a12561b1b14934a3c92b41,46640,19207c33d0e225e2a7e393048da8dd848af8d7e7,2,0.10270483791828156,Simulacra,Interlude: Dad Was Mad,Jonny 5 + Yak,Solange,2001,2016,rap,rb
394518,ab8bde728950bb65b4a12561b1b14934a3c92b41,413751,7843483f511ca595de7ce0235728cb13970313a9,3,0.11671894788742065,Simulacra,Family Monologue,Jonny 5 + Yak,Vaas Montenegro,2001,2015,rap,misc
394518,ab8bde728950bb65b4a12561b1b14934a3c92b41,232166,3783a5c7db39d5435ff7b47612d9d6474152b302,4,0.10334859043359756,Simulacra,Angry Inch,Jonny 5 + Yak,Stephen Trask,2001,1999,rap,rock
394518,ab8bde728950bb65b4a12561b1b14934a3c92b41,45554,c586aa820c2a998b42b3c75ba479ce81365cc3b4,5,0.09496613591909409,Simulacra,Angry Video Game Nerd,Jonny 5 + Yak,Kyle Justin,2001,2006,rap,rock
394518,ab8bde728950bb65b4a12561b1b14934a3c92b41,69966,e98126799a783d397b1cff4754b76d03fa7dfd23,6,0.05157739669084549,Simulacra,Protegent Antivirus Rap Version 3,Jonny 5 + Yak,Proto (Antivirus),2001,2016,rap,rap
394518,ab8bde728950bb65b4a12561b1b14934a3c92b41,293481,9213249fffe68dbd78f6a9fb1bc73fdd0d2e81a1,7,0.11655668169260025,Simulacra,Hungry So Angry,Jonny 5 + Yak,Medium Medium,2001,1981,rap,rock
394518,ab8bde728950bb65b4a12561b1b14934a3c92b41,195295,da39c783f761a1b2aede02ea6d8fe8ab04742ce5,8,0.11671894788742065,Simulacra,Get It Faster,Jonny 5 + Yak,Jimmy Eat World,2001,2001,rap,rock
394518,ab8bde728950bb65b4a12561b1b14934a3c92b41,324508,db1678bb23d9f9d5c76b6ee4af585bfcb81ca629,9,0.10163351148366928,Simulacra,The Angry Cup,Jonny 5 + Yak,Rome,2001,2020,rap,rock
394518,ab8bde728950bb65b4a12561b1b14934a3c92b41,310689,e0543b5c8e43e846ccb3ffbea63e0fafe4f75e75,10,0.10462123155593872,Simulacra,Im Not Angry Anymore,Jonny 5 + Yak,Warwick Smith,2001,2019,rap,pop
394518,ab8bde728950bb65b4a12561b1b14934a3c92b41,286597,54193f28c26afaf601c1cc5da9f1a7c78018df59,11,0.09695015102624893,Simulacra,Scary Scary Sexy Lady,Jonny 5 + Yak,Crazy Ex-Girlfriend Cast,2001,2017,rap,pop
394518,ab8bde728950bb65b4a12561b1b14934a3c92b41,512184,8eedf29b0feb4b18a10b0c5ef7de66e1f0fef715,12,0.0954790711402893,Simulacra,Big Night,Jonny 5 + Yak,Tom Cardy,2001,2022,rap,pop
394518,ab8bde728950bb65b4a12561b1b14934a3c92b41,160854,dcbeab092abacd58c94db2411ed98de066ed757c,13,0.096957266330719,Simulacra,Prelude / Angry Young Man,Jonny 5 + Yak,Billy Joel,2001,1976,rap,rock
394518,ab8bde728950bb65b4a12561b1b14934a3c92b41,368039,5a94e6fba53ece4e26de2b6e06e173b1db6fa585,14,0.10199382156133652,Simulacra,Angry Young and Poor,Jonny 5 + Yak,Anti-Flag,2001,2001,rap,rock
394518,ab8bde728950bb65b4a12561b1b14934a3c92b41,254050,73a7a81df6b19aac42a1ab9b1b74c490333d5edc,15,0.0787937343120575,Simulacra,One More Light Steve Aoki Chester Forever Remix,Jonny 5 + Yak,Linkin Park,2001,2017,rap,pop
394518,ab8bde728950bb65b4a12561b1b14934a3c92b41,505391,b61aed16aa3ad4a7e50e051c2e8c94c8b8040298,16,0.08173662424087524,Simulacra,Headlock Pt. 2 - Father,Jonny 5 + Yak,Jensen McRae,2001,2022,rap,pop
394518,ab8bde728950bb65b4a12561b1b14934a3c92b41,112065,b9d9696143fdcf8d64125813a1cd6cb8fa5a8246,17,0.10277669876813889,Simulacra,Once You See,Jonny 5 + Yak,Carrie: The Musical Ensemble,2001,2012,rap,pop
394518,ab8bde728950bb65b4a12561b1b14934a3c92b41,113143,9e2a3411d3939635a111d6c07b83134fd0a0c31b,18,0.11451110988855362,Simulacra,I Love It When Youre Angry,Jonny 5 + Yak,The Weeknd,2001,2021,rap,rb
394518,ab8bde728950bb65b4a12561b1b14934a3c92b41,341380,275aec876865b2cb04518210f2991de8b092078f,19,0.09563680738210678,Simulacra,Angry Sex,Jonny 5 + Yak,Young Thug,2001,2012,rap,rap
394518,ab8bde728950bb65b4a12561b1b14934a3c92b41,380119,adacf59db985f40c10d6b45316aedfe2f8427660,20,0.11671894788742065,Simulacra,Flaws  Ceilings,Jonny 5 + Yak,Frank Hamilton,2001,2013,rap,pop
156750,5187d21931817c045d0d2e80f3648575451165ca,458969,e87c3733ea86624a55560eb8f096fdcc10f43408,1,0.1705998182296753,Tasting Purple,Drip Flow,Skooly,No Savage,2017,2020,rap,rap
156750,5187d21931817c045d0d2e80f3648575451165ca,177614,65bafd8a29c0e993cce62d24a3a53e0b2869a145,2,0.020622199401259422,Tasting Purple,Night Night,Skooly,Cashmere Cat,2017,2017,rap,pop
156750,5187d21931817c045d0d2e80f3648575451165ca,508795,fe567800a3632fe85b76ad9a92028a394c595c9c,3,0.020622199401259422,Tasting Purple,Wish You Well,Skooly,Our Lady Peace,2017,2022,rap,rock
156750,5187d21931817c045d0d2e80f3648575451165ca,102713,027281b0766bd3fc78d5351a2aa9b254e9273e43,4,0.020622199401259422,Tasting Purple,Brakhage,Skooly,Stereolab,2017,1997,rap,pop
156750,5187d21931817c045d0d2e80f3648575451165ca,77408,c9793cba143078004237279a224fa4abe069b17a,5,0.029994437471032143,Tasting Purple,I Cook,Skooly,Lil B,2017,2010,rap,rap
156750,5187d21931817c045d0d2e80f3648575451165ca,509781,bc1358c1cfe0f9bf9465a53e3a225881ba0dfea6,6,0.08402260392904282,Tasting Purple,Keyon Interlude,Skooly,Samm Henshaw,2017,2022,rap,rb
156750,5187d21931817c045d0d2e80f3648575451165ca,387663,f5d1821ac407ba1ed66b1ba1b40cc45b6f2e0655,7,0.020622199401259422,Tasting Purple,Edge of Forever,Skooly,John Maus,2017,2017,rap,rock
156750,5187d21931817c045d0d2e80f3648575451165ca,312692,68f2597e34cb046c5513e5027dc9e591933e0b1a,8,0.020622199401259422,Tasting Purple,Ian Connor,Skooly,Brandon Thomas,2017,2015,rap,rap
156750,5187d21931817c045d0d2e80f3648575451165ca,460318,b72ae71ed18b4cd4540521614105628775d27ed3,9,0.019989611580967903,Tasting Purple,Light Headed,Skooly,Sia,2017,2015,rap,pop
156750,5187d21931817c045d0d2e80f3648575451165ca,84198,765ef263a7628ddb9d4df1604c88521c9a8439a3,10,0.06932005286216736,Tasting Purple,Hold Me Down,Skooly,Mansionair,2017,2014,rap,misc
156750,5187d21931817c045d0d2e80f3648575451165ca,206200,1b7a76a08b5b939836bbd870f8b26911e7d03cc4,11,0.006885112728923559,Tasting Purple,Damn Sure,Skooly,Laura Gibson,2017,2016,rap,rock
156750,5187d21931817c045d0d2e80f3648575451165ca,343475,59d7e98d5178e440ea35cbe23cb1bb63011abd68,12,0.020622199401259422,Tasting Purple,Jameson Pt II,Skooly,JMSN,2017,2012,rap,rb
156750,5187d21931817c045d0d2e80f3648575451165ca,217054,25fc010be7586355b0523cbd3aadf54cca66a7d2,13,0.020622199401259422,Tasting Purple,The drop,Skooly,Bro Safari,2017,2013,rap,pop
156750,5187d21931817c045d0d2e80f3648575451165ca,160390,d2da35c06c9c390d36c6ea9725cf5b33d585910e,14,0.020138686522841454,Tasting Purple,Meds and Feds,Skooly,M.I.A.,2017,2010,rap,rap
156750,5187d21931817c045d0d2e80f3648575451165ca,510844,6e5054b39374c4a68f21787186576f5391803178,15,0.020622199401259422,Tasting Purple,ACID HAUS,Skooly,Slushii & Trilla,2017,2022,rap,pop
156750,5187d21931817c045d0d2e80f3648575451165ca,404341,a133d2132da6303a34ce695ed3b75667a2ffd862,16,0.01893102191388607,Tasting Purple,About Somebody,Skooly,Molly Nilsson,2017,2017,rap,pop
156750,5187d21931817c045d0d2e80f3648575451165ca,233655,a011d01fa9279f3242d390769b4f45c20d3ccea2,17,0.020622199401259422,Tasting Purple,​untitled,Skooly,Machine Gun Kelly,2017,2022,rap,rap
156750,5187d21931817c045d0d2e80f3648575451165ca,511846,d5095bc8ddfd75932385eb0a629bbfa668c5332f,18,0.020622199401259422,Tasting Purple,So Damn Right,Skooly,Nicola Roberts,2017,2022,rap,pop
156750,5187d21931817c045d0d2e80f3648575451165ca,380087,d99f2d26eb20f857b9a5c5cecdcd6b48b79328ff,19,0.020622199401259422,Tasting Purple,Transvestite,Skooly,blink-182,2017,1994,rap,rock
156750,5187d21931817c045d0d2e80f3648575451165ca,27594,e6d047616e286c0fa121e8ce74006d5dea80250c,20,0.0194673053920269,Tasting Purple,Friday Night Lights Intro,Skooly,J. Cole,2017,2010,rap,rap
120648,7ceb8da9dd8dbe6da61d720adfb0db56565a78ef,421342,adc373d48ec763639747ff922889c5475a4b3fa8,1,0.19634978473186493,Watrfall,Feeling Some Kinda Way,IAMDDB,Kylie Cantrall,2018,2019,rb,pop
120648,7ceb8da9dd8dbe6da61d720adfb0db56565a78ef,447841,934f6fd73077c7d5cb37e3f000004fa0c3192c9b,2,0.12185438722372055,Watrfall,Lazy Lake,IAMDDB,AATheBanana,2018,2021,rb,rap
120648,7ceb8da9dd8dbe6da61d720adfb0db56565a78ef,236284,b18ee29ea2e053bdd414b556d8556ed71f768878,3,0.12185438722372055,Watrfall,Im Sorry Im Lost,IAMDDB,Moderator,2018,2015,rb,rb
120648,7ceb8da9dd8dbe6da61d720adfb0db56565a78ef,498979,34b296f7abca8575adc434b1c11be437a2f4c690,4,0.12185438722372055,Watrfall,The Rain in Spain,IAMDDB,Glee Cast,2018,2012,rb,pop
120648,7ceb8da9dd8dbe6da61d720adfb0db56565a78ef,283215,b24d301f867f1ef10947aff6217450b04cb04cdb,5,0.08074446767568588,Watrfall,Morning,IAMDDB,Janet Jackson,2018,1993,rb,rb
120648,7ceb8da9dd8dbe6da61d720adfb0db56565a78ef,415100,515846fcb66b3d1d768a8c36a6b300149f4d4014,6,0.12185438722372055,Watrfall,I Belong to the Band,IAMDDB,Rev. Gary Davis,2018,1961,rb,pop
120648,7ceb8da9dd8dbe6da61d720adfb0db56565a78ef,433316,285d61f578b8558652e89e985fd260f6aefc1c24,7,0.12185438722372055,Watrfall,Jeans,IAMDDB,Panic! at the Disco,2018,2013,rb,pop
120648,7ceb8da9dd8dbe6da61d720adfb0db56565a78ef,270242,4361b08f78ecb3b53c04deda9fb3852d41f98d5b,8,0.1798773854970932,Watrfall,Spinning Away,IAMDDB,Sugar Ray,2018,2000,rb,pop
120648,7ceb8da9dd8dbe6da61d720adfb0db56565a78ef,271090,da123d5a9ec1e94dd801fd594edad976310f485c,9,0.12185438722372055,Watrfall,The Stars Are Mine,IAMDDB,Chocolate Puma x Pep & Rash,2018,2017,rb,pop
120648,7ceb8da9dd8dbe6da61d720adfb0db56565a78ef,120238,fde64cd7f68e3d7b5c8df9947fe10686c4cd3490,10,0.12185438722372055,Watrfall,Whats Wrong,IAMDDB,Matt Elliott,2018,2005,rb,pop
120648,7ceb8da9dd8dbe6da61d720adfb0db56565a78ef,394123,2a53500dc931c3a965e0b2c68e9f86d8b1e0f97e,11,0.07482615858316422,Watrfall,Shoehorn with Teeth,IAMDDB,They Might Be Giants,2018,1988,rb,pop
120648,7ceb8da9dd8dbe6da61d720adfb0db56565a78ef,202168,f7b87781f6348373738477717d5c2ec8037251b8,12,0.12185438722372055,Watrfall,Dick In My Mouth,IAMDDB,Bobbalam,2018,2020,rb,rap
120648,7ceb8da9dd8dbe6da61d720adfb0db56565a78ef,465773,2658da5440ca0af4ecbdf314cf049958be073092,13,0.12185438722372055,Watrfall,Boy Oh Boy,IAMDDB,Diplo,2018,2014,rb,pop
120648,7ceb8da9dd8dbe6da61d720adfb0db56565a78ef,45517,807f0029edbc97af114f802ff3c8a6446839b882,14,0.12185438722372055,Watrfall,Painter,IAMDDB,Lpsley,2018,2016,rb,pop
120648,7ceb8da9dd8dbe6da61d720adfb0db56565a78ef,183242,074d77b246080eb641f85684a1a0c5f2730849a9,15,0.12185438722372055,Watrfall,Rubber Biscuit,IAMDDB,The Blues Brothers,2018,1978,rb,rb
120648,7ceb8da9dd8dbe6da61d720adfb0db56565a78ef,481116,efc28b383db7858bdc07360291c1b277ff516353,16,0.12185438722372055,Watrfall,Skeptical,IAMDDB,Mulherin,2018,2018,rb,rb
120648,7ceb8da9dd8dbe6da61d720adfb0db56565a78ef,267222,5b55b7ad7da09d156b844ececa0e8da6ed34a890,17,0.12185438722372055,Watrfall,Nomi Song,IAMDDB,Klaus Nomi,2018,1981,rb,pop
120648,7ceb8da9dd8dbe6da61d720adfb0db56565a78ef,462409,d87b4d67da0591c5682d5a94e61d5ccbd3937158,18,0.1816931515932083,Watrfall,Dont Turn It Off,IAMDDB,40 Thieves,2018,2015,rb,pop
120648,7ceb8da9dd8dbe6da61d720adfb0db56565a78ef,267900,2a441171d392959bbebfba9baf863d6bd88aca97,19,0.12185438722372055,Watrfall,It Tango,IAMDDB,Laurie Anderson,2018,1982,rb,rock
120648,7ceb8da9dd8dbe6da61d720adfb0db56565a78ef,451295,18b1d9a09f38e24a0c2cc79c1f01ca27cd578821,20,0.19563335180282593,Watrfall,Drift Away,IAMDDB,Jye,2018,2018,rb,pop
110665,eec79378e3b858667535c0f92566d46899f87c56,298834,021d1169fca32407d55db8c637f32af28eaf0257,1,0.7201249003410339,Thumbin,Thumb Thru That Check,Rick Ross,Rocko,2012,2012,rap,pop
110665,eec79378e3b858667535c0f92566d46899f87c56,222221,5f9fb7ade721437a2e59cdbafb8dcc6e76a0fc6d,2,0.031116707250475883,Thumbin,Beat Laments the World,Rick Ross,Nujabes,2012,2003,rap,rap
110665,eec79378e3b858667535c0f92566d46899f87c56,115807,6c74f5184ec8d0f9bea50e3647425a243663567b,3,0.018430085852742195,Thumbin,Guns and Roses Skit,Rick Ross,Tory Lanez,2012,2016,rap,rap
110665,eec79378e3b858667535c0f92566d46899f87c56,111378,316b4b94e43e8e2fff9427261c366d6e90ca83d9,4,0.050516318529844284,Thumbin,Bout Me,Rick Ross,Coi Leray,2012,2021,rap,rap
110665,eec79378e3b858667535c0f92566d46899f87c56,1059,6b49d0529e221c49587bd535bd4a46e4756002f7,5,0.034757450222969055,Thumbin,Fuck Up Some Commas,Rick Ross,Future,2012,2014,rap,rap
110665,eec79378e3b858667535c0f92566d46899f87c56,202374,cd320b506603f13989b5e1881a408ed317eedd7a,6,0.07119204103946686,Thumbin,Out Of Body,Rick Ross,Jidenna,2012,2017,rap,rb
110665,eec79378e3b858667535c0f92566d46899f87c56,105201,d1eac439caf5c1310fed56dfb7bebab22a26df0f,7,0.046733956784009933,Thumbin,Money Makin Mitch,Rick Ross,Young Nudy,2012,2017,rap,rap
110665,eec79378e3b858667535c0f92566d46899f87c56,495129,ccf0dd32b1ba68fe90551a043c6781e4b917af3e,8,0.05238837003707886,Thumbin,Whole Lotta,Rick Ross,G-Eazy,2012,2020,rap,rap
110665,eec79378e3b858667535c0f92566d46899f87c56,400571,1ad41cd2b8a685266410aaaea0c101ac8f6866d5,9,0.024225277826189995,Thumbin,Every Day We Lit Remake,Rick Ross,Chace treadway,2012,2017,rap,rb
110665,eec79378e3b858667535c0f92566d46899f87c56,426310,188599976f3e4e38638bd5a69e0b1da0cd257d3c,10,0.021893559023737907,Thumbin,Shots Going Off,Rick Ross,CokeBoy Zack,2012,2014,rap,rap
110665,eec79378e3b858667535c0f92566d46899f87c56,172327,468b02edd9a06372461c9a4e22acdbcbea5cfc74,11,0.11252342909574509,Thumbin,Check,Rick Ross,Chief Keef,2012,2017,rap,rap
110665,eec79378e3b858667535c0f92566d46899f87c56,304273,4635fc188e15e953c25a8d7573a22aabe381c538,12,0.014637107029557228,Thumbin,Road Runners,Rick Ross,FMB DZ,2012,2017,rap,rap
110665,eec79378e3b858667535c0f92566d46899f87c56,176064,dbd0c1d70e772c6985aa860935ea85a6987bb8a0,13,0.03512817993760109,Thumbin,Moon Walken,Rick Ross,Icewear Vezzo,2012,2015,rap,rap
110665,eec79378e3b858667535c0f92566d46899f87c56,191470,55fca51a6f6105596e94c9a3cbc4ce6965bf9e65,14,0.027154892683029175,Thumbin,How Can I Forget,Rick Ross,Fat Joe & Remy Ma,2012,2017,rap,rap
110665,eec79378e3b858667535c0f92566d46899f87c56,388044,25e4469fa63a6c872662a3ba1e48291cefafc4ea,15,0.043349314481019974,Thumbin,Im Over It,Rick Ross,Cold Hart,2012,2016,rap,rap
110665,eec79378e3b858667535c0f92566d46899f87c56,208783,af316037f277bebcbe82756896ca79e2823ac3ee,16,0.052172984927892685,Thumbin,Intro Aint No Mixtape Bih,Rick Ross,Plies,2012,2015,rap,rap
110665,eec79378e3b858667535c0f92566d46899f87c56,487322,dbb9a5efa938d9741b5210e6c298409c0eeedbf6,17,0.004592097830027342,Thumbin,How You Wanna Play,Rick Ross,Bankroll Fresh,2012,2016,rap,rap
110665,eec79378e3b858667535c0f92566d46899f87c56,512386,86bcf2b79d3918e26a65a15d2581122d16856116,18,0.04213682934641838,Thumbin,Omg,Rick Ross,Nosgov,2012,2022,rap,pop
110665,eec79378e3b858667535c0f92566d46899f87c56,291920,157c649b0e9dc9362b562c05febe416b57bfe5f6,19,0.015079756267368793,Thumbin,Arab Money,Rick Ross,Kresnt,2012,2019,rap,rap
110665,eec79378e3b858667535c0f92566d46899f87c56,356547,82ca6911e78b32acf54a61944831bcb82ec21425,20,0.08652381598949432,Thumbin,BBT,Rick Ross,Lil Gnar,2012,2016,rap,rap
46703,21aed08e8c4737bc53dea229f7ac53721d9b8c0c,15545,5f4c8ea16597e3784f229fc1f4b4465fd1c8e248,1,0.19329196214675903,Dream Team,Thuggin Noise,Niykee Heaton,A$AP Rocky,2016,2012,pop,rap
46703,21aed08e8c4737bc53dea229f7ac53721d9b8c0c,59031,ae3eaa3aff315c9df6d3b6c658044da71739e620,2,0.11709413677453995,Dream Team,Alexis Sánchezs Career Achievements,Niykee Heaton,Alexis Snchez,2016,2014,pop,misc
46703,21aed08e8c4737bc53dea229f7ac53721d9b8c0c,374817,ac03d713ba80078c9ea9ae3489b9f7afbdf9b655,3,0.17074182629585266,Dream Team,Midnight Zone,Niykee Heaton,Belly,2016,2018,pop,rap
46703,21aed08e8c4737bc53dea229f7ac53721d9b8c0c,265069,bfe3636e306875aba159606176c20f82be0fe9de,4,0.17074182629585266,Dream Team,Higher,Niykee Heaton,Modestep,2016,2017,pop,pop
46703,21aed08e8c4737bc53dea229f7ac53721d9b8c0c,115809,3367b27a3b4b8e54bdd9011557daa3b074b35f6c,5,0.13575558364391327,Dream Team,Maya and Miguel Theme Song,Niykee Heaton,Candi Milo,2016,2018,pop,pop
46703,21aed08e8c4737bc53dea229f7ac53721d9b8c0c,67239,6d31eaf9c566137677da89715c52175b7fe222e5,6,0.15181726217269897,Dream Team,Follow Follow,Niykee Heaton,Glasgow Rangers,2016,2015,pop,pop
46703,21aed08e8c4737bc53dea229f7ac53721d9b8c0c,488663,9e49f6c430e0bcb3707f39920acaaf86c78c3737,7,0.10547000169754028,Dream Team,Money In The Bank 2015,Niykee Heaton,WWE,2016,2015,pop,misc
46703,21aed08e8c4737bc53dea229f7ac53721d9b8c0c,7588,99a972a40c9099c3e646cb4526c23c6f1bcf5c00,8,0.1301352083683014,Dream Team,Miracle on Ice Pre-Game Speech,Niykee Heaton,Kurt Russell,2016,2014,pop,misc
46703,21aed08e8c4737bc53dea229f7ac53721d9b8c0c,515361,b6d23216ec008723e11f545ae8c2eb61e169c320,9,0.18181023001670837,Dream Team,MORT Freestyle - Remix,Niykee Heaton,Dean Blunt,2016,2022,pop,rap
46703,21aed08e8c4737bc53dea229f7ac53721d9b8c0c,276979,1546b4dcfeefef05df3fdf65e73297cbc43e5e2a,10,0.17074182629585266,Dream Team,My Boys,Niykee Heaton,Twin Peaks,2016,2016,pop,rock
46703,21aed08e8c4737bc53dea229f7ac53721d9b8c0c,402459,efaae336b1d9d7c568a9738d429e22eb3f3d0ebb,11,0.17074182629585266,Dream Team,Failsafe,Niykee Heaton,The Choir Practice,2016,2007,pop,pop
46703,21aed08e8c4737bc53dea229f7ac53721d9b8c0c,505631,aca91aea693fcec8bf63911e90e51e1a89b14562,12,0.16491256654262543,Dream Team,Home Team,Niykee Heaton,PnB Rock,2016,2022,pop,rap
46703,21aed08e8c4737bc53dea229f7ac53721d9b8c0c,227010,daf8b285da842cc96ab2d1f15ddcf80c81122276,13,0.1734204739332199,Dream Team,Epic,Niykee Heaton,Machel Montano,2016,2013,pop,pop
46703,21aed08e8c4737bc53dea229f7ac53721d9b8c0c,263610,0ff50cbdee30052e5a0e046e0cc7cc942677f720,14,0.1512812227010727,Dream Team,Old Team,Niykee Heaton,Mastersystem,2016,2018,pop,rock
46703,21aed08e8c4737bc53dea229f7ac53721d9b8c0c,390953,adfe7eda7d5aafb0cd434cfa0932606258a25c68,15,0.09552156925201416,Dream Team,QRules Qoaching Center,Niykee Heaton,Alpha-Q-Up,2016,2014,pop,rap
46703,21aed08e8c4737bc53dea229f7ac53721d9b8c0c,385970,0cde0cebfa16079b440b9ac2ab4ef11803a9a6e1,16,0.16523371636867523,Dream Team,Whoop There It Is Club Mix,Niykee Heaton,Tag Team,2016,1999,pop,pop
46703,21aed08e8c4737bc53dea229f7ac53721d9b8c0c,388917,51320c60226516280d6dd13cf3295cccd0556986,17,0.03209817409515381,Dream Team,World Cup Dark Horses: Belgium,Niykee Heaton,2014 FIFA World Cup Brazil,2016,2013,pop,misc
46703,21aed08e8c4737bc53dea229f7ac53721d9b8c0c,9243,3f7f97db047c388907e8d43b4744a5faa036e160,18,0.19021517038345337,Dream Team,Just Us,Niykee Heaton,DJ Khaled,2016,2019,pop,rb
46703,21aed08e8c4737bc53dea229f7ac53721d9b8c0c,124738,ad5ab10e1820ba0f3cab75351ee47455857be1e0,19,0.134565532207489,Dream Team,Ace Of Spades,Niykee Heaton,RiFF RAFF,2016,2012,pop,rap
46703,21aed08e8c4737bc53dea229f7ac53721d9b8c0c,102538,55a2432803482ca2bd15a8c0e4ee813e31c519d2,20,0.05358314514160156,Dream Team,Miracles Back In Time,Niykee Heaton,The D,2016,2014,pop,pop
409949,1acb23c94336ab8e53b9defb04b1d870efd5109b,12442,c7a89335041235e4ad0d24b012812f0b289b00ff,1,0.7846701741218567,Dicked Down in Dallas,Dicked Down in Dallas,Trey Lewis & RVSHVD,Trey Lewis,2021,2020,country,country
409949,1acb23c94336ab8e53b9defb04b1d870efd5109b,253026,0dc8932fe23169ed3eb931a6bd6dd8ab4b99d4ad,2,0.10726294666528702,Dicked Down in Dallas,CONTACT,Trey Lewis & RVSHVD,Alice Gas,2021,2019,country,pop
409949,1acb23c94336ab8e53b9defb04b1d870efd5109b,429173,a906e3a8074f80c3143d8d6432807667530960d1,3,0.10726294666528702,Dicked Down in Dallas,Pog Interlude,Trey Lewis & RVSHVD,Car Seat Headrest,2021,2020,country,pop
409949,1acb23c94336ab8e53b9defb04b1d870efd5109b,194566,5b14f25fe3bd29a52aa78e03812e79b48bceb29f,4,0.10726294666528702,Dicked Down in Dallas,Winter,Trey Lewis & RVSHVD,Xavier Wulf & BONES,2021,2013,country,rap
409949,1acb23c94336ab8e53b9defb04b1d870efd5109b,234825,ad61a1472a1dadf7f5006f46bb84b3cb857e8085,5,0.10726294666528702,Dicked Down in Dallas,Dave,Trey Lewis & RVSHVD,Cheech & Chong,2021,1971,country,pop
409949,1acb23c94336ab8e53b9defb04b1d870efd5109b,51389,3eb3932154ac6801086d0eb9ae24101a5fdfaa97,6,0.10726294666528702,Dicked Down in Dallas,White Wine Spritzer,Trey Lewis & RVSHVD,Okilly Dokilly,2021,2016,country,rock
409949,1acb23c94336ab8e53b9defb04b1d870efd5109b,189181,9b1f1fb9cba547835848bf8f806092d809a4e902,7,0.10726294666528702,Dicked Down in Dallas,Exhale,Trey Lewis & RVSHVD,ZHU,2021,2017,country,pop
409949,1acb23c94336ab8e53b9defb04b1d870efd5109b,505165,71e7e0c65274dbc124b0ad1b8d6f62ad940b3f67,8,0.10726294666528702,Dicked Down in Dallas,See You In Hell,Trey Lewis & RVSHVD,Lil Tracy,2021,2022,country,rap
409949,1acb23c94336ab8e53b9defb04b1d870efd5109b,216100,a94cf54a09ee3cad868ae7b645ce91331c25d4a0,9,0.10726294666528702,Dicked Down in Dallas,Problems Fuck,Trey Lewis & RVSHVD,Street Dogg,2021,2016,country,rap
409949,1acb23c94336ab8e53b9defb04b1d870efd5109b,432692,9e67c3d1b97ee51d9577cd56097839426dae3f63,10,0.07227186113595963,Dicked Down in Dallas,Weeble Wobble,Trey Lewis & RVSHVD,Eliminate,2021,2019,country,pop
409949,1acb23c94336ab8e53b9defb04b1d870efd5109b,154100,c83d8087c159e22d351241a828e52566692cf1c6,11,0.09978219866752625,Dicked Down in Dallas,Torn Apart,Trey Lewis & RVSHVD,Bastille,2021,2014,country,rock
409949,1acb23c94336ab8e53b9defb04b1d870efd5109b,234915,10d4efa3c68e86d81c3d1a0c443aa09f934169c5,12,0.09997215121984482,Dicked Down in Dallas,Hell Is For Children,Trey Lewis & RVSHVD,The Relentless (American Satan/Paradise City),2021,2017,country,rock
409949,1acb23c94336ab8e53b9defb04b1d870efd5109b,470861,5be139bd2bb482fda2dc7abaff9ad8a716d28e90,13,0.10726294666528702,Dicked Down in Dallas,Cold,Trey Lewis & RVSHVD,Lawrence,2021,2016,country,pop
409949,1acb23c94336ab8e53b9defb04b1d870efd5109b,94945,4b4775c3da9ea5489593cce51fd687a6ad571525,14,0.10726294666528702,Dicked Down in Dallas,Everyone Requires a Plan,Trey Lewis & RVSHVD,The Lumineers,2021,2016,country,rock
409949,1acb23c94336ab8e53b9defb04b1d870efd5109b,159231,ce3e66af4d1cf3e6de6eef6767e07237e46285dc,15,0.10726294666528702,Dicked Down in Dallas,Elevator Girl,Trey Lewis & RVSHVD,BABYMETAL,2021,2019,country,rock
409949,1acb23c94336ab8e53b9defb04b1d870efd5109b,150863,539180e5f0ae74353929008782b3b8dfab8d5d8e,16,0.10666228830814362,Dicked Down in Dallas,Cream,Trey Lewis & RVSHVD,Mannequin Pussy,2021,2019,country,rock
409949,1acb23c94336ab8e53b9defb04b1d870efd5109b,300602,b1b1c0064f9d33bfb786d9afcaccfb4833acbde3,17,0.10726294666528702,Dicked Down in Dallas,Dont Ask Me Twice,Trey Lewis & RVSHVD,Porridge Radio,2021,2019,country,rock
409949,1acb23c94336ab8e53b9defb04b1d870efd5109b,259066,6e51894d9f7d68f1aa833c36107915d7dca3f9e7,18,0.10726294666528702,Dicked Down in Dallas,LIKE HELL,Trey Lewis & RVSHVD,ionnalee,2021,2018,country,pop
409949,1acb23c94336ab8e53b9defb04b1d870efd5109b,5265,a181445cced1184f32999d79af94b1a47260e7f7,19,0.09626609086990356,Dicked Down in Dallas,Highway to Hell,Trey Lewis & RVSHVD,AC/DC,2021,1979,country,rock
409949,1acb23c94336ab8e53b9defb04b1d870efd5109b,229034,dceddc42e4aae8539a771b625c08f7d0c37847fb,20,0.10726294666528702,Dicked Down in Dallas,Embarrassingly Enough,Trey Lewis & RVSHVD,Boyscott,2021,2015,country,pop
126592,58cb22af05b7a527d84430914ee0caa58e26435c,302326,2d8fde95f07a1cb77c92148c3c7d0c8d34b1e88f,1,0.20164942741394043,Slaves Shall Serve,God Is in the House,Behemoth,Hillsong Worship,2004,1996,rock,pop
126592,58cb22af05b7a527d84430914ee0caa58e26435c,159279,c3ad636a51ea282c1fede4fd3578f5517119906b,2,0.1933795064687729,Slaves Shall Serve,The Idler Wheel...,Behemoth,Fiona Apple,2004,2012,rock,misc
126592,58cb22af05b7a527d84430914ee0caa58e26435c,381599,31c0da9112c188aab78e7561dfda49c68e9cf48f,3,0.1933795064687729,Slaves Shall Serve,Sunsets Pt. 1,Behemoth,SG Lewis,2004,2018,rock,pop
126592,58cb22af05b7a527d84430914ee0caa58e26435c,311943,ecb95587842adb69f8a4767ac676de20b7d94823,4,0.1933795064687729,Slaves Shall Serve,Tomorrow Is Already Here,Behemoth,Stereolab,2004,1996,rock,pop
126592,58cb22af05b7a527d84430914ee0caa58e26435c,308341,53258590fd8563ade623e1e36135140f99cdacc5,5,0.13884904980659485,Slaves Shall Serve,Manhattan Six Basic Cocktails,Behemoth,David A. Embury,2004,2013,rock,misc
126592,58cb22af05b7a527d84430914ee0caa58e26435c,350636,7795e98cbb08b1404bd9267a6a50af32e7b0d141,6,0.1933795064687729,Slaves Shall Serve,O Brasil...,Behemoth,Alaska Thunderfuck,2004,2016,rock,pop
126592,58cb22af05b7a527d84430914ee0caa58e26435c,134759,079e8a43ae5e3add955217c2dd294dca88892c1f,7,0.16257870197296143,Slaves Shall Serve,Beat The Pack Out,Behemoth,Peewee Longway,2004,2015,rock,rap
126592,58cb22af05b7a527d84430914ee0caa58e26435c,83340,0d4b28f1deb6ed613979457a6d64545cc404604f,8,0.1933795064687729,Slaves Shall Serve,Niggas in Paris Freestyle,Behemoth,LeBron James,2004,2013,rock,rap
126592,58cb22af05b7a527d84430914ee0caa58e26435c,512306,ccbbe2d7904ee0ed3943c8026bc58b9ae9f5b99e,9,0.1422904133796692,Slaves Shall Serve,Like Wine,Behemoth,Eva Westphal,2004,2022,rock,pop
126592,58cb22af05b7a527d84430914ee0caa58e26435c,49728,cc0f24197a0eaec4a4d790435fdde8c1cf27c47e,10,0.1933795064687729,Slaves Shall Serve,Hands Away,Behemoth,Interpol,2004,2002,rock,rock
126592,58cb22af05b7a527d84430914ee0caa58e26435c,172430,9812e1b7f5d5a49fa5dc8fd3d2b738ffa836f8a9,11,0.12045152485370636,Slaves Shall Serve,Shutdown Vote Rant,Behemoth,Congressional Stenographer Diane Reedy,2004,2013,rock,misc
126592,58cb22af05b7a527d84430914ee0caa58e26435c,140903,14ddd2818ff9b5c7d9ed86743172b46b2a6298c0,12,0.1286844164133072,Slaves Shall Serve,Two Pints Of Lager And A Packet Of Crisps,Behemoth,Splodgenessabounds,2004,1980,rock,rock
126592,58cb22af05b7a527d84430914ee0caa58e26435c,490854,29f6093b3b53881dfdd97b61926b2033cb170e7b,13,0.15403573215007782,Slaves Shall Serve,Moni Mon Amie,Behemoth,Julia Holter,2004,2012,rock,pop
126592,58cb22af05b7a527d84430914ee0caa58e26435c,245866,3b5e3232362deb648a5e9e392c0f938d5a5f961c,14,0.19039322435855865,Slaves Shall Serve,Serve Jah,Behemoth,Luciano Messenjah,2004,2002,rock,pop
126592,58cb22af05b7a527d84430914ee0caa58e26435c,409697,8ef5261a8c9aacea6268c9845ab87fb70e57bf01,15,0.18912070989608765,Slaves Shall Serve,Serve The People,Behemoth,Handsome Furs,2004,2011,rock,rock
126592,58cb22af05b7a527d84430914ee0caa58e26435c,37912,e035df4b516770251f2e17397ee44e8ea0002636,16,0.1933795064687729,Slaves Shall Serve,Get It Ready Ready,Behemoth,DJ Jubilee,2004,2013,rock,rap
126592,58cb22af05b7a527d84430914ee0caa58e26435c,387923,4c32a0b65b5c312e3aab20044d49618705c34a3e,17,0.16926805675029755,Slaves Shall Serve,Grandma House,Behemoth,Zona Man,2004,2018,rock,rap
126592,58cb22af05b7a527d84430914ee0caa58e26435c,360128,0984e1bae279a506cbd518950090c7d6884a9a4a,18,0.17841187119483948,Slaves Shall Serve,Dinner Plate,Behemoth,Terror Jr,2004,2020,rock,pop
126592,58cb22af05b7a527d84430914ee0caa58e26435c,170995,9c66d58c52254d111c7cf547c3f3e092b8d4a907,19,0.17913495004177094,Slaves Shall Serve,Kreepin Out Da Kut,Behemoth,Playa Fly,2004,1994,rock,rap
126592,58cb22af05b7a527d84430914ee0caa58e26435c,365359,54535a29f36fba0889ff2f5b66f0ba50719d2972,20,0.17088188230991364,Slaves Shall Serve,Serve,Behemoth,Asha Elia,2004,2018,rock,rb
225223,cae55410cc0c429502d6a28be177deb8dc644b08,160175,2cea7bc2fb67955354b917462d2ebd5112947783,1,0.2812116742134094,Little Walter,Do You Remember Walter?,Tony! Toni! Ton!,The Kinks,1988,1968,rb,rock
225223,cae55410cc0c429502d6a28be177deb8dc644b08,379291,54dd61ec56f1763f9b2500fec7d56cc344066b95,2,0.21327519416809082,Little Walter,I Bet the Trees Are Thinking,Tony! Toni! Ton!,Rudy Francisco,1988,2017,rb,misc
225223,cae55410cc0c429502d6a28be177deb8dc644b08,148498,2e6a64d1b438a09bad6b0bf125620d1919b9e73e,3,0.21278010308742523,Little Walter,Rent,Tony! Toni! Ton!,Lil Peep & iLoveMakonnen,1988,2018,rb,rap
225223,cae55410cc0c429502d6a28be177deb8dc644b08,478005,a32d2fc17a707195b5acacc268d07bca9e3e1061,4,0.21327519416809082,Little Walter,Another Dimension,Tony! Toni! Ton!,Dillon Francis & NGHTMRE,1988,2017,rb,pop
225223,cae55410cc0c429502d6a28be177deb8dc644b08,302485,1646fece98fd46f10ab70287a1133c1f65fdcd5b,5,0.21327519416809082,Little Walter,A million tomorrows,Tony! Toni! Ton!,Pretty Lights,1988,2015,rb,pop
225223,cae55410cc0c429502d6a28be177deb8dc644b08,43310,ada69fd4d927f7e80b1c6be9e58e2f83d245863f,6,0.20633040368556976,Little Walter,Hard Work,Tony! Toni! Ton!,The U.S. Army Airborne,1988,2015,rb,pop
225223,cae55410cc0c429502d6a28be177deb8dc644b08,186557,9bdd9249247c92c72f6b32f07e50196f77be997f,7,0.21327519416809082,Little Walter,Overdue,Tony! Toni! Ton!,Muse,1988,1998,rb,rock
225223,cae55410cc0c429502d6a28be177deb8dc644b08,373512,bd95f9cb61eeab44ad2ab6e76ea778ac09936bd9,8,0.20003382861614227,Little Walter,100 Million,Tony! Toni! Ton!,Sunny Day Real Estate,1988,1998,rb,rock
225223,cae55410cc0c429502d6a28be177deb8dc644b08,165758,dfe6f64dfcc37d60a84a80aecf1362be90140c4c,9,0.2065943479537964,Little Walter,Pay to Play,Tony! Toni! Ton!,Nirvana,1988,2015,rb,rock
225223,cae55410cc0c429502d6a28be177deb8dc644b08,366397,f5d3ed4cb435af4e8387d7ce059064236a1d2f79,10,0.20813491940498352,Little Walter,Wake Up,Tony! Toni! Ton!,Trevor Daniel,1988,2018,rb,pop
225223,cae55410cc0c429502d6a28be177deb8dc644b08,206727,bbb9d0b48b020b48afb9cfce15ef7aa10ebf8231,11,0.23614941537380219,Little Walter,The Skills to Pay the Bills,Tony! Toni! Ton!,Beastie Boys,1988,1992,rb,rap
225223,cae55410cc0c429502d6a28be177deb8dc644b08,253819,6ca08f6a06f46b6150ea17f09184892a49597405,12,0.21327519416809082,Little Walter,Stay Down Till We Come Up Outro,Tony! Toni! Ton!,2 Chainz,1988,2009,rb,rap
225223,cae55410cc0c429502d6a28be177deb8dc644b08,460047,1b0ab277e53ebe8a6a9d8cd2868b2046b610cb17,13,0.19700437784194946,Little Walter,Something For Nothing,Tony! Toni! Ton!,The Reverend Peyton's Big Damn Band,1988,2012,rb,country
225223,cae55410cc0c429502d6a28be177deb8dc644b08,379068,96114bad792bb7e812f5351b0d92ae5833f6a65e,14,0.22194647789001465,Little Walter,Pay Me My Money Down,Tony! Toni! Ton!,The Longest Johns,1988,2018,rb,pop
225223,cae55410cc0c429502d6a28be177deb8dc644b08,388660,4d6420dc9a638c2055806d938a4bd19748d7ffd1,15,0.1023031696677208,Little Walter,Delaware,Tony! Toni! Ton!,Perry Como,1988,2015,rb,pop
225223,cae55410cc0c429502d6a28be177deb8dc644b08,178543,f654f294949a867bfb222d9b8afade90a3bbe223,16,0.20458436012268066,Little Walter,Hypocrites,Tony! Toni! Ton!,Korn,1988,2005,rb,rock
225223,cae55410cc0c429502d6a28be177deb8dc644b08,343379,475852148b4f74a4507253b8e3279bbd2312b85b,17,0.17479141056537628,Little Walter,Pay No Mind,Tony! Toni! Ton!,Hanni El Khatib,1988,2013,rb,rock
225223,cae55410cc0c429502d6a28be177deb8dc644b08,454439,8994cdcb23f4f34ac91eb92ff18f448bc66909e5,18,0.10897871106863022,Little Walter,Hitch-hike,Tony! Toni! Ton!,Kleenex,1988,2001,rb,rock
225223,cae55410cc0c429502d6a28be177deb8dc644b08,199260,8add8ed14312f239de714e1e48c83a48941177de,19,0.21216006577014923,Little Walter,BREAK U OFF,Tony! Toni! Ton!,Sonder,1988,2021,rb,rb
225223,cae55410cc0c429502d6a28be177deb8dc644b08,150953,e29ab4e5184fe1a3e81784c411b0b8d08e7c2673,20,0.21327519416809082,Little Walter,Youre Wondering Now,Tony! Toni! Ton!,Amy Winehouse,1988,2006,rb,rock
285487,e6a215fb0283b4737ef396e2cc47bc2aff8bd098,24504,c170c47f480417346597b7901b0d4096cdb066a1,1,0.23684172332286835,FreakNic,Down for You,Mila J,Cold Hart,2015,2016,rb,rap
285487,e6a215fb0283b4737ef396e2cc47bc2aff8bd098,55442,61274b230601794f5b104d6ed8e286d6b8e23df6,2,0.2122596949338913,FreakNic,Suzie Q,Mila J,Creedence Clearwater Revival,2015,1968,rb,rock
285487,e6a215fb0283b4737ef396e2cc47bc2aff8bd098,74542,51ecbc4ef25a7e96b1d0a21456dddfb7c4024cce,3,0.22861993312835693,FreakNic,Bones,Mila J,Alexandra Savior,2015,2017,rb,rock
285487,e6a215fb0283b4737ef396e2cc47bc2aff8bd098,52665,36070b15739f2bc5163138f1867a783d1e22dec6,4,0.2057785838842392,FreakNic,Feel Like Makin Love,Mila J,D'Angelo,2015,2000,rb,rb
285487,e6a215fb0283b4737ef396e2cc47bc2aff8bd098,334886,5d2b36f9bce4727eb25582488123c3759e1474e6,5,0.20079712569713593,FreakNic,Table for Two,Mila J,Edbl,2015,2019,rb,pop
285487,e6a215fb0283b4737ef396e2cc47bc2aff8bd098,373084,3999eb785afe9df74c3bc77d65a773a4a00d5e48,6,0.1873708963394165,FreakNic,Would You Believe?,Mila J,Roxy Music,2015,1972,rb,rock
285487,e6a215fb0283b4737ef396e2cc47bc2aff8bd098,163305,e3280de7088b82eb6c637a6e835e18b065b557a5,7,0.13588738441467285,FreakNic,Im Used to That,Mila J,Horse Head,2015,2016,rb,rap
285487,e6a215fb0283b4737ef396e2cc47bc2aff8bd098,411071,cef6368cf51cb4f5196c8afa4170d22ef1cda226,8,0.17092902958393097,FreakNic,Got U,Mila J,UNO Stereo,2015,2016,rb,pop
285487,e6a215fb0283b4737ef396e2cc47bc2aff8bd098,29564,341beddffc6426d8ff8dbcabc8dc258fbb8abe58,9,0.20426230132579803,FreakNic,Freak N You,Mila J,DJ Khaled,2015,2019,rb,rap
285487,e6a215fb0283b4737ef396e2cc47bc2aff8bd098,192415,f1c4493dc97077d2d3a9063a28cc09f6aa515925,10,0.21045957505702972,FreakNic,Anywhere for You,Mila J,Backstreet Boys,2015,1997,rb,pop
285487,e6a215fb0283b4737ef396e2cc47bc2aff8bd098,281102,c903b450e04cd64dabe11d4268815652d22ea6e4,11,0.18451760709285736,FreakNic,Think Twice,Mila J,Erykah Badu,2015,2003,rb,rb
285487,e6a215fb0283b4737ef396e2cc47bc2aff8bd098,431295,8ce0fe4d7242759d9bcd230c876f5ae6564f788a,12,0.13481365144252777,FreakNic,Cant Do A Thing To Stop Me,Mila J,Chris Isaak,2015,1993,rb,pop
285487,e6a215fb0283b4737ef396e2cc47bc2aff8bd098,299384,96ab990743a20015221771b196a2a58faa16afe1,13,0.17452003061771393,FreakNic,True,Mila J,Mayorkun,2015,2019,rb,pop
285487,e6a215fb0283b4737ef396e2cc47bc2aff8bd098,293554,59e273b827f0cebb5e630ccb29927b31ac16d924,14,0.12281718105077744,FreakNic,Lock it Up,Mila J,SOPHIE,2015,2018,rb,rap
285487,e6a215fb0283b4737ef396e2cc47bc2aff8bd098,395692,d7e4f1407d294fc63425b9b8e9315a665c77eab2,15,0.1401495337486267,FreakNic,Georgia,Mila J,Yuck,2015,2011,rb,rock
285487,e6a215fb0283b4737ef396e2cc47bc2aff8bd098,300429,49ef7ea6de197a5f0e50a4b9ed63c76620999f14,16,0.12348369508981705,FreakNic,Cant Take My Hands Off You,Mila J,Soultans,2015,1997,rb,pop
285487,e6a215fb0283b4737ef396e2cc47bc2aff8bd098,368815,bea8bb1bb721f509f26616abc7e163ecb00d523f,17,0.13958235085010529,FreakNic,I Dont Want You,Mila J,Ramones,2015,1978,rb,rock
285487,e6a215fb0283b4737ef396e2cc47bc2aff8bd098,235435,15c7605b3e4fbf51633d5ba8dc16b7bf89dac87f,18,0.1453869491815567,FreakNic,Lies,Mila J,BURNS,2015,2015,rb,pop
285487,e6a215fb0283b4737ef396e2cc47bc2aff8bd098,306527,57f444a76e45fb088845faefa9e8b3f9bfe4d77c,19,0.1453869491815567,FreakNic,Point That Thing Somewhere Else,Mila J,The Clean (NZ),2015,1981,rb,pop
285487,e6a215fb0283b4737ef396e2cc47bc2aff8bd098,193112,7ca203c3225e8e729151d7644564b3cec3659e7f,20,0.15882211923599243,FreakNic,Give You Everything,Mila J,Ray-G,2015,2016,rb,rb
