query_index,recall@5,ndcg@5,ec@5,ild@5,recall@10,ndcg@10,ec@10,ild@10,recall@20,ndcg@20,ec@20,ild@20
2521,8.030580450354952e-06,0.14606834984270645,0.9471122079235128,0.07719564993568787,1.6061160900709905e-05,0.16421958630632802,0.9427055538483214,0.0636821735379412,4.0152902251774755e-05,0.21429760517237784,0.9462135702216596,0.05471803651451414
2734,0.0,0.0,0.989964121994545,0.01580380697261786,0.0,0.0,0.994150830477191,0.009865435655750088,0.0,0.0,0.9886134154345368,0.018132976858692362
2800,2.507726933614199e-05,0.7860137352654724,0.9635585836790653,0.06242204651566876,5.642385600631947e-05,0.8611375561264454,0.9696859245541661,0.055864475658821584,0.00010657839467860345,0.8390129901742293,0.9741625173231299,0.04707604389284604
2822,0.0,0.0,0.9770400356724244,0.052908295176785414,0.0,0.0,0.9735668923529357,0.05130249221664322,0.0,0.0,0.9743357898675109,0.04814348679290165
3355,1.5063416985508993e-05,0.3451913422468693,0.9720362268257213,0.0437742162976628,3.765854246377248e-05,0.4322788421471916,0.9774568090191433,0.03665048353716457,7.531708492754496e-05,0.45879682723377035,0.9811998433799134,0.02965822187465055
3646,1.5673612689356834e-05,0.3451913422468693,0.9646551218616477,0.07978188507084098,3.134722537871367e-05,0.36099027181348725,0.9698612059376034,0.058285050067518974,4.70208380680705e-05,0.3033905947846255,0.9705751497128394,0.05629546530006307
4048,6.595479458379227e-06,0.33916020527361607,0.9859552440032087,0.03129370408179172,6.595479458379227e-06,0.22009176629808014,0.9832942006980661,0.03384525299489586,3.957287675027536e-05,0.318322552701058,0.9818082262553759,0.033625982806173835
5108,2.7084306675604487e-05,0.6608397947263838,0.9896199668433822,0.02143325063878252,6.0939690020110095e-05,0.7799082337019198,0.9899401410647858,0.015917712739470142,0.00011510830337131907,0.7883869782019457,0.9882368111447924,0.01863157802261108
6234,1.818280997145299e-05,0.13120507751234178,0.9790612438078327,0.04462748013742103,5.454842991435896e-05,0.22476126319537007,0.9836380824832911,0.033214518034888466,7.273123988581196e-05,0.18467464752071883,0.9852469969249362,0.028426739433368774
6343,7.53097111872576e-06,0.16958010263680803,0.9497675331878428,0.08665354148598606,2.259291335617728e-05,0.2520649403266671,0.931719769435355,0.1247548072810045,4.518582671235456e-05,0.2633877538026459,0.9427524371532812,0.09863404049209433
7180,3.132930229643786e-05,0.8304198973631919,0.9567581481055688,0.08309572780793337,5.4826279018766255e-05,0.7503359712972107,0.9523935148776997,0.08531516076819204,0.00010182023246342303,0.701614803009044,0.9644353432979198,0.06090950555202321
7514,0.0,0.0,0.8979338028010853,0.1694578266458368,0.0,0.0,0.9023582874237638,0.12903576632298475,0.0,0.0,0.8974136084874447,0.14652177687560727
7904,1.211401712922022e-05,0.16958010263680803,0.9658163942349338,0.06133433697936861,3.634205138766066e-05,0.25284102718517737,0.9561165090103836,0.07670217843691633,7.268410277532132e-05,0.27266644214917646,0.9499641886908547,0.06941825683210687
9192,2.6067802353922553e-05,0.8539316501572934,0.9845115917978768,0.029404350627991304,5.865255529632574e-05,0.9052116356304492,0.987899123039956,0.02296874079534055,9.775425882720957e-05,0.8013189605302584,0.988076659259067,0.021932210775940795
9255,1.4458075196449097e-05,0.3835663673713356,0.9798117495925671,0.0414290931128114,2.8916150392898194e-05,0.40067051810063,0.981686810044601,0.03723822642090416,7.951941358047004e-05,0.5054863108017666,0.9840234096062019,0.03191974304426813
10056,2.0753346477119435e-05,0.6164336326286644,0.9794635226369091,0.0456585287001605,3.458891079519906e-05,0.5428183923453893,0.977774246548871,0.03772716481025615,9.684895022655737e-05,0.6701997454044217,0.9803073735205523,0.03287264710943682
10899,3.1311644800701384e-05,1.0,0.9890485488174685,0.024618076814694367,5.636096064126248e-05,0.9216017310213247,0.9870312595125021,0.027517214703214173,9.393493440210414e-05,0.8056228292711511,0.9856809359287515,0.02785781068630329
11133,0.0,0.0,0.9464847799248552,0.11309810143906036,0.0,0.0,0.9597191767873078,0.0763025919164957,0.0,0.0,0.9664843734654498,0.06408331434254444
11394,2.5804620317267807e-05,0.8687949224876581,0.9719294607784578,0.045763484861841286,5.160924063453561e-05,0.8364586133797035,0.9719568093592746,0.04636598740598081,0.00010966963634838818,0.8589457190449826,0.9746689483255642,0.03897722484233754
11697,0.0,0.0,0.9941857573038109,0.012478100744862363,4.1007135241532026e-05,0.07336392209936005,0.9915994804332776,0.014848965638915532,8.201427048306405e-05,0.08209685257675434,0.9907674876388087,0.015558096193624615
11747,1.304614421207812e-05,0.48522855511632257,0.981751455408023,0.023187225099699206,1.304614421207812e-05,0.31488013066763093,0.981639799487327,0.025162636332065565,1.9569216318117182e-05,0.2366508463964027,0.9782184980038846,0.03223996169546125
12359,2.6439638305747978e-05,0.7860137352654724,0.989222709881917,0.020491273795518072,4.626936703505896e-05,0.716485063693381,0.9869834237849483,0.023162687494907273,7.931891491724394e-05,0.6390866924356159,0.984539875044048,0.02597240419017227
12810,2.670993676422471e-05,0.6608397947263838,0.9711303406371476,0.03870877074523105,5.341987352844942e-05,0.7136540102475307,0.9588662856725974,0.06735054563652929,0.00011351723124795502,0.7796916379428968,0.9557964095040219,0.06789444971791163
12934,3.050640634533252e-05,0.8539316501572934,0.9815058903966575,0.03378227173021571,4.575960951799878e-05,0.6911279212606074,0.9861034041814746,0.02486962575055191,0.00011439902379499695,0.7622794073652648,0.988824658361431,0.02002460127060175
14954,2.639056273476605e-05,0.49125969208957576,0.9964454153556993,0.005537122333188238,3.518741697968806e-05,0.382414714083678,0.9923512255689912,0.014247502046333608,7.917168820429815e-05,0.4222521678184832,0.9934468382844293,0.012263744887443107
15871,1.9550342130987292e-05,0.49125969208957576,0.9891130971391313,0.02490091924145792,5.213424568263278e-05,0.6698623505528797,0.9914177780975795,0.017607810704198285,0.00011730205278592375,0.786939940549514,0.9916776116652095,0.01663437088824898
16441,0.0,0.0,0.9661813581735721,0.07092320153491997,0.0,0.0,0.9636957861893165,0.06886049979358981,2.889588811512122e-05,0.06979377937325233,0.9705358207287729,0.05254482696809437
16695,2.3106695164924037e-05,0.3451913422468693,0.9543376659482853,0.07144727738374626,5.7766737912310095e-05,0.4393885407921626,0.9499660578992627,0.0725580820363351,9.242678065969615e-05,0.39561469403508753,0.9478900493651009,0.07032066729849837
17866,0.0,0.0,0.9753869098118351,0.05559509884485527,4.7290267662914974e-05,0.07839826897867533,0.9717725649013197,0.05442418265679889,9.458053532582995e-05,0.08898032113999996,0.9757979053569578,0.04863063373467888
18118,2.3090155512197376e-05,0.48522855511632257,0.988136300557495,0.02275579841713966,4.618031102439475e-05,0.46270962158308354,0.9884902887373144,0.01962309138980968,5.7725388780493436e-05,0.3326806538439605,0.9845678813748802,0.02567296896970677
18648,0.0,0.0,0.985082147859654,0.028418300302213418,4.053506282934739e-05,0.06943122193677725,0.9875138123450032,0.020459901942714145,4.053506282934739e-05,0.04480864360167173,0.9886824004445618,0.019258014384959807
19188,2.6367831245880027e-05,0.8304198973631919,0.9911816450158314,0.019185404915561775,5.932762030323006e-05,0.8899541168509598,0.9918213309947337,0.016256097095470316,0.00012524719841793013,0.9289799801831712,0.9924762343420458,0.012829289649475188
19274,1.5343071069105193e-05,0.3156484524795145,0.994969048599698,0.011316067949575547,3.0686142138210385e-05,0.34948673995165525,0.9938839053518009,0.011692050740648087,4.6029213207315575e-05,0.2974136285814623,0.9934873453305741,0.010900389326788907
21435,1.603604903823796e-05,0.5531464700081437,0.978255599829531,0.04336929488233843,2.405407355735694e-05,0.4323181322709947,0.9777183209999908,0.0418778322399447,5.6126171633832856e-05,0.41975550891705843,0.9775284595305507,0.0422856482639184
22286,3.15738290845484e-05,1.0,0.9894144678072191,0.013961508488975528,6.31476581690968e-05,1.0,0.9903061592021537,0.013480488048356888,0.0001262953163381936,1.0,0.9921217080361069,0.013492397871393209
22407,3.258135564504568e-05,1.0,0.9912911143711289,0.013075824325744756,5.2130169032073085e-05,0.8579809428223729,0.9940252089388686,0.009474010054847746,0.00011729288032216445,0.9083455376384938,0.9924307483376745,0.012139727930522351
22777,2.708815841155039e-05,0.8304198973631919,0.9920138028187004,0.01679095577318318,5.417631682310078e-05,0.826333328652008,0.9922465947951462,0.012647739733382122,0.00011512467324908916,0.8555829096479624,0.9921900749584234,0.015072101556459473
23075,0.0,0.0,0.9720488157485967,0.05628201436189314,1.2441060475994973e-05,0.06943122193677725,0.9612778226370917,0.06438151053845333,2.4882120951989947e-05,0.08031865351008605,0.9618901929891586,0.06372141388954494
23137,0.00021602937999567941,0.360054614577234,0.9430439958687771,0.0805285050478624,0.00043205875999135883,0.3667028183788342,0.9408877366504445,0.07260473831678854,0.0006480881399870382,0.31358584299219633,0.9404561917231045,0.07487887413669261
25386,1.6458467058378183e-05,0.27727342735504823,0.984042832289361,0.03566306342145392,3.2916934116756366e-05,0.33169367308920716,0.9863236033960618,0.02780041971414314,6.583386823351273e-05,0.353524088147352,0.9879355889091445,0.023352906005922255
25852,6.62778366914104e-05,0.16958010263680803,0.9952964469827286,0.0074318473275322375,0.0001325556733828208,0.17947710508581732,0.9952826107503301,0.0067890679849065836,0.00019883351007423118,0.153135413784945,0.9943374608397338,0.008775874929487018
26639,1.5061488526911114e-05,0.360054614577234,0.9373854725128897,0.09129451881296688,3.012297705382223e-05,0.3854129993211407,0.9505614024290994,0.08463723806703884,3.7653721317277785e-05,0.2860397158003228,0.9446561169584073,0.0834653987712556
26782,0.0002135155332550443,0.27727342735504823,0.9345015185373159,0.09728556442159952,0.0004270310665100886,0.32776097292662437,0.9168282089969134,0.07769146221890755,0.0008540621330201772,0.35834508020235617,0.9213180935190748,0.07595654629711983
27512,1.4308403325272932e-05,0.3156484524795145,0.9684962477666946,0.07012171737231568,2.1462604987909398e-05,0.2710884709729799,0.9724801905036731,0.057292563955281504,2.1462604987909398e-05,0.1749516477098921,0.9713273586319172,0.054490209563841506
28549,2.3482263063965684e-05,0.5296347172140421,0.9866534619725853,0.025228310334812397,4.696452612793137e-05,0.5527460588826717,0.989334476675797,0.01973777853729016,8.610163123454084e-05,0.5303617321193566,0.9897045280001937,0.017879539597999414
30025,0.0,0.0,0.9183273275275725,0.15356005126864844,0.0,0.0,0.9331418234273011,0.10710246829365065,4.844550486271755e-05,0.14162990522971003,0.9418746485132907,0.0990195773189218
31511,2.5518504105289347e-05,0.8304198973631919,0.9915091832261254,0.0136780380217715,5.7416634236901036e-05,0.8899541168509598,0.9925778504377389,0.01407795763887047,0.00010207401642115739,0.8192256193953613,0.9923262863648497,0.012772620384253199
33460,2.033029960084845e-05,0.7227265726449517,0.9847113592814789,0.03274520766147121,4.7437365735313054e-05,0.7416702490101528,0.9817462262001854,0.03729684290845582,8.13211984033938e-05,0.6626567967598093,0.978525206646512,0.041318175988501744
34301,2.066457265663746e-05,0.6992148198508501,0.9745552792410089,0.04439020236070377,5.5105527084366565e-05,0.804810999209339,0.9750070482291713,0.033596556969862044,0.0001033228632831873,0.7717807557716209,0.9786302244940739,0.0243224621408234
34851,3.3398348785636035e-05,1.0,0.9647619287026237,0.06679731788431306,6.679669757127207e-05,1.0,0.9678340576848041,0.05667572181714693,0.00012691372538541694,0.967135029432423,0.9673025904341126,0.05215020815013129
37356,1.912326217354998e-05,0.49125969208957576,0.9569903311176835,0.04032677917480183,3.1872103622583295e-05,0.448668937538067,0.9538582036647698,0.03409793925250117,8.924189014323323e-05,0.6107514427106261,0.9619949696033332,0.030871098611385327
40783,2.5626897992132543e-05,0.27727342735504823,0.9686619916510317,0.05097786134488587,2.5626897992132543e-05,0.1799314820111718,0.974537983372987,0.04136623300679663,5.1253795984265085e-05,0.18252316685432007,0.9739646828605372,0.04240279200602259
40819,2.5449825668694168e-05,0.7227265726449517,0.9773999097901053,0.04074865138417992,5.93829265602864e-05,0.7506372960520508,0.9826872104575883,0.030028314449149718,7.634947700608251e-05,0.5574953598487818,0.9801408419137531,0.03223536382155474
41670,1.4135374481408449e-05,0.360054614577234,0.9675169766820666,0.04077180444034463,1.4135374481408449e-05,0.2336508082431053,0.9671083503127992,0.04838253428212882,2.8270748962816898e-05,0.22265690047832848,0.9623497154950942,0.06430805165525158
42615,0.0,0.0,0.983000481964859,0.03341168811314464,0.0,0.0,0.9818269472559529,0.03040178635019745,0.0,0.0,0.9815665894152616,0.025872413229236876
43482,8.48629887047362e-06,0.16958010263680803,0.9887876835276286,0.02332617128281115,2.545889661142086e-05,0.24309789328476902,0.9893103942263967,0.020402500462230768,4.2431494352368104e-05,0.22570058776024052,0.9864516149396092,0.023955790421961956
43495,3.519144144144144e-05,0.16958010263680803,0.0,1.0,7.038288288288288e-05,0.17366667134799177,0.0,0.9956010709203985,0.00010557432432432433,0.1516998662595333,0.0,0.9745949009947155
43557,2.5855326520454794e-05,0.7860137352654724,0.9703703277983079,0.02955896956045382,5.171065304090959e-05,0.7917063341896682,0.969468134867288,0.03322079121102583,7.756597956136439e-05,0.6529352681390451,0.9719240861172919,0.02725318771836571
44474,0.0,0.0,0.9733053795146274,0.03758347361665112,7.316787637555608e-06,0.06943122193677725,0.9795995024850515,0.028357395694600995,1.4633575275111216e-05,0.07767361416924873,0.9821982986174099,0.02892461137738258
45142,1.8165304268846504e-05,0.21398626473452753,0.9780989398650595,0.036857441244029364,1.8165304268846504e-05,0.1388624438735545,0.9688817748695365,0.04333939932676246,5.449591280653951e-05,0.15978900813736507,0.9720808501210542,0.043980290915919845
45219,1.955505726372602e-05,0.7227265726449517,0.9893247958596216,0.016336250753384286,5.2146819369936055e-05,0.8200685179888281,0.989765137591669,0.014505684142772658,0.00011081199116111411,0.8483680866415677,0.9889505972303774,0.01722616431653086
45255,8.229910787767061e-06,0.16958010263680803,0.9825008592377527,0.039916606218414405,2.4689732363301182e-05,0.25284102718517737,0.9833899665161668,0.03290222937562253,6.583928630213649e-05,0.3352583375431244,0.9803984548277626,0.03539371414793511
46376,3.841327562805705e-05,0.6548086577531306,0.9928058664442787,0.01326231768781615,5.121770083740941e-05,0.5033242827953464,0.9944842746144099,0.009407811569033546,0.00011523982688417117,0.503267657949053,0.9949463441788234,0.009612775089251973
46453,2.069450767766235e-05,0.4468535299918563,0.8506999004034149,0.14513467828045798,4.8287184581212145e-05,0.5774250016294136,0.8864311366094496,0.1076707443516284,8.27780307106494e-05,0.5466584023618537,0.8986046236703652,0.08167165657324518
46637,2.9292441085577866e-05,0.7860137352654724,0.969864403280708,0.060693122692796087,4.39386616283668e-05,0.6528642754944294,0.9640707083581888,0.06875111245665869,7.323110271394467e-05,0.565689621900407,0.9665128643701166,0.05540046444253071
46639,3.548909893177812e-05,0.6843515475204854,0.9686628899261225,0.05365941282891525,4.7318798575704164e-05,0.5174612499126157,0.9685353470809173,0.057386325586735606,8.280789750748228e-05,0.44336744121594035,0.9390653527418286,0.10302744105290963
46846,1.3031183622408424e-05,0.5087403079104241,0.9825560311412154,0.037939474159668106,1.9546775433612634e-05,0.39639187290150923,0.984369551782504,0.028775616428925135,4.560914267842948e-05,0.3930064973963599,0.9839718966939307,0.02728878288267768
48100,1.2880207628946978e-05,0.30078518014914984,0.9834779592415682,0.03241696782232249,2.5760415257893956e-05,0.3379841448267984,0.9850604556298223,0.03067373097439743,5.152083051578791e-05,0.3581882331276578,0.9878700023296206,0.021991907521301375
48671,0.0,0.0,0.9832830074182715,0.033904930161534584,0.0,0.0,0.9707745250396307,0.053944754947791544,0.000214638334406525,0.06869457913685864,0.9744595221762828,0.045453617269265785
48776,0.0,0.0,0.9556047327127051,0.06794341367591142,0.0,0.0,0.9552583571981954,0.05938234026206704,0.00014283673760891302,0.03475017269886857,0.9503795405947241,0.05274099818864114
49002,8.485362749257531e-06,0.21398626473452753,0.9255338676405973,0.1373075943375595,2.5456088247772593e-05,0.2866919347890071,0.9016480775828288,0.1763375580767162,5.9397539244802715e-05,0.3299342608675756,0.8800793052472748,0.18225852194259293
49023,2.072023538187394e-05,0.6164336326286644,0.9745616174792125,0.046579778269744035,4.834721589103919e-05,0.6874708847784536,0.9784372858205238,0.036863443396459424,0.000110507922036661,0.7609971632264941,0.9721108250681605,0.0477364889718077
49334,3.816356905697821e-05,0.33916020527361607,0.9837199340276757,0.02303638431789312,0.00015265427622791284,0.4315420454124845,0.9841156079785798,0.02251028651554402,0.0003434721215128039,0.450904190432966,0.9804023763291315,0.022069094841714723
49647,1.9771181525807983e-05,0.49125969208957576,0.9770675377114335,0.05268422859476536,4.6132756893551956e-05,0.6062415623539279,0.9763449684255878,0.04698011305831906,7.908472610323193e-05,0.5728634271625008,0.9787201859597244,0.03590158843223714
51086,2.0147073637554146e-05,0.33916020527361607,0.9807125139924994,0.04099893440328547,4.029414727510829e-05,0.2984900352767555,0.9794997906331362,0.03924495497659265,4.029414727510829e-05,0.19263572260827436,0.9752776157580131,0.04689882654680412
52404,1.2430389817024662e-05,0.14606834984270645,0.9654110787412371,0.06855970770295952,4.972155926809865e-05,0.3128047789019752,0.9663530217665628,0.05504826656839218,6.215194908512331e-05,0.2373840006539806,0.9682025615955544,0.051921926686376865
53263,1.3548575028621365e-05,0.360054614577234,0.988204597661612,0.0235045053950922,4.0645725085864094e-05,0.5152880109744814,0.9899021559150245,0.0183224692583119,8.129145017172819e-05,0.546019206880177,0.9879493847279832,0.02292274275561566
54256,2.5055905990240725e-05,0.6608397947263838,0.9908940107563199,0.018329596699212015,5.011181198048145e-05,0.7104770117651424,0.9938531489673699,0.011764794270814012,9.395964746340272e-05,0.712625361532769,0.9930855999331177,0.013135293485959538
54569,2.128867442520579e-05,0.6992148198508501,0.9596561478407523,0.0631631488758899,3.548112404200965e-05,0.5907272848394971,0.959357224100956,0.07297931209110634,9.934714731762702e-05,0.6962476859640495,0.9687240972659426,0.058996774605949
54664,0.0,0.0,0.9722125918068816,0.05758241865344275,0.0,0.0,0.9724458574870825,0.052418584809091624,7.067887055164858e-05,0.06761514326644558,0.9726626755432548,0.04796824325444792
54876,3.453921236780116e-05,1.0,0.9868972766480557,0.02660312388374485,6.21705822620421e-05,0.9216017310213247,0.9884762158118191,0.019508009144397646,0.00013124900699764444,0.9494043170253829,0.9873217580828975,0.019262387212464465
55017,1.2531171288580344e-05,0.3156484524795145,0.9851093974122502,0.027676708709501195,1.2531171288580344e-05,0.20483424751859086,0.9864142136564628,0.022264545632344066,3.759351386574103e-05,0.2721375230646791,0.9843112349688601,0.025613032834847938
55504,2.3798946499968267e-05,0.5296347172140421,0.8873130441629694,0.16698829525452638,2.3798946499968267e-05,0.34369669139214537,0.8806358483707895,0.17770305803201028,3.173192866662436e-05,0.25587359465418646,0.8746364595459124,0.18734457632772442
55933,1.4894694509815604e-05,0.16958010263680803,0.832519132461379,0.32078534468566966,4.468408352944681e-05,0.24573132854020638,0.831175702296916,0.25704894942341694,5.9578778039262416e-05,0.19589372629997662,0.8476101502419878,0.21227823850935615
56244,2.1472590238560478e-05,0.5296347172140421,0.916722449988363,0.1326906241002474,4.2945180477120956e-05,0.5551469705065496,0.9390532153006248,0.09666805178481537,7.873283087472174e-05,0.5438463665563078,0.938541961462127,0.0923102800408454
57024,4.0526849037487334e-05,0.14606834984270645,0.9230881801845113,0.1594304235436918,4.0526849037487334e-05,0.09478836436955078,0.9211131188471502,0.16022356264014,8.105369807497467e-05,0.09403828594560885,0.9262197557305865,0.13377922336190032
58609,0.0,0.0,0.9691343009250375,0.06433747682514228,0.0,0.0,0.9575901427899567,0.08234403069677078,3.3871437571553415e-05,0.18037256925798742,0.9616519922486326,0.06675884383654418
58978,1.9331889885555213e-05,0.6843515475204854,0.9816120889762463,0.03776709829139059,4.510774306629549e-05,0.7257345305446319,0.9833397269318798,0.03244631308809838,9.665944942777607e-05,0.7560700783799084,0.983202765405711,0.03270687413757225
59133,2.8272147693699552e-05,0.8539316501572934,0.9942391234367041,0.008627394080873185,5.6544295387399104e-05,0.8415908474314975,0.9936219934417198,0.010866399386848778,0.00012722466462164797,0.897767905235079,0.993410684531263,0.011542452194082868
59522,0.0,0.0,0.8176644827032208,0.2918406376219518,9.575792396820837e-05,0.1356854453911663,0.853234280035387,0.22989278039719865,9.575792396820837e-05,0.08756695611670332,0.8731926611483889,0.20606932626001284
59755,6.374339459073553e-06,0.14606834984270645,0.9553850903135676,0.09903892278297635,1.912301837722066e-05,0.23944085680261518,0.949923536821237,0.10061374902752918,3.187169729536777e-05,0.22639360876463369,0.9479927367728329,0.0899128132775517
60375,0.0,0.0,0.9893539184618401,0.018455487150059024,8.22794704493282e-06,0.07839826897867533,0.982722575503374,0.026350854171346565,1.645589408986564e-05,0.08403317435933055,0.9845032157613876,0.02366532440479644
60778,2.070722060782595e-05,0.49125969208957576,0.9821856212975021,0.039338711548315045,3.4512034346376584e-05,0.4584120714384754,0.9851805799330636,0.030824402518339313,8.28288824313038e-05,0.5465054033313519,0.9851178011265574,0.030267984979076193
61090,1.1339797017633384e-05,0.13120507751234178,0.9622748138460226,0.05418210533360236,4.5359188070533536e-05,0.3005260969186081,0.9593416431097748,0.06386104180738897,9.071837614106707e-05,0.3385886201363331,0.9582504465902962,0.06434975424840167
61239,2.7598007423863996e-05,0.8539316501572934,0.9845093170335879,0.017594770707762785,4.8296512991762e-05,0.7682269253321374,0.9873150526501998,0.019382379990823373,0.00011039202969545598,0.8120365871918104,0.989001348607385,0.017522927492973343
61271,1.4634324808839133e-05,0.48522855511632257,0.9916764828069702,0.015991232166730273,2.1951487213258697e-05,0.3932783996463063,0.9913940205610228,0.01743191646605731,5.122013683093696e-05,0.40387166627281795,0.9897140367484297,0.018561077245323267
61731,6.5147853052502654e-06,0.16958010263680803,0.9789330704939567,0.03788793750799363,1.3029570610500531e-05,0.17366667134799177,0.9797593936889621,0.038775074529704155,1.9544355915750798e-05,0.14843508719225654,0.977436155518534,0.040700547774252326
62776,1.6457248183531233e-05,0.3451913422468693,0.9753402266902595,0.05074710816338761,3.291449636706247e-05,0.3757677525932109,0.9767565402582928,0.04236996794879826,4.114312045882808e-05,0.2798149884942768,0.9730541367948368,0.049669961653079756
62866,2.637704669396691e-05,0.8687949224876581,0.990317013164406,0.01801422426808961,5.934835506142555e-05,0.914856882358379,0.9903094210139208,0.016955590236592735,0.00010550818677586763,0.84081671873801,0.9915835461364264,0.014340770047784186
63214,8.19672131147541e-05,0.360054614577234,0.9739231619418558,0.05281915383292968,0.00012295081967213115,0.31204907722178066,0.9693501346058788,0.052529081003983485,0.0001639344262295082,0.2348237769407059,0.9736756273488372,0.040295110123235604
63250,3.2951752044656214e-05,1.0,0.9909393492628942,0.01773665750957465,5.9313153680381185e-05,0.9216017310213247,0.9918616719121222,0.016020680433379324,0.00011862630736076237,0.91101967886,0.9922824554904442,0.013780300326792028
63289,1.2635915061378958e-05,0.5087403079104241,0.9749799412209056,0.03777513252643565,3.1589787653447394e-05,0.5481540639795446,0.9775746330482106,0.04218560568523096,5.686161777620531e-05,0.4925108071916763,0.9738079741313511,0.042699634349210154
63769,2.0029376418747498e-05,0.5147714448836773,0.992123042313931,0.013657165107694224,4.6735211643744155e-05,0.6117559472330089,0.9933658920647896,0.012360691924975319,0.00010682334089998664,0.7098188980546095,0.9945217623471381,0.009801997976544307
65036,3.3877404448780755e-05,1.0,0.9948856702562148,0.00905478581008672,6.775480889756151e-05,1.0,0.9921473996547826,0.01571954099186741,0.00013550961779512302,1.0,0.991772349839672,0.01497169830021308
65711,3.449941350997033e-05,1.0,0.9879355743406322,0.02130271310745161,6.899882701994065e-05,1.0,0.9887537270567603,0.01835195275260634,0.00013109777133788725,0.961615361834617,0.9903357144495368,0.014824922116810711
65958,4.136675767353355e-05,0.14606834984270645,0.9743300105300943,0.04736504092591851,8.27335153470671e-05,0.16421958630632802,0.9706343061356073,0.052815037861461564,0.0001654670306941342,0.178429569401069,0.969599032661001,0.049265450891917355
66682,4.341031429067546e-05,0.6164336326286644,0.9277638339051236,0.13546153861785842,5.7880419054233955e-05,0.47842151728792726,0.9453366994098482,0.09985470107208771,0.0001302309428720264,0.48556681854495004,0.9428583849884691,0.10328464506350872
67532,0.0,0.0,0.8103129088181215,0.24074300828035478,8.028904054596547e-05,0.1396181455537491,0.7562372491649397,0.3068673789657516,0.00012043356081894821,0.12354248377763084,0.791414491058384,0.2780574187703319
67923,4.964750273061265e-05,0.16958010263680803,0.9577447301629618,0.06914224984310773,9.92950054612253e-05,0.18340980524840012,0.9571143036567855,0.052544547324209497,9.92950054612253e-05,0.11836669969471442,0.9540908206608096,0.05340131795366297
68102,2.7126920077311724e-05,0.8687949224876581,0.9888960890122533,0.022644971447596973,5.425384015462345e-05,0.841492960259019,0.9846388573694824,0.029355018564295357,0.0001085076803092469,0.8263350094277012,0.9843153737900764,0.028811556897713145
68130,9.874495166434617e-06,0.14606834984270645,0.9723577189548864,0.056914567364500734,9.874495166434617e-06,0.09478836436955078,0.9752759135285594,0.051166430650775946,4.937247583217308e-05,0.2055256508983776,0.9789524679812246,0.041575303205443115
69355,2.2652365473264546e-05,0.360054614577234,0.9629954530145376,0.07893726703975415,4.530473094652909e-05,0.3783033006761697,0.974002372564609,0.05328452370201393,7.928327915642591e-05,0.34519723272218306,0.9770412119939973,0.043690217825622865
70108,0.0,0.0,0.964286033580418,0.07852322115263448,0.0,0.0,0.9614804157015653,0.07768268754316844,0.0,0.0,0.9689180138226238,0.06307046591095707
70403,7.417737293416017e-06,0.14606834984270645,0.9484275949205081,0.05915657875233164,1.4835474586832033e-05,0.16815228646891084,0.9430163261838518,0.04878060685231487,2.9670949173664067e-05,0.17809297742031446,0.933931373182683,0.04559310730114871
70839,1.183039939428355e-05,0.21398626473452753,0.9661787133282264,0.06477811699366685,1.183039939428355e-05,0.1388624438735545,0.9678054622309584,0.057069426482231185,1.183039939428355e-05,0.08961728720334346,0.9691240467150612,0.04905065548645307
71735,1.640393038171946e-05,0.33916020527361607,0.9890519607371834,0.01784448058046977,1.640393038171946e-05,0.22009176629808014,0.9902445118669876,0.013993871856478313,3.280786076343892e-05,0.1804246777990402,0.986822389813273,0.021391202626469687
71992,2.669140069798013e-05,0.8539316501572934,0.9922336659519277,0.015051323840231367,6.005565157045529e-05,0.9052116356304492,0.9932255180556646,0.010080535964348198,0.0001267841533154056,0.938826684621968,0.9932182972919991,0.0090797516455178
72047,8.228691802577226e-06,0.16958010263680803,0.9213394891032772,0.10407817093035251,3.2914767210308904e-05,0.3190952506395664,0.9075408657719155,0.14582975729163675,5.7600842618040586e-05,0.3186895337314848,0.8999474781308802,0.15506697470512076
72150,0.0,0.0,0.9867509950336715,0.02843838023247187,0.0,0.0,0.972507130273792,0.05376560473147553,6.768647624204685e-05,0.032864970567577,0.9744998428857811,0.047443525539319985
72169,0.0,0.0,0.9765580937314757,0.046131969627103406,0.0,0.0,0.9763497318598221,0.037062282073009684,0.0,0.0,0.972410493221665,0.037303044002709645
72230,2.7084123286929202e-05,0.8687949224876581,0.9850334590716192,0.02941628132088534,5.4168246573858405e-05,0.8512360941594272,0.9857329997784243,0.024713996935357023,0.00010156546232598451,0.7996694776778597,0.9844972326808964,0.025327279974937753
72252,0.0,0.0,0.9526810219568015,0.07241452318711726,0.0,0.0,0.955011445150235,0.08198888737293576,0.0,0.0,0.9552001955364394,0.0770798249658611
72321,1.5662443027863486e-05,0.3156484524795145,0.9779708426618432,0.05012486477218518,3.132488605572697e-05,0.34051969290975714,0.9815675063869032,0.035639507132354115,6.264977211145394e-05,0.3634487187586134,0.9766303836017395,0.04137661531968329
72777,2.761877800716707e-05,0.8539316501572934,0.9939544685433954,0.0131680841057222,6.214225051612591e-05,0.9052116356304492,0.9941784656281492,0.01078578043564496,0.00012428450103225182,0.8992056175661526,0.9943996534719928,0.010092549992153116
73756,6.672226855713094e-06,0.33916020527361607,0.9817363577885458,0.036593163798027,1.3344453711426188e-05,0.2895229882348574,0.9806595526942541,0.0329802026443896,3.336113427856547e-05,0.28898075375690113,0.9796065440588402,0.03662785262356509
74146,3.4557832532743545e-05,1.0,0.9822426841968627,0.033877287860334906,5.529253205238967e-05,0.8579809428223729,0.984403780117772,0.030050422736927165,0.00010367349759823064,0.7968581726857251,0.982156499175088,0.03569849400848768
74150,8.280202036929701e-05,0.3451913422468693,0.9712492884155803,0.05941618158176576,8.280202036929701e-05,0.2240055615151755,0.9779214824207335,0.03836863098269421,0.00020700505092324253,0.2507988144974464,0.9797565589988478,0.03242951736017526
74447,0.0,0.0,0.9906975629973781,0.018957557253094014,4.566001552440528e-05,0.06625422345438903,0.9887941779850238,0.02052177226894626,4.566001552440528e-05,0.04275831251503158,0.9880616970157678,0.020166040969727374
74604,0.00010393929944912172,0.33916020527361607,0.9833414164355301,0.029652094202699063,0.00010393929944912172,0.22009176629808014,0.9838370740853941,0.031726117881090234,0.00010393929944912172,0.1420400396336573,0.9835909561756176,0.03219723641935991
75336,0.0,0.0,0.8373743334656802,0.26263424394391877,0.0,0.0,0.8595472791788392,0.21455432559976234,8.959770629871875e-05,0.03635628798853883,0.8696722701484653,0.18691987541454988
76200,3.041131300843914e-05,0.5531464700081437,0.9908294210224902,0.01634211172812159,3.041131300843914e-05,0.35895421017163465,0.9899895366802756,0.017364595365734006,6.082262601687828e-05,0.3012303090013976,0.9881221687488273,0.018035136556633986
76375,1.483888678671326e-05,0.27727342735504823,0.9531571674604054,0.0804014994836774,4.4516660360139785e-05,0.4615686847425479,0.9623731038262792,0.056827142538717686,8.161387732692294e-05,0.46694137154957294,0.9652824560037775,0.055082358624740715
78043,5.4923930356456306e-05,0.21398626473452753,0.9892574344418252,0.020424243766553985,5.4923930356456306e-05,0.1388624438735545,0.9911584295873475,0.017992392363462156,0.00016477179106936892,0.15831186634020208,0.9932491065498243,0.012805165405205569
78077,2.5271031816229057e-05,0.8304198973631919,0.9797431743509168,0.029753529982286475,5.685982158651538e-05,0.8899541168509598,0.9813508370781214,0.028211098855112225,0.00012003740112708802,0.9289799801831712,0.9786174295449113,0.031545580765623304
78448,0.0,0.0,0.9657168090705971,0.0581324803767147,0.0,0.0,0.973203003030563,0.04705599563874428,4.025440785766042e-05,0.03343749138471349,0.9779762213899865,0.038051428243579453
78981,0.0,0.0,0.9869372729506318,0.028543393476545654,0.0,0.0,0.9862773257829887,0.02565815302797963,0.0,0.0,0.9899087270542607,0.01972408423083912
79173,3.464323244454196e-05,0.6843515475204854,0.9203983371585952,0.0910040983042711,5.773872074090327e-05,0.5861163849908827,0.9238189510455388,0.10018041671606687,0.00012702518562998717,0.5888266598027316,0.9348254555921549,0.07748457415028359
80330,3.3387866849187006e-05,1.0,0.9935156406694812,0.01103345974181823,6.0098160328536606e-05,0.9216017310213247,0.9944253029910414,0.010098157337772497,0.0001268738940269106,0.9494043170253829,0.9929231019806244,0.012419882259897217
80619,0.0,0.0,0.9795012124490021,0.04774861400884407,0.0,0.0,0.9649431071539221,0.0611238581076392,1.1830959254176329e-05,0.035510009908414325,0.9746200893149967,0.044431701372210954
81267,5.294296718859609e-05,0.8687949224876581,0.947514880907329,0.11080193189083429,7.941445078289412e-05,0.6968404678259544,0.936116655449158,0.1262003323399576,0.00010588593437719218,0.5244590111743438,0.9342998716675494,0.11676723064893678
82949,0.0,0.0,0.9415902644933374,0.11727098930639843,0.0,0.0,0.9499256075352079,0.09127111390909022,0.0,0.0,0.9639090345956902,0.06640867365012044
83062,2.632895395065954e-05,0.3835663673713356,0.9484714255560519,0.05538139056177159,5.265790790131908e-05,0.3917034710587319,0.9432543103206177,0.07124414970635227,0.00010531581580263816,0.3861835562992084,0.9411917239199477,0.07158228808863465
84808,1.288834185037924e-05,0.3451913422468693,0.9679883148202327,0.07268111231950367,2.577668370075848e-05,0.36099027181348725,0.9504538019070606,0.07887307390559457,6.44417092518962e-05,0.4425098170117749,0.956814526870146,0.065174023668769
85117,2.96482970759367e-05,0.8304198973631919,0.9888723438397399,0.02289394941704259,4.447244561390505e-05,0.6745711375739727,0.991037763223833,0.016557105397875457,0.00011118111403476262,0.756541346559066,0.9918054419005126,0.013536208615398766
85314,2.0318457964496882e-05,0.4468535299918563,0.990763994779616,0.020753887097695045,3.3864096607494804e-05,0.42302937529594087,0.9905221491069888,0.019832106608556607,9.481947050098545e-05,0.594777027227888,0.991485328095709,0.016422102285797192
85325,7.267705948617318e-05,0.47036528278595785,0.9669942844954704,0.07885210646860091,7.267705948617318e-05,0.3052348839397011,0.9749781760657992,0.05202571591992003,0.00010901558922925978,0.23537326587102608,0.9772202014240774,0.04103817275482874
85531,2.5520132194284768e-05,0.8687949224876581,0.9802413965352805,0.040620249227552765,4.466023133999834e-05,0.7630946912803435,0.9797068371002011,0.03980762486184256,0.00010208052877713907,0.8130460768195287,0.9814392732017456,0.03319022528453435
85610,0.0,0.0,0.9822265299561586,0.037899677052700906,9.189065012634965e-05,0.13305201013572895,0.984175244138241,0.03353358175806439,0.00013783597518952445,0.12222371097709961,0.9857846248944245,0.029201509480128673
85997,2.4038268924127212e-05,0.49125969208957576,0.9627766247131646,0.07313662331206332,5.6089294156296825e-05,0.6062415623539279,0.9697733096230202,0.060678189026716504,0.00010416583200455125,0.6026451406432447,0.9683746306894984,0.062315836224510306
86471,0.0,0.0,0.9875740899516838,0.026371058943358693,7.828707871765765e-06,0.06625422345438903,0.9908372893512976,0.018196711465910155,2.3486123615297294e-05,0.1174992386689533,0.9918826574070045,0.016465427824265595
87332,0.0,0.0,0.7940902324609664,0.16441278288789835,0.0,0.0,0.7646973003615398,0.21576940671451025,4.8430840759395585e-05,0.1469532065143263,0.7850238521623912,0.20339598814804133
87878,0.0,0.0,0.9473230854924015,0.09260903638781774,0.0,0.0,0.9437177026848719,0.09277785049245843,4.734680349892878e-05,0.14442828106295622,0.9341349574721368,0.09489201320357855
88313,4.102732419791581e-05,0.16958010263680803,0.9688696677630346,0.06082395571603687,4.102732419791581e-05,0.11004588314904007,0.966435287485076,0.05637783391814373,0.00012308197259374744,0.14407857825735773,0.9683887760888084,0.05300835692978387
89802,1.0049342270548392e-05,0.33916020527361607,0.9858482979160239,0.02786964962481957,3.014802681164518e-05,0.37185395737611554,0.9857146460885355,0.026362246628622396,6.029605362329036e-05,0.3454555044987314,0.9858151428895203,0.02580465873871172
90012,1.8968493332574592e-05,0.5296347172140421,0.9629482408258656,0.06487431946446169,5.0582648886865583e-05,0.6947651160602988,0.9698840639092385,0.0517948764714708,0.00010748812888458936,0.7646267341289739,0.969484212045888,0.05014070023559084
90242,0.0,0.0,0.9812611607330405,0.040577538336791175,7.068686426001456e-06,0.07336392209936005,0.984593714626059,0.0307118004308152,7.068686426001456e-06,0.04734667987788577,0.9877072120829078,0.024215190616439043
90750,0.0,0.0,0.9756321152155023,0.045094763021309034,3.24501484594292e-05,0.14201905717762703,0.9762697164029598,0.04019427680737391,6.49002969188584e-05,0.16447122263636504,0.97846438297574,0.03881456638523692
91055,8.032128514056225e-05,0.5531464700081437,0.9685037254431862,0.0559088435907855,8.032128514056225e-05,0.35895421017163465,0.9620293753394549,0.05826782703644291,0.00028112449799196787,0.4041927280114083,0.9680883203063468,0.046502563818108404
91103,0.0,0.0,0.9302660413454765,0.12148446015436747,0.0,0.0,0.9421023229144913,0.08982098615622447,4.732831653178096e-05,0.1365626445595734,0.951947243479532,0.07479620223266514
92369,0.0,0.0,0.9544970844253069,0.06643257401020447,0.0,0.0,0.9602469805588398,0.057935800397077665,0.0,0.0,0.9673552328289201,0.05373492492231295
92441,1.318026650498873e-05,0.360054614577234,0.9889443093708616,0.015554379995344925,3.295066626247183e-05,0.4477345226129469,0.988317078206862,0.013296438897080548,7.249146577743802e-05,0.49479177789353995,0.9875822126866372,0.017870227911872958
93100,1.2801146982769656e-05,0.33916020527361607,0.8983789574915992,0.13212371273003204,2.5602293965539312e-05,0.2984900352767555,0.9037978736335758,0.13139552770078924,6.400573491384828e-05,0.2931616778401762,0.9050510169548902,0.11452003937276281
93517,2.9809813390568175e-05,0.48522855511632257,0.9275712451662358,0.14725450005066798,4.471472008585226e-05,0.3932783996463063,0.9160328848917105,0.13117330072298633,8.942944017170452e-05,0.35631905006864767,0.9134469057657013,0.10711169233746584
93550,2.7596103430195657e-05,0.8539316501572934,0.9826979211086503,0.03831170431027486,3.4495129287744574e-05,0.6203974344166847,0.9797815665841523,0.04267336432813768,6.899025857548915e-05,0.5787995550171751,0.9813506871469544,0.03537414075665219
93587,0.0,0.0,0.9867043008198138,0.02639582668474827,7.788161993769471e-05,0.13305201013572895,0.9848354637465396,0.02914786294237452,0.00015576323987538941,0.1555124645033252,0.9857614241626502,0.026748839248257203
94294,3.1898944144948805e-05,1.0,0.993361478070562,0.01163812753711586,5.1038310631918084e-05,0.8521705090845474,0.9939094807626615,0.00983488712466793,0.00011483619892181569,0.9045956734237112,0.992869083498696,0.012276430959436091
96959,4.013002126891127e-05,0.21398626473452753,0.9570524135973884,0.08962949800301967,0.00012039006380673381,0.2758471541718662,0.9694402378426819,0.06111091110188064,0.0002809101488823789,0.3211386530980313,0.9701566768546117,0.058027204904066695
98486,0.00010788650339842486,0.33916020527361607,0.9666168524080347,0.044200586811740626,0.00021577300679684973,0.2934556883974402,0.9665541637294581,0.054889726169629456,0.00043154601359369945,0.2581998644663941,0.9509406419473299,0.07479061006231666
99111,1.932591218305504e-05,0.7227265726449517,0.9881037305000344,0.02096222252508958,3.2209853638425066e-05,0.6207622843987101,0.989183128551487,0.017784285012547276,5.797773654916512e-05,0.5353959533866258,0.9905350714320894,0.0169679162936625
100414,7.41839762611276e-05,0.33916020527361607,0.9779724596327839,0.038706075012891306,0.0001483679525222552,0.2984900352767555,0.9748033182954801,0.04155838872832488,0.00022255192878338278,0.23102036077365726,0.9700900451196555,0.04449654431000606
101217,2.301584257163681e-05,0.7227265726449517,0.9867970196254363,0.019509204445575346,3.8359737619394685e-05,0.6046855387118409,0.9805704061365054,0.03362436924952112,6.137558019103149e-05,0.49573871722055934,0.9829512760621517,0.02712110702669303
102216,0.0,0.0,0.898083569246797,0.12768514932833544,1.3236968204802371e-05,0.0636207881989517,0.903911969320367,0.13734673686848745,5.2947872819209485e-05,0.14698804953982472,0.9018310261682718,0.12744114308478444
102944,2.5267519866587496e-05,0.8539316501572934,0.9811910045448483,0.027930299894191258,5.053503973317499e-05,0.835780413693672,0.9850415652677758,0.027954189786915735,0.00010107007946634998,0.8232737992691381,0.9845847703008257,0.02666337498028166
104236,1.9521336821145514e-05,0.7227265726449517,0.9810158223900028,0.039236485272087576,2.6028449094860684e-05,0.54739836229935,0.9796754176851262,0.03599177034320507,8.459245955829723e-05,0.6695210430031212,0.9844130997958835,0.026730082959469905
104320,3.29678299914943e-05,1.0,0.980848522234378,0.030711538667141092,5.274852798639088e-05,0.8701249883466592,0.9808488896140537,0.03493760670700632,0.00011209062197108062,0.8833179375305024,0.9846239278535194,0.03012266892253226
104347,7.317430118542368e-06,0.21398626473452753,0.9921354999556768,0.0166059019104829,2.926972047416947e-05,0.34791181136408084,0.9930745160712892,0.011847217076603384,5.853944094833894e-05,0.36716246380285844,0.9917338708780316,0.013490068715314484
104453,0.0,0.0,0.9816484458890979,0.034558086547506195,0.0,0.0,0.9815897748099103,0.03182389760912564,0.0,0.0,0.9815939582998773,0.026894147651153204
106952,7.827788649706458e-06,0.14606834984270645,0.9829660393050604,0.0339733198408191,2.3483365949119374e-05,0.24655055544758617,0.9835019831979152,0.03297508634768343,7.045009784735812e-05,0.3752901433009769,0.9845243825667565,0.02928062040295386
107383,3.221815557502964e-05,1.0,0.9840466806262158,0.030566486199848086,5.1549048920047426e-05,0.8643145546088337,0.985237567224041,0.027214686323024272,0.00010309809784009485,0.8367416553514693,0.9851068091474942,0.027883886924747886
110514,2.001868410516482e-05,0.6843515475204854,0.9585869130897736,0.06635723231926072,3.3364473508608036e-05,0.5771493379489846,0.9537569838243977,0.05612023214396155,5.338315761377286e-05,0.4784026080504831,0.950197070504245,0.06790480946525171
115113,2.2603637678757102e-05,0.5147714448836773,0.9763597611898962,0.047847973215947984,3.767272946459517e-05,0.4736695902179647,0.9728356982583458,0.05109957101513809,5.2741821250433234e-05,0.37491214604119116,0.9725811489787042,0.05076066835274014
115668,3.643252696006995e-05,0.33916020527361607,0.9840805034419523,0.02083243378322066,3.643252696006995e-05,0.22009176629808014,0.9833096232914551,0.030899099337803056,7.28650539201399e-05,0.1749050102012343,0.9845235825521852,0.028145679002215082
117557,1.4474293654469662e-05,0.21398626473452753,0.978588857145063,0.039320428822033446,2.8948587308939323e-05,0.21222636597291455,0.9803756044210971,0.034636182988229645,0.00010132005558128763,0.3111529606681146,0.9787114470256926,0.037925794702671003
118339,1.9322177995903697e-05,0.5147714448836773,0.9451150030713844,0.06369509612103655,4.508508199044196e-05,0.6214990811334172,0.9482500467505055,0.07003557497630936,9.661088997951849e-05,0.6809869394475,0.9468401224704877,0.06543250234949921
118606,0.0,0.0,0.9762828798131039,0.0430272524152832,0.0,0.0,0.9629937921268852,0.0638621208734512,5.008765339343852e-05,0.0396210670558156,0.9661953447957655,0.056550813593869584
119890,1.9569471624266145e-05,0.6843515475204854,0.9740333127541694,0.04928769233915131,5.218525766470972e-05,0.7951657524814091,0.9801478426839069,0.034058785565981325,0.00011089367253750816,0.8343691734204259,0.9819793014084863,0.029456367400301296
119894,1.4635717003776015e-05,0.5531464700081437,0.9386133660748168,0.09727246814391904,3.6589292509440035e-05,0.576970624704059,0.9521018219108726,0.07665291127724881,8.049644352076808e-05,0.5797636899672786,0.9487155813407538,0.08773605227647073
120484,8.393017009847807e-05,0.6399453854227659,0.977111752414191,0.04971965884331211,0.00013988361683079677,0.5580759111248785,0.9775561308212636,0.04046774702170296,0.0002517905102954342,0.5040871919642956,0.9803149617154899,0.03564240002818314
121375,6.882738779415105e-06,0.33916020527361607,0.9740181328555302,0.0526029578720964,1.376547755883021e-05,0.28634598975246917,0.9805865831155518,0.03506866653228527,4.8179171455905735e-05,0.35369928785658206,0.9788681171779624,0.03684302121105517
121529,0.0,0.0,0.9829936430009282,0.034781418638521834,0.0,0.0,0.9858323363337977,0.024931838156155538,0.0001229306671037535,0.10949109885279029,0.9857693106742715,0.02493322362886509
121822,0.0,0.0,0.9674229119022313,0.04179765800878321,1.5342011798007073e-05,0.15176219107803537,0.9755821115123726,0.02942595371718787,2.301301769701061e-05,0.13028065400082264,0.9783771073797018,0.033204199728705565
121972,2.5758092870803844e-05,0.8304198973631919,0.9856545204599222,0.03245179470355462,4.507666252390673e-05,0.752969406552648,0.9815885329124905,0.03692858413494224,9.659284826551442e-05,0.7666798728445992,0.9827327857718633,0.031869229411926325
122027,0.0,0.0,0.9523451851958479,0.09944198858039237,0.0,0.0,0.9452198808003847,0.08812863315595855,0.0,0.0,0.9496925651089502,0.08499996680531512
122979,3.339299548526701e-05,1.0,0.9956722548853241,0.0061855687479037465,6.678599097053402e-05,1.0,0.9924320698602035,0.011672774727348793,0.00010685758555285444,0.8567639794806198,0.9942423636138977,0.00946639027724071
123028,3.1323414252153486e-05,1.0,0.9601215932654469,0.04091564825817625,6.264682850430697e-05,1.0,0.9523445209653596,0.04238336006334675,0.00011902897415818324,0.9603789329441843,0.9490648622796398,0.05367558056016538
123649,0.0,0.0,0.9799040106662729,0.03952698352806844,0.0,0.0,0.9764831127771576,0.04467918397109266,0.0,0.0,0.977631009650594,0.037237156690991126
124161,2.7080456034879626e-05,0.7860137352654724,0.9899378307155011,0.015850433415012743,6.093102607847916e-05,0.8611375561264454,0.9921615427726037,0.012940351976756925,0.00012186205215695832,0.8748727028882421,0.9916183581348184,0.012708498161079307
124196,1.2314209366187643e-05,0.33916020527361607,0.9224439626892444,0.1545848930370862,1.2314209366187643e-05,0.22009176629808014,0.9353946310222174,0.0967840377019499,4.925683746475057e-05,0.2511689195501983,0.9420803192162086,0.09215752518540071
125640,4.240522432363667e-05,1.0,0.9794628529551492,0.04137413073479725,5.088626918836401e-05,0.7125523635307983,0.9739085942795482,0.045333663080880465,8.481044864727334e-05,0.6034121005995091,0.9790986271826567,0.035396125741075195
126420,0.00016327419179275064,0.6843515475204854,0.9647077748327554,0.04433319298362305,0.00021769892239033417,0.5174612499126157,0.9740292846435346,0.03378261205786623,0.0006530967671710025,0.6161376359055647,0.970341036577558,0.0339119439778779
126820,1.4284693950432112e-05,0.21398626473452753,0.9178839892050095,0.1305603627632113,7.142346975216056e-05,0.4165669464423478,0.9381707317351402,0.09465996176620638,9.999285765302479e-05,0.34165546595641183,0.938870681045962,0.10827828933271658
127731,3.130576339104029e-05,1.0,0.9717281735526313,0.06187300630253304,6.261152678208058e-05,1.0,0.9707978513320972,0.05029408028931479,0.00011270074820774504,0.9275523895786345,0.9694026188285019,0.043859432918137535
128544,2.7386755764912087e-05,0.3156484524795145,0.9179716991718827,0.143829044473455,2.7386755764912087e-05,0.20483424751859086,0.9317854400020853,0.11112976051418816,8.216026729473627e-05,0.27838670449964104,0.9232088340946761,0.10711199193552157
128768,3.337739149010027e-05,1.0,0.9842505378466692,0.030521193956949487,6.675478298020054e-05,1.0,0.9791642058864124,0.04117725843687594,0.000126834087662381,0.9644899900915856,0.9771665033427996,0.04081933931351642
129103,0.0,0.0,0.8878409266463574,0.20688341927667406,0.0,0.0,0.8700662930889349,0.24773281635057331,0.00010624734381640459,0.06640126340430233,0.8635064629331275,0.22073861009736145
130636,1.5067388896841122e-05,0.48522855511632257,0.9630982450695544,0.042297630814882324,3.76684722421028e-05,0.5328965452000554,0.9674504235537029,0.04580445760882898,6.780325003578505e-05,0.4832807919168728,0.9720369419592313,0.04160718388932123
131877,1.4633896494450095e-05,0.3451913422468693,0.9870938889657912,0.02465916147919931,3.6584741236125234e-05,0.4322788421471916,0.9839377325707768,0.03218841910846266,5.853558597780038e-05,0.38122928649143156,0.9837270363670771,0.027255841721526397
134508,2.3010722996916562e-05,0.27727342735504823,0.9543544735243886,0.07089345807616018,6.903216899074968e-05,0.4526016377006499,0.9619621320126006,0.060075872545158344,8.053753048920797e-05,0.33047895699687885,0.9726291683767467,0.044321875782894225
135232,2.0310067023221178e-05,0.7227265726449517,0.9677949511422476,0.07453694436740904,4.739015638751608e-05,0.7564477297898764,0.9723832724945718,0.05498536338521964,8.801029043395844e-05,0.6988960962008268,0.975946987094751,0.043055545166740705
135316,0.0,0.0,0.9682803078093165,0.06680843369465804,6.579380222383051e-05,0.0636207881989517,0.9717453021249831,0.05587394921480596,0.00019738140667149154,0.11387553966174802,0.9716810600074934,0.055630939586987595
135736,0.0,0.0,0.9385509939405375,0.09486309811188665,0.0,0.0,0.9580978953750046,0.06728090764891054,0.0,0.0,0.9522729761101536,0.07094364186918582
136040,0.0,0.0,0.9976473184705833,0.0029618898226545175,0.0,0.0,0.9966433242116393,0.004711062134920104,0.0,0.0,0.9956300750643295,0.004889784063187366
136945,0.0,0.0,0.9444276535410111,0.0958082797525565,1.4896691444830104e-05,0.06943122193677725,0.9474770746005694,0.0692266240538724,2.9793382889660208e-05,0.08319328176705462,0.9450190341233299,0.06427764480709974
137148,4.257070284230393e-05,0.4468535299918563,0.9542514490741331,0.06169416945024754,7.095117140383987e-05,0.43780685607566444,0.9509586003622397,0.051898144252582074,0.00011352187424614381,0.39242749950623373,0.9541618812485684,0.04974945460742597
137361,6.513724417347351e-06,0.16958010263680803,0.9625352545054161,0.07709110321977024,6.513724417347351e-06,0.11004588314904007,0.9588999864681786,0.07737984514309616,6.513724417347351e-06,0.07102001981682865,0.9597144152620345,0.07095613104142313
137538,2.8270748962816898e-05,0.6608397947263838,0.9857908439518905,0.025474678503206737,4.240612344422535e-05,0.5645252544249326,0.9863008801474589,0.02008985313689996,9.187993412915492e-05,0.6096927095563708,0.9843198553603101,0.02425801412587346
138480,2.602455416685643e-05,0.6608397947263838,0.9943439197419778,0.01177005059487458,4.554296979199875e-05,0.6468562235661908,0.9936796561720062,0.011002326600417351,9.759207812571161e-05,0.7013482956266237,0.9950620168839848,0.008822227927571114
139494,1.2332433065719536e-05,0.21398626473452753,0.9812892277727341,0.03287911658922062,3.699729919715861e-05,0.2758471541718662,0.9747859918701508,0.041937854524391804,4.932973226287814e-05,0.21764381352393386,0.973221889539295,0.042018024829958284
139726,3.930817610062893e-05,0.14606834984270645,0.9722578241744367,0.05522305297352866,7.861635220125786e-05,0.16421958630632802,0.9743608662936907,0.0466032908452292,7.861635220125786e-05,0.10598195897970358,0.9704772341945963,0.05258479508308556
140230,3.3980472555105e-05,0.5296347172140421,0.9818554240607733,0.03333077531309977,4.530729674014e-05,0.4170606134915054,0.9767963543875957,0.03759680194711597,0.000101941417665315,0.4418128173399645,0.9734461702212316,0.03506794012758132
141254,0.0,0.0,0.9778549727613154,0.04498384781617981,2.648936452014516e-05,0.13698471029831175,0.9781498084119541,0.03828760120682643,5.297872904029032e-05,0.1602275888148712,0.9785328248596082,0.03823796197115269
142105,0.0,0.0,0.932325862119669,0.13761589559638604,0.0,0.0,0.9380632654853021,0.1175100499749045,0.00010590976488032197,0.03635628798853883,0.9349975309632897,0.09665113919466845
142428,7.671535534552596e-06,0.14606834984270645,0.9277493646084137,0.13164574687478572,2.3014606603657787e-05,0.2375835084056881,0.9382476178826954,0.12145496787109307,5.370074874186817e-05,0.29329413916486335,0.9294895852258606,0.12273140370132211
143167,0.0,0.0,0.9789981797980468,0.04976028306443905,4.139072847682119e-05,0.06943122193677725,0.9797085911299727,0.041549614859113654,0.00016556291390728477,0.15280469113347864,0.9815122259456238,0.03613592537131251
143920,0.0,0.0,0.9910372366386984,0.011143523453111093,0.0,0.0,0.9894932030559094,0.012968013117115963,3.858917959404183e-05,0.03406297225598251,0.9849875445163974,0.02227403957483208
144540,1.9328776037472055e-05,0.7227265726449517,0.9621423981361102,0.07782139800647378,2.577170138329607e-05,0.5384313152574519,0.9673715693170714,0.06162223967022992,4.5100477420768126e-05,0.4577369263178372,0.9703830186234711,0.05347660771727655
144890,0.0,0.0,0.9537436932370351,0.0762590531782413,0.0,0.0,0.961289949359761,0.06681193698678443,0.0,0.0,0.9611871116286981,0.05760266478145964
144921,2.3490169364121117e-05,0.7227265726449517,0.980751314118382,0.03137732076711649,4.698033872824223e-05,0.680450372435079,0.9796090747397967,0.03512130370864848,7.047050809236334e-05,0.5482693325335483,0.9850369340569747,0.027044338947646542
145501,0.0,0.0,0.0,0.9829070864688843,0.0,0.0,0.0,0.8589420388381416,6.26527159952384e-05,0.03475017269886857,0.0,0.8790946908326173
146409,6.284170175328348e-05,0.13120507751234178,0.9913060508424365,0.017117672898799154,0.00018852510525985044,0.23690530871965637,0.9928010714837517,0.013171420251371514,0.00018852510525985044,0.1528909509244887,0.9929807924314371,0.010878536228773845
146598,9.890316391221355e-06,0.13120507751234178,0.955128412116814,0.08888851598837319,9.890316391221355e-06,0.08514311764162098,0.9462156812134458,0.096623238966109,5.934189834732813e-05,0.23160078753862426,0.9377258849695927,0.11899460598540333
146748,0.0,0.0,0.9637442827967779,0.027602312383560257,0.0,0.0,0.9412985330579037,0.060448541038484176,3.8940809968847354e-05,0.03343749138471349,0.9486923408608033,0.05910314752875638
147614,3.4491797850471155e-05,1.0,0.9848513876683146,0.023126128775234768,6.898359570094231e-05,1.0,0.9831834747947197,0.027752885093052945,0.00012417047226169617,0.9279430769346867,0.9823595855019878,0.029389725540194752
148388,3.3871437571553415e-05,1.0,0.9910154780781392,0.018109117099403084,6.774287514310683e-05,1.0,0.9908820878353162,0.014295749882401721,0.00012871146277190296,0.9603789329441843,0.9919773533093263,0.011785097679906622
148555,1.5655577299412916e-05,0.30078518014914984,0.9247018181472081,0.1336912197293132,3.913894324853229e-05,0.41057198006764817,0.9381405589998584,0.1080474993002479,7.827788649706458e-05,0.4414730604044628,0.9411971618848737,0.0967942727348634
148995,1.931881846106292e-05,0.49125969208957576,0.9849992328597935,0.03034477759867037,5.1516849229501126e-05,0.6698623505528797,0.9865163548527065,0.02411597819466679,9.015448615162696e-05,0.6494322164578042,0.9858940685102302,0.02521951090000988
149384,3.5354678131010297e-05,1.0,0.9849598412550877,0.0236021658574607,7.070935626202059e-05,1.0,0.9902532437017569,0.016566530937131466,0.00013434777689783913,0.9644899900915856,0.9896887687533542,0.015300624869275444
149886,1.9770399757483096e-05,0.7227265726449517,0.9965819047683997,0.008078331879689371,3.954079951496619e-05,0.6722390270733755,0.9953049963160862,0.009867291243030563,9.226186553492112e-05,0.7145791218998963,0.995092878271574,0.010046740682508682
151210,1.2439358129120537e-05,0.13120507751234178,0.9622684281758817,0.07600662874915051,3.731807438736161e-05,0.2279382616777583,0.9582015934307849,0.06804105391739322,7.463614877472322e-05,0.2574692203585171,0.9613727191256134,0.05382612800625643
151841,1.6024228633694145e-05,0.47036528278595785,0.9611953897944778,0.07667969144975696,4.0060571584235366e-05,0.5193185983095427,0.9672976038720436,0.05971828085904426,8.012114316847073e-05,0.5069268307618253,0.9696123593677137,0.05008712773682778
152309,3.222791582068388e-05,1.0,0.9586343493156179,0.054945601776740405,6.445583164136776e-05,1.0,0.9597722344254318,0.05551549658257851,0.00012246608011859874,0.9636437120114612,0.9546358541938378,0.0512405418099899
152803,1.4135374481408449e-05,0.48522855511632257,0.9903123425301509,0.021140774139481355,3.5338436203521125e-05,0.52129606290272,0.990574917397925,0.01934984301216286,5.6541497925633796e-05,0.4382399297388405,0.9898589887915863,0.018355907647735526
153044,3.63576869239579e-05,0.27727342735504823,0.9542475023785484,0.07433429141886476,5.4536530385936845e-05,0.24618570546556082,0.9591288722076454,0.0612125598774792,5.4536530385936845e-05,0.15888021596504934,0.9591816047166523,0.0634459013600667
153949,0.0,0.0,0.9929102639323469,0.012999757699770409,0.0,0.0,0.9878639707269292,0.022299353497697922,6.033182503770739e-05,0.03406297225598251,0.988764419447843,0.019387364779737626
154538,2.60345478449903e-05,0.8539316501572934,0.9790480422484713,0.028320756206973507,5.20690956899806e-05,0.8318477135310891,0.9750899443348546,0.028162223287071995,0.00011064682834120879,0.8586150341765053,0.9728084512886692,0.032637495755947085
155084,0.0,0.0,0.8978576823962487,0.1670955244176949,0.0,0.0,0.9289685083682604,0.12167971861061992,8.199409642505739e-05,0.07074424175115812,0.9167304650590141,0.11596312793890219
155298,2.8271348401962032e-05,0.7860137352654724,0.9859725729045439,0.027686830068800315,5.6542696803924065e-05,0.7948833326720564,0.9844522869187152,0.025633171907354757,0.00011308539360784813,0.7997760992248908,0.9848578266598874,0.02607268555950811
155677,0.0,0.0,0.9230574502733123,0.17139368607856645,0.0,0.0,0.9330708798228736,0.12923270989175353,0.0,0.0,0.9487044258246671,0.09180309685107067
155697,2.713391264236825e-05,0.7860137352654724,0.9770165029159308,0.048895202940681205,5.42678252847365e-05,0.7827392871477701,0.9799978752022674,0.03857502103638192,0.00011531912873006506,0.8250368571231708,0.9832141269324948,0.02970329787394902
156538,1.359379035656512e-05,0.47036528278595785,0.9902177918299735,0.012498712058245553,2.718758071313024e-05,0.4569970750177365,0.9890627055231311,0.018011051100065706,5.437516142626048e-05,0.44023378845639755,0.9908614435790202,0.014849481540066071
156899,2.7594199699223223e-05,0.7860137352654724,0.986375787668158,0.020998725950684805,6.208694932325225e-05,0.8611375561264454,0.9900434260763605,0.017469354166198107,0.0001172753487216987,0.8402109918626349,0.9887146582236565,0.017624283313777474
157599,1.6022944857035274e-05,0.48522855511632257,0.9826505550580356,0.03356829193341117,4.005736214258819e-05,0.5289638450374726,0.9770597918515034,0.041069032041480984,6.40917794281411e-05,0.4546600995138086,0.9732823006391846,0.05315882326270647
159000,7.153741048881513e-06,0.13120507751234178,0.9785284882915084,0.03970611788237355,7.153741048881513e-06,0.08514311764162098,0.9735934127980308,0.04014394464686334,1.4307482097763025e-05,0.09456965512780147,0.9766723394208767,0.03644822858459808
159319,0.0001669727834362999,0.16958010263680803,0.9550145655733686,0.08606890879460014,0.0001669727834362999,0.11004588314904007,0.957060353403581,0.08138271261718082,0.0001669727834362999,0.07102001981682865,0.9580804210849397,0.07233670658979742
159693,2.0016814123864046e-05,0.6399453854227659,0.9895350019006812,0.014618521624982228,4.003362824772809e-05,0.6332971816211657,0.988681806782882,0.016202956020371567,9.341179924469888e-05,0.6922355137426565,0.9885748214561382,0.013938430122897447
159904,2.0016814123864046e-05,0.6548086577531306,0.985659303684621,0.026002773358987173,5.337817099697079e-05,0.7759944384848244,0.9869460155214742,0.02246821400138497,0.00012010088474318428,0.8554341247246705,0.9863223391275181,0.02381049235378002
159948,0.0,0.0,0.9745571391958301,0.04342043309592229,0.0,0.0,0.975916358547644,0.038833044507215135,0.0,0.0,0.9759168537467202,0.04537887648371826
161401,2.547575981453647e-05,0.49125969208957576,0.9808657933331102,0.038666785409042705,2.547575981453647e-05,0.31879392588472627,0.9759400098925294,0.04294792822390169,8.491919938178822e-05,0.45057905420358174,0.9777458002660065,0.036713578841083123
161677,0.0,0.0,0.9931464595290423,0.015185299671835628,0.0,0.0,0.9934918952887827,0.012926652105564797,0.0,0.0,0.9923684487124662,0.014276469082832283
162134,1.5346249760214848e-05,0.5531464700081437,0.9852866059044209,0.01947863083264295,3.0692499520429696e-05,0.503606702604699,0.9835925686627057,0.023841959611635755,4.6038749280644544e-05,0.3963810449490765,0.9846053748870445,0.025248216612711795
162640,2.708375651702891e-05,0.8304198973631919,0.9813555024564409,0.030102634407454653,5.416751303405782e-05,0.8115558478722846,0.9786992992794603,0.034341451159539335,0.00010833502606811564,0.8076613678948517,0.9778817814383369,0.03733477265273148
162641,0.0,0.0,0.9682181162250568,0.06416914464167175,1.3160319006132709e-05,0.07839826897867533,0.9794734723012686,0.03939941409012035,7.896191403679625e-05,0.22648804523170965,0.9753755285278594,0.042025168861092026
162782,2.671760823971038e-05,0.8304198973631919,0.9729745991576422,0.028070319144866428,2.671760823971038e-05,0.5388856921828065,0.9692927704078377,0.042357405126666386,4.6755814419493164e-05,0.4508617631864965,0.9611778319351967,0.05041013019658969
163395,0.00010602205258693808,0.33916020527361607,0.9811040395438857,0.02453851687018791,0.00010602205258693808,0.22009176629808014,0.9722735128926866,0.03216545657965357,0.00021204410517387616,0.17839632762219615,0.9692907497751323,0.04443181495464252
163903,2.348483662381989e-05,0.4468535299918563,0.9238994827380994,0.1381477156472266,3.914139437303314e-05,0.44173955623824723,0.9228954935424347,0.09313743373828441,8.611106762067293e-05,0.49639819661159496,0.9344083177739542,0.09798738246905174
164272,1.155428201691547e-05,0.21398626473452753,0.9751735870939999,0.04499710925611664,3.46628460507464e-05,0.2784805894273036,0.9777661288096915,0.03923942136007344,9.243425613532376e-05,0.3611940490906419,0.978500705867542,0.03143289593937282
165105,1.3540044682147452e-05,0.3156484524795145,0.9727808391451171,0.03681146487546803,4.0620134046442356e-05,0.486471450249967,0.9745140173529914,0.03911947678304574,5.4160178728589806e-05,0.3859121481534194,0.9776906748870966,0.03321608971078497
165214,0.0,0.0,0.9506939117428612,0.10820252619357906,0.0,0.0,0.9348815576179454,0.1082035152915556,2.544766687307552e-05,0.10243795273197383,0.9288102447944512,0.11358253327700411
165310,0.0,0.0,0.9812037257643338,0.025416868635737822,0.00016561089719703556,0.28481420121376433,0.9785063134400636,0.03013546940528514,0.00028981907009481225,0.29183946552121093,0.9755282237522886,0.032061778927720386
165441,5.2975220840451876e-05,0.8304198973631919,0.9431725989369306,0.1008862690314122,6.621902605056485e-05,0.6051399156371954,0.9551979483337588,0.07610668372111172,0.00010595044168090375,0.491688978905221,0.9539933744300162,0.07429682591514282
166545,0.0,0.0,0.977013306038421,0.03449564915721748,0.0,0.0,0.9696690317475568,0.043859982120419194,7.252157516861267e-05,0.03406297225598251,0.9687282678362443,0.041282843682411856
168827,2.4850277080589447e-05,0.360054614577234,0.9545324133041744,0.10253457875009002,3.727541562088417e-05,0.30701473034246535,0.9523572815577449,0.0881174529072838,4.9700554161178895e-05,0.23364729236767542,0.955358515879517,0.07607950616002594
169278,3.2961961895972045e-05,0.8304198973631919,0.9641184249041629,0.07919510075084499,6.592392379194409e-05,0.8165901947515998,0.9421199405439247,0.10766422542151265,9.064539521392314e-05,0.6390483252855943,0.9460119586009685,0.09176604122856127
169922,3.258093103268519e-05,1.0,0.9910893428692333,0.015047810338920387,6.516186206537038e-05,1.0,0.9915478008742973,0.012921973012070122,0.00011729135171766668,0.9243086114681723,0.9906929964274985,0.01502567401663058
170815,1.3691503053205181e-05,0.16958010263680803,0.8780272629431882,0.20916856348160037,4.1074509159615545e-05,0.25469837558210445,0.8951143046701704,0.16139600242797772,0.00010953202442564145,0.34201510435304866,0.9122995368573615,0.14059768097141126
172028,1.2309055772331705e-05,0.13120507751234178,0.983951525752999,0.027592783579070655,1.2309055772331705e-05,0.08514311764162098,0.9774204533408108,0.03877698754499497,1.2309055772331705e-05,0.05494858807198588,0.981056157769492,0.03351536200100568
172123,0.00010895619960775768,0.33916020527361607,0.9269298089410111,0.13898485210015682,0.00010895619960775768,0.22009176629808014,0.9457829605423674,0.09194579229410414,0.00010895619960775768,0.1420400396336573,0.9314560187369707,0.10260861652021254
172176,2.3020081184152977e-05,0.4468535299918563,0.6834560139109267,0.1082553770982293,3.836680197358829e-05,0.4269620754585236,0.6491722630940544,0.1802844159364465,5.371352276302361e-05,0.34132316506465454,0.7098463938404768,0.17377010348572536
172258,0.0,0.0,0.9846767007984332,0.03432628367529219,0.0,0.0,0.9838102024945108,0.03386769585075682,1.2432244268735392e-05,0.038384638165382894,0.984357861141697,0.03048993268121982
172910,1.0076683561906105e-05,0.33916020527361607,0.91204371893513,0.15564198089666942,2.015336712381221e-05,0.2934556883974402,0.917536575850464,0.16907160043163855,4.030673424762442e-05,0.25647518335873143,0.922758949000988,0.15053943480155804
174363,8.231739942871725e-06,0.21398626473452753,0.9311662343149875,0.11780162471963034,3.29269597714869e-05,0.34791181136408084,0.9173270601960315,0.14642570294962703,8.231739942871725e-05,0.4368837577413453,0.9165203074229462,0.1540353820785026
174582,8.231807704972012e-06,0.14606834984270645,0.9938368939198894,0.008392112240927363,8.231807704972012e-06,0.09478836436955078,0.9937525787341575,0.008866262147170578,4.939084622983207e-05,0.2391595085962807,0.994138097821401,0.00815718807132547
176460,4.0126800690180975e-05,0.13120507751234178,0.9928527701628905,0.013633228424342203,4.0126800690180975e-05,0.08514311764162098,0.99438070146483,0.009163317679824923,4.0126800690180975e-05,0.05494858807198588,0.9949178043653157,0.007097587497741005
178688,1.1562832431432404e-05,0.14606834984270645,0.9523765558914441,0.07162917968725745,4.625132972572962e-05,0.3128047789019752,0.9586206664269579,0.07097681594799489,0.00011562832431432404,0.41771240156511136,0.966076260737975,0.059333556713349014
178968,0.0,0.0,0.9931075198663294,0.01503909356251808,0.0,0.0,0.9933395141804124,0.012271581559778635,6.53851183470642e-05,0.03406297225598251,0.9932965164413696,0.012446168477297001
179031,3.22991156502135e-05,1.0,0.9630140134268604,0.08045757862833189,5.167858504034159e-05,0.8643145546088337,0.9568264966738367,0.09037825366234606,9.04375238205978e-05,0.7648543564977014,0.9629382600824836,0.07500272065816183
184441,2.0694935949173238e-05,0.6992148198508501,0.9844795874423969,0.028059284651342685,5.518649586446197e-05,0.804810999209339,0.9841976238105229,0.03132293902799573,0.00010347467974586618,0.7703337181191892,0.9827422930889792,0.03217113383777414
186035,0.0,0.0,0.9861102077822921,0.03395567963369811,0.00021774632553075667,0.15176219107803537,0.9821963108638473,0.03626729483920297,0.000326619488296135,0.1326925355513714,0.9865330352513395,0.02681219434240592
186360,0.0,0.0,0.9737406536081499,0.052856124706987175,0.0,0.0,0.9667446525021525,0.057425412013765886,0.0,0.0,0.9654607341467095,0.04723427739313382
187359,0.0,0.0,0.9652395315864007,0.06965135888514289,0.0,0.0,0.9665274563139669,0.061182738390550766,0.0,0.0,0.9706157341701761,0.05239583027085071
187593,0.0,0.0,0.9703268099853796,0.06237405185941129,0.00010850694444444444,0.07336392209936005,0.9547361222498395,0.07506844827127783,0.00010850694444444444,0.04734667987788577,0.9606254941827489,0.06491896875564608
187787,0.0,0.0,0.9747439514386865,0.06099633568000653,0.00018796992481203009,0.07839826897867533,0.9757547802730894,0.04778846036085339,0.00037593984962406017,0.08695197096315589,0.981226971598171,0.032382919880100926
188655,0.0,0.0,0.9760148700835394,0.031778567675873004,0.0,0.0,0.9672984687682922,0.04920327507842127,0.0,0.0,0.9710141751334727,0.04588099877826633
188879,2.7596293817740277e-05,0.8539316501572934,0.9700679869597734,0.031300666601252504,6.209166108991562e-05,0.9052116356304492,0.9669559113108044,0.04327916269508357,0.00013108239563426632,0.938826684621968,0.9691046342769007,0.044977332107284246
189213,2.031790752643021e-05,0.5296347172140421,0.9975574897200945,0.003997145147298276,4.7408450895003827e-05,0.631144327861347,0.9970237784984093,0.004108491186940455,0.00010158953763215106,0.6839468876862693,0.9972326831361873,0.004188548435387702
189455,3.469010175763182e-05,0.6399453854227659,0.9741455902848258,0.034059676613041726,5.781683626271971e-05,0.5670429581667765,0.9612279420429497,0.043354302446837197,0.00012719703977798335,0.578501349757653,0.9656933306931629,0.046608045837894005
191103,6.59308780674341e-06,0.16958010263680803,0.9871773028190878,0.028111321677162793,2.637235122697364e-05,0.3190952506395664,0.9836634929892429,0.031215437914433628,7.252396587417751e-05,0.45888819182904733,0.9776301232520292,0.03872575394162333
192528,0.0,0.0,0.9269421733657982,0.09426285081930706,0.0,0.0,0.9362806734101975,0.0939126266707171,2.4152839166243992e-05,0.0396210670558156,0.9302047930812144,0.08375272057262018
192581,0.0,0.0,0.9901080662082847,0.014519351019254634,0.0,0.0,0.9884795663659574,0.016644937693256565,0.0,0.0,0.989481407480385,0.01574922898974202
192846,1.5062055669357754e-05,0.30078518014914984,0.9445289223971403,0.12739243534819744,3.0124111338715508e-05,0.3372080579682881,0.9419524104272121,0.11513316573167214,8.284130618146765e-05,0.4636993626909739,0.949730179229818,0.09220859825712589
194069,5.5973804259606505e-05,0.360054614577234,0.9824956456896252,0.031577939169349756,5.5973804259606505e-05,0.2336508082431053,0.9808562267179048,0.03549044665294928,0.00013993451064901627,0.25755022122274956,0.9818308237697636,0.03269229611738393
195618,4.200621692010418e-05,0.14606834984270645,0.9572540652956294,0.09253278256822528,4.200621692010418e-05,0.09478836436955078,0.9617875918474873,0.07942075755241579,0.00012601865076031254,0.12936097946161393,0.9637902278348809,0.06809444683272843
195793,2.001654701219675e-05,0.5147714448836773,0.9829228164613767,0.03008864435734575,4.00330940243935e-05,0.5404673768993046,0.9867109181578007,0.024029234346832358,7.339400571138808e-05,0.5250825110260053,0.9869527148199364,0.023644059349162198
196251,2.7518075936130546e-05,0.7860137352654724,0.9890987998250939,0.025457803680274414,5.503615187226109e-05,0.7827392871477701,0.9883185777269233,0.022822312482704582,0.00011007230374452218,0.7867284713815104,0.9888526553933212,0.020582680944483032
197653,2.2668026748271564e-05,0.48522855511632257,0.9669459817017906,0.05092149230400569,4.533605349654313e-05,0.44793214080335997,0.9727740647566812,0.03998674095563342,5.667006687067891e-05,0.3274654161656329,0.9716657658314597,0.03946146513474157
198510,3.0684023596014146e-05,0.8539316501572934,0.9426041369831006,0.12378246259459909,3.835502949501768e-05,0.6235744328990729,0.9504896186626578,0.08883411766730744,6.136804719202829e-05,0.5127785746970053,0.9573550316380535,0.07411068218640089
199659,0.0,0.0,0.9785303125424306,0.04585876533922463,4.013324236465064e-05,0.07336392209936005,0.9789112275573693,0.04247566053271001,4.013324236465064e-05,0.04734667987788577,0.9805918840943153,0.03656588545326007
201596,2.0095857239030174e-05,0.3156484524795145,0.9856354911404834,0.030163653975132387,5.0239643097575434e-05,0.4162845266329952,0.9832795037384363,0.034625649980365845,6.028757171709052e-05,0.308277508213854,0.9840222581665033,0.031624455487058736
202729,0.0,0.0,0.9707708893195504,0.056861332850460224,0.0,0.0,0.9660724782058671,0.06981810948562213,0.0,0.0,0.9722999276411859,0.05466767204433569
202890,0.0,0.0,0.9801028874493719,0.04091266945069786,0.0,0.0,0.9851858653856158,0.027281805935609152,3.192848020434228e-05,0.03406297225598251,0.9855394611838484,0.02374173070751174
204880,0.0,0.0,0.8679852872787268,0.2851693712791044,1.1828580215516731e-05,0.0636207881989517,0.8947911144037761,0.21104771321180193,4.7314320862066925e-05,0.1470601088901923,0.8943400753578195,0.18078863681739782
208296,0.0,0.0,0.9620904334830133,0.06515268653228304,2.648199886127405e-05,0.1427951440361373,0.9570489036739322,0.07377193541406443,7.944599658382215e-05,0.23074786628744975,0.9531648418949448,0.07841707092501975
209307,1.3232239027165787e-05,0.33916020527361607,0.9511054938399249,0.1040474025086843,5.292895610866315e-05,0.42333070005078094,0.9541522572349074,0.08847462454484542,0.0001058579122173263,0.4151976618975817,0.9432935707731934,0.1061918175800824
209690,8.01166498421702e-06,0.21398626473452753,0.9596171100673396,0.08093967937874054,3.204665993686808e-05,0.3452783761086435,0.9667117436425551,0.06525912505150644,6.409331987373617e-05,0.36857235244690134,0.9661252230982725,0.06600956759873029
210402,0.0,0.0,0.8436620282547841,0.1755998000550064,2.1459994992667836e-05,0.206415932235089,0.8586950850769499,0.15301162097361415,5.722665331378089e-05,0.3136577608196188,0.8815696625055578,0.15785302159995573
210748,0.0,0.0,0.9761972124934377,0.024857121103323887,0.0,0.0,0.9529840331763735,0.06798240872683421,0.0,0.0,0.9455331545469585,0.08291996976903505
211367,3.159078559965629e-05,1.0,0.9740780037900085,0.04915616751243387,6.318157119931258e-05,1.0,0.9674537780209393,0.0627936226948762,0.00011372682815876265,0.9313054208631414,0.9654854232133768,0.0577904437284289
212629,7.892659826361483e-05,0.13120507751234178,0.9891706518316747,0.02535805924499197,0.00015785319652722967,0.15457433957839825,0.9896355320285377,0.018457112417601305,0.00015785319652722967,0.0997572316736576,0.9897663849767859,0.01567990255439552
213951,7.827972476848772e-06,0.14606834984270645,0.9862730930601419,0.026196310117618894,7.827972476848772e-06,0.09478836436955078,0.9878727776358435,0.023804154628900977,3.9139862384243856e-05,0.20123761713731764,0.9890958311791577,0.019801717059176663
214194,1.3808912271980337e-05,0.3451913422468693,0.9909173485332934,0.016581554648632833,2.7617824543960673e-05,0.3757677525932109,0.9912232953948813,0.016816169674733542,7.594901749589185e-05,0.48546289954676103,0.9924090507439554,0.013195764818150007
214563,0.0,0.0,0.9955782462512284,0.010155305487351284,2.739500862942772e-05,0.14782949091545258,0.9929681627792712,0.013230070618926502,6.84875215735693e-05,0.2045983757965012,0.9915686022302198,0.011733020791042242
214901,3.4503698796510984e-05,1.0,0.963994847856841,0.060655842168635274,5.520591807441758e-05,0.8553475075669357,0.972542161438372,0.046377408841798196,0.00010351109638953296,0.7971549056575611,0.975316213387187,0.041550578113656825
214908,1.879287123751057e-05,0.7227265726449517,0.9868198871315783,0.02779199346874083,5.011432330002819e-05,0.8200685179888281,0.9894466814175225,0.02027879540937527,0.0001064929370125599,0.8504406051652685,0.9900063366218124,0.017128509862370737
215268,0.0,0.0,0.932716939753486,0.12409316830290122,1.4940425055092817e-05,0.1356854453911663,0.947949463093446,0.09382163692105003,2.2410637582639226e-05,0.12307696602511764,0.9529243707605302,0.08124154348295971
215415,2.8271748042181448e-05,0.8687949224876581,0.982160950884498,0.038974003212521334,6.361143309490826e-05,0.914856882358379,0.9824360637423816,0.032365449365158484,0.0001272228661898165,0.9086951239394752,0.9838886448725995,0.027472921491154545
215840,0.0001722356183258698,0.14606834984270645,0.9762943795648684,0.0442858916206809,0.0006889424733034792,0.30120429660463977,0.9763731521999667,0.03944181210105298,0.000861178091629349,0.23400848530029403,0.9785390117711377,0.02985544722093348
215988,0.0,0.0,0.9853724345578925,0.028062698230377638,0.0,0.0,0.9802078818024886,0.0345611047086346,0.0,0.0,0.9784216393295952,0.03595933059673541
218537,0.0,0.0,0.9609323045217518,0.0855529702106724,0.0,0.0,0.9548007413895505,0.08751361997162088,0.0,0.0,0.9622614051384119,0.06827083862096156
219491,7.676894849571245e-06,0.33916020527361607,0.9921447715218509,0.018273697642973364,3.070757939828498e-05,0.4265076985331692,0.9934712500903323,0.013893903511256024,5.373826394699872e-05,0.37596741412441503,0.9923772315181834,0.01489448865979184
221251,4.052028040034037e-05,0.21398626473452753,0.9903265634365546,0.020767117007081903,4.052028040034037e-05,0.1388624438735545,0.9824832637335732,0.030658346963575955,4.052028040034037e-05,0.08961728720334346,0.984576744261249,0.025095542225979782
222411,0.0,0.0,0.0,0.9680202787670394,0.0,0.0,0.0,0.8835007593309768,0.0,0.0,0.0,0.9434573585028037
222578,2.5781003267742165e-05,0.8687949224876581,0.9771363495752994,0.03616749480680269,5.800725735241987e-05,0.914856882358379,0.982280331405342,0.03258459195252548,0.0001095692638879042,0.8722346516531551,0.982807039258403,0.030899169574303664
222673,1.42836737608913e-05,0.13120507751234178,0.9721025759882936,0.054833823650584645,1.42836737608913e-05,0.08514311764162098,0.9730159876852611,0.03966553283401153,4.2851021282673906e-05,0.1318764054942461,0.9738992626599181,0.03474578701079202
223479,0.0,0.0,0.9777430795567363,0.041089095227417084,0.0,0.0,0.9756299228771343,0.03792800300437541,0.0,0.0,0.9751284500836832,0.03622704646510411
223530,3.970617431010522e-05,0.5296347172140421,0.8948279452708772,0.17797227703410248,5.294156574680696e-05,0.4170606134915054,0.8644097157360345,0.22673775687690123,7.941234862021044e-05,0.33941748488337264,0.8643474612414289,0.20763984802935356
223561,1.6964823438600064e-05,0.3835663673713356,0.9872297962953116,0.022380006402238795,3.392964687720013e-05,0.3917034710587319,0.9844730127541561,0.024717693724614263,7.634170547370028e-05,0.4324764512433562,0.9829916880845607,0.027403385273055653
223679,5.915234686936204e-05,0.48522855511632257,0.9612032526057689,0.06028429545555493,5.915234686936204e-05,0.31488013066763093,0.9626805153032381,0.05455947744939369,0.00011830469373872408,0.27795428116561094,0.9602101329604293,0.05387936070872149
223688,2.2246611099575833e-05,0.5296347172140421,0.9560934155372026,0.08153083463137115,3.707768516595972e-05,0.48649183542828267,0.9547310855193931,0.07107811369945656,7.415537033191944e-05,0.48698367987788554,0.963366238877487,0.05940399966440489
224176,0.0,0.0,0.9422603634235406,0.1249567947101046,0.0,0.0,0.9259723942232005,0.1334461666840447,3.8930198154708606e-05,0.03475017269886857,0.9306720907765801,0.11347932585426633
224917,2.617892422074069e-05,0.5296347172140421,0.9923792859305085,0.009528614790373823,4.363154036790115e-05,0.47938213678331165,0.9913142215037581,0.010755113415675659,6.108415651506161e-05,0.3777525589908986,0.9909632548833972,0.014543026912252397
225705,0.0,0.0,0.9750730175630755,0.04676902821326773,0.00010772379618657762,0.0636207881989517,0.9787761029573344,0.039228857870915644,0.00010772379618657762,0.04105877938688905,0.9801958688674259,0.039032375564974214
225799,2.3489249753362876e-05,0.4468535299918563,0.9901037390850096,0.019754612503837178,5.480824942451338e-05,0.5747915663739762,0.9863843819707656,0.02221541966146917,0.00010178674893123913,0.5816611396857013,0.9853867196606186,0.023827493702040972
226117,3.386707849034111e-05,1.0,0.9873081172367927,0.02692794903307616,6.773415698068222e-05,1.0,0.9860835894095498,0.02259156631132486,0.0001286948982632962,0.9626932496335552,0.9877634675928413,0.019629781500222456
226401,3.969934363751853e-05,0.6164336326286644,0.9342897761921971,0.11375797871701301,5.2932458183358036e-05,0.47842151728792726,0.8988440140776002,0.15317418510925487,7.939868727503705e-05,0.37745220519515077,0.9222956665041131,0.13031297297579145
227274,2.6362444062189007e-05,0.8304198973631919,0.9963370670052436,0.00856568338182091,5.9315499139925264e-05,0.8899541168509598,0.9946470563225127,0.011174403853033008,0.00011863099827985053,0.8942298074843026,0.9941985206977106,0.009984300718953867
228092,1.5658641612840086e-05,0.47036528278595785,0.9858569872245347,0.02612770118941986,2.348796241926013e-05,0.3714891073940902,0.9890793054558527,0.021139173043499347,7.046388725778038e-05,0.45621083191148887,0.9886452315779252,0.020975813716977584
229524,1.534365961625507e-05,0.360054614577234,0.9696484198441834,0.056897284285561144,3.8359149040637684e-05,0.4329570418332233,0.9659454950953427,0.07142796164590184,6.137463846502029e-05,0.382075088025797,0.9726763957516521,0.05101863182062142
229799,1.8952315973011903e-05,0.6992148198508501,0.9902141892172377,0.01630872512149766,5.053950926136507e-05,0.804810999209339,0.9870064579228277,0.02290583438911483,8.844414120738888e-05,0.7313235990825372,0.9871857257884612,0.02319589648079782
230261,2.6360880453407144e-05,0.6608397947263838,0.9464596546140601,0.09274072147060833,3.9541320680110714e-05,0.5766692999492189,0.9473410391555301,0.07570893351202586,7.249242124686964e-05,0.5545644564813101,0.9534077314002326,0.06459669126350039
230290,4.769627015167414e-05,0.13120507751234178,0.9688505693316072,0.03322937992119357,4.769627015167414e-05,0.08514311764162098,0.9618008147457522,0.03943442635889656,4.769627015167414e-05,0.05494858807198588,0.9624923513437185,0.033533322395043426
231463,0.0,0.0,0.4680985596935974,0.86093725693249,0.0,0.0,0.5606434256182625,0.7046342921844886,3.9769337840524956e-05,0.038384638165382894,0.6219227179071367,0.6065596391551733
233768,0.0,0.0,0.8630633260786121,0.12851609934260627,0.0,0.0,0.8524653996188881,0.16694973091683896,0.0,0.0,0.8615846395042397,0.17861116272354566
233931,0.0,0.0,0.9668030953857712,0.044428901722374306,0.0,0.0,0.967920790645557,0.03845946895018535,0.0,0.0,0.9683348754003214,0.042039649268612554
234278,2.8293945802946814e-05,0.8304198973631919,0.9892226794002351,0.01908160958308095,6.366137805663034e-05,0.8899541168509598,0.9878270355852466,0.02006553138445755,0.00012024926966252397,0.857610257560744,0.987145327134767,0.02043397800816386
234770,0.0,0.0,0.9676308528583698,0.05089750308682839,0.0,0.0,0.9698434171349859,0.0533555386395349,0.0,0.0,0.9736494519135708,0.04644835357925898
234853,2.927121980490732e-05,0.8539316501572934,0.9391603790075361,0.09865392996377839,3.658902475613415e-05,0.6325414799409711,0.94566239508782,0.09512244590622407,6.586024456104147e-05,0.542372380709457,0.9447711024556102,0.08410563153908589
235608,6.774012179673899e-06,0.33916020527361607,0.9835193538568994,0.03445021973856617,6.774012179673899e-06,0.22009176629808014,0.9812105455966759,0.03738884780316239,1.3548024359347797e-05,0.17839632762219615,0.9791691419744231,0.039045184297895434
236462,1.506364389545831e-05,0.3835663673713356,0.9863864270478219,0.021304358974035986,3.012728779091662e-05,0.39092738420022166,0.9824358922394536,0.02461389095505839,5.272275363410409e-05,0.35420304269439484,0.9767054454180769,0.030057327976208987
237015,2.6692291266282297e-05,0.8539316501572934,0.9936978076211188,0.009266507331486751,5.3384582532564594e-05,0.8268133666517737,0.9929910405287325,0.012051339505084285,0.00010676916506512919,0.8157449640239585,0.9923608239252315,0.011825416130176004
237397,1.3698442487089218e-05,0.13120507751234178,0.9526022340226403,0.07333060818217575,1.3698442487089218e-05,0.08514311764162098,0.9522680534393869,0.07240130852742235,4.1095327461267655e-05,0.1318764054942461,0.9654339323719219,0.05748252107779833
237891,1.4144271570014144e-05,0.27727342735504823,0.9874426601996728,0.023356377363400783,4.2432814710042434e-05,0.4576359845799652,0.9899602811621755,0.01745304947560066,9.193776520509194e-05,0.538774575028043,0.9904699681656088,0.016383606561881692
238568,2.761305821522998e-05,0.8687949224876581,0.9761117273650555,0.045917036754270245,5.522611643045996e-05,0.8364586133797035,0.9819351875409611,0.02908751116148728,8.974243919949744e-05,0.7221519374978033,0.9807886576498275,0.026818927302609513
238601,1.2801638609742048e-05,0.14606834984270645,0.9346557546091029,0.10895277692212324,3.840491582922614e-05,0.22784037450527972,0.9411066646705276,0.09354505453551565,5.120655443896819e-05,0.18255074827500695,0.9294717676693646,0.08831923272966062
238617,8.517524807291002e-05,0.30078518014914984,0.9662840242352247,0.08161144208117999,0.00012776287210936502,0.25880978898961277,0.9725116648973836,0.056204645546615556,0.00012776287210936502,0.16702738727570357,0.9733092939359516,0.050488758551882736
240256,0.0,0.0,0.9664912721938059,0.0760668534402553,0.0,0.0,0.975780018548933,0.048472844736982545,0.0,0.0,0.976322658359423,0.04420158831427187
240632,0.00015039855617386073,0.33916020527361607,0.9571759119853906,0.09313096204494357,0.00015039855617386073,0.22009176629808014,0.9619529507945008,0.06881635970031537,0.00030079711234772146,0.17839632762219615,0.963289613504412,0.0621081945848854
240865,7.415537033191944e-06,0.33916020527361607,0.5367579859990169,0.697916175712967,7.415537033191944e-06,0.22009176629808014,0.44137859159795634,0.8014627938298561,2.9662148132767776e-05,0.24815993495495298,0.4208254179368612,0.8088974027410976
241930,2.0319146054021836e-05,0.6164336326286644,0.9781270478493915,0.05052851174258616,2.709219473869578e-05,0.4694544702460292,0.9752059009760096,0.05133239824594615,5.418438947739156e-05,0.4415631294932391,0.9765926055537731,0.04554305460372128
242615,2.309575500023096e-05,0.3835663673713356,0.9695237080023528,0.05481583669223056,5.773938750057739e-05,0.4482145606127126,0.9725071322205496,0.04525580273755362,0.00011547877500115479,0.46602961473504056,0.9665868825891382,0.044331263987036545
243926,0.0,0.0,0.9632788593414494,0.06669844160660862,0.0,0.0,0.9712818180406757,0.050792533343365046,4.297932694374006e-05,0.035510009908414325,0.9709906393462706,0.04876693461745844
245029,1.3233815044200942e-05,0.14606834984270645,0.9888341925799067,0.0177077803556136,2.6467630088401884e-05,0.1610425878239398,0.9881649725610104,0.018286895797489593,9.26367053094066e-05,0.2791752169092972,0.984856822700916,0.02405968256461821
245381,2.76180152313354e-05,0.8687949224876581,0.992095804284234,0.012453002321099905,6.214053427050465e-05,0.914856882358379,0.9915632138288609,0.010586695653377267,0.00011737656473317545,0.8703104857740924,0.9914388972348169,0.01119230257945095
246344,3.300133985439809e-05,1.0,0.9951901134524974,0.006658083576781682,6.600267970879617e-05,1.0,0.9957542481893773,0.008019105219621004,0.00013200535941759235,1.0,0.9956888621690814,0.007834744796183249
246574,1.6970581496974994e-05,0.48522855511632257,0.9636672863246893,0.06822297230237756,3.394116299394999e-05,0.456899187845258,0.9643009633681163,0.05768735831410082,5.9397035239412477e-05,0.3991909722364607,0.9696036709928242,0.05137164612936834
247184,8.727526618956187e-06,0.21398626473452753,0.9554919171797354,0.08621261403309893,8.727526618956187e-06,0.1388624438735545,0.9563114231664314,0.08266492604320444,2.6182579856868563e-05,0.15843043215819455,0.9599958306515337,0.07532548346699812
247918,2.8293745667520194e-05,0.8539316501572934,0.9939427174019493,0.008117817109753123,6.366092775192044e-05,0.9052116356304492,0.9936179204674609,0.011217936122419201,0.00012024841908696083,0.8668673264178328,0.9942389546764268,0.00917028943546971
248459,3.15738290845484e-05,1.0,0.9935841526414533,0.013496780837040223,5.683289235218712e-05,0.933745776545611,0.9945719684498602,0.009349789004957934,0.00011366578470437424,0.9243767169173914,0.9952359133698072,0.007931911205424443
250705,3.220342257975177e-05,1.0,0.992910650636541,0.0102680417769772,5.7966160643553195e-05,0.9363792118010483,0.9937058928789948,0.009972095139050492,0.00010949163677115604,0.8809355153919125,0.99382068466607,0.010299085247386548
251211,0.0,0.0,0.9718281562894802,0.04775044871016808,0.0,0.0,0.9773517424211363,0.042310533797950266,0.0,0.0,0.9749230489750269,0.0403107653791481
251715,1.6456029489204843e-05,0.47036528278595785,0.9733881882239384,0.05986085082790428,3.2912058978409687e-05,0.44803002797583846,0.9769892755099852,0.04044983460510421,7.40521327014218e-05,0.46438754020143447,0.9781303015783234,0.03719866005576252
251777,0.0,0.0,0.9318949988670404,0.13232590287514695,0.0,0.0,0.9366320577237067,0.1078771006578092,0.0,0.0,0.930332376533471,0.11306043714499477
252223,8.72691730373163e-06,0.21398626473452753,0.990590120582894,0.010698702922531157,2.618075191119489e-05,0.2784805894273036,0.985164364475677,0.022847215972317564,3.490766921492652e-05,0.21523228950467513,0.9847472575855194,0.02135219546151149
252793,1.5656680314073007e-05,0.30078518014914984,0.9901268005811742,0.023330107938409596,2.348502047110951e-05,0.2685529228900211,0.9890180525799632,0.022161849445695516,4.697004094221902e-05,0.28078465587925006,0.9851991580402574,0.027627197937184617
253751,3.458364746813117e-05,1.0,0.9751298103302052,0.047973116973781926,6.916729493626234e-05,1.0,0.9773787826813758,0.04388620874824705,0.00011066767189801974,0.8605611791119832,0.97762947692603,0.03940771102717838
253827,0.0,0.0,0.9733678851793789,0.03198655312490543,0.0,0.0,0.9624141430803498,0.0443103175589098,0.0,0.0,0.9525022416889624,0.05026345769461507
254135,0.0,0.0,0.9836865044535618,0.026503817507372705,0.0,0.0,0.9830621910915474,0.027885215712293486,0.0,0.0,0.9798450333139025,0.02943526694347075
254155,2.1210257280420813e-05,0.6399453854227659,0.9781164497918378,0.024519956765406047,5.6560686081122165e-05,0.7663491917568946,0.9793311835947053,0.03020319764989623,9.191111488182352e-05,0.6724428252073487,0.9799689064441282,0.027331011466490886
254469,3.295196920967997e-05,1.0,0.9834607898406226,0.02751571080234031,5.931354457742395e-05,0.9363792118010483,0.98374802458368,0.02991650722794431,0.00012521748299678388,0.9589412206131109,0.9776176979714629,0.04195752354319123
254999,1.446508129375687e-05,0.14606834984270645,0.9697292110731885,0.06059211389545514,4.3395243881270614e-05,0.23047380976071705,0.9679739066037932,0.05650290101711653,4.3395243881270614e-05,0.14874027149473518,0.9665979466671155,0.05141719541782783
255278,0.0,0.0,0.9853843720335235,0.033896237422674245,0.0,0.0,0.9875336306364776,0.024338433772613428,2.3124327949218977e-05,0.06881314495485108,0.9858480830950531,0.027747278899914775
256155,7.473394714815258e-06,0.33916020527361607,0.9109594635950955,0.17307106089796226,2.2420184144445774e-05,0.3621108234757072,0.9170263220114577,0.13566301478413684,6.726055243333732e-05,0.43750468803916365,0.9189424631781431,0.11478685345164476
257177,0.0,0.0,0.8417390551448376,0.30703677366835863,0.0,0.0,0.8735478526935665,0.20697175901457227,0.0,0.0,0.8687939177054173,0.1888632373414942
257236,0.00010144045445323595,0.14606834984270645,0.9490234790193457,0.09127540132207443,0.0002028809089064719,0.17318663334822612,0.9417382993996816,0.09657214177160199,0.00030432136335970786,0.14583197060863143,0.939403994775355,0.09101865542450766
257285,0.0,0.0,0.9451919674912205,0.10241062501214118,0.0,0.0,0.9456013353028633,0.0955682772841797,6.591827452324608e-06,0.032864970567577,0.9234028698507423,0.11225491439584048
258024,7.624857033930614e-05,0.30078518014914984,0.9933673211332745,0.015011551299339908,0.0001143728555089592,0.2646202227274383,0.9914821601563414,0.015005589406485189,0.00019062142584826535,0.23896491557406832,0.9904813001713768,0.01718479386736497
258068,8.22848867348534e-06,0.13120507751234178,0.7826082545557501,0.3949405932959678,2.468546602045602e-05,0.23690530871965637,0.7974307748916757,0.3338487580376225,4.11424433674267e-05,0.22602576178874018,0.8038594969948459,0.2919158272670994
259477,3.188267176789415e-05,1.0,0.9935436658700354,0.013112410776653049,5.1012274828630636e-05,0.8643145546088337,0.9931729028275906,0.012669223333223342,8.927148095010362e-05,0.7747821717460345,0.9926884213817477,0.014027022328979557
260050,8.997660608241857e-05,0.21398626473452753,0.985209273626465,0.029484185120732132,8.997660608241857e-05,0.1388624438735545,0.9794602582702515,0.03142080787826838,8.997660608241857e-05,0.08961728720334346,0.9796373532649794,0.03169758027511421
260102,3.7660528000602565e-05,1.0,0.9648406661725714,0.07448688781311193,4.519263360072308e-05,0.727329844310522,0.9687151334258497,0.057009871434342475,6.778895040108462e-05,0.5772036642178618,0.9717709656465157,0.052165837430657044
260359,1.9553018008329586e-05,0.6164336326286644,0.9714456038959082,0.05311157691915652,3.910603601665917e-05,0.6090726157997783,0.9769413236118936,0.03878156062475622,9.776509004164792e-05,0.7080871635625062,0.9805254877900271,0.03358203020508346
260384,0.0,0.0,0.9246864690073162,0.1633550462622651,0.0,0.0,0.9346564763348233,0.12269545786716396,6.447162281521788e-06,0.038384638165382894,0.9388017404930542,0.1093322973153582
260911,0.0,0.0,0.9958382022071637,0.00705772678725759,0.0,0.0,0.993562726770285,0.010172323510292524,2.6732249786142e-05,0.035510009908414325,0.9931848923503781,0.012031182490357185
261621,1.5666000861630048e-05,0.5531464700081437,0.9165245706339494,0.13912643268130997,1.5666000861630048e-05,0.35895421017163465,0.9288341412981591,0.12762950222701322,5.483100301570517e-05,0.40515911998100007,0.9254866956931261,0.11618250611530535
261977,1.567631543881926e-05,0.5531464700081437,0.9380027935144364,0.10075126533889345,5.4867104035867406e-05,0.710022634839788,0.9291974182344722,0.12806935586079596,0.00010189605035232519,0.6706166869385358,0.9001002099157205,0.17827507519460659
265075,0.0,0.0,0.9499887183311913,0.11711050709969925,0.0,0.0,0.9571901043066784,0.08608299540602449,2.4039617289292755e-05,0.10919404922021243,0.9628585253158697,0.06606937226917776
265369,0.0,0.0,0.9895654366766671,0.013582839421611514,2.420662777468471e-05,0.12987501165334073,0.98888625167573,0.01734158200875539,6.0516569436711774e-05,0.18365584669093646,0.9840082229368955,0.021332912805175457
265862,6.960395350455906e-05,0.33916020527361607,0.9727778574995849,0.058085820418513914,6.960395350455906e-05,0.22009176629808014,0.9801107604276925,0.04152671137063197,6.960395350455906e-05,0.1420400396336573,0.9805703616728373,0.036833684013768964
265959,2.5448746225102643e-05,0.6164336326286644,0.9681573599870678,0.07252214811063784,5.0897492450205286e-05,0.606439180544341,0.9512195804321791,0.09885280752467776,9.331206949204302e-05,0.569505387213923,0.9288146315964306,0.1303243182413618
266927,2.4036728120568228e-05,0.6548086577531306,0.9316459976478333,0.15471823313797314,3.2048970827424306e-05,0.4885468020156227,0.9288005072136969,0.13193010154324822,4.8073456241136456e-05,0.38895519257039035,0.9264868522079883,0.12923478123953555
267339,2.6091948024839534e-05,0.6608397947263838,0.981392603423747,0.029570463768359867,5.218389604967907e-05,0.7104770117651424,0.9765828220921522,0.03137500140861116,0.00010436779209935814,0.7479480550487742,0.9749298489164964,0.033226681780416135
268052,0.0,0.0,0.8852327242388791,0.2580876304758485,4.012036108324975e-05,0.06943122193677725,0.8757128051348559,0.23579779592683647,8.02407221664995e-05,0.0795588163005403,0.8820196638646192,0.19462446096851516
268238,0.0,0.0,0.9817612218281535,0.043167462748293826,0.0,0.0,0.9838993349257823,0.03079646172996156,6.673117346768543e-06,0.03233829114831981,0.9832107446375474,0.03263796518988248
268385,1.3345166047228542e-05,0.30078518014914984,0.9520269685071068,0.09753777834717547,3.336291511807136e-05,0.3984279345433619,0.941187716887185,0.09937140071168411,5.338066418891417e-05,0.3593830160081855,0.9443827971056509,0.08133361495867295
268498,2.0316806739762023e-05,0.6548086577531306,0.972204418075141,0.05226849401385697,3.386134456627004e-05,0.5548010254700118,0.9761513622482884,0.0452404931187733,8.80394958723021e-05,0.641313395648069,0.9712938536343001,0.0445922075049038
269465,0.0,0.0,0.9848382550322345,0.027704148752234193,0.0,0.0,0.9821105934993174,0.035369795986528646,0.0,0.0,0.9814280879795643,0.03508262676266232
269755,1.5061715378764487e-05,0.30078518014914984,0.9804276882788046,0.03729749320524946,3.0123430757528974e-05,0.3372080579682881,0.9853553276915189,0.025057915556770696,4.5185146136293464e-05,0.29199431000500486,0.9830122050515874,0.030749673943815198
269973,0.0,0.0,0.5841512833146043,0.6046788495997291,9.87615304086752e-06,0.07839826897867533,0.7199971735311567,0.4238823319592521,3.950461216347008e-05,0.16146635876339255,0.805317582587505,0.29780618419419824
273541,2.9664127911719556e-05,0.6608397947263838,0.7647729351780573,0.4467790768023277,4.4496191867579335e-05,0.5587148206871071,0.6917348807510736,0.5029630244983023,8.157635175722878e-05,0.5366030209674799,0.7088009977081359,0.43707349856099936
273679,2.759515153187585e-05,0.6608397947263838,0.9646949765803458,0.058982960623119605,4.139272729781378e-05,0.5684579545875155,0.9707043140241607,0.04046502805334606,8.96842424785965e-05,0.6116156047400664,0.9664165202428585,0.04287255127754555
274349,0.0,0.0,0.9516310612871756,0.10089180392919547,0.0,0.0,0.9479661358077418,0.09643233457604469,0.0002949852507374631,0.07186629789695316,0.9318542362457547,0.11711747756112109
274416,1.183207913294524e-05,0.21398626473452753,0.4430277908287678,0.794853714314298,4.732831653178096e-05,0.3381686774636725,0.45109334394442147,0.7451098095318345,5.9160395664726205e-05,0.2516805140916493,0.45799710637750934,0.7379557035698315
274638,2.3484285099221104e-05,0.6399453854227659,0.970396911338594,0.06285508119415575,3.9140475165368506e-05,0.5548989126424902,0.9666146985051555,0.07047532744321137,6.262476026458961e-05,0.46610968744719605,0.9652605014346045,0.06807963046539064
274700,0.0,0.0,0.9615800984745894,0.06935351737977823,0.0,0.0,0.9629073177218844,0.06226573186272578,0.0,0.0,0.96692807641054,0.04824250128715128
276032,0.0,0.0,0.9894698393421553,0.012043063273590282,0.0,0.0,0.9896590922599435,0.01349220284976456,0.0,0.0,0.992376123412692,0.012354247100664703
276336,8.368200836820084e-05,0.33916020527361607,0.9839530665254188,0.03072874391309033,8.368200836820084e-05,0.22009176629808014,0.9861227107004119,0.024498809987359642,8.368200836820084e-05,0.1420400396336573,0.9842293694423472,0.028666098848243258
276542,7.994244144216165e-05,0.14606834984270645,0.8427321759297521,0.20246508592451323,7.994244144216165e-05,0.09478836436955078,0.8493047751292686,0.19275479287480496,7.994244144216165e-05,0.06117331537803187,0.8689424995119971,0.16682236070850393
278473,1.4830524184877315e-05,0.5087403079104241,0.9829543028177934,0.03988501468402979,2.966104836975463e-05,0.46001266110046096,0.9797683134348351,0.043044900668157735,6.673735883194791e-05,0.47750264276666327,0.9811803788578963,0.036641928922684926
279348,2.4208092765411478e-05,0.27727342735504823,0.9885157160654249,0.019506905398363195,6.0520231913528695e-05,0.37923771560128977,0.9873380775077771,0.02363040209069707,9.683237106164591e-05,0.35573842863185284,0.9890645701595171,0.019450461985791794
279656,2.032134825371881e-05,0.49125969208957576,0.9583302832846741,0.04999547309786425,4.064269650743762e-05,0.5270672065167424,0.9623042651890927,0.049906327506880684,9.483295851735443e-05,0.6188072620256022,0.9639737764763744,0.04760612240724508
280773,5.477951246233908e-05,0.21398626473452753,0.9757138487052434,0.04332868078815444,5.477951246233908e-05,0.1388624438735545,0.9686029216755376,0.054838487472186496,5.477951246233908e-05,0.08961728720334346,0.9705210569398579,0.04889324006439735
280787,3.547608911593586e-05,0.6548086577531306,0.9485407763075339,0.07565740076809704,5.912681519322643e-05,0.5766882048947064,0.9481214691872936,0.08377507912627183,0.00011825363038645286,0.5496295103351827,0.9548618864472627,0.07590248528338728
280999,7.180658179128699e-06,0.13120507751234178,0.9585074413481374,0.0868365067830833,3.5903290895643495e-05,0.3725907541108227,0.9682710676495194,0.060266140591837,7.180658179128699e-05,0.42285882647602363,0.9636549737172182,0.06389402215533574
281717,2.2591892522836638e-05,0.6399453854227659,0.9263311532635352,0.15814549603483705,3.765315420472773e-05,0.5509662124799075,0.9286270455624823,0.13200230887052203,6.777567756850992e-05,0.49283578842038517,0.9346689987004334,0.10890865372959381
281719,2.605014653207424e-05,0.8539316501572934,0.9826097082842505,0.031213482654989622,5.8612829697167044e-05,0.9052116356304492,0.9868540154627269,0.02079588806662325,0.00012373819602735266,0.938826684621968,0.9878855103871385,0.017562227045842066
285100,0.0,0.0,0.9848134516408397,0.027262379110620395,0.0,0.0,0.9829884804284929,0.024367339549040364,0.0,0.0,0.9862012846137083,0.018819716945443567
285110,0.0,0.0,0.9644600047356935,0.05626664204776551,0.00015067048365225252,0.14465249243306438,0.9658116822777112,0.0588433872818961,0.00015067048365225252,0.09335399548964864,0.9591960260807886,0.07091173784470613
285146,0.0,0.0,0.9798384323189779,0.040295558106602104,0.0,0.0,0.9670826531617911,0.0555677645650288,0.0,0.0,0.9666295508096393,0.054115227126208004
285432,0.0,0.0,0.9671809866498877,0.05959451754203312,5.7660151069595805e-05,0.06625422345438903,0.9716388230368768,0.042879441338824625,0.00011532030213919161,0.08114295068041447,0.973835827286283,0.03990920457244587
285865,7.67035866597122e-06,0.33916020527361607,0.9737236882787104,0.057425080565552546,2.301107599791366e-05,0.3628869103342175,0.975560984289222,0.04998480761523723,2.301107599791366e-05,0.23419536311321482,0.975430103313524,0.04783445057447269
286113,0.0,0.0,0.983288115023762,0.0336265194770181,8.011472428517637e-06,0.06943122193677725,0.9833078797072939,0.02967592742882332,1.6022944857035274e-05,0.07714693474999153,0.9803390111797435,0.030521659221063573
286184,7.067787146522295e-06,0.33916020527361607,0.9809183515406273,0.0434562853573849,1.413557429304459e-05,0.2934556883974402,0.9696939875388232,0.05990762427177801,4.240672287913377e-05,0.33694440594032377,0.9694400700365685,0.05525516955943113
286892,3.547944557453049e-05,0.6164336326286644,0.9828276838710703,0.03211225026567448,8.278537300723781e-05,0.6816604510406281,0.9763547953803148,0.04415971344170834,0.00014191778229812196,0.6195842176249104,0.977317229576985,0.042814866041705216
287999,0.0,0.0,0.9935547289000446,0.012401143910361423,0.0,0.0,0.993393571558026,0.012594627834629482,0.0,0.0,0.9923097759876682,0.01392226684289415
291099,3.295066626247183e-05,1.0,0.9940655942192291,0.012377775412167658,5.931119927244929e-05,0.9305687780632227,0.9927464342284884,0.014619664706051076,0.00011862239854489858,0.9188350684097895,0.9942857757575794,0.011481822777575614
291172,2.6463777704267285e-05,0.27727342735504823,0.9912092334513346,0.013442567965093499,6.615944426066821e-05,0.3953144612881589,0.9913495238900637,0.015311355369891774,0.00014555077737347005,0.4668503993615534,0.9903259525630819,0.014434278190929163
291279,3.8133735008675426e-05,0.3835663673713356,0.9943333465574848,0.01329547740071999,9.533433752168856e-05,0.4482145606127126,0.993572542447029,0.012497084138472182,0.00022880241005205254,0.5347668141472811,0.9939137516580194,0.011891243883569299
292329,2.069564977441742e-05,0.5296347172140421,0.9975332190743996,0.005095615156524014,4.828984947364064e-05,0.6285108926059098,0.9967832981048401,0.006043223165058779,0.0001172753487216987,0.7602530597793251,0.9966079174100824,0.0065202315673598505
292898,2.668837321021097e-05,0.7860137352654724,0.9895372077650417,0.020352888744354813,6.0048839722974686e-05,0.8611375561264454,0.9911663229581393,0.015680213366566713,0.00012009767944594937,0.8730759624302119,0.9905481286007461,0.01512428501647569
294440,0.0,0.0,0.9730454809421666,0.048342219133139186,8.817564588660612e-05,0.0636207881989517,0.9771537220361493,0.040742685074978274,0.00017635129177321225,0.07944341755227195,0.9789848415360989,0.032606424974315845
294534,1.1329647421372246e-05,0.13120507751234178,0.9972131163991389,0.005733477556755273,2.2659294842744493e-05,0.15850703974098104,0.9959002664226564,0.008636338777739457,5.6648237106861235e-05,0.21378263290264038,0.9957645523998678,0.008541452128241322
295137,0.0,0.0,0.9715207628061145,0.06225064911567539,3.466925530439606e-05,0.22119341301481263,0.9747952484806073,0.04713567953677176,3.466925530439606e-05,0.14275100645417454,0.9742707227045873,0.04669845188603217
295923,0.0,0.0,0.966963653363927,0.06381641027981469,0.0,0.0,0.9741445088512176,0.05286981461291964,0.0,0.0,0.9761081046748685,0.047976571550306574
297607,3.2523709784432855e-05,1.0,0.9950273251054792,0.008903188593100986,5.854267761197913e-05,0.9363792118010483,0.9960590979252018,0.007417187934566153,0.00011058061326707169,0.886124460338252,0.9957357877759481,0.0066732844842594275
298359,0.0,0.0,0.9931751672310899,0.010428688953843256,0.0,0.0,0.9936291857945413,0.010352862586077179,0.0,0.0,0.9934982512493657,0.010919107897157056
298647,2.3482079259844862e-05,0.6399453854227659,0.9454311338448793,0.09163358493643686,2.3482079259844862e-05,0.4152807670887412,0.9506299244153864,0.0892953699492141,3.1309439013126485e-05,0.30762971457828747,0.9480994027982488,0.09421558657667636
299329,1.62250742297146e-05,0.13120507751234178,0.9896119668185612,0.011326167146162924,1.62250742297146e-05,0.08514311764162098,0.9874596096575061,0.018788889974385724,3.24501484594292e-05,0.09130487606052472,0.9879924673510041,0.018413892334878584
299429,7.928453634403146e-06,0.21398626473452753,0.9827547890054742,0.02500393357708993,1.5856907268806292e-05,0.2024832320725062,0.9823155292607895,0.033043048445127274,2.3785360903209438e-05,0.1635410371578095,0.9848718483320231,0.027948925420581763
299450,1.281722635221738e-05,0.21398626473452753,0.9808811734711081,0.02723712635709722,6.40861317610869e-05,0.42631008034275614,0.9810155637747503,0.03124048391420797,0.0001409894898743912,0.4822015712838266,0.9817657634307041,0.02880247302546135
300880,2.46834349468072e-05,0.6548086577531306,0.9671121435757346,0.05470191211109906,4.93668698936144e-05,0.6339753813071974,0.9758656261343945,0.040196751144206455,8.227811648935733e-05,0.5524760916496695,0.9761144039267673,0.039007165389780094
302717,3.4498699399032654e-05,1.0,0.9827894898177781,0.03564272301141193,6.899739879806531e-05,1.0,0.9786137663516561,0.044154481583499335,0.00012419531783651756,0.9316250195240087,0.9795440182051915,0.03696200441127307
303326,0.0,0.0,0.9628486313982328,0.06617491554378253,0.00021003990758244065,0.06625422345438903,0.9667275340679563,0.0518086444698873,0.00021003990758244065,0.04275831251503158,0.9714275605002441,0.04615441944701882
303343,7.671064743786438e-06,0.13120507751234178,0.9662414482981664,0.057366416646491315,3.068425897514575e-05,0.29659339675602525,0.9625290492775882,0.06115938256822015,6.13685179502915e-05,0.3357198612086527,0.9510404302308426,0.07355913600010425
304229,2.5258584761495815e-05,0.8539316501572934,0.9691962020171404,0.045209716803834066,5.683181571336558e-05,0.9052116356304492,0.9626659586303623,0.04586166254212409,0.00010734898523635721,0.8649320365481709,0.967528087504148,0.04526435097758976
304409,0.00011048502927853276,0.16958010263680803,0.9653830313388185,0.07440221633464125,0.00011048502927853276,0.11004588314904007,0.9717717396031758,0.05372070740740914,0.00011048502927853276,0.07102001981682865,0.9765817272771589,0.04477375999002179
304690,2.031034202615972e-05,0.4468535299918563,0.9720385404205588,0.06469824316648791,2.7080456034879626e-05,0.3562315886146009,0.9809079943504104,0.039784127995117664,7.447125409591897e-05,0.47409132609123955,0.9817918470039763,0.0362005639303577
306082,1.953748266048414e-05,0.6843515475204854,0.9306269697274508,0.12745440021649834,3.907496532096828e-05,0.6652907408280684,0.9475887375364843,0.10337472557652341,5.209995376129104e-05,0.4991507007364136,0.957845717284815,0.07725548329452674
306369,1.9751135690302193e-05,0.360054614577234,0.972214046495818,0.052835827313312135,1.9751135690302193e-05,0.2336508082431053,0.971500026642308,0.0489750054321831,3.9502271380604385e-05,0.22043564409613978,0.9715388644245797,0.043818839715465206
307167,1.6455623297871464e-05,0.3156484524795145,0.977422791051054,0.030747474392416818,3.291124659574293e-05,0.34685330469621795,0.9835707975807656,0.0289258425262556,6.582249319148585e-05,0.3659068173441561,0.9830453642757586,0.02684440039241011
307620,1.4896469536719797e-05,0.16958010263680803,0.9817375548314466,0.028718410520991788,4.468940861015939e-05,0.2520649403266671,0.9823063384007792,0.028581396524424096,8.937881722031878e-05,0.27000662163684547,0.983459380608337,0.026884334634063655
308008,1.4836685187795343e-05,0.360054614577234,0.932908415948974,0.11592351390977766,4.451005556338603e-05,0.5063209639325833,0.9421025086520499,0.09483940621854733,5.19283981572837e-05,0.361513190661722,0.9416826007406913,0.09273253668920915
308502,2.1683037359873373e-05,0.5296347172140421,0.9130245625363989,0.13922770205266338,2.8910716479831162e-05,0.4099509148465344,0.9210262043333828,0.14433259073024343,5.7821432959662325e-05,0.40232958116121453,0.923642210991145,0.13715344724955206
308844,1.9775612714400602e-05,0.7227265726449517,0.9734449247003084,0.0535452289576022,3.9551225428801204e-05,0.6901935063354874,0.9766430167242233,0.04584851537238692,7.910245085760241e-05,0.6568520377109663,0.9764264608576418,0.04326625497268631
309148,0.0,0.0,0.9620152936140014,0.07681028314581162,0.0,0.0,0.9679102224951779,0.05286047225559788,1.3689066542552463e-05,0.03635628798853883,0.9754089683864613,0.03789859644106906
310470,2.7594009340572163e-05,0.8539316501572934,0.988932604513362,0.019347335275232434,5.5188018681144326e-05,0.835780413693672,0.9890625186374266,0.01595478008924264,0.00011727453969743169,0.8605805496355828,0.9900835617213961,0.013952392706425445
310823,2.63664407941572e-05,0.7860137352654724,0.9878727729813205,0.024090506339425444,5.27328815883144e-05,0.7827392871477701,0.9866679542663925,0.025825576994440533,0.0001054657631766288,0.7854157900673553,0.9883029588626494,0.019208136562242743
311454,0.0,0.0,0.8454130464278734,0.2499234047616609,0.0,0.0,0.8586578106022076,0.19569980660337383,0.00030003000300030005,0.10661647059582173,0.8727851055038107,0.15557218709971896
312320,1.894549381429627e-05,0.6399453854227659,0.9654398532235181,0.07665781696555464,4.420615223335796e-05,0.6929852696575346,0.9621262898983188,0.07231683541057382,8.841230446671592e-05,0.6976581284954659,0.9660241112442101,0.05778457069253447
312491,7.470100921063444e-06,0.33916020527361607,0.9427293416455939,0.12282404451817115,2.241030276319033e-05,0.36792125721353275,0.9571661724278151,0.08482117879984312,5.976080736850755e-05,0.4127112475957697,0.9520401737908731,0.08250627368423069
312748,7.530574130971745e-06,0.16958010263680803,0.9602731977758981,0.0552752339615159,1.506114826194349e-05,0.18340980524840012,0.9608020944117642,0.04829157355797435,1.506114826194349e-05,0.11836669969471442,0.9578075936369841,0.04621654602267567
315501,4.289329577786992e-05,0.5296347172140421,0.962752507857596,0.08092680215702182,7.148882629644986e-05,0.48834918382520975,0.9578761403676678,0.07944663910387705,0.0001000843568150298,0.3879813781627116,0.9559808203563834,0.0765918292737994
315922,1.3557483731019522e-05,0.48522855511632257,0.9883085900342226,0.023742692328262226,2.7114967462039044e-05,0.4576752747037683,0.9918162205067554,0.016423448896759493,6.778741865509762e-05,0.5072551098006289,0.9902528657082701,0.018910797517563003
316663,2.7592867243817473e-05,0.8539316501572934,0.987298051929155,0.024596832877087305,5.5185734487634946e-05,0.8415908474314975,0.9823307240220112,0.03573629864547259,9.657503535336115e-05,0.7610461830382672,0.9826084722098688,0.033117203515325995
316742,4.284428957027178e-05,0.5147714448836773,0.9740064896884706,0.04703476094964128,5.712571942702904e-05,0.4124497136428909,0.9655067795435828,0.05320204590886846,8.568857914054356e-05,0.33814093627091046,0.9644211632194029,0.0555744852062865
317680,0.0,0.0,0.9804669540586964,0.036715093964819825,0.0,0.0,0.9823950344709693,0.03279682902608049,4.115090861206215e-05,0.1761009910869573,0.9841394933947596,0.027026926811182794
317681,1.6455623297871464e-05,0.47036528278595785,0.9651311200355011,0.07804811599984338,4.1139058244678666e-05,0.5116508161747901,0.9656377634995975,0.07219492748288402,7.40503048404216e-05,0.47529689964047667,0.9627279863901524,0.07000539221074917
320393,3.790175864160097e-05,0.21398626473452753,0.993106837573954,0.010632947290346816,3.790175864160097e-05,0.1388624438735545,0.994246057968127,0.009197620909347946,0.00015160703456640388,0.1903305588276546,0.9940533745680682,0.009918142142264883
320606,1.645643570059161e-05,0.3156484524795145,0.918771166698358,0.1283556643338875,4.9369307101774825e-05,0.4825387500873842,0.935891174453061,0.10185060323382295,9.873861420354965e-05,0.5195466056264706,0.9364845013616131,0.09545161878478593
321443,0.0,0.0,0.9831059353406001,0.03838066553697561,4.012358062833527e-05,0.06625422345438903,0.9797684154168593,0.04101730864077816,4.012358062833527e-05,0.04275831251503158,0.9821747820914115,0.03533578121825115
323136,1.3197138860295088e-05,0.47036528278595785,0.9919768920743675,0.018551735070927222,1.9795708290442633e-05,0.3746661058764784,0.9911343616904412,0.015843350284531477,7.918283316177053e-05,0.5609199129389583,0.9918783126110309,0.014336593804203834
323624,2.6369395679374517e-05,0.7860137352654724,0.9752277450085864,0.04182449330061957,3.955409351906178e-05,0.6470538417566037,0.9804998280781918,0.029863027837575586,8.570053595796718e-05,0.6722666392905708,0.9843399668774252,0.028382043506676367
323879,8.355964069354502e-05,0.3835663673713356,0.9917832544123151,0.015739082260502534,0.00016711928138709003,0.39673781793804713,0.991813541997313,0.013919342037935364,0.0005013578441612701,0.5399513558228158,0.9898622742719738,0.017721791149295094
323949,0.002183406113537118,0.16958010263680803,0.9579577774253547,0.08731357846231233,0.004366812227074236,0.17630010660342912,0.9607422448373641,0.06497754334267772,0.006550218340611353,0.14611662348018004,0.965818806492968,0.06207109907095449
324638,7.984669434685404e-05,0.21398626473452753,0.961339475147561,0.05611797629303548,7.984669434685404e-05,0.1388624438735545,0.9543764167251318,0.08382527022543243,0.00015969338869370808,0.12368025945932595,0.9529886791049312,0.08245535378989714
325075,4.0181620926588175e-05,0.14606834984270645,0.9493887658805479,0.10600184595524378,4.0181620926588175e-05,0.09478836436955078,0.958338862085004,0.07903201105208657,0.00012054486277976453,0.1307462975424287,0.9624545581747708,0.06254059547862834
326291,0.0,0.0,0.8887363390490048,0.2387941474232723,2.6080379730328874e-05,0.07839826897867533,0.9066185872375323,0.1510929055211031,2.6080379730328874e-05,0.05059568297461706,0.9194878981946142,0.12613132714813868
326709,0.0,0.0,0.9713171764714172,0.05442029661686334,8.347593806085395e-05,0.15176219107803537,0.9661419430720203,0.060895807054948764,0.00025042781418256187,0.24466395964801535,0.9702729440543413,0.053275938372311614
326790,1.8808895353575884e-05,0.6399453854227659,0.9915454925219105,0.016474714394095213,4.388742249167706e-05,0.7027284035579429,0.9883262267895094,0.017672715027711557,9.404447676787942e-05,0.7342559699579384,0.9878920642208329,0.01678732425862169
326885,1.1832779164842446e-05,0.33916020527361607,0.9665556028057696,0.0782947829826352,4.7331116659369784e-05,0.4412851793128928,0.97228140199743,0.05848461672911672,0.00011832779164842446,0.4938013010687706,0.9708676832495415,0.05553110768838147
326889,6.036703155183516e-05,0.7227265726449517,0.9887379226378838,0.019163606039249582,0.00010061171925305859,0.6020521034564037,0.9888587625581879,0.021018329744917175,0.00014085640695428203,0.46167958050664165,0.9883834925638375,0.022859875482876112
326964,0.0,0.0,0.9938135695482344,0.00809387824437291,0.0,0.0,0.9788331186492323,0.04452693435976022,1.2308298254683307e-05,0.03475017269886857,0.9747828334949202,0.04702744790231611
327078,0.0,0.0,0.9752456407681167,0.05035139668942579,1.4277351836781313e-05,0.07839826897867533,0.9805181569604571,0.04147568174331618,1.4277351836781313e-05,0.05059568297461706,0.9791602563454062,0.0410401251975776
327161,0.0,0.0,0.9078268089566353,0.16534480164522586,0.0,0.0,0.9146811406733425,0.12579515862973792,2.2247600967029056e-05,0.10780873113939765,0.9231430939634665,0.128314536685539
328005,1.6023843479096897e-05,0.3835663673713356,0.9678578872844245,0.07166730658573725,4.807153043729069e-05,0.5266128295913879,0.9595597539788099,0.07932085323944509,6.409537391638759e-05,0.41230633591974697,0.971265533991223,0.0522703997854459
328515,2.224677607136766e-05,0.6843515475204854,0.9624279031206324,0.071678011225173,3.7077960118946096e-05,0.5868924718493929,0.9541680607958929,0.08617149317731189,6.674032821410298e-05,0.5167812603792998,0.9616568471737228,0.07302595965616246
329692,1.9748990332869233e-05,0.3451913422468693,0.9789606272924853,0.0494056975842347,2.962348549930385e-05,0.2876263497141272,0.9828490437311987,0.03616624266416966,6.912146616504231e-05,0.3295688765812994,0.9853658283216227,0.02908784576436862
331187,0.0,0.0,0.9742803676964428,0.043681280504475894,8.011985930952706e-06,0.06943122193677725,0.9630026144173163,0.05837650374576775,3.204794372381082e-05,0.15517395240864543,0.9627691818468858,0.049644223844962754
331210,8.481116793459363e-06,0.33916020527361607,0.9847412787537009,0.034259932705866816,8.481116793459363e-06,0.22009176629808014,0.9805100424399653,0.03849969847917525,4.240558396729681e-05,0.29370878320983923,0.9808179760025846,0.034158079687052305
334751,0.00022779043280182233,0.13120507751234178,0.9359421747184576,0.09950939294494646,0.00045558086560364467,0.15139734109601002,0.9240954005402682,0.09370709316365568,0.0009111617312072893,0.17139093989881557,0.9344076485900163,0.08007688413619893
335271,0.0,0.0,0.9824983501013067,0.035656726091466674,0.0,0.0,0.9833150022058559,0.034085609065099186,1.1826761596139745e-05,0.0396210670558156,0.982284215286611,0.03197763939257029
335993,2.738263119703172e-05,0.5531464700081437,0.9379289209467341,0.11043776172120175,4.107394679554759e-05,0.43735247915031,0.9472618069644243,0.09490583253831976,6.84565779925793e-05,0.3518259919760146,0.9317737447563503,0.130103471045946
336161,8.01333418808898e-06,0.14606834984270645,0.993964209123708,0.006943031588242188,2.404000256426694e-05,0.2344065099232999,0.9932296525121986,0.011578965691944767,4.808000512853388e-05,0.25436084067042714,0.9923106630481897,0.011927012096384845
336429,1.3540686377392471e-05,0.48522855511632257,0.9428129127113041,0.06906187682182727,4.062205913217741e-05,0.587550286357109,0.9271402713734732,0.08683883067896828,9.47848046417473e-05,0.6650052769783739,0.9220011524852045,0.08759017580620625
337032,0.0,0.0,0.979574827895498,0.036381457178724076,0.0,0.0,0.9766160692411134,0.03647402461269985,1.3692252923295999e-05,0.0396210670558156,0.976162505846386,0.0385389012469542
338451,3.712862096875998e-05,1.0,0.9789035973799273,0.037651195692216276,6.683151774376797e-05,0.9216017310213247,0.9719813202863594,0.03415252953531512,0.00013366303548753594,0.9120975666589383,0.9688738952365634,0.028146094723368827
339200,6.770664066731665e-06,0.13120507751234178,0.9896885060676768,0.021409285335018114,1.354132813346333e-05,0.15139734109601002,0.9903071920040871,0.018172329254846433,2.0311992200194996e-05,0.13245707328588605,0.9922954614408098,0.013682217146019422
339730,1.3796243282954052e-05,0.3835663673713356,0.9904815028984307,0.01855552690597745,2.069436492443108e-05,0.3222722491219546,0.9902739721437545,0.018694574723171056,4.138872984886216e-05,0.3171128668145989,0.9902398512446705,0.016233775916649085
340296,0.0,0.0,0.9462037335458874,0.08405641233386066,0.0,0.0,0.9520154860104766,0.08482314107469321,0.0,0.0,0.9493353743609834,0.07965845545036074
340909,2.0326718115848743e-05,0.7227265726449517,0.9860687828669115,0.02039624658263245,5.420458164226331e-05,0.8200685179888281,0.9870476847265586,0.023499751233501905,0.00010840916328452662,0.8131551672362795,0.9878255082082218,0.021247953555715366
340921,2.7592486565908105e-05,0.8687949224876581,0.9463877133941331,0.09068194286835504,4.138872984886216e-05,0.7058075148678526,0.9592652140738744,0.05555638561460852,8.277745969772431e-05,0.6680451239972952,0.9665726016444353,0.048819089800734884
341590,2.195036291266682e-05,0.49125969208957576,0.9363906666883676,0.08166404456309631,3.658393818777804e-05,0.4705561169627617,0.9245257494875944,0.10219410218412356,8.048466401311168e-05,0.516561067468534,0.918069432516418,0.09626161028306797
341674,2.562328644271914e-05,0.5087403079104241,0.9924284973983923,0.016888567237199503,5.124657288543828e-05,0.46318965958284924,0.9905104963846325,0.01878575044032097,0.00010249314577087657,0.44710490859426694,0.9900753349897075,0.01800640825140234
341971,1.6024742201959825e-05,0.3451913422468693,0.9862639536055958,0.02389379410795024,1.6024742201959825e-05,0.2240055615151755,0.9855921732735012,0.023793329654477793,4.006185550489956e-05,0.2532106960479952,0.9859613026451288,0.02227743463757972
342148,2.5258584761495815e-05,0.6608397947263838,0.9920044768629162,0.016399674823189648,5.683181571336558e-05,0.7799082337019198,0.993225032225854,0.012301096625405444,8.840504666523535e-05,0.6803188713197713,0.9928145570676786,0.013507341758642629
342500,4.0526849037487334e-05,0.33916020527361607,0.9046483320876231,0.20922251865103364,4.0526849037487334e-05,0.22009176629808014,0.9084026038666794,0.1658168362837881,4.0526849037487334e-05,0.1420400396336573,0.9159442058523478,0.12795183843889987
343111,1.1558689244639658e-05,0.16958010263680803,0.9773749054422318,0.0450330534596727,2.3117378489279315e-05,0.17366667134799177,0.9831855603997625,0.0320335814722384,3.4676067733918976e-05,0.14682897190258626,0.9818695438258077,0.03126404456806011
343294,1.2109322967752874e-05,0.21398626473452753,0.9708475298346004,0.06284901240976822,4.8437291871011494e-05,0.3452783761086435,0.9732495875014175,0.05059594622338284,8.476526077427012e-05,0.3262761419055172,0.9775050299011573,0.04130841296546647
343326,2.6690154002188592e-05,0.7860137352654724,0.926119799166889,0.15999661755866013,4.003523100328289e-05,0.643121141594021,0.9307379987220198,0.12177733308413977,5.3380308004377185e-05,0.48894403396286173,0.9368283197264414,0.10016759741376198
344228,6.364157067396423e-05,0.21398626473452753,0.9547964856758921,0.09609310752730411,6.364157067396423e-05,0.1388624438735545,0.9654618546822491,0.06657492515095907,0.00012728314134792846,0.12923835425915906,0.9567763139388061,0.08453352462745095
345737,0.00010778184953653804,0.21398626473452753,0.9785710188551914,0.04386636510286105,0.00010778184953653804,0.1388624438735545,0.978384462923206,0.04144441463851661,0.00010778184953653804,0.08961728720334346,0.9813176003830165,0.03504318669957479
345833,3.257222891762483e-05,1.0,0.9935010354527167,0.014146314191111009,6.514445783524966e-05,1.0,0.9941277181530352,0.011046920038262908,0.0001172600241034494,0.9292557582488418,0.9944734074366087,0.010088748260108875
346097,2.5601966231006542e-05,0.27727342735504823,0.9829387703817785,0.02746448497600327,2.5601966231006542e-05,0.1799314820111718,0.9794947870474999,0.035072556100110716,2.5601966231006542e-05,0.11612190345001776,0.9817672742044087,0.028028486263641954
346332,9.875762902684232e-06,0.33916020527361607,0.9699197543674407,0.06045769104910385,4.937881451342116e-05,0.5075394027672818,0.9692059424105011,0.06558233529241372,6.913034031878963e-05,0.39937148815295986,0.9724814608688662,0.05367117738666675
349108,2.603505620317758e-05,0.8304198973631919,0.9745324629995495,0.05886765348876619,4.556134835556076e-05,0.760079105197619,0.9761827991819837,0.05000421347472697,7.810516860953273e-05,0.6690618971942934,0.9816252667554035,0.03660453309196826
349193,4.469873055605221e-05,0.49125969208957576,0.9831009130874678,0.03783873096991701,7.449788426008702e-05,0.46344641831779065,0.9859129345171234,0.02985509318515661,0.00013409619166815663,0.4507619297191918,0.9874467105573684,0.024485286421156185
349222,0.0,0.0,0.9916608454119954,0.019795977090616923,0.0,0.0,0.9895347476746487,0.020973252853197084,5.961251862891207e-05,0.06922125855611583,0.9893246917747763,0.020035068033847796
350228,1.2748678918147106e-05,0.5087403079104241,0.9796089503023279,0.040332660332397165,3.187169729536777e-05,0.5294438830372382,0.9804029153214533,0.039432769684414656,6.374339459073554e-05,0.514846676999755,0.981768722894576,0.033930496724645744
350860,2.468790375009258e-05,0.49125969208957576,0.9395469846316699,0.1284834396489803,3.291720500012344e-05,0.3971921948634016,0.9240859559874737,0.15120419226704584,5.760510875021602e-05,0.3584669441495504,0.9385295594762733,0.11698174072314318
351056,3.6292371343543586e-05,0.27727342735504823,0.9731467452398807,0.03364299067911245,5.443855701531538e-05,0.24936270394794904,0.9796541873120528,0.025121298420355122,0.00010887711403063076,0.2607693018407053,0.9807911032566246,0.026224973082110737
352154,0.0,0.0,0.8996314315335298,0.11971037648109348,0.0,0.0,0.9185766000151542,0.12603101073720194,0.0,0.0,0.9216263648613039,0.11934074562512902
352698,7.530914403626888e-06,0.33916020527361607,0.9448532665290437,0.08534553367540779,1.5061828807253777e-05,0.28634598975246917,0.9542558067742075,0.05805609226632178,3.765457201813444e-05,0.2894854522663623,0.9631401544396351,0.04922734120909618
352990,0.0,0.0,0.9890869849089095,0.021780886436446788,0.0,0.0,0.9877139319865587,0.018786222014609968,0.0,0.0,0.988378370415715,0.020865499208660303
353512,0.0,0.0,0.6407941881586338,0.5726877278899578,1.3164130377547259e-05,0.07839826897867533,0.7101865452415443,0.4730753932714432,5.2656521510189036e-05,0.15404043481034427,0.7480630219117546,0.40648005965558553
353715,0.0,0.0,0.9310091735497525,0.15701665068822185,0.0,0.0,0.9293237387346771,0.14819154178146043,6.793016778751444e-05,0.032864970567577,0.9393149927435978,0.11447615725304852
353798,2.1232774911353163e-05,0.5296347172140421,0.9003663750570006,0.12418138484168595,3.538795818558861e-05,0.4767487015278743,0.8952368541139372,0.13543341984682533,6.369832473405949e-05,0.4526791541479694,0.9094309695807914,0.12186059343068051
355354,1.8777109451770994e-05,0.6399453854227659,0.9886732917934413,0.02470567989339819,4.381325538746565e-05,0.7027284035579429,0.9872540484185561,0.023622087966124326,8.136747429100764e-05,0.6681641167676471,0.9858125907146658,0.026244294025995436
357754,2.7081372754784942e-05,0.8687949224876581,0.9877988113557639,0.018506571371877435,6.093308869826611e-05,0.914856882358379,0.9889391701777562,0.01635737931669971,0.00012186617739653223,0.9095414020195997,0.9849000652532391,0.02021334289707137
358200,1.912301837722066e-05,0.6548086577531306,0.9407777303736353,0.10159734256397683,3.187169729536777e-05,0.5548010254700118,0.9524595596523582,0.0926849182281244,8.28664129679562e-05,0.641938876519338,0.9578227342283471,0.07131198601919415
358649,2.301107599791366e-05,0.4468535299918563,0.9688631518673592,0.07086509990901149,4.602215199582732e-05,0.5014276442746162,0.9754194441154516,0.04900224524980407,9.204430399165465e-05,0.541664696431758,0.972377341957794,0.0513975003572727
358875,0.00010666666666666667,0.33916020527361607,0.9512843217508603,0.07873329808070369,0.00010666666666666667,0.22009176629808014,0.9419911616801604,0.08849690371335922,0.00010666666666666667,0.1420400396336573,0.9477485571720917,0.07839986800225202
360407,2.2602786170108568e-05,0.6843515475204854,0.967884363288684,0.048547209924352096,5.273983439691999e-05,0.7167674835027337,0.9748434350375405,0.04236672765589934,9.041114468043427e-05,0.6449071903749286,0.9778391352038138,0.039298572448296
360908,0.00010560777273207308,0.13120507751234178,0.9706444567782333,0.05024754226059711,0.00031682331819621925,0.22476126319537007,0.9768737752819551,0.03094021605221545,0.0004224310909282923,0.18343821863028614,0.9790176341522109,0.03521703498145974
362405,0.00015127830164893348,0.5296347172140421,0.9719412580049825,0.05190946633702903,0.0002521305027482225,0.4915261823075979,0.9745003703864699,0.04546102279913593,0.000403408804397156,0.41836638507766366,0.9807518915206849,0.03256116862846321
362650,1.8176530463865057e-05,0.14606834984270645,0.9809763854597415,0.029835894413749155,1.8176530463865057e-05,0.09478836436955078,0.9756982229762574,0.037439549162690364,0.00010905918278319034,0.23930265664183323,0.9641760682272225,0.05413573595923417
363324,1.3567232420258592e-05,0.30078518014914984,0.9117376930207524,0.15847985796431258,2.7134464840517184e-05,0.33480714634441017,0.8340654164747283,0.2782827301552364,5.426892968103437e-05,0.3620251714208423,0.736805895765936,0.40335864982213493
365454,3.1309439013126485e-05,0.8304198973631919,0.9705129626956392,0.060908008137248615,6.261887802625297e-05,0.8165901947515998,0.9736649474926985,0.04652364589583232,9.392831703937945e-05,0.6714289298281841,0.9696561376985248,0.04956197879227412
368658,2.8551442561635425e-05,0.360054614577234,0.9906231955618686,0.02258568753133001,8.565432768490629e-05,0.5063209639325833,0.9877610795013553,0.02554571305836385,0.00017130865536981257,0.5352465935245351,0.9870384324406066,0.025351663473426315
369266,0.0,0.0,0.9901866530427365,0.021630347832379625,4.0968495227170305e-05,0.07839826897867533,0.9902786460208114,0.01894419325326486,4.0968495227170305e-05,0.05059568297461706,0.99143038658741,0.016316435312468788
369327,3.3850111705368625e-05,1.0,0.9881507510608003,0.023782219390761982,6.093020106966353e-05,0.9363792118010483,0.9877292436385255,0.02425865106370095,0.00012186040213932706,0.9216344702466663,0.9876295215137129,0.02298628600853923
370117,2.5603932764072563e-05,0.3451913422468693,0.9650440983176866,0.06614573964514217,6.40098319101814e-05,0.4451989745299881,0.9691311118230308,0.057675787640843024,8.961376467425397e-05,0.35440534557669223,0.9721443128755907,0.05057853558631908
370608,1.4830744132586852e-05,0.3835663673713356,0.945464774841845,0.07045823988782432,2.9661488265173704e-05,0.38459377241376086,0.9595458694109793,0.04683541048661256,6.673834859664084e-05,0.4261462880082675,0.9661536819604283,0.04063060029056549
370961,3.187982580863178e-05,1.0,0.9728837164497615,0.041663153050457605,5.100772129381085e-05,0.8579809428223729,0.9692390995759302,0.04222286420305406,8.288754710244264e-05,0.7244105622643597,0.9703950823664245,0.04331913301218503
371709,3.547986517651233e-05,0.4468535299918563,0.9856778832472287,0.028531680139070602,5.913310862752055e-05,0.42566281055137817,0.986204678083552,0.026757332855363684,0.00010643959552953698,0.4088596423925744,0.987692812580933,0.02233593491721806
371870,1.6457248183531233e-05,0.3451913422468693,0.9705340141115466,0.06256669665994094,1.6457248183531233e-05,0.2240055615151755,0.9680311848843012,0.05927595717223162,4.93717445505937e-05,0.2905174464144398,0.9671128405788577,0.05514040866153988
372055,3.9495250696103796e-05,0.8539316501572934,0.9528281628542532,0.10309601306798663,5.924287604415569e-05,0.689828656353462,0.9511667125927387,0.09396065928381789,9.873812674025948e-05,0.5884994226407916,0.9528615382575104,0.08810332881924464
372174,2.309228833031209e-05,0.3835663673713356,0.9929263530242342,0.013257420196533577,3.463843249546814e-05,0.3151625504769836,0.9928359189160435,0.012752282238777177,6.927686499093628e-05,0.30941794999532163,0.9936076748890956,0.012162274953919175
372619,4.8657065005838845e-05,0.6548086577531306,0.9125045674139214,0.11706980437481507,6.48760866744518e-05,0.4885468020156227,0.9201835107976439,0.10915062104825293,9.731413001167769e-05,0.38835071265593596,0.9254645502787181,0.11395206803009059
372759,1.9547412248408514e-05,0.6399453854227659,0.9678487460449962,0.06486915738538566,3.909482449681703e-05,0.6332971816211657,0.9736558542559266,0.04699862470000359,8.470545307643689e-05,0.6581869230068851,0.9752678624586956,0.041231720554430674
372966,0.0,0.0,0.9798700607961408,0.034704259239195255,7.985307035055498e-05,0.07336392209936005,0.9831327371840004,0.025172009535025148,0.0003194122814022199,0.1553043002076655,0.9808092449605577,0.02832598231475998
374148,2.7082472900600555e-05,0.8687949224876581,0.9426543850428194,0.11497619846700732,5.416494580120111e-05,0.8364586133797035,0.9505799864847446,0.08520225199535912,8.80180369269518e-05,0.7183104445400352,0.9539382353869479,0.07036958486180173
374547,9.873812674025949e-06,0.21398626473452753,0.9696725946696458,0.056963162765895546,9.873812674025949e-06,0.1388624438735545,0.9724522160334012,0.050448904745978844,9.873812674025949e-06,0.08961728720334346,0.9724401647876709,0.04615573791391342
375223,8.343414959743023e-05,0.48522855511632257,0.9923011065977307,0.016518224347220844,0.00012515122439614535,0.388244052766991,0.9903519350675791,0.016478376228593567,0.0002920195235910058,0.391702224447799,0.9889995844297115,0.016974773867086988
375784,1.906504995043087e-05,0.21398626473452753,0.962807650402047,0.06796472685567842,7.626019980172348e-05,0.3381686774636725,0.9717194608515811,0.046989360411511694,9.532524975215435e-05,0.25110799327451283,0.9763687328774496,0.03953237123994251
376247,0.00042946102641185313,0.6608397947263838,0.9235703772833805,0.13533781502091716,0.0006441915396177797,0.5734923014668307,0.9100474387883297,0.13376806431794355,0.001073652566029633,0.5092111157495325,0.9239233222897948,0.09242225024813874
376256,0.0002188183807439825,0.14606834984270645,0.9942780540398652,0.013928750981774995,0.0006564551422319475,0.2344065099232999,0.9900598293506008,0.021801982316702082,0.00087527352297593,0.18361659891926904,0.9920626140704598,0.01580259364351056
376677,3.068425897514575e-05,0.8539316501572934,0.9385025953138456,0.11565207318832427,3.835532371893219e-05,0.6177639991612474,0.9317567880097671,0.1233319102719945,6.903958269407794e-05,0.5419207346320847,0.9514306329503492,0.08714703371785301
378869,2.5590173373424606e-05,0.6608397947263838,0.9839690530601759,0.023459665953234142,5.118034674684921e-05,0.716287445502968,0.9834166051938549,0.03041513209406289,0.00010236069349369842,0.7450790514293573,0.9838561914315456,0.029272996085281423
379369,0.0,0.0,0.9478806535018336,0.09390870957480221,4.72455825380327e-05,0.06943122193677725,0.953111128871155,0.0762099515317161,4.72455825380327e-05,0.04480864360167173,0.9587651672283981,0.06872428744597905
379547,1.7599591689472803e-05,0.3156484524795145,0.9603288213489298,0.05794540347874546,2.6399387534209207e-05,0.2742654694553681,0.964661412711371,0.056526728279019126,7.039836675789121e-05,0.3615356929402912,0.9617947323428838,0.05706344424154649
379584,0.0,0.0,0.9855554701375049,0.031126140966931892,0.0,0.0,0.9831372560574321,0.031553299995892875,2.3013635579080605e-05,0.07569138853182754,0.9871136373101077,0.025207872079012844
379903,1.318183016530015e-05,0.360054614577234,0.9969564880389251,0.00632955408464061,3.954549049590045e-05,0.5210984447123069,0.9974844284561684,0.0043197335992157335,5.931823574385067e-05,0.44145497297376024,0.9973774791636197,0.005102809911349824
380278,1.3346234693537086e-05,0.3451913422468693,0.9785885516417405,0.050092334754653155,2.6692469387074173e-05,0.36602461869280256,0.9776452550201968,0.04279092791479762,6.005805612091689e-05,0.40792539032280445,0.9823128935398833,0.032527476072170165
380363,0.0,0.0,0.9825850990746181,0.030371182943027965,0.0,0.0,0.9729554582815384,0.04197431938206652,0.0,0.0,0.9754119412069642,0.033320690516382354
380498,5.1203932462013085e-05,0.8304198973631919,0.9517276199332265,0.09939278659015982,7.680589869301963e-05,0.6809047493604334,0.9570043309722797,0.08531853291185067,0.00010240786492402617,0.5092274720217769,0.9653469711338662,0.06696468358393574
380647,2.759515153187585e-05,0.7860137352654724,0.98969294732161,0.0178524926167414,5.51903030637517e-05,0.7917063341896682,0.9874249060262018,0.02393689712423758,0.0001103806061275034,0.7951548089504634,0.9866311939453171,0.024233747553795162
380693,2.012234385061172e-05,0.14606834984270645,0.993258008009169,0.009184144244852633,2.012234385061172e-05,0.09478836436955078,0.9932455139300387,0.013283036242675432,2.012234385061172e-05,0.06117331537803187,0.9929990647298792,0.012060319670454633
380808,1.483404413128129e-05,0.30078518014914984,0.9423428004402081,0.08808748370681478,2.2251066196921934e-05,0.2646202227274383,0.9575986487387562,0.06498321749659651,4.450213239384387e-05,0.27838314821198495,0.9590880983482759,0.06633212094467877
380965,6.507662772915108e-06,0.33916020527361607,0.9688822029912514,0.06612207850040368,1.952298831874532e-05,0.3570764765963919,0.9674624631477338,0.0600293725778956,5.206130218332086e-05,0.40769643713469533,0.9695641971336869,0.04960633382498122
384491,2.7594770790935117e-05,0.8304198973631919,0.9609670846494343,0.06591601010446775,6.208823427960401e-05,0.8899541168509598,0.9629732271627296,0.06555914271802127,0.00011727777586147425,0.8571578506330748,0.9637524915844313,0.053629004172523954
384536,1.5858793304417467e-05,0.3156484524795145,0.9861697366034399,0.031496425573037945,3.9646983261043664e-05,0.420217226795578,0.9851320021661536,0.02972566789437563,5.550577656546113e-05,0.34136619836827403,0.9842715451017463,0.02649097496149688
384775,6.775067750677507e-05,0.3156484524795145,0.968825476583673,0.0636875477178029,6.775067750677507e-05,0.20483424751859086,0.9709234744391406,0.048384558316424194,0.00013550135501355014,0.20038099927844258,0.9766391986130356,0.03618995380306608
384791,2.2656727915354465e-05,0.360054614577234,0.9678816423218238,0.05993627623083227,4.531345583070893e-05,0.3732689537968544,0.9668305221592393,0.049534147096677965,0.00011328363957677233,0.4572664263579245,0.9645777981525014,0.04262131020875768
385714,3.626604772611881e-05,0.21398626473452753,0.9715726195278022,0.06495529261617003,3.626604772611881e-05,0.1388624438735545,0.9687740521754152,0.058894351207854315,7.253209545223762e-05,0.12436745990221203,0.9691289265223257,0.054276068531024825
385904,0.0,0.0,0.9042565135796969,0.17059821324637894,8.584427847883938e-05,0.14782949091545258,0.9086547791770567,0.1518481982883314,8.584427847883938e-05,0.09540432657628878,0.9162029059694088,0.1386693149464815
388259,0.0,0.0,0.9843174962512743,0.032288758505370566,5.004253615573237e-05,0.06625422345438903,0.971795906828562,0.05317084019725521,0.00010008507231146475,0.0782683224234459,0.9693870279711293,0.05876384060999215
390204,0.0,0.0,0.9319717965678272,0.13154695828010482,0.0,0.0,0.9342153724433858,0.10327210129852472,0.0,0.0,0.9376273936503962,0.0767605975986353
390725,1.3392438629149983e-05,0.33916020527361607,0.9136523920139392,0.08321247932941447,2.6784877258299965e-05,0.28634598975246917,0.9042588557982045,0.10657807111018813,5.356975451659993e-05,0.25188681599587726,0.9162694789609729,0.09709154838078314
391688,0.0,0.0,0.9111915244973282,0.19730674781081117,0.0,0.0,0.9100957539207213,0.18236222219487971,0.0,0.0,0.9110290924938399,0.16300425385051265
393180,0.0,0.0,0.9804739313517754,0.027425182009237582,8.873114463176575e-05,0.1356854453911663,0.9808992096308661,0.027354434162725254,0.0001774622892635315,0.15651445740983114,0.9794237193873782,0.029675543548367267
393646,2.2840088924079544e-05,0.6164336326286644,0.9855217232151784,0.025577061438267167,3.0453451898772727e-05,0.466277471763641,0.9819791097146349,0.03675172667138549,5.329354082285227e-05,0.40838962371125637,0.9844720332538583,0.03030426589462107
393876,3.129400719762166e-05,1.0,0.97332157991203,0.057281424715477716,5.632921295571898e-05,0.933745776545611,0.9777652643248544,0.04102033686907536,0.0001001408230323893,0.8484377890750642,0.9758144239456709,0.04138514710076882
393982,3.0507337014552e-05,0.8539316501572934,0.9805053395405661,0.03754386886719578,6.1014674029104e-05,0.835780413693672,0.9819308481584377,0.03297945323275556,0.000122029348058208,0.8238463200862747,0.9830547730984438,0.02861923650546392
394335,1.6022816490682733e-05,0.3835663673713356,0.986930980098815,0.018922067022953327,5.607985771738956e-05,0.5999767516907479,0.9839124753714728,0.02632218216408276,7.21026742080723e-05,0.4579496471274254,0.9837146658450233,0.026099601327522096
394821,0.0,0.0,0.9736425111151739,0.050184209123486714,0.0,0.0,0.9709680353305584,0.05418610096303083,0.0,0.0,0.9717874483092928,0.052104121106550404
395049,3.693762466448324e-05,0.7227265726449517,0.9359760160098359,0.12048919621192603,6.156270777413874e-05,0.6207622843987101,0.9415496466883798,0.09278570835855512,9.850033243862198e-05,0.5033772608991735,0.9356263349502854,0.09160741875819348
396009,7.345217895888881e-06,0.14606834984270645,0.9667431151243404,0.061990815546723935,2.2035653687666644e-05,0.23680742154717782,0.947695732668115,0.09526020482917795,7.345217895888882e-05,0.40198732726702435,0.9481505337702618,0.10074611980238865
397105,0.00010033612602217429,0.3451913422468693,0.9757009092863658,0.04859758581487257,0.00010033612602217429,0.2240055615151755,0.9715654959344648,0.05762346099302907,0.00015050418903326144,0.18295051344071223,0.9755065360161709,0.04584589722155754
397392,3.463713273815194e-05,0.8304198973631919,0.9879073207547725,0.02633595407105096,5.1955699107227905e-05,0.6719377023185353,0.9861653096563516,0.024767242850542923,0.00011257068139899379,0.6857692927332955,0.9845081273019769,0.027892073398910994
397781,1.5206118942262367e-05,0.33916020527361607,0.9772645509183198,0.026312674411335134,4.56183568267871e-05,0.3621108234757072,0.9635745221670172,0.040215337169811884,6.082447576904947e-05,0.26920451190357775,0.9619379089210763,0.04091945362326322
399252,2.146598357136724e-05,0.6843515475204854,0.9825184916642289,0.02387562365213842,4.293196714273448e-05,0.6555476069276599,0.9861953623760698,0.023880971059672317,7.870860642834655e-05,0.5967064945987279,0.985226092155394,0.025390066507921798
400584,7.827972476848772e-06,0.21398626473452753,0.9850261820240818,0.02997274113880105,2.3483917430546316e-05,0.2906246349515899,0.9807862253694086,0.03575075113214949,5.47958073379414e-05,0.32635389077635896,0.9808733852706892,0.028950295871221887
400593,0.0,0.0,0.9671895331994854,0.0586416756847998,0.0,0.0,0.9754554832982631,0.043435851513975485,8.129420372327454e-05,0.07041926024452133,0.9725169270489467,0.045743955406916975
401128,2.6492171563303043e-05,0.30078518014914984,0.9447315291539742,0.07428471443414317,5.298434312660609e-05,0.3372080579682881,0.9422769260528574,0.08549041540500806,0.00011921477203486369,0.3982875254123485,0.9363996271642068,0.08871038924219594
401206,7.4710496824803885e-06,0.21398626473452753,0.9506357884132626,0.08199252025462891,2.2413149047441165e-05,0.2745478892647208,0.9494825135654876,0.08546748398844305,5.976839745984311e-05,0.3553978531837546,0.9549350027150918,0.07233250920364839
401559,2.031873319471442e-05,0.6399453854227659,0.9731059514608162,0.06280027727829811,2.7091644259619227e-05,0.4847119890255185,0.9694215585945759,0.06439929121649628,8.804784384376249e-05,0.6301431922977566,0.964199980430179,0.06743026496623462
401804,7.671888665551685e-06,0.13120507751234178,0.9957102835776913,0.007078342283356009,1.534377733110337e-05,0.15457433957839825,0.9963914001346852,0.0067763796396050555,5.37032206588618e-05,0.27652380388493364,0.9963618704049768,0.0065758304817698605
402360,7.042749489400662e-05,0.30078518014914984,0.9843907659635134,0.022734601264746655,7.042749489400662e-05,0.19518900079066107,0.9842734949208237,0.025141814066754364,0.00010564124234100993,0.15830689903713435,0.9826164395695178,0.02567773046576431
402903,0.0,0.0,0.9682566284633293,0.05992168990684289,0.0,0.0,0.9570957308048695,0.0751147853618635,0.0,0.0,0.9485801482941991,0.08449677291366903
403233,0.0,0.0,0.9733274222575652,0.05405232143567865,0.0,0.0,0.9716114927421063,0.05228439674549387,9.736150326161036e-05,0.038384638165382894,0.9707385700760638,0.05157809689915205
403498,0.0,0.0,0.9920147137799564,0.01707081856415792,0.0,0.0,0.9932951570535794,0.013680925798036984,0.0,0.0,0.9928006184515988,0.014234065655183068
403740,0.0,0.0,0.9581622436537375,0.05027083240267991,2.7384130896145682e-05,0.1427951440361373,0.9670280001266083,0.053303232775689775,6.84603272403642e-05,0.19925585321925446,0.9649602721359978,0.05060997097553111
404218,1.4830524184877315e-05,0.30078518014914984,0.9871403784886654,0.02734462000186195,3.707631046219329e-05,0.40346228142267715,0.9871747973113422,0.026024696061300683,6.673735883194791e-05,0.3937723085648311,0.9863019452263139,0.0269816040756339
404433,2.226229435205592e-05,0.6843515475204854,0.9815199854648322,0.03617270731220742,3.71038239200932e-05,0.5861163849908827,0.9851718738500344,0.02837047631920959,8.904917740822368e-05,0.6294482769748232,0.9824332116267016,0.03625063221809296
405243,0.0,0.0,0.9699647007039681,0.05621497275488213,0.0,0.0,0.9686568844204795,0.05481448452524798,0.00019127773527161438,0.03406297225598251,0.9695537125060023,0.05298012547942062
405348,2.709861864791442e-05,0.7860137352654724,0.9935518102998927,0.01520756183678148,5.419723729582884e-05,0.7975167679274937,0.994109624124756,0.011538839782558919,0.0001151691292536363,0.829702866353952,0.9929017978032363,0.013032862696694665
406368,3.466364707785455e-05,0.6399453854227659,0.9828888149659702,0.02921528043543844,6.93272941557091e-05,0.6364741801035538,0.9873619191028512,0.02407442495189246,0.0001271000392854667,0.5870211660872325,0.9867735132625342,0.02237905268310018
406413,0.00019675356615838662,0.3835663673713356,0.9400488000163264,0.08611078787571035,0.00019675356615838662,0.24890832702259458,0.9528945444391044,0.06511641578192535,0.00039350713231677323,0.23021028918456893,0.9565407045850893,0.06257129082510103
408564,0.0,0.0,0.9589736652979924,0.061078692532839166,0.0,0.0,0.9525689419840285,0.09497766188404295,0.0,0.0,0.9360380491453795,0.11509157054489749
408680,3.385079921736952e-05,1.0,0.9920570453766345,0.017708242908179683,6.770159843473904e-05,1.0,0.9920894324627983,0.016907115857214352,0.00012863303702600418,0.961615361834617,0.9924452428860395,0.015149316603638132
408757,3.0122750207093906e-05,0.8687949224876581,0.0,0.9618839654763061,4.5184125310640865e-05,0.6968404678259544,0.0,0.9139988890153767,8.283756306950825e-05,0.6280892244498936,0.0,0.9179036867827097
409393,2.5445940100257004e-05,0.49125969208957576,0.989629214557368,0.01986515476969323,4.2409900167095005e-05,0.45577863618303804,0.9890387453678777,0.018014432977412113,5.089188020051401e-05,0.32889482261700465,0.9883585854581727,0.01979577867705299
409940,1.6456300294567776e-05,0.30078518014914984,0.9900658335704323,0.018836128845551157,2.4684450441851664e-05,0.25880978898961277,0.984221625285112,0.027675823781698028,6.58252011782711e-05,0.3449865269116674,0.9867130548653622,0.021598963419942645
410038,4.1825254088418586e-05,0.21398626473452753,0.9132957491856853,0.14373414251239028,8.365050817683717e-05,0.21222636597291455,0.9251743726281771,0.13439647694161733,0.00012547576226525577,0.17102693933721172,0.9433243893894151,0.10265509955625955
410455,0.0,0.0,0.9847576512631198,0.03300559811741645,2.2246611099575833e-05,0.206415932235089,0.982008839687583,0.03451258541602935,6.673983329872749e-05,0.3445280133586922,0.9804024201027832,0.034766102061013
410594,0.0,0.0,0.8987921327290083,0.1847043132889436,7.276961141027506e-05,0.1427951440361373,0.9283608659235376,0.12596123974908954,0.00021830883423082522,0.23368766384808973,0.9333590892788148,0.1073677464120344
410654,1.154854430599023e-05,0.16958010263680803,0.3370055242440168,0.9139652219740653,1.154854430599023e-05,0.11004588314904007,0.19273302256511143,0.9459278076320297,8.083981014193161e-05,0.27915187177022927,0.2913980453030872,0.8063294788729874
412090,0.0,0.0,0.9854330134086411,0.02654712594999261,3.840540748137338e-05,0.21145027911440428,0.9867903717547504,0.0213961693279408,0.00011521622244412013,0.3459802759973932,0.9877398825162673,0.018547887010622082
412739,0.0,0.0,0.9909339406814788,0.009991027509070239,3.520011264036045e-05,0.06625422345438903,0.985234570382975,0.021870002194904453,3.520011264036045e-05,0.04275831251503158,0.985599192785017,0.020150044906554268
412911,9.605225242531937e-05,0.33916020527361607,0.9930479523281838,0.013418974227827517,0.0002881567572759581,0.3499667779514209,0.9936830282883615,0.010798091705505181,0.0002881567572759581,0.22585713153557796,0.9939377979684231,0.01038709452539549
413204,0.0,0.0,0.9824664995302163,0.027840441945376583,0.00010755001075500108,0.07839826897867533,0.978188034028879,0.037816297514568324,0.00021510002151000216,0.08695197096315589,0.9813107301282142,0.030521971260505234
413353,2.3112569771069997e-05,0.48522855511632257,0.8855124496258465,0.2155892697754691,4.6225139542139995e-05,0.45449827622138,0.9080031478744829,0.1635927453937853,0.00010400656396981499,0.47192428034929484,0.9085065786089818,0.15519161860514993
413429,2.0310204523759555e-05,0.5296347172140421,0.9760918843938624,0.04143638920437749,4.062040904751911e-05,0.5590796706691324,0.973324596248108,0.05073453962587405,9.478095444421126e-05,0.6435781182807004,0.9714626003245718,0.05278154778556328
413632,0.0,0.0,0.9509035231689099,0.08671513845204551,0.0,0.0,0.9591910302077841,0.06419813578937177,0.0,0.0,0.9604646514676369,0.06089151681246777
413948,7.531311427258829e-06,0.21398626473452753,0.9772333369723463,0.04742925577341926,7.531311427258829e-06,0.1388624438735545,0.9715302319422576,0.05449490686757434,7.531311427258829e-06,0.08961728720334346,0.9746513735612927,0.041083279019579075
414376,1.1332600491834862e-05,0.16958010263680803,0.9655456057241766,0.05147343186498382,6.799560295100916e-05,0.4611143078171935,0.9718749534126638,0.04621919653723787,0.00010199340442651375,0.400345669565765,0.9747788665323197,0.04406945389433532
414533,8.253549026081215e-05,0.3156484524795145,0.9802072091030911,0.03947562724858307,0.00012380323539121823,0.2781981696179509,0.9822045366758388,0.03412082551490555,0.00020633872565203038,0.24823459420960495,0.9866398888236851,0.025425785927888515
414696,1.4634003570696872e-05,0.3451913422468693,0.8995567919498468,0.20528937199699065,2.9268007141393744e-05,0.36865805394823986,0.9220637156144667,0.15441499701772685,5.853601428278749e-05,0.377017780554672,0.9218472450260851,0.1432492924862118
416055,0.00021939447125932427,0.30078518014914984,0.9925537178274213,0.013208139073738977,0.0003290917068889864,0.2646202227274383,0.9884441718926442,0.023210013662457434,0.00043878894251864854,0.20421474287519978,0.9850293596901907,0.028670893777130543
416428,3.6926712784027966e-05,0.5296347172140421,0.9531252092861889,0.07425310965350465,8.616232982939858e-05,0.6285108926059098,0.956072391880261,0.07485983245851302,0.00014770685113611187,0.5847229164584818,0.9620872141274646,0.06338182806629593
416551,0.0,0.0,0.9759628176335923,0.034902645993344875,0.0,0.0,0.973840086708595,0.042126419640754205,2.3687420795186715e-05,0.067500463640696,0.9719006942812742,0.04888625476144913
416884,0.0,0.0,0.9884413220333347,0.021806224203054704,6.035610099587567e-05,0.20904936749052636,0.9903738122075048,0.018157591578092085,0.00014083090232370988,0.27885785791367,0.990771650611131,0.016727937674574856
417351,0.00034638032559750607,0.13120507751234178,0.9749518413411223,0.046101809845717004,0.00034638032559750607,0.08514311764162098,0.9724083534276329,0.04640247138059924,0.00034638032559750607,0.05494858807198588,0.9753113045265328,0.04066924379605183
419263,0.0,0.0,0.9136499375415642,0.17051757194000317,0.0,0.0,0.9262086898189636,0.14544704203398867,3.8575782123982566e-05,0.035510009908414325,0.8947109733742475,0.18988815875640805
420859,1.182662172550411e-05,0.16958010263680803,0.9813004066989566,0.03916417787717248,2.365324345100822e-05,0.17630010660342912,0.9806289727303918,0.03773812093626113,4.730648690201644e-05,0.18139347559830582,0.9761845939592158,0.043590666674878605
421326,0.0,0.0,0.9717309761284634,0.05789146402130561,2.3485939750735894e-05,0.21538297927698707,0.9752112727132081,0.04715071992649565,6.262917266862904e-05,0.31960532121619306,0.9799136294469522,0.039033275617996854
422892,0.0,0.0,0.9413523126356633,0.06776947292607587,0.0,0.0,0.9245337095960198,0.07594039722917474,0.0,0.0,0.9217159829781215,0.09579856761276467
423191,4.259488009541253e-05,0.21398626473452753,0.9819466325859387,0.032025305135528724,8.518976019082506e-05,0.21726071285222984,0.9826759524963962,0.03487930827568724,8.518976019082506e-05,0.1402129701779605,0.97969916703914,0.039945455057054505
424936,2.420545590976206e-05,0.3835663673713356,0.9603868004173126,0.0761686341784871,3.6308183864643094e-05,0.3151625504769836,0.9601109831244052,0.07334778838019543,8.471909568416721e-05,0.3472212756362923,0.9649091626741735,0.05957550572039242
425041,0.0,0.0,0.963284976445203,0.051046747181678266,0.0,0.0,0.9555862792395683,0.06924437910683366,9.949753743594846e-05,0.07305855844052908,0.9607977032531784,0.06262054896537435
425630,0.0,0.0,0.9944665045660133,0.008127948270623853,0.0,0.0,0.9952125295745666,0.0067893483694862295,0.0,0.0,0.9952237432635227,0.007351319821720497
425642,2.2420519259226043e-05,0.49125969208957576,0.960368852953265,0.06768357360575314,3.7367532098710074e-05,0.45184593602045525,0.96829566444399,0.056447316868915014,5.2314544938194105e-05,0.3646651720824511,0.9688156199815948,0.053310548530888124
425696,1.3026345784348846e-05,0.47036528278595785,0.9673493015571616,0.06869899456072873,2.605269156869769e-05,0.44485302949345024,0.9667608947831278,0.06358359284975926,4.559221024522096e-05,0.39684798088637063,0.9679034537170788,0.06030851118221694
425824,0.0,0.0,0.9282864173668383,0.1305710416529576,0.0,0.0,0.9344580649632743,0.12026166528132208,3.388796638313735e-05,0.038384638165382894,0.9265458400074499,0.11823920835511097
426896,1.9134849663864474e-05,0.6399453854227659,0.9394279497025227,0.12681108551905407,4.4647982549017104e-05,0.7027284035579429,0.9529120277711071,0.08614774306624234,9.567424831932237e-05,0.737978897097714,0.9500692353953765,0.09261047916996003
427461,2.2410470171664203e-05,0.7227265726449517,0.9581958930922856,0.0621622398120749,2.2410470171664203e-05,0.4690000933206747,0.9627640106966041,0.05302982389014262,3.735078361944033e-05,0.37634038500881284,0.9678571467444451,0.04338400145180598
427524,2.0636711333681865e-05,0.6548086577531306,0.9872378338261608,0.025109107911854844,4.127342266736373e-05,0.6390097281865127,0.986144323534573,0.025565107082178656,8.254684533472746e-05,0.623436167149096,0.9851442060282396,0.02595362715832881
428251,1.4633361136719493e-05,0.47036528278595785,0.953073058109004,0.08783188064995152,2.9266722273438985e-05,0.4422195942380129,0.9482748697558951,0.08198099427876014,6.585012511523772e-05,0.4690815230340525,0.95384840019794,0.08143781628437012
428320,0.0,0.0,0.984986960995815,0.030468067296792113,0.0,0.0,0.9822244803614509,0.0314924693712924,7.899830153651697e-05,0.07597735504435442,0.9733800408535949,0.042819494400642505
429621,1.4633682346657301e-05,0.3451913422468693,0.9389810713249045,0.09723112629201687,1.4633682346657301e-05,0.2240055615151755,0.8226116311557037,0.29511251022612817,2.1950523519985953e-05,0.17690416642364915,0.8049815243334615,0.2588634180786424
429769,0.0,0.0,0.9754100791522742,0.05342649637996989,0.0,0.0,0.9749752829941667,0.0475579949961217,0.0,0.0,0.9779643891259873,0.04485181737363385
431520,3.336870415974266e-05,1.0,0.9923291527058133,0.015993518461667057,6.673740831948531e-05,1.0,0.9933744129409805,0.012070516922519637,0.00011345359414312505,0.8945055855499732,0.9930226313164179,0.013085415462356875
431589,0.0,0.0,0.9907492156110015,0.02105930693347362,0.0,0.0,0.986278043050589,0.024411282685796756,0.0,0.0,0.9872525311020794,0.0199962002910204
433298,0.0,0.0,0.9749712562243606,0.04459474776706216,0.0,0.0,0.9708773818747496,0.05331986398734109,0.0,0.0,0.9739208290385944,0.047412220784559284
433376,1.3557483731019522e-05,0.5087403079104241,0.9872235873864887,0.023009117607450513,4.067245119305857e-05,0.6028078051365983,0.9892785065998145,0.019302134516571378,7.456616052060738e-05,0.5597301509978876,0.9894894408748378,0.01849056158011511
434842,1.2426219322771047e-05,0.33916020527361607,0.9595726957945405,0.07682151306341782,1.2426219322771047e-05,0.22009176629808014,0.9670121958783596,0.05013732689028052,2.4852438645542095e-05,0.1749050102012343,0.9654703892652845,0.05101384021178136
435712,7.672065243242829e-06,0.13120507751234178,0.9339576601570994,0.12119876597116146,3.0688260972971316e-05,0.29155904987671,0.9298138310574011,0.11342055524971696,6.137652194594263e-05,0.3310912811759362,0.9423795625250777,0.09299362257196357
435714,3.2563743527955974e-05,1.0,0.9827486235780458,0.038373931173219224,3.9076492233547166e-05,0.7125523635307983,0.9819829654951888,0.03455622315839567,9.117848187827673e-05,0.744917698866397,0.9815947435759282,0.033891512755741975
436422,2.3014606603657787e-05,0.6399453854227659,0.9558689009277408,0.10632444101866385,2.3014606603657787e-05,0.4152807670887412,0.9645695664910472,0.07361204001187369,6.904381981097336e-05,0.47257867077601784,0.9717090195172406,0.05594408915804889
436501,4.6185643192813516e-05,0.7860137352654724,0.9883165865680599,0.025415794229964282,6.927846478922026e-05,0.6470538417566037,0.9848576601726426,0.025296153734467246,0.00011546410798203379,0.5620157032282348,0.9844799032326916,0.022919077488811376
437462,2.6688195144082892e-05,0.8539316501572934,0.9859731726322793,0.023292756205654262,5.3376390288165784e-05,0.8415908474314975,0.9836544948889279,0.0273249156644335,0.00010675278057633157,0.8197622000138807,0.9842859323803552,0.02493692438983334
437790,3.0680728667305847e-05,0.8687949224876581,0.9877656153874099,0.02454245189561325,5.3691275167785237e-05,0.7778721720600672,0.9897693559189602,0.015658758990330784,0.00010738255033557047,0.754135940580898,0.9910637246222459,0.0152801888573555
438590,0.0,0.0,0.9753576629192267,0.029228420678796274,1.4940090238145038e-05,0.1396181455537491,0.9757823309109513,0.04092308665524025,5.229031583350764e-05,0.26534858140915113,0.9666011025312663,0.04874863367023021
438711,1.6456300294567776e-05,0.5531464700081437,0.9486795703025042,0.09392959491825317,4.936890088370333e-05,0.643768411385399,0.9583910425238201,0.08288916199646636,7.405335132555498e-05,0.5171452282004924,0.9616261029374351,0.07153316534198256
439528,0.0,0.0,0.9673222568531079,0.061562273675486764,0.0,0.0,0.964441729327369,0.0643082134010562,0.0,0.0,0.9683217386429128,0.05668286673283273
440359,1.4830634157916592e-05,0.3835663673713356,0.9779011866089526,0.038021293164895574,2.2245951236874887e-05,0.3222722491219546,0.9752489136112615,0.046500233592266925,4.4491902473749775e-05,0.30850994212995975,0.9757135517461657,0.040224547589731686
440374,0.0,0.0,0.9978146640062626,0.004459225985753945,2.3106962127689072e-05,0.13698471029831175,0.9973550569958698,0.004858694861818294,8.087436744691175e-05,0.26806827905158676,0.996630812621191,0.005667598552420537
440603,2.468424733615831e-05,0.6164336326286644,0.981385782588107,0.039703662475959446,3.291232978154441e-05,0.466277471763641,0.9829246318410029,0.03523522580220542,4.936849467231662e-05,0.3685353988651522,0.9835512460551508,0.03131022495494856
440701,0.0,0.0,0.9831017814428377,0.03657877452033985,0.0,0.0,0.9839962287129878,0.03323646988961462,0.0,0.0,0.9866180284534304,0.025586382083524428
441256,3.2563531449858675e-05,1.0,0.9939399515934797,0.011730968076565252,6.512706289971735e-05,1.0,0.9930506615190874,0.013776479890871602,0.0001302541257994347,1.0,0.9935876927303969,0.011870706142672804
442073,2.069564977441742e-05,0.6843515475204854,0.9802425167156604,0.027991599502680355,4.828984947364064e-05,0.7167674835027337,0.9804669286079699,0.022337288034004064,0.00010347824887208708,0.744076170966271,0.9793120420856608,0.023018789880114333
443745,0.0,0.0,0.9637687690526684,0.06779853826252466,2.8574286000028576e-05,0.1427951440361373,0.9649339924570695,0.059865932526683964,7.143571500007143e-05,0.2001513710113644,0.9639118079637534,0.05594126157805287
445289,6.676325083620971e-06,0.14606834984270645,0.9799871881355408,0.03556550333759643,1.3352650167241943e-05,0.17318663334822612,0.9818378071562754,0.030642912200620827,2.6705300334483885e-05,0.17807146030493942,0.9829751774329546,0.03036635959301158
445390,2.52641684614753e-05,0.8687949224876581,0.9920611199230127,0.013127943756247762,4.421229480758178e-05,0.7791714369672127,0.9916007173152595,0.015162186814517246,0.0001010566738459012,0.8234214835553283,0.9905005944029719,0.015212201447545483
447094,1.3799479759613062e-05,0.27727342735504823,0.9834095504710664,0.03706807971230297,4.829817915864572e-05,0.5309999066793252,0.9795900208833664,0.03480842142116512,0.00010349609819709797,0.6302341894989822,0.9821279394444862,0.030433914771341115
447211,3.2579869550202324e-05,1.0,0.9750284217293637,0.05119738693455598,6.515973910040465e-05,1.0,0.9734174853987451,0.04390917535923454,0.0001303194782008093,1.0,0.9683514858454496,0.05280351897151108
450643,1.5200802602377405e-05,0.16958010263680803,0.9324679018689352,0.11649406525390178,1.5200802602377405e-05,0.11004588314904007,0.9145555628475162,0.13533975959276942,6.080321040950962e-05,0.1794332308706807,0.9152547163309658,0.1351553356551819
451013,1.4830524184877315e-05,0.47036528278595785,0.9809296083255423,0.04498256540575216,2.2245786277315973e-05,0.3746661058764784,0.9716153943526218,0.05251391996199252,6.673735883194791e-05,0.4578229985192693,0.9700866071212951,0.050883782009188167
452719,0.0,0.0,0.9626563423744805,0.06314712345387172,8.19672131147541e-05,0.07839826897867533,0.9637771662534668,0.06443701469268684,0.0001639344262295082,0.08346065354219406,0.9530914113314415,0.08669261870085113
452800,0.0,0.0,0.9941676988174235,0.007810093408129504,0.0001034875297526648,0.07839826897867533,0.992561232577103,0.008718594691850897,0.0001034875297526648,0.05059568297461706,0.9916801805377325,0.008988523043382669
453400,2.2153300841825433e-05,0.14606834984270645,0.9587096029286141,0.06317418215576273,2.2153300841825433e-05,0.09478836436955078,0.9391112679753112,0.09225412232506286,6.645990252547629e-05,0.13483635373301533,0.9332402233056711,0.10698561480834395
454394,1.4457030092308137e-05,0.30078518014914984,0.9536180310039096,0.09023257652782983,1.4457030092308137e-05,0.19518900079066107,0.9546584104241941,0.0773446963873063,3.6142575230770345e-05,0.2264945631207164,0.949437542351148,0.08246741049071489
456671,0.0,0.0,0.9959879543491297,0.008776427154449618,0.0,0.0,0.9938593867816335,0.009656786128974883,4.097520999795124e-05,0.03343749138471349,0.9956544145859489,0.00774287161653666
458293,1.1554415519890927e-05,0.21398626473452753,0.991220682528367,0.017835090336458147,3.466324655967278e-05,0.2758471541718662,0.9893316531774797,0.019587115817761548,8.088090863923648e-05,0.31902717082655935,0.9876506337989467,0.019123442258141474
458976,2.468566914620499e-05,0.6548086577531306,0.9633487099868528,0.0809286007041321,4.114278191034165e-05,0.5677211578528083,0.9676141390144657,0.06810754454925318,8.22855638206833e-05,0.5424455210481759,0.9724579222424723,0.055046470839696215
459429,0.0,0.0,0.9251828486606944,0.16293966357828643,0.0,0.0,0.9103905315187244,0.17663087147688344,7.274843590862796e-05,0.038384638165382894,0.9283581682444485,0.1434656741699273
459577,0.0,0.0,0.9630335447998464,0.07308103552149392,0.0,0.0,0.9696896236722641,0.04861542889472978,0.0,0.0,0.9766469553135433,0.03664741293308755
460345,1.4830854108888132e-05,0.5531464700081437,0.9838277143631752,0.029264631292863007,3.707713527222033e-05,0.576970624704059,0.9673229113397174,0.06481753685798548,8.156969759888472e-05,0.5830674327823265,0.9561402696251594,0.07245238757568226
460590,6.589785831960461e-05,0.33916020527361607,0.9697249363684437,0.04755337905016457,0.00026359143327841844,0.4315420454124845,0.974700302858001,0.03906587979510582,0.00026359143327841844,0.2785031455968352,0.9697474146725409,0.04418775526887726
461271,6.260917474846764e-06,0.13120507751234178,0.9774929270863904,0.04758806700549796,1.8782752424540294e-05,0.22082856303278728,0.9745302862138848,0.05315226114361674,2.5043669899387055e-05,0.1759530355734027,0.9744310036359751,0.04666384846688865
461691,0.0,0.0,0.9499006301265073,0.05898406806883816,0.0,0.0,0.9620540975552931,0.048713575103661456,0.0,0.0,0.9658536986907998,0.04557103565288279
462611,3.7277268321777383e-05,0.6399453854227659,0.9529385315130844,0.09927149972577268,6.212878053629563e-05,0.5548989126424902,0.9606637019644383,0.08035937661902115,0.00012425756107259126,0.5276400564945514,0.9669604915654932,0.06336003118923578
463219,2.6069841104318468e-05,0.8539316501572934,0.99117389603808,0.015563679059412772,5.2139682208636936e-05,0.8268133666517737,0.9934536679975332,0.012039244044773335,9.124444386511465e-05,0.7438450339786649,0.9939465270056955,0.01198584909317719
463876,3.569303985722784e-05,0.6843515475204854,0.9399783800231729,0.116722781369997,4.7590719809637124e-05,0.5103515512676446,0.9444937091986247,0.09967443849212217,8.328375966686496e-05,0.4293176618387836,0.9501785007957316,0.08848962249850129
464933,0.0,0.0,0.9449284028755397,0.06875425445397296,0.0,0.0,0.9401588735988428,0.0790061931241815,0.00012051096649795132,0.06520326171589681,0.9391750523202983,0.09151724570857009
465187,0.0,0.0,0.9196043207025232,0.15005483463832284,0.0,0.0,0.9345440611578189,0.09213209585896025,0.0,0.0,0.9440502921371667,0.0822274223821312
465296,2.677447856702991e-05,0.5087403079104241,0.9738713186388613,0.0605301282629505,2.677447856702991e-05,0.3301376494471202,0.9719171215688387,0.05541006440304154,4.016171785054486e-05,0.25144469761586885,0.9739337262012912,0.049002612765828985
466557,0.0,0.0,0.918723593414267,0.12839627156381345,2.3117378489279315e-05,0.14201905717762703,0.9115579910360255,0.14102960617602678,3.4676067733918976e-05,0.130039100526889,0.91853125584315,0.12838887442829913
467997,1.4830524184877315e-05,0.360054614577234,0.9743661412918746,0.025634929578560162,4.4491572554631945e-05,0.5113553108118987,0.9704215172738084,0.040759164889351336,8.156788301682523e-05,0.5024042741884398,0.9553771253822468,0.06851185863610726
469021,2.1468441391155002e-05,0.49125969208957576,0.9864976670413507,0.03028928252653774,3.5780735651925e-05,0.45447937127589255,0.981273013998974,0.038535003777722864,6.440532417346501e-05,0.4305663315512745,0.9836715345258839,0.03142609221937281
469583,0.0,0.0,0.9500692061365651,0.10438744416971553,1.5199416342412452e-05,0.06943122193677725,0.9592638851017412,0.06884549475783432,1.5199416342412452e-05,0.04480864360167173,0.9566301231766031,0.06214465722746889
469639,1.318226458123241e-05,0.47036528278595785,0.9662356329187402,0.05819276544474157,2.636452916246482e-05,0.4569970750177365,0.966166423601319,0.055565888267475175,6.591132290616205e-05,0.5121547194585059,0.9671377398305175,0.04490351949021106
471741,1.5654719506563243e-05,0.48522855511632257,0.6211518082939449,0.6257870098117365,3.1309439013126485e-05,0.4595326231006953,0.68581776019256,0.4903605736984942,7.827359753281621e-05,0.5071336330335767,0.6710908590791153,0.5265670858855431
471937,1.9538882375928097e-05,0.7227265726449517,0.9764549607368378,0.028537122009625195,4.5590725543832224e-05,0.7506372960520508,0.974107242958077,0.03552654896788868,0.00010420737267161652,0.805631961563597,0.9680695429501487,0.04390789887924164
472125,0.0,0.0,0.9788675727706668,0.040961387608899516,0.0,0.0,0.9765910542620974,0.04319454336907938,0.0,0.0,0.9707927139910859,0.054781498191662226
472403,2.348667522625497e-05,0.5147714448836773,0.9850202741467863,0.030829732170214164,3.131556696833996e-05,0.4074153667635756,0.985043237893622,0.03200684813942435,4.697335045250994e-05,0.3341821837030037,0.9868623176472567,0.024770911236658186
472626,2.0310067023221178e-05,0.6164336326286644,0.990967776737431,0.010881712883115624,5.4160178728589806e-05,0.7510916729774053,0.9910115065354494,0.015306360489752422,0.00011509037979825334,0.8030064049912891,0.9911275372265278,0.014530385466188893
473631,2.761077096175218e-05,0.8539316501572934,0.984520908007043,0.03524431569072426,4.141615644262827e-05,0.6840182226156364,0.9866361154693577,0.02836504991175752,8.283231288525654e-05,0.6571883771400986,0.9873955268223323,0.025894081962887082
473764,1.5340364333652923e-05,0.3835663673713356,0.9699275783762135,0.04608410436227782,3.0680728667305847e-05,0.39356081945565896,0.9788591045544743,0.03590782483443196,3.835091083413231e-05,0.29361236956563636,0.9775206399009255,0.03679822432015015
474413,2.001614635806217e-05,0.6399453854227659,0.9969366606678474,0.007026474475409295,3.3360243930103614e-05,0.5572998242663683,0.9967331661131402,0.007080392794499484,9.340868300429013e-05,0.6814307908564586,0.9966465960135507,0.006971039799954412
474682,4.467410242282549e-05,0.5147714448836773,0.9938794889641562,0.01403781775442815,7.445683737137582e-05,0.46710345479994453,0.9934289485546086,0.011924682892414025,0.00013402230726847648,0.4470036552894701,0.9912099818848091,0.015437920349037753
475206,2.3654921997894713e-05,0.5087403079104241,0.9716448742685957,0.04411272890352256,5.913730499473678e-05,0.5455206287241073,0.9725464852073159,0.037787303657218344,7.096476599368414e-05,0.38757121159829216,0.9764094312167542,0.03425323438864424
475912,1.6962521309167395e-05,0.5531464700081437,0.9692908490113045,0.0623004247289378,1.6962521309167395e-05,0.35895421017163465,0.9716738925647064,0.05268157994083902,5.936882458208588e-05,0.40731435903313257,0.9793994492494074,0.036284531609245586
476575,2.3014076943730582e-05,0.5147714448836773,0.8921690689090738,0.1322645262975001,4.6028153887461165e-05,0.5455017237786198,0.9002282121884848,0.11719811012112474,7.671358981243527e-05,0.4968251195343302,0.885338874853613,0.15880507986260098
476588,0.0,0.0,0.9861581142040341,0.027733573097901955,0.0,0.0,0.9793531332529437,0.0429350341847414,0.0,0.0,0.9776504526699984,0.037990329778592215
476729,0.0,0.0,0.9433419232800926,0.1229755115344755,2.1255189808844995e-05,0.21538297927698707,0.949960023462946,0.08193509265846739,2.834025307845999e-05,0.17186611280696887,0.9553207443374626,0.06628902963138796
477224,0.0,0.0,0.9610053307891692,0.08640358828928532,0.00022925263640531865,0.07336392209936005,0.956338181730551,0.08439446474559884,0.0004585052728106373,0.08140965213386828,0.9635818289907542,0.06537034949480755
477489,0.0,0.0,0.968818086961115,0.06064156215623726,3.0439083783578116e-05,0.1427951440361373,0.9747440155749478,0.049491987804256225,6.087816756715623e-05,0.16084990261641613,0.9740118177138204,0.04951703831280751
477947,0.00030012004801920766,0.21398626473452753,0.9798860989564236,0.04583198556245788,0.00030012004801920766,0.1388624438735545,0.9833276948186883,0.03323194310066973,0.0006002400960384153,0.1259735751918823,0.9817300885722584,0.036922168607361076
477994,1.4830524184877315e-05,0.360054614577234,0.9882752144295794,0.022949590664652686,2.2245786277315973e-05,0.29990503169749433,0.9886247891967381,0.01897398869703223,4.4491572554631945e-05,0.2947003511995778,0.9884152063820519,0.01707623764339357
479052,4.052028040034037e-05,0.16958010263680803,0.9671029857150775,0.05175743059042056,8.104056080068074e-05,0.17947710508581732,0.972154233295176,0.04234783223003131,0.00012156084120102111,0.15057883611736894,0.9728523760808334,0.04008977338159331
480153,2.3104559684853806e-05,0.3835663673713356,0.9612787133100056,0.06022162302412683,4.620911936970761e-05,0.38459377241376086,0.9646020921339131,0.05296590767156934,6.931367905456142e-05,0.3179980425101277,0.9730326249169364,0.04107658359378974
480195,7.153485177978711e-06,0.13120507751234178,0.8969584304302624,0.19304691278200034,2.8613940711914844e-05,0.28838205139432177,0.9211694072920832,0.1311662717762905,5.722788142382969e-05,0.3310372161892745,0.9261108804582845,0.10901703148059379
480839,2.301337076841645e-05,0.360054614577234,0.8700860897817442,0.23997546376115247,2.301337076841645e-05,0.2336508082431053,0.9110706834168409,0.15562743460123832,3.452005615262467e-05,0.18630061248978966,0.9207663751353741,0.13674373507375295
480962,0.0,0.0,0.9350368745905125,0.12471300306745543,2.9836496001909535e-05,0.07336392209936005,0.9460186604302049,0.08579753870013229,8.950948800572861e-05,0.12016344015274472,0.9380131736574897,0.08117732430777218
481477,1.4456089627755692e-05,0.30078518014914984,0.9785144396925075,0.048147524205635395,2.8912179255511385e-05,0.3321737110889728,0.9698027229208103,0.05865895429102511,6.505240332490062e-05,0.3887946704592885,0.9618116672101193,0.06845857547005767
482281,2.2249415952831237e-05,0.49125969208957576,0.6805267744897746,0.4538565807895668,5.191530388993955e-05,0.6062415623539279,0.6870022330862631,0.4593512660627376,8.899766381132495e-05,0.5674322212379562,0.7634743861377349,0.35755942246988826
482538,1.1505493873324512e-05,0.13120507751234178,0.6260739199107295,0.6421768419448751,2.3010987746649024e-05,0.15139734109601002,0.7015191246155754,0.5065181028435124,5.752746936662256e-05,0.20320131503704414,0.702879553951608,0.47972728322259167
482704,2.4687294272547728e-05,0.6843515475204854,0.975945066872866,0.04868970872037502,3.291639236339697e-05,0.5103515512676446,0.9793990389756141,0.03426019453149817,6.583278472679394e-05,0.46662441220522827,0.9737842065963417,0.04270964494285406
482709,2.1203361439566885e-05,0.6548086577531306,0.9868775971303345,0.02211393731174601,4.240672287913377e-05,0.6363762929310753,0.9859574204242701,0.018065290288266818,7.067787146522296e-05,0.552091592506189,0.9852180372333642,0.021088528050195492
482720,1.696208972945467e-05,0.5531464700081437,0.872558748958585,0.24517868614062524,1.696208972945467e-05,0.35895421017163465,0.873434137762364,0.21692362364512088,2.5443134594182005e-05,0.27004196500238364,0.8910669640462604,0.1940749641696621
483141,3.336246989037093e-05,1.0,0.993305289434903,0.013124387279568894,6.672493978074185e-05,1.0,0.9936277096786291,0.01260878547701813,0.0001267773855834095,0.9636437120114612,0.9934235051544273,0.012373047492648235
483159,6.898740290023042e-06,0.13120507751234178,0.9670283501443924,0.04363276997308876,3.4493701450115206e-05,0.36995731885538535,0.9694257502855077,0.04090528138295198,6.898740290023041e-05,0.4109901060182757,0.973426849727969,0.04044594746464509
483654,2.9616247473363886e-05,0.8539316501572934,0.9824748701044127,0.03914892651939093,5.923249494672777e-05,0.8389574121760601,0.984268985526388,0.03138957254090433,9.625280428843263e-05,0.7210009754925131,0.9866158530587139,0.02562761426246824
487751,2.2249250941884958e-05,0.5296347172140421,0.9731710663024622,0.04372878775910116,2.9665667922513276e-05,0.4073174795910971,0.9714540412826747,0.05051811559033042,3.7082084903141594e-05,0.29761957448396165,0.9730962372465,0.048219567451741996
488335,0.0,0.0,0.9807448354458673,0.025943098737793813,0.0,0.0,0.9822364107455972,0.026199142462157207,8.227879346377265e-06,0.038384638165382894,0.9834690608641674,0.024605454557152726
489085,8.594018563080097e-05,0.33916020527361607,0.9534308491969419,0.10236688360048633,8.594018563080097e-05,0.22009176629808014,0.9661897445469453,0.06844221602339284,8.594018563080097e-05,0.1420400396336573,0.9718424565632343,0.053250052090596536
489160,0.0,0.0,0.9850683090812549,0.017387046267476593,0.0,0.0,0.9866649857465951,0.02027571795314917,0.0,0.0,0.9884068590839219,0.018651049948429393
489384,2.3483549773383745e-05,0.4468535299918563,0.8383938955456021,0.2652874648111557,3.913924962230624e-05,0.4346298575932762,0.7800938516488378,0.3759354132856351,7.045064932015124e-05,0.4223253087576052,0.8136443918534729,0.2964674003739599
490493,1.5656190066147402e-05,0.360054614577234,0.9763434623720283,0.04509452046141953,2.3484285099221104e-05,0.30308203017988256,0.9789567485415296,0.03688851468831611,5.479666523151591e-05,0.3310626905062267,0.9782248988300116,0.040442974040457345
490957,0.0,0.0,0.9841300402937936,0.024834329675660384,2.404925286987751e-05,0.20827328063201606,0.9867142545020551,0.021838546352895595,4.008208811646252e-05,0.20322591983138877,0.9892552671560264,0.01561770927777877
491072,0.0,0.0,0.995167011872636,0.010234930468947778,0.0,0.0,0.9950942042506157,0.009117989535228051,0.0,0.0,0.9953328584853731,0.009099685642896737
491362,1.9537864381170708e-05,0.6992148198508501,0.9806092180119326,0.035573460382774556,5.210097168312189e-05,0.804810999209339,0.9699422600199531,0.046026187388881944,0.00010420194336624378,0.8036121318666641,0.9747942639344315,0.03784981537327291
492463,0.0,0.0,0.9413744809409252,0.10835284519055341,0.0,0.0,0.9502111118177249,0.08987101905250411,8.196049504139005e-05,0.03233829114831981,0.9515816142701196,0.07163350548338543
493809,7.228619550524437e-06,0.14606834984270645,0.9397449170980792,0.11538677617377054,3.614309775262218e-05,0.3724928669383441,0.9446370089178778,0.09847155253804361,5.060033685367105e-05,0.3124516569215545,0.9209578792924493,0.1341590931869057
494317,5.244113482615764e-05,0.13120507751234178,0.9739161582014718,0.061383171695993374,5.244113482615764e-05,0.08514311764162098,0.974288084305339,0.05235495644480937,0.00010488226965231528,0.08901156032796839,0.9758705710008378,0.04495571278306992
494342,1.4830854108888132e-05,0.27727342735504823,0.9813335669627531,0.04013166806748845,2.2246281163332196e-05,0.24618570546556082,0.9801242304523958,0.03788677411405706,6.673884348999658e-05,0.3712933266936887,0.974611592136174,0.0496071624506883
494368,0.0,0.0,0.9781759431895599,0.04732224619020011,0.0001337255950788981,0.06625422345438903,0.9815507831167916,0.03789960074414656,0.0001337255950788981,0.04275831251503158,0.9807931275843602,0.038653606549923065
494868,7.827359753281621e-06,0.33916020527361607,0.9702868552522563,0.05604321688826639,2.3482079259844862e-05,0.3621108234757072,0.974313680862396,0.049322928542394985,4.6964158519689725e-05,0.33792919518516756,0.9735346859000481,0.05005525469006823
494913,7.073286319556929e-06,0.16958010263680803,0.9688539744323054,0.05830566209094037,2.1219858958670787e-05,0.24966402870278917,0.973545231153525,0.0436611658389472,7.780614951512623e-05,0.4470630846129451,0.9762971644424402,0.035921237124127876
495166,1.1830539354289162e-05,0.21398626473452753,0.990791033034721,0.013262256774370217,3.549161806286748e-05,0.2835149363066189,0.9910534426323133,0.015173412723127866,8.281377548002413e-05,0.3273782513184929,0.9901674378982863,0.016413434701467045
495458,0.0,0.0,0.9900808466688634,0.01733488313820618,0.0001500675303886749,0.21145027911440428,0.9903576965934636,0.014940071606312343,0.0002501125506477915,0.20355156981036623,0.9898363146828272,0.015809626583887487
495679,0.00035990642432967427,0.48522855511632257,0.9875685760669664,0.030214450166485753,0.00035990642432967427,0.31488013066763093,0.988338384159295,0.02551781852494997,0.0007198128486593485,0.2719079341485478,0.9840166894525664,0.03134411182817472
496119,3.629632318246162e-05,0.48522855511632257,0.9853322468640989,0.03442043137778117,7.259264636492324e-05,0.46664232174566633,0.9798908597059868,0.037649683910330536,0.00012703713113861566,0.40645950714585866,0.9841972028465289,0.028127756217029627
496267,6.904551480335838e-06,0.33916020527361607,0.9656525260403187,0.08073647394996623,1.3809102960671675e-05,0.2984900352767555,0.9733485840490659,0.0541076427503616,1.3809102960671675e-05,0.19263572260827436,0.9719215312400638,0.05108307926537391
496751,0.0,0.0,0.9852537981021008,0.009202535833502778,6.784950978729179e-05,0.14465249243306438,0.9799798794590983,0.031853664978880356,0.00020354852936187536,0.23930556662875904,0.9809264331851091,0.02730381711889086
497947,0.0,0.0,0.7857079902813695,0.35676919824688624,3.202664616961312e-05,0.07839826897867533,0.8122375779018057,0.26875533195863316,3.202664616961312e-05,0.05059568297461706,0.8286395322118569,0.23989411106315656
498473,1.210507202517855e-05,0.16958010263680803,0.9085398959880898,0.08908412552370867,2.42101440503571e-05,0.17947710508581732,0.9205252074759921,0.06506669545436448,4.84202881007142e-05,0.1854016455828972,0.9180054391799166,0.05273516941860583
499214,0.0,0.0,0.9739866771694603,0.053172542516664145,0.0,0.0,0.9636327234951876,0.06384859872880613,0.00013918853086505672,0.06640126340430233,0.96052071596544,0.06383105555582803
499339,0.0,0.0,0.8680049877508621,0.23302663048509448,1.506114826194349e-05,0.15176219107803537,0.8520572541144343,0.23152532862361383,6.024459304777396e-05,0.3049242676565975,0.8756053710654207,0.1948273799880341
499458,6.768647624204685e-05,0.21398626473452753,0.5197061954306398,0.6137516852309786,6.768647624204685e-05,0.1388624438735545,0.5587769868393176,0.6192251302070102,0.0002030594287261405,0.16654510462560368,0.6642150029855558,0.5089349111050658
499486,0.00013082155939298797,0.3451913422468693,0.9871252804634475,0.024101278836593264,0.00013082155939298797,0.2240055615151755,0.9876351839721993,0.022637060637661674,0.00019623233908948196,0.17690416642364915,0.9874085894755866,0.019239031220791066
500150,3.701537618726819e-05,1.0,0.987861053446579,0.021790432609002052,7.403075237453638e-05,1.0,0.9894518926538538,0.01983944146555375,0.00014065842951161914,0.9659370277440176,0.9897350223757032,0.01833663245994823
500771,4.398272358617535e-05,1.0,0.9305546389156035,0.09920745556431418,7.037235773788056e-05,0.8643145546088337,0.9453531947045981,0.08645085829897721,0.00011435508132405591,0.7398976427088892,0.9441373001599679,0.08372241666803874
501473,0.0,0.0,0.9470913315455725,0.046311171094502425,0.0,0.0,0.9519809744166274,0.050040543061664465,0.0,0.0,0.9558504003002964,0.051328525551563704
502409,2.2213665847229216e-05,0.6164336326286644,0.9874700292642398,0.021541275326953747,5.9236442259277906e-05,0.7510916729774053,0.98151589052384,0.03014811674413061,0.00012587743980096554,0.8052997207238454,0.9828977683920972,0.027496636731975128
502898,1.7597423737164878e-05,0.30078518014914984,0.9576075469076777,0.08216236165469809,2.639613560574732e-05,0.2646202227274383,0.9531774970736521,0.08116928327970482,7.038969494865951e-05,0.3486007105438859,0.952052133636062,0.07593186518322834
504948,8.795693628399536e-06,0.16958010263680803,0.9633654732360102,0.07889872421005842,2.6387080885198607e-05,0.26180807422707547,0.9674190250404511,0.059793487497538995,8.795693628399536e-05,0.4216837608966725,0.9718664045513332,0.05290013333597709
505445,3.701702042599187e-05,1.0,0.987604588000699,0.021710945184535015,5.922723268158699e-05,0.8701249883466592,0.9888317480900477,0.015797113391370035,0.00013326127353357074,0.9161829080980793,0.988772660399626,0.0180362505173214
506135,0.0,0.0,0.9730445100920967,0.04207453633145303,2.2214323795983652e-05,0.21408371436984164,0.9731971065447406,0.0434127141888566,3.7023872993306084e-05,0.20601094014805452,0.9774054579948956,0.03833762879855122
507410,3.701647233018693e-05,1.0,0.9949074165953986,0.009647198970984705,6.662965019433648e-05,0.9216017310213247,0.9933114958574695,0.01369561347457083,0.00011845271145659818,0.8437225861829469,0.9928126010211937,0.013377254571636247
508763,7.40620047103435e-06,0.16958010263680803,0.9461799487121176,0.10150562313863762,1.48124009420687e-05,0.18340980524840012,0.9324571333649134,0.10544817807389689,2.96248018841374e-05,0.18758795825083024,0.9308971727596967,0.10947575847562982
509835,2.6387080885198607e-05,0.6992148198508501,0.9691452349851846,0.04962547078431073,3.518277451359814e-05,0.5231737964779627,0.9697299167505076,0.056914899069661316,7.916124265559582e-05,0.5142857441385131,0.9722777934150038,0.04828446959600823
510791,2.2209225712360915e-05,0.7227265726449517,0.9699384368622586,0.05922599812288265,2.2209225712360915e-05,0.4690000933206747,0.9727868250420363,0.05320188801675022,3.701537618726819e-05,0.3701778102945254,0.9689542086277573,0.055150223873295136
511252,0.0,0.0,0.9663297509112402,0.06377083851299273,0.0,0.0,0.9538387214712849,0.080597390714015,0.00011619800139437602,0.03730675036644463,0.946694216952163,0.09271789918465084
511312,2.2209225712360915e-05,0.5147714448836773,0.968397203887144,0.053357578483002474,5.9224601899629104e-05,0.6851198693323689,0.9661070458022365,0.040010468638274586,0.00010364305332435094,0.6555084633668818,0.9737233697427236,0.03804529382847472
512602,1.759138725679907e-05,0.48522855511632257,0.9711325091079379,0.05666300087710757,2.6387080885198607e-05,0.388244052766991,0.9694656374362512,0.04944876889278703,6.156985539879675e-05,0.3879689575292728,0.9739404591145776,0.046466063092881246
513040,8.796389961559777e-06,0.14606834984270645,0.9039687985162674,0.16525147063787354,3.5185559846239106e-05,0.3128047789019752,0.9270972767823411,0.11231202462693661,7.037111969247821e-05,0.3389435503584163,0.9373501248216242,0.09587341637818012
513853,1.7592160933088216e-05,0.3451913422468693,0.9897029780389136,0.01662626180473916,2.6388241399632324e-05,0.29343678345195273,0.9923575363271592,0.010863218754657454,4.398040233272054e-05,0.2572228199337352,0.9911968323042389,0.011997293104177926
514164,1.759138725679907e-05,0.3156484524795145,0.966647024541835,0.061960238982198615,3.518277451359814e-05,0.34685330469621795,0.9642528807343735,0.05745610891926989,8.795693628399536e-05,0.4384176954086134,0.965428824531017,0.05044048337731488
514268,0.0,0.0,0.9546637110097063,0.08661887264257623,8.79646733871677e-06,0.07839826897867533,0.9582434169736107,0.0807639462130944,1.759293467743354e-05,0.08465865523059957,0.9651053817918275,0.06124916016006702
515242,2.2209390130147026e-05,0.6548086577531306,0.9839266682641247,0.027940694429896374,4.441878026029405e-05,0.6363762929310753,0.9826972878458491,0.02570340446280174,7.403130043382342e-05,0.555124761854652,0.981928550346902,0.030059183267785693
