query_index,query_song_id,rec_index,rec_song_id,rank,score,query_title,rec_title,query_artist,rec_artist,query_year,rec_year,query_genre,rec_genre
70108,e77b390101fe12212155793e5ae19c9210ace3c5,193259,9f868bba1956a6b08cccfe30ce47e0f40eafb888,1,0.8454784154891968,The General Lee,Straw Hat Pirates,Johnny Cash,Rustage,1981,2019,country,rap
70108,e77b390101fe12212155793e5ae19c9210ace3c5,420390,6571b422232a618ec3a96ee9ee7f0fa04e08fa3a,2,0.8339967727661133,The General Lee,Rescue,Johnny Cash,Tommee Profitt,1981,2018,country,pop
70108,e77b390101fe12212155793e5ae19c9210ace3c5,577,5ed04bf764e7590af68607368e631574537befdd,3,0.8294660449028015,The General Lee,Right Hand Man,Johnny Cash,"Christopher Jackson, Lin-Manuel Miranda, Leslie Odom, Jr. & Original Broadway Cast of ""Hamilton""",1981,2015,country,rap
70108,e77b390101fe12212155793e5ae19c9210ace3c5,282735,014be8c92e3ef3fd0d944216034ce07cd1f15dfa,4,0.7948563098907471,The General Lee,High Tide,Johnny Cash,Moona Hoshinova,1981,2022,country,pop
70108,e77b390101fe12212155793e5ae19c9210ace3c5,346564,ba74248258768bb972210f82e11c60b1b1217cdd,5,0.8233224153518677,The General Lee,The Last Man to Stand,Johnny Cash,JT Music,1981,2017,country,rap
70108,e77b390101fe12212155793e5ae19c9210ace3c5,89190,cfecf5e3b0306ba280eb7eea1c1a136ca114a6e7,6,0.807688295841217,The General Lee,The Warrior Song,Johnny Cash,Sean Householder,1981,2013,country,misc
70108,e77b390101fe12212155793e5ae19c9210ace3c5,118659,c752dff5e4a15572cadb2f6ccaeb739cb30879e1,7,0.7992642521858215,The General Lee,Army,Johnny Cash,Besomorph & Arcando,1981,2020,country,rock
70108,e77b390101fe12212155793e5ae19c9210ace3c5,281710,6e5c55aca93f37868dfc04d72a868bd1a7138922,8,0.8334207534790039,The General Lee,The Coldest DC Comics Rap Ever,Johnny Cash,VI Seconds,1981,2015,country,rap
70108,e77b390101fe12212155793e5ae19c9210ace3c5,230794,f3589232a66ebf1463fbfa02fc8c8598e3d733e1,9,0.8258742094039917,The General Lee,Rolling Out,Johnny Cash,JT Music,1981,2016,country,rap
70108,e77b390101fe12212155793e5ae19c9210ace3c5,272112,1af4f845cade263394e9b1aaf9c578adf75dd576,10,0.8150736689567566,The General Lee,Go Green,Johnny Cash,Abstract,1981,2015,country,rap
70108,e77b390101fe12212155793e5ae19c9210ace3c5,156063,108708a5d5c4f19c8933bc10ee59fdf3ae1bca49,11,0.8230520486831665,The General Lee,What a Hero’s Made Of,Johnny Cash,JT Music,1981,2016,country,rap
70108,e77b390101fe12212155793e5ae19c9210ace3c5,111886,91a595111140adf55df990dc231c82c26a329634,12,0.8325711488723755,The General Lee,Angel by Your Side,Johnny Cash,JT Music,1981,2015,country,rap
70108,e77b390101fe12212155793e5ae19c9210ace3c5,24763,74476324db38e6f5cabe640f93bf38945035c734,13,0.8083199262619019,The General Lee,Master Chief vs Leonidas,Johnny Cash,Epic Rap Battles of History,1981,2012,country,rap
70108,e77b390101fe12212155793e5ae19c9210ace3c5,464853,da2df158f514ec78d176c138419aee94c603feb7,14,0.8079236149787903,The General Lee,Gunslinger,Johnny Cash,Dan Bull,1981,2013,country,rap
70108,e77b390101fe12212155793e5ae19c9210ace3c5,463861,84e48bf6f7adc41ba3195b78831a25954ab7a392,15,0.806505024433136,The General Lee,King Luffy Rap,Johnny Cash,Rustage,1981,2018,country,rap
70108,e77b390101fe12212155793e5ae19c9210ace3c5,415136,953675937b1ecd6ad4eb816dc197b6896ea018ab,16,0.8323791027069092,The General Lee,Assassins Creed I-IV Rap,Johnny Cash,None Like Joshua,1981,2016,country,rap
70108,e77b390101fe12212155793e5ae19c9210ace3c5,488748,b78a35380bf8c181bade607b08e73204fe639636,17,0.8113193511962891,The General Lee,Gun Show,Johnny Cash,JT Music,1981,2020,country,rap
70108,e77b390101fe12212155793e5ae19c9210ace3c5,365292,f80515daace48b074e477e3fb4fd5cd3ede74a6c,18,0.8191242218017578,The General Lee,Metal Gear Solid,Johnny Cash,Dan Bull,1981,2013,country,rap
70108,e77b390101fe12212155793e5ae19c9210ace3c5,258805,374c0730bd385d68743bdb3f0bb9952040c5a9c9,19,0.8239225149154663,The General Lee,Welcome to the World of Warcraft,Johnny Cash,Dan Bull,1981,2014,country,rap
70108,e77b390101fe12212155793e5ae19c9210ace3c5,404636,2082b06fe3090ef1f689e1dabf40e799ac2a00c3,20,0.803011417388916,The General Lee,Hang Your Hat on That,Johnny Cash,Jon Wolfe,1981,2017,country,country
413632,fcad6c466488eaf32327bba209e4a40a323df09c,425114,9c00b771f49b3538e1530568d7141d010319cd89,1,0.8594780564308167,Long Stretch of Love,Drifting Apart,Lady A,Juke Ross,2014,2019,country,pop
413632,fcad6c466488eaf32327bba209e4a40a323df09c,482744,fdfa3883bd15db8e7f5d8a79dcbb73cc127e543a,2,0.8365212678909302,Long Stretch of Love,I’ll Be Lovin’ U Long Time Drawzilla Remix,Lady A,Mariah Carey,2014,2008,country,pop
413632,fcad6c466488eaf32327bba209e4a40a323df09c,305942,c654ff193bb1393e9df47c6313fd36fc1c5106bc,3,0.8593740463256836,Long Stretch of Love,Until Were Free,Lady A,Corbyn Besson,2014,2014,country,rb
413632,fcad6c466488eaf32327bba209e4a40a323df09c,420404,435c09c1dafa7852e08a90f0b44f74b6e8777fe0,4,0.8571572303771973,Long Stretch of Love,My Favourite Position,Lady A,NOVAKAE,2014,2018,country,pop
413632,fcad6c466488eaf32327bba209e4a40a323df09c,485755,76689d502e5ce7574c56fb5a765556a7206f1096,5,0.835808515548706,Long Stretch of Love,Best Day Ever,Lady A,Blondie,2014,2017,country,rock
413632,fcad6c466488eaf32327bba209e4a40a323df09c,128842,45c99edacf28c5d00df4a5fd8901345d1c8a3bba,6,0.8394689559936523,Long Stretch of Love,Eternal Love,Lady A,Michael Learns to Rock,2014,2014,country,pop
413632,fcad6c466488eaf32327bba209e4a40a323df09c,168123,6fc7cb1c27ea3d4b2a0bf7205976943bae0f6cc4,7,0.8532326817512512,Long Stretch of Love,All We Needed,Lady A,Craig David,2014,2016,country,pop
413632,fcad6c466488eaf32327bba209e4a40a323df09c,266814,536fbf97f0a7a3096f991d984fbaeb23bd9d204e,8,0.8581976294517517,Long Stretch of Love,Best of 2013 Mash-Up,Lady A,Anthem Lights,2014,2013,country,pop
413632,fcad6c466488eaf32327bba209e4a40a323df09c,335182,106f3f80385fffe843076fdcb34149eb80c53397,9,0.8345949649810791,Long Stretch of Love,Here in My Heart,Lady A,Scorpions,2014,2000,country,rock
413632,fcad6c466488eaf32327bba209e4a40a323df09c,146439,d460f797315a6f6696a4ad0f58c07c0aa3ebb465,10,0.8438413739204407,Long Stretch of Love,Take Our Time,Lady A,TLC,2014,1994,country,rb
413632,fcad6c466488eaf32327bba209e4a40a323df09c,405597,240e69d021dd2d31022278c188ff034ab1d361c2,11,0.843416154384613,Long Stretch of Love,Holding You Close,Lady A,Marcia Griffiths,2014,2016,country,pop
413632,fcad6c466488eaf32327bba209e4a40a323df09c,229847,72ede4b016da674acf4d45b1ec8f1dae5cdb7a25,12,0.8262360095977783,Long Stretch of Love,Grow Old with Me,Lady A,Sunny Sweeney,2014,2017,country,country
413632,fcad6c466488eaf32327bba209e4a40a323df09c,77448,6fe445aa3c37f3fdf0ccb639532970680302e064,13,0.8385377526283264,Long Stretch of Love,Grows Old,Lady A,Thirdstory,2014,2016,country,pop
413632,fcad6c466488eaf32327bba209e4a40a323df09c,214209,7e9c45b87d24d4b13c15ef30990136e21a789590,14,0.8471006751060486,Long Stretch of Love,Mellow Mood,Lady A,Slightly Stoopid,2014,2001,country,pop
413632,fcad6c466488eaf32327bba209e4a40a323df09c,296266,e50de9a59848fb0c313f906b266fc7b6283f8381,15,0.847808837890625,Long Stretch of Love,In My Arms,Lady A,Gentleman,2014,2013,country,pop
413632,fcad6c466488eaf32327bba209e4a40a323df09c,223130,8d0f3cb33b322e9612bb7269ab946a4480c20f68,16,0.8405784368515015,Long Stretch of Love,Walk With Me,Lady A,Taba Chake,2014,2019,country,pop
413632,fcad6c466488eaf32327bba209e4a40a323df09c,387044,f1dbcdc5c65f231a43decb4fd04ace726d43e458,17,0.8262375593185425,Long Stretch of Love,Last Goodbye,Lady A,Kolby Cooper,2014,2019,country,country
413632,fcad6c466488eaf32327bba209e4a40a323df09c,205881,1fe4c384e6a31f7c51452b498d858086a2592ee8,18,0.835939347743988,Long Stretch of Love,Starting Over Again,Lady A,Toni Gonzaga,2014,2014,country,pop
413632,fcad6c466488eaf32327bba209e4a40a323df09c,253826,a47474a70f8272b50c8339e105b914bf77299a12,19,0.848471462726593,Long Stretch of Love,Just a Little Bit Longer,Lady A,Maxi Priest,2014,1990,country,pop
413632,fcad6c466488eaf32327bba209e4a40a323df09c,40195,1e8fd480a069097bfc050b1de3fe6bf1515ec725,20,0.8331382274627686,Long Stretch of Love,Wedding dress English version,Lady A,TAEYANG (),2014,2010,country,pop
72169,4caf07ac74f7e39c9ae70f5d9e512a33bd68287d,404470,4294dfc40d3cbfea8ced73e8dd60d927f1e306b0,1,0.855461597442627,I Ain’t Marching Anymore,Battle Hymn of Lt. Calley,Phil Ochs,C Company,1965,1971,country,country
72169,4caf07ac74f7e39c9ae70f5d9e512a33bd68287d,351055,cea2cedf815809252956465dd99089142726db9d,2,0.7845598459243774,I Ain’t Marching Anymore,Jesus and Woody,Phil Ochs,Ry Cooder,1965,2018,country,rock
72169,4caf07ac74f7e39c9ae70f5d9e512a33bd68287d,9977,5a31711062ad44250926796324cfcea6a98147c5,3,0.7959567904472351,I Ain’t Marching Anymore,Uncommon Valor: A Vietnam Story,Phil Ochs,Jedi Mind Tricks,1965,2006,country,rap
72169,4caf07ac74f7e39c9ae70f5d9e512a33bd68287d,29916,1b21b74c827714f0f20f31bb6732727dd54165a8,4,0.8033446073532104,I Ain’t Marching Anymore,Great War,Phil Ochs,Sabaton,1965,2019,country,rock
72169,4caf07ac74f7e39c9ae70f5d9e512a33bd68287d,136272,4dcf342990f3144016f55da0ffbb1cedbca9a084,5,0.8042480945587158,I Ain’t Marching Anymore,Battle Cry,Phil Ochs,Empire Cast,1965,2015,country,rb
72169,4caf07ac74f7e39c9ae70f5d9e512a33bd68287d,306915,160e41f7b2e394fe0ad9f1f02054642a4d4187bd,6,0.8018912672996521,I Ain’t Marching Anymore,The Aftermath,Phil Ochs,Iron Maiden,1965,1995,country,rock
72169,4caf07ac74f7e39c9ae70f5d9e512a33bd68287d,27132,f9d7edac89e97cfabdf6e66bb575b1c970f39a12,7,0.775269627571106,I Ain’t Marching Anymore,Spartan Soldier,Phil Ochs,Tommy Lee Sparta,1965,2013,country,rap
72169,4caf07ac74f7e39c9ae70f5d9e512a33bd68287d,248798,6901e02b22794015468c2040655dac155b295751,8,0.7970798015594482,I Ain’t Marching Anymore,My Head Is Filled With Music,Phil Ochs,The Real McKenzies,1965,2012,country,pop
72169,4caf07ac74f7e39c9ae70f5d9e512a33bd68287d,291669,92ac56558900063095c015fe25bf447dc695a933,9,0.8022319674491882,I Ain’t Marching Anymore,Land of the Gun,Phil Ochs,Breez Evahflowin',1965,2004,country,rap
72169,4caf07ac74f7e39c9ae70f5d9e512a33bd68287d,291693,aa7053a25c55e63b9cd46f72c961427ac4669668,10,0.797229528427124,I Ain’t Marching Anymore,Oh Im a Good Old Rebel,Phil Ochs,Bobby Horton,1965,2015,country,pop
72169,4caf07ac74f7e39c9ae70f5d9e512a33bd68287d,488184,ae4f160c5f2ea6e5e952ff97a57e8c74207d1137,11,0.7992258071899414,I Ain’t Marching Anymore,The Band Played Waltzing Matilda,Phil Ochs,June Tabor,1965,1997,country,pop
72169,4caf07ac74f7e39c9ae70f5d9e512a33bd68287d,165477,81857a23e916439d6f55845f8ae12a5f92680a1a,12,0.7997499108314514,I Ain’t Marching Anymore,Send Me To War,Phil Ochs,Dumbfoundead,1965,2017,country,rap
72169,4caf07ac74f7e39c9ae70f5d9e512a33bd68287d,148441,623242a0643382602a49e0a6c27a45c1bf867c7c,13,0.8033912181854248,I Ain’t Marching Anymore,Ballad of the 20th Maine,Phil Ochs,The Ghost of Paul Revere,1965,2015,country,pop
72169,4caf07ac74f7e39c9ae70f5d9e512a33bd68287d,308124,bd5d725a63e31803a87103e06b9a0d8bccab063e,14,0.7650409936904907,I Ain’t Marching Anymore,Death or Glory,Phil Ochs,Motrhead,1965,1993,country,rock
72169,4caf07ac74f7e39c9ae70f5d9e512a33bd68287d,428621,dc708a5260306e2fed91d6b56482d9b9bca8f852,15,0.7938443422317505,I Ain’t Marching Anymore,Oh no not again,Phil Ochs,Ignite,1965,2016,country,rock
72169,4caf07ac74f7e39c9ae70f5d9e512a33bd68287d,451511,83575ad494e2a721702d09e0e8daf5ce848c2d12,16,0.7964789271354675,I Ain’t Marching Anymore,Glorious End,Phil Ochs,Warbringer,1965,2020,country,rock
72169,4caf07ac74f7e39c9ae70f5d9e512a33bd68287d,81423,a05238cc08396db9c147eab77ec0f96cce3cf99f,17,0.7702524065971375,I Ain’t Marching Anymore,Ooh Ah Up The RA SAM Song,Phil Ochs,Gerry O'Glacain,1965,2017,country,rock
72169,4caf07ac74f7e39c9ae70f5d9e512a33bd68287d,402355,b8d99161762870ae7cb4bb20904acae5f4c66c6d,18,0.8126246333122253,I Ain’t Marching Anymore,Gettysburg,Phil Ochs,Civil War,1965,2013,country,rock
72169,4caf07ac74f7e39c9ae70f5d9e512a33bd68287d,241615,84481c54ba59defd5cfb797d6a0104a5e2f8c67f,19,0.7869715094566345,I Ain’t Marching Anymore,Purple Heart,Phil Ochs,Sabaton,1965,2005,country,rock
72169,4caf07ac74f7e39c9ae70f5d9e512a33bd68287d,300043,af0936fefed1396bf714f61348b011dc7a223ea0,20,0.7958191633224487,I Ain’t Marching Anymore,When the Guns Fell Silent,Phil Ochs,Warbringer,1965,2017,country,rock
360908,4d701b8ea16e60bf2a1c0ed098676da618707953,392688,682d041729d3d0ecb9711aecfe937ad4895bae2c,1,0.8721460700035095,Boys from Back Home,Come Back Home,Scotty McCreery,Nappy Roots,2018,2010,country,pop
360908,4d701b8ea16e60bf2a1c0ed098676da618707953,4611,ebe6b04c96b0e1036194a597e9d7753d55de50be,2,0.8449289798736572,Boys from Back Home,Roadtrip,Scotty McCreery,Dream & PmBata,2018,2021,country,pop
360908,4d701b8ea16e60bf2a1c0ed098676da618707953,316021,8c2d6d1a9ffe598c8c1fefbde02934c227cbe79b,3,0.8328812718391418,Boys from Back Home,The Streets Where I Belong,Scotty McCreery,Annie,2018,2020,country,pop
360908,4d701b8ea16e60bf2a1c0ed098676da618707953,43507,aa696c6cbba20bcb618c8510c719d10a96dbc02e,4,0.8559856414794922,Boys from Back Home,Suburban War,Scotty McCreery,Arcade Fire,2018,2010,country,rock
360908,4d701b8ea16e60bf2a1c0ed098676da618707953,403243,eb836ede0ac02c5c356cd546a2cb5082255433bb,5,0.854640781879425,Boys from Back Home,Last Nite,Scotty McCreery,Ray Luv,2018,1995,country,rap
360908,4d701b8ea16e60bf2a1c0ed098676da618707953,482492,f58ee4dabbd8cc4239f1bec899816b6b9de700eb,6,0.8631858825683594,Boys from Back Home,Wish I Hadnt Stayed So Long,Scotty McCreery,Hayes Carll,2018,2005,country,pop
360908,4d701b8ea16e60bf2a1c0ed098676da618707953,351617,b398fc31561e1d40305db3dbe803125f91866abf,7,0.8443683385848999,Boys from Back Home,18 Years,Scotty McCreery,Daughtry,2018,2013,country,rock
360908,4d701b8ea16e60bf2a1c0ed098676da618707953,146768,d955e098bb742c97891ce0226a4da345fc1ced1f,8,0.8631466031074524,Boys from Back Home,Where Ideas Sing,Scotty McCreery,Saba,2018,2017,country,rap
360908,4d701b8ea16e60bf2a1c0ed098676da618707953,98594,42f6c62a0b65d5142b6441848356a09fc41187f5,9,0.8615610599517822,Boys from Back Home,Home,Scotty McCreery,Upper West,2018,2012,country,rap
360908,4d701b8ea16e60bf2a1c0ed098676da618707953,115611,586b414cd86c2fe2e117dc59c88c7c4ac51e92f5,10,0.8486620187759399,Boys from Back Home,10 Years,Scotty McCreery,Classified,2018,2018,country,rap
360908,4d701b8ea16e60bf2a1c0ed098676da618707953,454584,f755023669baf3a70e9afdcf246c135ff022ec24,11,0.8493548035621643,Boys from Back Home,Middle America,Scotty McCreery,blackbear,2018,2013,country,rap
360908,4d701b8ea16e60bf2a1c0ed098676da618707953,104801,1a5b85414ca602fb1382a1a8e99cd627ccfbe951,12,0.8417807817459106,Boys from Back Home,Where Do We Go Now,Scotty McCreery,Hoodie Allen,2018,2013,country,rap
360908,4d701b8ea16e60bf2a1c0ed098676da618707953,213102,6defebef7f9b9453fd1aa79d1812707b4287ba7d,13,0.8357846736907959,Boys from Back Home,The Load-Out,Scotty McCreery,Jackson Browne,2018,1977,country,rock
360908,4d701b8ea16e60bf2a1c0ed098676da618707953,501187,7fac49619757b3dfaf739065123d46fb4ae95f07,14,0.8403078317642212,Boys from Back Home,I Miss My Friends,Scotty McCreery,Zach Hood,2018,2022,country,pop
360908,4d701b8ea16e60bf2a1c0ed098676da618707953,201025,8263f26f3796cad003cd597ae02ae28a54aaac11,15,0.828721284866333,Boys from Back Home,First Kiss,Scotty McCreery,Kid Rock,2018,2015,country,rock
360908,4d701b8ea16e60bf2a1c0ed098676da618707953,285879,84c3487ae398e436880512184ef47f6481c938ee,16,0.8349049091339111,Boys from Back Home,When We Were Hooligans,Scotty McCreery,Louis Dunford,2018,2021,country,pop
360908,4d701b8ea16e60bf2a1c0ed098676da618707953,196071,aaa663cca2d15cbac5272c57148ed80105c672a6,17,0.822945237159729,Boys from Back Home,Freedom Was A Highway,Scotty McCreery,Jimmie Allen & Brad Paisley,2018,2020,country,country
360908,4d701b8ea16e60bf2a1c0ed098676da618707953,6962,7e3c8bd39ae246e9671286283d8917105e822f32,18,0.8224489688873291,Boys from Back Home,The River,Scotty McCreery,Bruce Springsteen,2018,1981,country,rock
360908,4d701b8ea16e60bf2a1c0ed098676da618707953,238625,88ad3eb5fc1d153e7807c8b0d12f6c2e93b3c7e1,19,0.8457077145576477,Boys from Back Home,Hell Of A Rhyme,Scotty McCreery,Luke Christopher,2018,2013,country,rap
360908,4d701b8ea16e60bf2a1c0ed098676da618707953,14743,162776a402fd527a07d8e9680c905b93939d1b36,20,0.8398967385292053,Boys from Back Home,1955,Scotty McCreery,Hilltop Hoods,2018,2016,country,rap
257177,e61052b5dd3ffd91ba4221346efd8015038a012d,389412,1cb4fa91b53f4be0c7f8f434cb672ec5c4b597ff,1,1.0,Elusive Butterfly,Elusive Butterfly,Bob Lind,Val Doonican,1966,1968,country,pop
257177,e61052b5dd3ffd91ba4221346efd8015038a012d,166006,d157457b0a9d7ab1eaa4e7232dc146121b16a0d9,2,0.8165134787559509,Elusive Butterfly,DREAMCATCHER,Bob Lind,STARSET,1966,2021,country,rock
257177,e61052b5dd3ffd91ba4221346efd8015038a012d,238076,2066ec9780b53a81fbb05698d250184b301bbf98,3,0.798761785030365,Elusive Butterfly,Song for a Seagull,Bob Lind,Teleman,1966,2018,country,pop
257177,e61052b5dd3ffd91ba4221346efd8015038a012d,441295,5d481b3c1d21eb58560b8eea875bf05050019f53,4,0.8089235424995422,Elusive Butterfly,INNOCENCE,Bob Lind,Eir Aoi,1966,2012,country,pop
257177,e61052b5dd3ffd91ba4221346efd8015038a012d,463442,42461cc56e0ab928d8f27484174c1aada073bf40,5,0.7908768653869629,Elusive Butterfly,Visions,Bob Lind,Rozzi,1966,2018,country,pop
257177,e61052b5dd3ffd91ba4221346efd8015038a012d,407304,fb421943d5f267812c717a443e8e69f98d36055f,6,0.8049588799476624,Elusive Butterfly,Head for the Hills,Bob Lind,Saves the Day,1966,2006,country,rock
257177,e61052b5dd3ffd91ba4221346efd8015038a012d,362933,aab537e109f73d180c44e2ca0cfd760e61382bd6,7,0.8014974594116211,Elusive Butterfly,Judgement,Bob Lind,Iron & Wine,1966,2015,country,rock
257177,e61052b5dd3ffd91ba4221346efd8015038a012d,152840,7b83cf9da6a9c9ab29452a49ad7aee8ab673bce8,8,0.779639482498169,Elusive Butterfly,The Legend of Siren Head,Bob Lind,CG5,1966,2020,country,pop
257177,e61052b5dd3ffd91ba4221346efd8015038a012d,359836,44933c34d1abd68b11d5f0c435551ae2237342c8,9,0.8123952746391296,Elusive Butterfly,Dreamin’ of You,Bob Lind,Bob Dylan,1966,2008,country,rock
257177,e61052b5dd3ffd91ba4221346efd8015038a012d,429158,fd2972cb30f8d9466e784706b1a415cc4075149d,10,0.7874560952186584,Elusive Butterfly,Songbirds,Bob Lind,Silversun Pickups,1966,2019,country,rock
257177,e61052b5dd3ffd91ba4221346efd8015038a012d,76589,571d08c93a755f7c259e5d0073e79fc4e5757929,11,0.7819532752037048,Elusive Butterfly,Over the Mountain,Bob Lind,Ozzy Osbourne,1966,1981,country,rock
257177,e61052b5dd3ffd91ba4221346efd8015038a012d,317470,1dc1d8c1936f93dd6f639d40af853509f0f09370,12,0.7910652160644531,Elusive Butterfly,Dreamer,Bob Lind,Elizaveta,1966,2011,country,pop
257177,e61052b5dd3ffd91ba4221346efd8015038a012d,507399,4652839ccad782d83a5bb0249d0a8b9b5282c7b2,13,0.7961162328720093,Elusive Butterfly,A Thousand Miles,Bob Lind,40 Watt Sun,1966,2022,country,rock
257177,e61052b5dd3ffd91ba4221346efd8015038a012d,253492,19b3761122f267d5d9079383b425c01e6735b31d,14,0.7932380437850952,Elusive Butterfly,Butterfly Effect,Bob Lind,ASTRO,1966,2021,country,pop
257177,e61052b5dd3ffd91ba4221346efd8015038a012d,37661,5de3e552b6f06591300e0c3a1f80629911d2ec6e,15,0.8107656836509705,Elusive Butterfly,Silent Lucidity,Bob Lind,Queensrche,1966,1990,country,rock
257177,e61052b5dd3ffd91ba4221346efd8015038a012d,252020,945b2680c061eb4b50c15e489530609ea98c6f8f,16,0.7772088646888733,Elusive Butterfly,KEEPER OF THE VOID,Bob Lind,Baker,1966,2017,country,rap
257177,e61052b5dd3ffd91ba4221346efd8015038a012d,479966,c3604bb2d43dc8b23b8fd7b9563be264600ef4d8,17,0.7898639440536499,Elusive Butterfly,The Dark Tower,Bob Lind,Bliss n Eso,1966,2008,country,rap
257177,e61052b5dd3ffd91ba4221346efd8015038a012d,381066,ca6713dc5ec8c36c1a48ff28cbd70eb2b0ca578e,18,0.7960485816001892,Elusive Butterfly,Linda Paloma,Bob Lind,Jackson Browne,1966,1976,country,pop
257177,e61052b5dd3ffd91ba4221346efd8015038a012d,54205,1b29ad574edf4f0251eb587c82479b4270045564,19,0.7843277454376221,Elusive Butterfly,TMT,Bob Lind,Stray Kids,1966,2019,country,pop
257177,e61052b5dd3ffd91ba4221346efd8015038a012d,223257,fa08678e517fc517999891a98ec25038a59e5ecb,20,0.7735514640808105,Elusive Butterfly,Spring MCMLXXIV,Bob Lind,Opeth,1966,2016,country,rock
254135,b778fd3ba61b7a7c18b5153a873a5c671e9a2c88,299548,ae55e542c43cb5505ef07e28a1825e4300069c0a,1,0.8460797071456909,Oblivion,Bipolar,Lost Dog Street Band,Clayton Jennings,2013,2019,country,rap
254135,b778fd3ba61b7a7c18b5153a873a5c671e9a2c88,268594,dacfad1863e7b91d8acef63a92ad94fbfb44f002,2,0.8289908170700073,Oblivion,Lord Give Me Hope,Lost Dog Street Band,Daniel Johnston,2013,1988,country,rock
254135,b778fd3ba61b7a7c18b5153a873a5c671e9a2c88,124198,8604b94c6a147276eea6fd3612583319d9ceb525,3,0.8252096176147461,Oblivion,The Captain,Lost Dog Street Band,Leonard Cohen,2013,1984,country,rock
254135,b778fd3ba61b7a7c18b5153a873a5c671e9a2c88,462492,08b9acf504f998e025d2496fd7711b9c138e037e,4,0.8048527240753174,Oblivion,Diapause,Lost Dog Street Band,Manic Street Preachers,2013,2021,country,rock
254135,b778fd3ba61b7a7c18b5153a873a5c671e9a2c88,93720,300b9074516e3c2a895b191b426f01b4e05ba1ed,5,0.8347629308700562,Oblivion,Valjeans Soliloquy,Lost Dog Street Band,Hugh Jackman,2013,2012,country,pop
254135,b778fd3ba61b7a7c18b5153a873a5c671e9a2c88,329927,70c7646c79dd1ea130f28074349382e652524d43,6,0.8313871622085571,Oblivion,You Eclipsed By Me,Lost Dog Street Band,Atreyu,2013,2004,country,rock
254135,b778fd3ba61b7a7c18b5153a873a5c671e9a2c88,433563,7702955b3696d416300327959c905c8d57ee446f,7,0.8257339596748352,Oblivion,The Years of Death and Dying,Lost Dog Street Band,Exodus,2013,2021,country,rock
254135,b778fd3ba61b7a7c18b5153a873a5c671e9a2c88,157911,a1aea5e7784d2fbe531936be206a642d82264f41,8,0.8230017423629761,Oblivion,Leaves in the Stream,Lost Dog Street Band,Aurelio Voltaire,2013,2017,country,rock
254135,b778fd3ba61b7a7c18b5153a873a5c671e9a2c88,222397,ee40b29bc39a869ce64e62c4dea86a712fd6dffd,9,0.8207575678825378,Oblivion,Deluge,Lost Dog Street Band,Twelve Foot Ninja,2013,2012,country,rock
254135,b778fd3ba61b7a7c18b5153a873a5c671e9a2c88,156723,9262c176a783ef45bfeade683710a55c90a392c0,10,0.828538715839386,Oblivion,Mercy on Me,Lost Dog Street Band,Christina Aguilera,2013,2006,country,pop
254135,b778fd3ba61b7a7c18b5153a873a5c671e9a2c88,137580,4af6f82f56568f1d5d8006b2fe9f133ae946429d,11,0.8277742266654968,Oblivion,With You,Lost Dog Street Band,Marin Hoxha & Chris Linton,2013,2018,country,pop
254135,b778fd3ba61b7a7c18b5153a873a5c671e9a2c88,183593,cc77119751ba47f8d7eaddc1110fe9003015deb7,12,0.8236247301101685,Oblivion,Eustace Scrubb,Lost Dog Street Band,Sarah Sparks,2013,2014,country,pop
254135,b778fd3ba61b7a7c18b5153a873a5c671e9a2c88,76542,4a362a57b24af2ad5bba6a83465bf0cb7faac4bd,13,0.8170062899589539,Oblivion,Woe to the People of Order,Lost Dog Street Band,The Shiny Snivy,2013,2020,country,pop
254135,b778fd3ba61b7a7c18b5153a873a5c671e9a2c88,465247,6708784507fb651e943a6331d248000caf3f2b84,14,0.8318310976028442,Oblivion,Danger,Lost Dog Street Band,Mike and the Moonpies,2013,2019,country,country
254135,b778fd3ba61b7a7c18b5153a873a5c671e9a2c88,351055,cea2cedf815809252956465dd99089142726db9d,15,0.8133265376091003,Oblivion,Jesus and Woody,Lost Dog Street Band,Ry Cooder,2013,2018,country,rock
254135,b778fd3ba61b7a7c18b5153a873a5c671e9a2c88,91073,785a710ce56a35033cc600b55caffe577d10f2b8,16,0.8248378038406372,Oblivion,For the Departed,Lost Dog Street Band,Shayfer James,2013,2011,country,pop
254135,b778fd3ba61b7a7c18b5153a873a5c671e9a2c88,72303,455c0d795ffdfc36d377c15bc0b9da2b97ba4cab,17,0.8235918283462524,Oblivion,Failure,Lost Dog Street Band,Swans,2013,1991,country,rock
254135,b778fd3ba61b7a7c18b5153a873a5c671e9a2c88,298840,8d20b3dba754a044fc741ffda65d665dbc37a659,18,0.834878146648407,Oblivion,Give Up the Ghost,Lost Dog Street Band,Thousand Foot Krutch,2013,2016,country,rock
254135,b778fd3ba61b7a7c18b5153a873a5c671e9a2c88,143159,b39e175a106970c653cc159d77c6467d477dbd4a,19,0.8241267800331116,Oblivion,Save Me,Lost Dog Street Band,Globus,2013,2011,country,pop
254135,b778fd3ba61b7a7c18b5153a873a5c671e9a2c88,503031,50fc02ca57d4ecb07fd05c7831c0fb83566a81fe,20,0.8231139779090881,Oblivion,Save the World,Lost Dog Street Band,Johnald,2013,2022,country,pop
380363,a8f7e9d9d3486eadb788fdcc24baa4f4ab5f61f8,163217,d7319b5cae6a8eb130b74721bc7564138e90f6c7,1,0.7882920503616333,Officer Norris,Ministry of the Torture Couch,Blaze Foley,Busdriver,1999,2015,country,rap
380363,a8f7e9d9d3486eadb788fdcc24baa4f4ab5f61f8,489619,c515e5b5bf0650a1bce5301a8bf3ff3cae4801fd,2,0.753042459487915,Officer Norris,DES_K_TOP,Blaze Foley,Lava La Rue,1999,2018,country,rap
380363,a8f7e9d9d3486eadb788fdcc24baa4f4ab5f61f8,308347,4cdb19e5c264e186e89c6b09bbdc12be1a398edc,3,0.7701854705810547,Officer Norris,One Times Got No Case,Blaze Foley,Sir Mix-a-Lot,1999,1991,country,rap
380363,a8f7e9d9d3486eadb788fdcc24baa4f4ab5f61f8,162090,ffa528c19da6cf349839ca755fb091d62d35c49f,4,0.7726202011108398,Officer Norris,Lil Drummer Boy,Blaze Foley,Lil' Kim,1999,2000,country,rap
380363,a8f7e9d9d3486eadb788fdcc24baa4f4ab5f61f8,50796,bc1738f87d81a6812868a871618b8d06e6ae49d3,5,0.774150013923645,Officer Norris,​Burfi,Blaze Foley,Samsa,1999,2017,country,rap
380363,a8f7e9d9d3486eadb788fdcc24baa4f4ab5f61f8,302492,386c3c3deee1955a6995c642e60fba7b521f6833,6,0.7626835107803345,Officer Norris,Freddie Gray Blues,Blaze Foley,Kevin Devine,1999,2016,country,rock
380363,a8f7e9d9d3486eadb788fdcc24baa4f4ab5f61f8,128845,e4537fbb291af07484e2a781984e5b44fc07ba66,7,0.7464950680732727,Officer Norris,Wooden Box,Blaze Foley,Clever,1999,2019,country,rap
380363,a8f7e9d9d3486eadb788fdcc24baa4f4ab5f61f8,26446,0a312b30a6f4573df1faf16e8be4a9eb89d6fa17,8,0.7615956664085388,Officer Norris,6up 5oh Cop-Out Pro/Con,Blaze Foley,Will Wood and the Tapeworms,1999,2015,country,rock
380363,a8f7e9d9d3486eadb788fdcc24baa4f4ab5f61f8,396742,61238b447cd0317168c140e676424aba823d030a,9,0.752681314945221,Officer Norris,Everyday People,Blaze Foley,CyHi The Prynce,1999,2015,country,rap
380363,a8f7e9d9d3486eadb788fdcc24baa4f4ab5f61f8,254288,82867ec65b8d21fd6c4b0417dbd3e3c803c4ce92,10,0.7354298830032349,Officer Norris,A.C.A.B.,Blaze Foley,The 4-Skins,1999,1982,country,pop
380363,a8f7e9d9d3486eadb788fdcc24baa4f4ab5f61f8,396677,ece89b6bb7795154f7a4d89848388160f1777b96,11,0.7737709283828735,Officer Norris,Mace Windu,Blaze Foley,KXNG Crooked,1999,2017,country,rap
380363,a8f7e9d9d3486eadb788fdcc24baa4f4ab5f61f8,469936,d4ed877c7542e98e447eb3d97fc271adea7359ea,12,0.7450973391532898,Officer Norris,Letter to the Law,Blaze Foley,K-Rino,1999,2013,country,rap
380363,a8f7e9d9d3486eadb788fdcc24baa4f4ab5f61f8,20647,f0cd428e3e913ae01d2874986f88e2b07e4a9df5,13,0.7277929782867432,Officer Norris,Riot Van,Blaze Foley,Arctic Monkeys,1999,2006,country,rock
380363,a8f7e9d9d3486eadb788fdcc24baa4f4ab5f61f8,26743,8fe00d95938c21e8af0938e2a7b861634f3d5a4f,14,0.7414861917495728,Officer Norris,Blood of the Lamb DONDA Original Version,Blaze Foley,Kanye West,1999,2020,country,rap
380363,a8f7e9d9d3486eadb788fdcc24baa4f4ab5f61f8,58950,40076e6c4cd7fc6f4af692e174b8892c87b7401f,15,0.7442263960838318,Officer Norris,White Niggas,Blaze Foley,Jidenna,1999,2017,country,rap
380363,a8f7e9d9d3486eadb788fdcc24baa4f4ab5f61f8,257220,611ec9f4a3ea701aabe301b4fb9140c64f4ca1f5,16,0.7288573384284973,Officer Norris,Dirtfloorcracker,Blaze Foley,Mofro,1999,2004,country,rock
380363,a8f7e9d9d3486eadb788fdcc24baa4f4ab5f61f8,237598,a973eccad3baaf69ebd95d1942d58b3e9f58a0d9,17,0.7406989932060242,Officer Norris,Hands Up,Blaze Foley,Uncle Murda,1999,2014,country,rap
380363,a8f7e9d9d3486eadb788fdcc24baa4f4ab5f61f8,413635,06b832b2515d6884a9ffece60d6cccbdf0823e35,18,0.7634891867637634,Officer Norris,Im Black,Blaze Foley,Scarface,1999,1993,country,rap
380363,a8f7e9d9d3486eadb788fdcc24baa4f4ab5f61f8,98873,7dc3b44533ea4a2f89a48e7cb0d3f915bea5f205,19,0.7424695491790771,Officer Norris,New York City Cops,Blaze Foley,Heems,1999,2012,country,rap
380363,a8f7e9d9d3486eadb788fdcc24baa4f4ab5f61f8,408716,8130e08492a792dca284369a3070d207e08506e4,20,0.7531862258911133,Officer Norris,Coffee Donuts and Death,Blaze Foley,Paris (Rap),1999,1992,country,rap
74604,37a43075decca1adc000d4acb32492fcc73bbb6b,476988,e3bb06c17a75184e51bd54443287861dae6b2ee2,1,0.8018736839294434,More Girls Like You,Hells Angel,Kip Moore,Thurz,2017,2011,country,rap
74604,37a43075decca1adc000d4acb32492fcc73bbb6b,413402,2b671f77f0c47be9bf46a5b6e17be4d35c531e1b,2,0.7775710821151733,More Girls Like You,High Enough,Kip Moore,Derek Minor,2017,2017,country,rap
74604,37a43075decca1adc000d4acb32492fcc73bbb6b,344294,a9543e50c65d7c56ba8a42c07eaa8c84917ec8b8,3,0.7654105424880981,More Girls Like You,Star {Explicit},Kip Moore,Chri$tian Gate$,2017,2020,country,pop
74604,37a43075decca1adc000d4acb32492fcc73bbb6b,511685,398d63ed3d13fa3dcf5690b27325b9b693003ebb,4,0.7782705426216125,More Girls Like You,Lord Knows,Kip Moore,Quelly Woo,2017,2022,country,rap
74604,37a43075decca1adc000d4acb32492fcc73bbb6b,123752,8d391d785fb7055cc5cd2612ca32d96b7cd82bee,5,0.7926489114761353,More Girls Like You,Godly,Kip Moore,Montana of 300,2017,2017,country,rap
74604,37a43075decca1adc000d4acb32492fcc73bbb6b,332380,e213dd432db3d398c0ed9ba3819b176f3f94971b,6,0.7851145267486572,More Girls Like You,Lay Low,Kip Moore,DJ Mykael V,2017,2020,country,rap
74604,37a43075decca1adc000d4acb32492fcc73bbb6b,198466,8f6a1fc699f18b69f72059d740d3a2fbd262ae26,7,0.7959988117218018,More Girls Like You,Runaway Full-length Film,Kip Moore,Kanye West,2017,2010,country,rap
74604,37a43075decca1adc000d4acb32492fcc73bbb6b,441987,b087a7d0228b30f02300e6bdee1b242bc9671e0b,8,0.7864162921905518,More Girls Like You,Kendrick Lamar - Untitled 07 / Levitate Remix By EA$Y TAVEN,Kip Moore,EA$Y TAVEN,2017,2016,country,rap
74604,37a43075decca1adc000d4acb32492fcc73bbb6b,463033,359d702a10e3ed34eba7fe144557c2fa14424448,9,0.7836004495620728,More Girls Like You,Ble$$ings,Kip Moore,ShaqIsDope,2017,2017,country,rap
74604,37a43075decca1adc000d4acb32492fcc73bbb6b,295576,030fa8905c5faf1d0f7a11241baaae8b868e4d1e,10,0.7733950018882751,More Girls Like You,CALAMITY,Kip Moore,King Shelter,2017,2019,country,rock
74604,37a43075decca1adc000d4acb32492fcc73bbb6b,138437,f896b6f64045e18df11fa028631d6436ba94173e,11,0.7892589569091797,More Girls Like You,Imightbreakmyback,Kip Moore,Moxas,2017,2018,country,rap
74604,37a43075decca1adc000d4acb32492fcc73bbb6b,158698,be055c84cc33c5696c418ba797692cd103736a72,12,0.7842928767204285,More Girls Like You,Gimmie,Kip Moore,Derek Minor,2017,2013,country,rap
74604,37a43075decca1adc000d4acb32492fcc73bbb6b,288805,6bc70e3ef29f123cc9c84b2a707023ad38742f4a,13,0.7897074818611145,More Girls Like You,Ascension,Kip Moore,Deante' Hitchcock,2017,2017,country,rap
74604,37a43075decca1adc000d4acb32492fcc73bbb6b,337490,f5a3fff67ab785a243ca2e2fcc392172165eb624,14,0.78743976354599,More Girls Like You,Higher,Kip Moore,Dream Junkies,2017,2013,country,rap
74604,37a43075decca1adc000d4acb32492fcc73bbb6b,130086,821c18735f77cd0c993337ff101a33e7f65a1af9,15,0.7842180728912354,More Girls Like You,Beautiful Lies,Kip Moore,DJ Aliiee,2017,2013,country,rap
74604,37a43075decca1adc000d4acb32492fcc73bbb6b,358150,fa42934964b0115db29565e78bb4a65da5613704,16,0.7800976634025574,More Girls Like You,Constellations,Kip Moore,Blu & Exile,2017,2017,country,rap
74604,37a43075decca1adc000d4acb32492fcc73bbb6b,138774,a91d884aa0b7565b43945a02b379c83e65ba2ca8,17,0.7889768481254578,More Girls Like You,One Knight,Kip Moore,Kirk Knight,2017,2015,country,rap
74604,37a43075decca1adc000d4acb32492fcc73bbb6b,292403,c9bb85f4a1cc21bca9079ca8c57b58f575ccd974,18,0.7740751504898071,More Girls Like You,Gimme Dat,Kip Moore,Ambassador,2017,2008,country,rap
74604,37a43075decca1adc000d4acb32492fcc73bbb6b,202196,aee206bd11671043c0751a038bd782072626d6f6,19,0.7790161371231079,More Girls Like You,Father God,Kip Moore,Iamsu!,2017,2013,country,rap
74604,37a43075decca1adc000d4acb32492fcc73bbb6b,70876,9bba431c8175dd74cc5f95bac5c8fdfeeb9bfae6,20,0.7728793621063232,More Girls Like You,Red Light Freestyle,Kip Moore,G Herbo,2017,2020,country,rap
136040,265c3561dffb8ca1c9d85eb3a1eb19dfa1f31875,320134,b09f51a7a5ddf963657737bbc11e347b722a36c4,1,0.7586430311203003,Suck This Cock Gavin,Juicy Cock,Grant MacDonald,Minionz (rap),2015,2017,country,rb
136040,265c3561dffb8ca1c9d85eb3a1eb19dfa1f31875,402660,3aec06d82c45cc79d7ef47d775a1d64251569465,2,0.7537438869476318,Suck This Cock Gavin,Ram Ranch 54,Grant MacDonald,Grant MacDonald,2015,2018,country,country
136040,265c3561dffb8ca1c9d85eb3a1eb19dfa1f31875,464584,9b567d0a74ab0862ac1470aa7f8145d9130bbd93,3,0.7526045441627502,Suck This Cock Gavin,Prince Harry,Grant MacDonald,Grant MacDonald,2015,2012,country,rock
136040,265c3561dffb8ca1c9d85eb3a1eb19dfa1f31875,156794,fc435a6c0139c776cff6ea702295e65682402df1,4,0.7509617209434509,Suck This Cock Gavin,Space Cowboys,Grant MacDonald,Grant MacDonald,2015,2016,country,rock
136040,265c3561dffb8ca1c9d85eb3a1eb19dfa1f31875,237643,a372ef1f08312ba8c65939336733516eafbf1f1a,5,0.7393022179603577,Suck This Cock Gavin,Freaky Anthem,Grant MacDonald,NLE Choppa,2015,2018,country,rap
136040,265c3561dffb8ca1c9d85eb3a1eb19dfa1f31875,116176,f81a6487a185456426fbd86db04f02824987c933,6,0.7520269751548767,Suck This Cock Gavin,HOLES69 Parody,Grant MacDonald,GayHipHop,2015,2017,country,rap
136040,265c3561dffb8ca1c9d85eb3a1eb19dfa1f31875,666,91efbac963904ba77b7d4a5a8cb4232c6bd668ef,7,0.7539931535720825,Suck This Cock Gavin,Deepthroat,Grant MacDonald,cupcakKe,2015,2015,country,rap
136040,265c3561dffb8ca1c9d85eb3a1eb19dfa1f31875,183465,511ad21e4ed60fc3229e319062fd4ed633daf90d,8,0.754954993724823,Suck This Cock Gavin,You Bitches Loved To Get Fucked In The Ass,Grant MacDonald,Necro,2015,2005,country,rap
136040,265c3561dffb8ca1c9d85eb3a1eb19dfa1f31875,1,2ed78f238d8959f56c85aef6ff8e39179acc73cc,9,0.7512093782424927,Suck This Cock Gavin,WAP,Grant MacDonald,Cardi B,2015,2020,country,rap
136040,265c3561dffb8ca1c9d85eb3a1eb19dfa1f31875,182340,4a16086cb17c2e94eeeda34bea6c370ef27b319b,10,0.746565580368042,Suck This Cock Gavin,Ram Ranch 202,Grant MacDonald,Grant MacDonald,2015,2019,country,pop
136040,265c3561dffb8ca1c9d85eb3a1eb19dfa1f31875,397161,6d19102e7cc2c805191cd501acf5743cf067d4b8,11,0.7526339292526245,Suck This Cock Gavin,Fuck Somebody Else,Grant MacDonald,Foxy Brown,2015,2015,country,pop
136040,265c3561dffb8ca1c9d85eb3a1eb19dfa1f31875,286239,12e7eaba8c4f23c77057c4e3c715a43d1d1a2c10,12,0.753858745098114,Suck This Cock Gavin,Fuck You to the Track,Grant MacDonald,Necro,2015,1992,country,rap
136040,265c3561dffb8ca1c9d85eb3a1eb19dfa1f31875,386851,80cae202da4398dad3f2b6bf19322fa251b079ab,13,0.7490857243537903,Suck This Cock Gavin,Return P.Stunna Diss,Grant MacDonald,King Ru$$,2015,2014,country,rap
136040,265c3561dffb8ca1c9d85eb3a1eb19dfa1f31875,282239,0f5831baa7fba7c353578f7776877559a8900e71,14,0.753521203994751,Suck This Cock Gavin,Woodchuck,Grant MacDonald,Apache,2015,1993,country,rap
136040,265c3561dffb8ca1c9d85eb3a1eb19dfa1f31875,413165,b645f1c00e47a3170312ba07f90c435934d58c51,15,0.7572563290596008,Suck This Cock Gavin,Get a Lil Head,Grant MacDonald,Mack 10,2015,1998,country,rap
136040,265c3561dffb8ca1c9d85eb3a1eb19dfa1f31875,93250,2b991ec72ae4369adcf9b2ca4175ddd079549731,16,0.7531043291091919,Suck This Cock Gavin,B.O.Y.S.N.E.X.T.D.O.O.R,Grant MacDonald,Softwilly,2015,2021,country,rap
136040,265c3561dffb8ca1c9d85eb3a1eb19dfa1f31875,52664,663d1bae079f10a634d1512dd221957642fd26cf,17,0.7451437711715698,Suck This Cock Gavin,Ram Ranch 85,Grant MacDonald,Grant MacDonald,2015,2019,country,country
136040,265c3561dffb8ca1c9d85eb3a1eb19dfa1f31875,303561,b3c59974bd9e102c86394ce548282c54da67b6d5,18,0.7282160520553589,Suck This Cock Gavin,Daddys Girl,Grant MacDonald,ONI INC.,2015,2021,country,rap
136040,265c3561dffb8ca1c9d85eb3a1eb19dfa1f31875,351868,8ecb84108657c8bb4bd7f922f2ceb858b09f1b61,19,0.7196515798568726,Suck This Cock Gavin,Pretty Little Freak,Grant MacDonald,Tommy Lee Sparta,2015,2018,country,rap
136040,265c3561dffb8ca1c9d85eb3a1eb19dfa1f31875,207934,3bde48847e7c1b123231aa92586ef3fbdd095f50,20,0.7440370917320251,Suck This Cock Gavin,Long and Hard Original,Grant MacDonald,Three 6 Mafia,2015,1999,country,rap
452800,f98f783b75011bbeccd55006fc31ec15106f687a,113265,c406c575a4b3498c5584b4c915ec64b46807bdbf,1,0.8259110450744629,Cadillacin,Cadillac,The Cadillac Three,Trae tha Truth,2017,2006,country,rap
452800,f98f783b75011bbeccd55006fc31ec15106f687a,474941,4e990972f2db659a5b56a1f72c9fb3a7dd8bf1e0,2,0.7857871055603027,Cadillacin,What You Wanna Hear,The Cadillac Three,Dustin Lynch,2017,2014,country,country
452800,f98f783b75011bbeccd55006fc31ec15106f687a,166859,805a74b1a7f114acbba9406e29fad05a5283c370,3,0.8101983666419983,Cadillacin,Pink Cadillac,The Cadillac Three,Bruce Springsteen,2017,1984,country,rock
452800,f98f783b75011bbeccd55006fc31ec15106f687a,256131,6451888ac341aa95a41591175a6c46eb66989ccd,4,0.7873566746711731,Cadillacin,Cruzin...,The Cadillac Three,Curren$y,2017,2015,country,rap
452800,f98f783b75011bbeccd55006fc31ec15106f687a,482279,1d952acf9b81a9d4110f4eb35410224946c91189,5,0.8005338907241821,Cadillacin,Paultalk,The Cadillac Three,"Peter, Paul and Mary",2017,1964,country,pop
452800,f98f783b75011bbeccd55006fc31ec15106f687a,199671,ff48864d01cf73bfb57a7f5f72b09d0695b326d5,6,0.7945564985275269,Cadillacin,She Hates the Bass,The Cadillac Three,Stalley,2017,2011,country,rap
452800,f98f783b75011bbeccd55006fc31ec15106f687a,495181,88b2519d5ce1d58852bcfbdcca4f8e2c77ac8229,7,0.8100309371948242,Cadillacin,Hot Wheels,The Cadillac Three,Jim Crow,2017,2011,country,rap
452800,f98f783b75011bbeccd55006fc31ec15106f687a,195628,25d95fd52e38194eb6bfe303128cef2af17fd79e,8,0.8161375522613525,Cadillacin,What You Know About It?,The Cadillac Three,Big K.R.I.T.,2017,2014,country,rap
452800,f98f783b75011bbeccd55006fc31ec15106f687a,272151,02a33f887bb3bbac5d590a5e5e3768014a8282cd,9,0.8058897256851196,Cadillacin,Nighthawks Postcards From Easystreet,The Cadillac Three,Tom Waits,2017,1975,country,rock
452800,f98f783b75011bbeccd55006fc31ec15106f687a,99845,7528dca8cf431511374107f7546646dfd2271a89,10,0.7683423757553101,Cadillacin,Sixteen Switches Part 2,The Cadillac Three,Curren$y,2017,2013,country,rap
452800,f98f783b75011bbeccd55006fc31ec15106f687a,170885,30fdb46912925cad5d40b025f76c94bf4ecd6bf5,11,0.8136982321739197,Cadillacin,Slapp,The Cadillac Three,Stalley,2017,2011,country,rap
452800,f98f783b75011bbeccd55006fc31ec15106f687a,357051,822fc64cb8a09d1fd2f0e47e54c8dad953ef71cc,12,0.7984827756881714,Cadillacin,Belly Full,The Cadillac Three,"MED, Blu, & Madlib",2017,2013,country,rap
452800,f98f783b75011bbeccd55006fc31ec15106f687a,363670,3d3d8beab6d0e3cf208b410229d9a15bc6871f2c,13,0.7858785390853882,Cadillacin,I Dont Like the Look of It,The Cadillac Three,Da Backwudz,2017,2006,country,rap
452800,f98f783b75011bbeccd55006fc31ec15106f687a,355057,580afbbd4ef1f8f3b0972e12904a85d0aabb751f,14,0.8120794296264648,Cadillacin,Heavy Chevys,The Cadillac Three,T.I.,2017,2001,country,rap
452800,f98f783b75011bbeccd55006fc31ec15106f687a,1032,7d846d7e564de7ec037a7db9405d87f452699a52,15,0.8136014938354492,Cadillacin,White Walls,The Cadillac Three,Macklemore & Ryan Lewis,2017,2013,country,rap
452800,f98f783b75011bbeccd55006fc31ec15106f687a,158086,eb81a118250a15ffed248a0e528b0bd5b6a7c259,16,0.7912108302116394,Cadillacin,Ignition Remix Pt.2,The Cadillac Three,R. Kelly,2017,2011,country,rap
452800,f98f783b75011bbeccd55006fc31ec15106f687a,217098,a2f6099b87b377fcbc3c79979b1c3ff2b6b1b323,17,0.7979167103767395,Cadillacin,Spaceships  Woodgrain,The Cadillac Three,Stalley,2017,2013,country,rap
452800,f98f783b75011bbeccd55006fc31ec15106f687a,252570,629c917ad1aed5c477e9ba8832ad2002868b99fe,18,0.7992457151412964,Cadillacin,Rush Hour Traffic,The Cadillac Three,The Cool Kids,2017,2011,country,rap
452800,f98f783b75011bbeccd55006fc31ec15106f687a,212693,97e27464b62510d7c8866c1fcb75a2cc73423119,19,0.7908775210380554,Cadillacin,Showstopper Remix,The Cadillac Three,Danity Kane,2017,2006,country,rap
452800,f98f783b75011bbeccd55006fc31ec15106f687a,236035,7bb8e5fc5a96930b6d3e3cf675cbac0e7725f21d,20,0.814230740070343,Cadillacin,Nights Like This,The Cadillac Three,Curren$y,2017,2014,country,rap
391688,77f283fa78ac60923e0ba30a2e628c651f31bb04,124073,29fa44387a1abc77a7fc7af4239de1633e187037,1,0.8323614001274109,A Day for the Cat in the Hat,Last Thoughts on Woody Guthrie,Stephen Flaherty,Bob Dylan,2001,1991,misc,misc
391688,77f283fa78ac60923e0ba30a2e628c651f31bb04,152964,0f70353420ffca4e3e073e9d8af6060370796f15,2,0.8321743607521057,A Day for the Cat in the Hat,Town Meeting Song,Stephen Flaherty,Cast of the Nightmare Before Christmas & Danny Elfman,2001,1993,misc,pop
391688,77f283fa78ac60923e0ba30a2e628c651f31bb04,170049,cebdad9955404761068f15ebe926a778f33116cd,3,0.8210075497627258,A Day for the Cat in the Hat,At the End of the Day,Stephen Flaherty,Hugh Jackman & Anne Hathaway,2001,2012,misc,pop
391688,77f283fa78ac60923e0ba30a2e628c651f31bb04,303143,b1e45684d81062766ea3ddf94fcd070d342f37ed,4,0.8252681493759155,A Day for the Cat in the Hat,White Summer Dress,Stephen Flaherty,Taylor John Williams,2001,2017,misc,rock
391688,77f283fa78ac60923e0ba30a2e628c651f31bb04,5808,80c42cf14f5df31b0fddc3d268d86cf0aa2c34d9,5,0.8090018630027771,A Day for the Cat in the Hat,Mardy Bum,Stephen Flaherty,Arctic Monkeys,2001,2006,misc,rock
391688,77f283fa78ac60923e0ba30a2e628c651f31bb04,298152,0309db3aa2d615d62569e34d8c5b003f9e282bf4,6,0.8218744993209839,A Day for the Cat in the Hat,Bad Blood,Stephen Flaherty,Bright Eyes,2001,2006,misc,rock
391688,77f283fa78ac60923e0ba30a2e628c651f31bb04,411189,9d56e7a1ee49f0c57c7af22a44257b266b98c7ed,7,0.8171539306640625,A Day for the Cat in the Hat,Scrooge vs The Grinch. Epic Rap Battles of Christmas,Stephen Flaherty,The Crossing Curch,2001,2013,misc,rap
391688,77f283fa78ac60923e0ba30a2e628c651f31bb04,125513,e771e8af7580c3be039ac8a0d58d5f4b5fa1fad5,8,0.8199320435523987,A Day for the Cat in the Hat,Fur In My Cap,Stephen Flaherty,Rob Roy,2001,2010,misc,rap
391688,77f283fa78ac60923e0ba30a2e628c651f31bb04,494636,cdb6af7235dfbea9f967908fbd7da9ce71f42a9c,9,0.8076984882354736,A Day for the Cat in the Hat,Faux Guernica,Stephen Flaherty,Christian Kjellvander,2001,2018,misc,rock
391688,77f283fa78ac60923e0ba30a2e628c651f31bb04,426943,5d463e0653a00b9c65c2e16b7450f5eb1877e455,10,0.8102385997772217,A Day for the Cat in the Hat,What If The Hokey-Pokey Is All It Really Is About?,Stephen Flaherty,Jimmy Buffett,2001,2002,misc,country
391688,77f283fa78ac60923e0ba30a2e628c651f31bb04,426061,e9e29963b3b751c8b37a1c4c181e47dfa12e8e01,11,0.8281499147415161,A Day for the Cat in the Hat,Homophobia in 2018 | Time for Love,Stephen Flaherty,Sean Lionadh,2001,2018,misc,misc
391688,77f283fa78ac60923e0ba30a2e628c651f31bb04,413398,b84c21a34bf25e92cf4537dfdaecbab96657dae3,12,0.8283786773681641,A Day for the Cat in the Hat,Amazing Pt. 2,Stephen Flaherty,Bohdi,2001,2017,misc,rap
391688,77f283fa78ac60923e0ba30a2e628c651f31bb04,266943,970e333d8996ddf84bd38e84a0c51f28f0a7f7b5,13,0.8208863735198975,A Day for the Cat in the Hat,​goal of the century,Stephen Flaherty,Gang of Youths,2001,2022,misc,rock
391688,77f283fa78ac60923e0ba30a2e628c651f31bb04,27814,3a2ff77b9e7ea6b858c156d1838e7f69ce5e5eaa,14,0.8079327940940857,A Day for the Cat in the Hat,Home,Stephen Flaherty,LCD Soundsystem,2001,2010,misc,rock
391688,77f283fa78ac60923e0ba30a2e628c651f31bb04,40959,97b567a503b8d059a3c7d54568db27db2e701bb2,15,0.8104026317596436,A Day for the Cat in the Hat,RABi,Stephen Flaherty,Bon Iver,2001,2019,misc,rock
391688,77f283fa78ac60923e0ba30a2e628c651f31bb04,182937,0e157e62a4f925d67e24431be6b916a27a64c844,16,0.8060399889945984,A Day for the Cat in the Hat,Rae Street,Stephen Flaherty,Courtney Barnett,2001,2021,misc,rock
391688,77f283fa78ac60923e0ba30a2e628c651f31bb04,184714,fb2cf18efdf1337a4fac085830e8af6f0ff46a71,17,0.8084160089492798,A Day for the Cat in the Hat,The Other Side,Stephen Flaherty,Intellegentz (FGTeeV Duddy),2001,2018,misc,rap
391688,77f283fa78ac60923e0ba30a2e628c651f31bb04,383134,c147d09a2c6a5db2baebd7668cfb1a750f111bc1,18,0.8194617033004761,A Day for the Cat in the Hat,7:00pm,Stephen Flaherty,Penelope Scott,2001,2019,misc,pop
391688,77f283fa78ac60923e0ba30a2e628c651f31bb04,137573,6e07350bccc0fb41e7f5b60a77d5ec21819c8fb7,19,0.799809455871582,A Day for the Cat in the Hat,Giants in the Sky,Stephen Flaherty,Daniel Huttlestone,2001,2014,misc,pop
391688,77f283fa78ac60923e0ba30a2e628c651f31bb04,261413,1a603c4d05772f973194f7b116c092b8c3b0fc2b,20,0.8184689283370972,A Day for the Cat in the Hat,Wishing Well,Stephen Flaherty,The Airborne Toxic Event,2001,2008,misc,rock
202729,2fb162779e1c68875a1406c2f288d0ef32430a60,53855,df58f89187f4b11129f6d9e14bbdc84150a36d34,1,0.8863550424575806,Eye of the Storm,Anchor,Ryan Stevenson,Beautiful Eulogy,2015,2012,misc,rap
202729,2fb162779e1c68875a1406c2f288d0ef32430a60,59380,f4b0f2b27cb0eb1f8c20946134de6004fa07db92,2,0.8828304409980774,Eye of the Storm,Prince of Peace,Ryan Stevenson,Hillsong UNITED,2015,2015,misc,pop
202729,2fb162779e1c68875a1406c2f288d0ef32430a60,470590,3b308186a98c442d7860ff1ed7276e44b9dd8160,3,0.8696098923683167,Eye of the Storm,Praise You In The Storm Acoustic,Ryan Stevenson,Casting Crowns,2015,2013,misc,pop
202729,2fb162779e1c68875a1406c2f288d0ef32430a60,199809,8ff49bf9fe77290817fcfc20db3eeca09b8c8c88,4,0.8729065656661987,Eye of the Storm,Peace,Ryan Stevenson,Josh Baldwin,2015,2017,misc,misc
202729,2fb162779e1c68875a1406c2f288d0ef32430a60,330134,897d26dd3327a70744b95d362c86305821318178,5,0.8705902099609375,Eye of the Storm,Peace In The Midst Of The Storm,Ryan Stevenson,Shirley Caesar,2015,2015,misc,pop
202729,2fb162779e1c68875a1406c2f288d0ef32430a60,404514,379d76299659739f1ee2ed2267380f71d2dfd6cb,6,0.8641864657402039,Eye of the Storm,Nostos,Ryan Stevenson,Orion's Reign,2015,2018,misc,rock
202729,2fb162779e1c68875a1406c2f288d0ef32430a60,422998,4f755dbc3f02201ed3094c56eabdb0328a33d078,7,0.8554269075393677,Eye of the Storm,You Are with Me,Ryan Stevenson,Andrew Marcus,2015,2016,misc,pop
202729,2fb162779e1c68875a1406c2f288d0ef32430a60,221420,d202278326ccac624a016fe388ee9e1360a9f4d6,8,0.8647526502609253,Eye of the Storm,Silent Tears of Frozen Princess,Ryan Stevenson,Gloryhammer,2015,2013,misc,rock
202729,2fb162779e1c68875a1406c2f288d0ef32430a60,390643,5f870ee6a84b7054dcc2fa467fc7ac4a9bf81b2f,9,0.8646011352539062,Eye of the Storm,Valiant Visions Dawn,Ryan Stevenson,Magna Carta Cartel,2015,2008,misc,rock
202729,2fb162779e1c68875a1406c2f288d0ef32430a60,420514,361e6fcfa050d3781831785a007da6d340e3031e,10,0.8446493744850159,Eye of the Storm,Cant Let Go,Ryan Stevenson,Json,2015,2013,misc,rap
202729,2fb162779e1c68875a1406c2f288d0ef32430a60,382832,7d1ed2db589cb51b783d6e9c8d33bd8995a28c52,11,0.8587456345558167,Eye of the Storm,Shepherds Hymn,Ryan Stevenson,Comrades,2015,2016,misc,rock
202729,2fb162779e1c68875a1406c2f288d0ef32430a60,357904,17af8cba63f5dafd36b13bb644aa93346dfbaffd,12,0.8549480438232422,Eye of the Storm,The Answer,Ryan Stevenson,Corrinne May,2015,2006,misc,pop
202729,2fb162779e1c68875a1406c2f288d0ef32430a60,177919,d1db25e15e151363f288a89b58807690c75984ce,13,0.8508090972900391,Eye of the Storm,Autumn,Ryan Stevenson,Brandon Banks,2015,2018,misc,rb
202729,2fb162779e1c68875a1406c2f288d0ef32430a60,499152,a20fcd59015d18eb768e2adef7231b1a43041c12,14,0.8454287052154541,Eye of the Storm,My Constellation,Ryan Stevenson,Lord of the Lost,2015,2021,misc,rock
202729,2fb162779e1c68875a1406c2f288d0ef32430a60,490993,9e081f8cdf0e3ba023c0747982252ec8f66fdc9c,15,0.8486136198043823,Eye of the Storm,Kathys Song,Ryan Stevenson,Paul Simon,2015,1965,misc,rock
202729,2fb162779e1c68875a1406c2f288d0ef32430a60,103072,17ef8b11d1a1ca25d52c770cc6302b040a63791d,16,0.8588371276855469,Eye of the Storm,Rivers Between Us,Ryan Stevenson,Draconian,2015,2015,misc,misc
202729,2fb162779e1c68875a1406c2f288d0ef32430a60,468189,9ae66ec71878384d3d0e49069a163e3420e82619,17,0.8517239689826965,Eye of the Storm,Anchor Me,Ryan Stevenson,The Tenors,2015,2015,misc,pop
202729,2fb162779e1c68875a1406c2f288d0ef32430a60,322493,aa3d3abf6e4e6585c971f805c9a3f475e6b3d79d,18,0.8349462151527405,Eye of the Storm,Hope for It,Ryan Stevenson,Cimorelli,2015,2017,misc,pop
202729,2fb162779e1c68875a1406c2f288d0ef32430a60,120231,d7aefe502ab70382dcb2a10b83b11529c4807069,19,0.8420325517654419,Eye of the Storm,Of Crows and Crowns,Ryan Stevenson,Dustin Kensrue,2015,2015,misc,rock
202729,2fb162779e1c68875a1406c2f288d0ef32430a60,447016,16b557a13ddbb596d200488b923442f762210e2b,20,0.8461290597915649,Eye of the Storm,Still My Soul Be Still,Ryan Stevenson,Keith & Kristyn Getty,2015,2009,misc,pop
187593,c1df923203536a0833ee57775996ec70c298584f,83147,30d4224214720e14c47e3da6746b2b14a8792e3d,1,0.8136102557182312,Chill Out,Coolin,Naman,Bliss n Eso,2015,2017,misc,rap
187593,c1df923203536a0833ee57775996ec70c298584f,87150,1696452ba527b7f85c8e3165acf4cb2823627f54,2,0.7962781190872192,Chill Out,칠리 Chilli,Naman,SEVENTEEN,2015,2019,misc,pop
187593,c1df923203536a0833ee57775996ec70c298584f,134488,cfb340d4d328fac2f3f296e317cdea1663c06f42,3,0.7655147314071655,Chill Out,Grind Day Remix,Naman,Kwesi Arthur,2015,2017,misc,rap
187593,c1df923203536a0833ee57775996ec70c298584f,186037,088762538c5881557f21e28cdc4f70cae4037f4e,4,0.801666259765625,Chill Out,Mi Alright,Naman,Chronixx,2015,2013,misc,pop
187593,c1df923203536a0833ee57775996ec70c298584f,402019,a17a57a71f99fed99bfaeb694ea97f11300f1bf2,5,0.8115828037261963,Chill Out,The Ultimate Vacation,Naman,Chamillionaire,2015,2007,misc,rap
187593,c1df923203536a0833ee57775996ec70c298584f,493063,c7fb3bc1199d801bd216379391b68df5d2131063,6,0.8039857149124146,Chill Out,Stay Cool,Naman,Classified,2015,2011,misc,rap
187593,c1df923203536a0833ee57775996ec70c298584f,74307,28a2949c5a2e3e4fdb1a03ab002fff752c72605d,7,0.7938721776008606,Chill Out,One Life,Naman,Alkaline,2015,2016,misc,rap
187593,c1df923203536a0833ee57775996ec70c298584f,96827,b2220db173b717a4000a4362c238da4b6a540f32,8,0.8055737018585205,Chill Out,Vibes,Naman,Kawaii V,2015,2018,misc,rap
187593,c1df923203536a0833ee57775996ec70c298584f,444990,d1226bd690c58116630a11a80cc80330d2b9f0d8,9,0.7947664260864258,Chill Out,X10,Naman,Koffee,2015,2022,misc,pop
187593,c1df923203536a0833ee57775996ec70c298584f,12228,23bbc830934cee54078e10c8228844aa73eb04d1,10,0.7765970230102539,Chill Out,Chills,Naman,Why Don't We,2015,2019,misc,pop
187593,c1df923203536a0833ee57775996ec70c298584f,212582,1a479156af6a31a450a061a0f59ad326a92414f3,11,0.7911563515663147,Chill Out,Uthando,Naman,Stilo Magolide,2015,2019,misc,rap
187593,c1df923203536a0833ee57775996ec70c298584f,303221,c9d56c25b97201b7e20c4f465e1492119fc09f71,12,0.7948958873748779,Chill Out,Ganja Man Rough,Naman,Lil Buddha,2015,2020,misc,rap
187593,c1df923203536a0833ee57775996ec70c298584f,367191,91c6ffec50a92913353206a5004801a5557c757a,13,0.7847853899002075,Chill Out,Bedroom,Naman,Kylof Sze,2015,2021,misc,pop
187593,c1df923203536a0833ee57775996ec70c298584f,203617,6213d61263596c6aa6534c8a207d1b93d9eec40c,14,0.7767396569252014,Chill Out,Winter blossom,Naman,Dept (),2015,2021,misc,rb
187593,c1df923203536a0833ee57775996ec70c298584f,147224,b7510b1b33e0c433f9428496218c5f271cc018f6,15,0.7816442847251892,Chill Out,Creepin,Naman,Bladee,2015,2015,misc,rap
187593,c1df923203536a0833ee57775996ec70c298584f,18799,564e9f492cff7d59e9f361b332434b688d2128bd,16,0.7711046934127808,Chill Out,Cold,Naman,Stormzy,2015,2017,misc,rap
187593,c1df923203536a0833ee57775996ec70c298584f,326323,1e7dddba53ff7e42ba45cebbafb31d3eeeb11dd9,17,0.7802239656448364,Chill Out,Have a Nice Day,Naman,SonReal,2015,2018,misc,rap
187593,c1df923203536a0833ee57775996ec70c298584f,415944,d83a02d6e8632b6b16d7d7d40be73553df6d0a3a,18,0.7974536418914795,Chill Out,Bashment Boogie,Naman,Roots Manuva,2015,2001,misc,rap
187593,c1df923203536a0833ee57775996ec70c298584f,101661,732d16d068087d95eafab3f7727526c3361f543e,19,0.7968559861183167,Chill Out,I Feel Good,Naman,Jay Electronica,2015,2007,misc,rap
187593,c1df923203536a0833ee57775996ec70c298584f,174464,cbd3bca1330e4697f388bb840de7dd239a3ccbb6,20,0.8015954494476318,Chill Out,EXTREME MEME MUSIC MEGAMASHUP 2,Naman,DaymanOurSavior,2015,2018,misc,pop
323949,b675123bacb1fea38c607285fabf1d6958f5c64b,45511,a9821acb073ac5b9603d043a7f4af95cef4f8c2b,1,0.8988670110702515,The Godfather 2 Scene 2,The Godfather Wedding Scene,The Godfather (Film),The Godfather (Film),1974,1972,misc,misc
323949,b675123bacb1fea38c607285fabf1d6958f5c64b,389734,3d533fe0c6eea7d6a9904b0517bb0d56b0a22982,2,0.8907976150512695,The Godfather 2 Scene 2,The Godfather 2 Scene 1,The Godfather (Film),The Godfather (Film),1974,1974,misc,misc
323949,b675123bacb1fea38c607285fabf1d6958f5c64b,275531,3d594f6dc6fc4856bf55d5e97a9931f021dbfe55,3,0.8723630309104919,The Godfather 2 Scene 2,The Godfather Scene 4,The Godfather (Film),Francis Ford Coppola,1974,1972,misc,misc
323949,b675123bacb1fea38c607285fabf1d6958f5c64b,221367,69baed9b371be078bd30a20596a104394ecda954,4,0.8644420504570007,The Godfather 2 Scene 2,The Godfather Scene 8,The Godfather (Film),Francis Ford Coppola,1974,1972,misc,misc
323949,b675123bacb1fea38c607285fabf1d6958f5c64b,490768,b585130bc4df89419fd93c55b76c6f3dac81c0e9,5,0.8352611064910889,The Godfather 2 Scene 2,The Godfather 2 Scene 6,The Godfather (Film),The Godfather (Film),1974,1974,misc,misc
323949,b675123bacb1fea38c607285fabf1d6958f5c64b,246206,f4c9c187622b5c0931ab5a38370133815dd89a25,6,0.8525444269180298,The Godfather 2 Scene 2,The Godfather Scene 9,The Godfather (Film),Francis Ford Coppola,1974,1972,misc,misc
323949,b675123bacb1fea38c607285fabf1d6958f5c64b,348200,ec12db76bfc9df9b06797d510f35a8d678bcc69e,7,0.8273030519485474,The Godfather 2 Scene 2,Pilot,The Godfather (Film),Prison Break,1974,2005,misc,misc
323949,b675123bacb1fea38c607285fabf1d6958f5c64b,442753,689b86594821a674d0eed5fa6afe92c7b00e09dd,8,0.8633860349655151,The Godfather 2 Scene 2,The Godfather Scene 3,The Godfather (Film),Francis Ford Coppola,1974,1972,misc,misc
323949,b675123bacb1fea38c607285fabf1d6958f5c64b,186612,d6f1e3f8422540ba76c6e83112c803a996f4d334,9,0.832435131072998,The Godfather 2 Scene 2,The Godfather Scene 10,The Godfather (Film),Francis Ford Coppola,1974,1972,misc,misc
323949,b675123bacb1fea38c607285fabf1d6958f5c64b,251831,9e0c8e1c718067c97ee75de4f721e635bb8679fd,10,0.7882381677627563,The Godfather 2 Scene 2,Down Will Come Script,The Godfather (Film),True Detective,1974,2015,misc,misc
323949,b675123bacb1fea38c607285fabf1d6958f5c64b,309164,829f1a940bcb485fad85a1f7d6105a93a4756830,11,0.8238390684127808,The Godfather 2 Scene 2,The Godfather Scene 7,The Godfather (Film),Francis Ford Coppola,1974,1972,misc,misc
323949,b675123bacb1fea38c607285fabf1d6958f5c64b,115768,1e4e688bd0e78e99f32e35d181e78fb88165ada1,12,0.7645561099052429,The Godfather 2 Scene 2,The Martini,The Godfather (Film),Tech N9ne,1974,2009,misc,rap
323949,b675123bacb1fea38c607285fabf1d6958f5c64b,450969,7d9394b2b1f4fdc76e6ca31df9012c6d1b99e608,13,0.7725434899330139,The Godfather 2 Scene 2,World on Fire,The Godfather (Film),Daredevil,1974,2015,misc,misc
323949,b675123bacb1fea38c607285fabf1d6958f5c64b,362702,c93c08756fbd5b35f952ed70071d6994671d33c9,14,0.7659417986869812,The Godfather 2 Scene 2,Goodfellas Scene 3,The Godfather (Film),Martin Scorsese,1974,1990,misc,misc
323949,b675123bacb1fea38c607285fabf1d6958f5c64b,146465,b05ff85e23122dc134dfa888035d1069d14d47cf,15,0.7567616701126099,The Godfather 2 Scene 2,Pilot Script,The Godfather (Film),Modern Family,1974,2015,misc,misc
323949,b675123bacb1fea38c607285fabf1d6958f5c64b,514579,d84189e991dd77c069d322cec38ce54e075d272d,16,0.7487047910690308,The Godfather 2 Scene 2,Fresh Finds: Pop 1/12/2022,The Godfather (Film),Spotify,1974,2022,misc,pop
323949,b675123bacb1fea38c607285fabf1d6958f5c64b,133900,44db37f2017f68c3fb0ff008252ba2a12f0558c7,17,0.7172166109085083,The Godfather 2 Scene 2,Color Struck,The Godfather (Film),Zora Neale Hurston,1974,2014,misc,misc
323949,b675123bacb1fea38c607285fabf1d6958f5c64b,168114,99b4d967e49d8f88a90518991d0a3a451abe999c,18,0.7624830603599548,The Godfather 2 Scene 2,VINCENT VEGA AND MARSELLUS WALLACES WIFE,The Godfather (Film),Quentin Tarantino,1974,1994,misc,misc
323949,b675123bacb1fea38c607285fabf1d6958f5c64b,22795,65501c64ad49b0565b80685686b8d3921b8e820b,19,0.7452356815338135,The Godfather 2 Scene 2,Because the internet Screenplay - Part 2,The Godfather (Film),Childish Gambino,1974,2013,misc,misc
323949,b675123bacb1fea38c607285fabf1d6958f5c64b,175106,c98d41021251f9bfbfd39278026325fd7f865e77,20,0.7470378875732422,The Godfather 2 Scene 2,Moonlighting,The Godfather (Film),Ardijah,1974,2004,misc,pop
413204,5619d8dad88f076287e3eca7ba0e16ec2d77be8b,455858,2d3152fe6aafa7b98ffac79b0b87d7b0cd65357b,1,0.7977782487869263,My Five Year Plan,The Plan,Listener,A-1 (Rap),2009,2015,misc,rap
413204,5619d8dad88f076287e3eca7ba0e16ec2d77be8b,508433,1c198a589e1a75c7b912666f8ade31af10273593,2,0.7863165736198425,My Five Year Plan,10 Year Plan,Listener,The Shires,2009,2022,misc,country
413204,5619d8dad88f076287e3eca7ba0e16ec2d77be8b,12389,710f6f91e306b6ccf576a9e345735fed82a5de7f,3,0.7901277542114258,My Five Year Plan,Free,Listener,Barbie,2009,2004,misc,pop
413204,5619d8dad88f076287e3eca7ba0e16ec2d77be8b,191486,3f98482cdc8fff63032491da1e5a782c58b84cca,4,0.7442229390144348,My Five Year Plan,Aint My Last Dance,Listener,Five Finger Death Punch,2009,2015,misc,rock
413204,5619d8dad88f076287e3eca7ba0e16ec2d77be8b,464087,534e073f5b12854f9311a6b3111c0bfaaf0c5ab2,5,0.7597022652626038,My Five Year Plan,The Commitment,Listener,Sabac,2009,2008,misc,rap
413204,5619d8dad88f076287e3eca7ba0e16ec2d77be8b,219461,18de3c309f5d75617da5dd34efc51a8df3a3ffc5,6,0.7465239763259888,My Five Year Plan,How to Screw Up Your Future and Disappoint Your Loved Ones,Listener,Settle Your Scores,2009,2016,misc,rock
413204,5619d8dad88f076287e3eca7ba0e16ec2d77be8b,318985,07b935ffbfa97a678c2f026512878a4bc5ce0e72,7,0.7572450041770935,My Five Year Plan,This Is What I Know About Sacrifice,Listener,The Ghost Inside,2009,2012,misc,rock
413204,5619d8dad88f076287e3eca7ba0e16ec2d77be8b,426205,fabf8553d5f48fce337cee2351d25839a35f50e1,8,0.7506023645401001,My Five Year Plan,Everything,Listener,Beth McCarthy,2009,2019,misc,pop
413204,5619d8dad88f076287e3eca7ba0e16ec2d77be8b,456315,db33d915e4579d9b65d37d766892a0a99cfb7e83,9,0.7687530517578125,My Five Year Plan,Guidance,Listener,Guru,2009,2000,misc,rap
413204,5619d8dad88f076287e3eca7ba0e16ec2d77be8b,514796,9c827ed752ff6d553af9926d1bb41bee3aca907b,10,0.7515851259231567,My Five Year Plan,Havin a Plan,Listener,Central Park Cast,2009,2022,misc,pop
413204,5619d8dad88f076287e3eca7ba0e16ec2d77be8b,175130,7eba01f2c45f5002e4a03ae4d8c5abce23ff2784,11,0.7587814927101135,My Five Year Plan,More Than Mine,Listener,Quadeca,2009,2021,misc,rap
413204,5619d8dad88f076287e3eca7ba0e16ec2d77be8b,144178,5cf3995284fe435e6335aaa2fa0c4b173e0e466b,12,0.7747445106506348,My Five Year Plan,Own This City,Listener,Kendrick Lamar,2009,2018,misc,rap
413204,5619d8dad88f076287e3eca7ba0e16ec2d77be8b,296192,1af66c68445b11c95a8a1cbaf9b36a5c0ecf08b6,13,0.7625181674957275,My Five Year Plan,Newtons Third Law of Knives to the Back,Listener,Ice Nine Kills,2009,2010,misc,rock
413204,5619d8dad88f076287e3eca7ba0e16ec2d77be8b,505706,b0e051174d6c03c2c6b125a29e15102b6331b724,14,0.7611258029937744,My Five Year Plan,Perfect Timing,Listener,Asiah,2009,2022,misc,rb
413204,5619d8dad88f076287e3eca7ba0e16ec2d77be8b,403499,aaa19bb42f5d6527a7ecf8b6964fc612b4db1bf5,15,0.7548849582672119,My Five Year Plan,I’m This Close To Quitting My Job,Listener,Miles Carter,2009,2019,misc,misc
413204,5619d8dad88f076287e3eca7ba0e16ec2d77be8b,167548,5fe03f0ef749e36d0272307c4755b4014a231dc7,16,0.7608680725097656,My Five Year Plan,Search Party,Listener,George The Poet,2009,2015,misc,rap
413204,5619d8dad88f076287e3eca7ba0e16ec2d77be8b,478428,a35f5025c2c3eb5c4490293f4e0a302e331c67ef,17,0.7428619265556335,My Five Year Plan,Food for Thought,Listener,Mattiel,2009,2019,misc,rock
413204,5619d8dad88f076287e3eca7ba0e16ec2d77be8b,376496,37c6d4efad74e58844ddb5e263c00ff63cdb12bf,18,0.7640499472618103,My Five Year Plan,Better Get to Livin’,Listener,Dolly Parton,2009,2007,misc,country
413204,5619d8dad88f076287e3eca7ba0e16ec2d77be8b,390700,c78466c9464cd6b656f74aa851198d28aa4af174,19,0.7678734064102173,My Five Year Plan,Do What You Love,Listener,Hi-Rez,2009,2012,misc,rap
413204,5619d8dad88f076287e3eca7ba0e16ec2d77be8b,439464,a24838f2dd08f2000dd1e03e71fe3b8584522669,20,0.7732924222946167,My Five Year Plan,Jury,Listener,Raekwon,2009,1999,misc,rap
98486,48bd22d62233b8e0ee5396c3aaa4d7f4b721b527,273845,488e20f6a0b7dbe8fc2d12d16a36f39bf80e6ed7,1,0.8183531165122986,Grendel Chapter 1,Aradia,John Gardner,AngelMaker,2014,2016,misc,rock
98486,48bd22d62233b8e0ee5396c3aaa4d7f4b721b527,151395,1b6cfc3477f80d3367e1775a889f6e4c76b923bd,2,0.8069268465042114,Grendel Chapter 1,The Erl-King,John Gardner,Angela Carter,2014,1979,misc,misc
98486,48bd22d62233b8e0ee5396c3aaa4d7f4b721b527,250811,40bd7bd02b67067414733fe09030ba7a583132ef,3,0.7972478866577148,Grendel Chapter 1,House of Ravens,John Gardner,Yugen Blakrok,2014,2013,misc,rap
98486,48bd22d62233b8e0ee5396c3aaa4d7f4b721b527,127929,399eafa446c002a158a92a12c7fdcfb84c3852ec,4,0.8093541860580444,Grendel Chapter 1,Eden,John Gardner,Sadistik,2014,2019,misc,rap
98486,48bd22d62233b8e0ee5396c3aaa4d7f4b721b527,437894,e8f0d87d84e28eda84b272db9a49e600b7e8e080,5,0.7904979586601257,Grendel Chapter 1,Lord Of Woe,John Gardner,Make Them Suffer,2014,2016,misc,pop
98486,48bd22d62233b8e0ee5396c3aaa4d7f4b721b527,475710,ba2310c5e345eab13334330cc13fe211f1fc372a,6,0.7908344268798828,Grendel Chapter 1,Welcome to the Show,John Gardner,The Jokerr,2014,2009,misc,rap
98486,48bd22d62233b8e0ee5396c3aaa4d7f4b721b527,273934,27b6eafd342be675e6b353ece1f3105deaee99a6,7,0.7915832996368408,Grendel Chapter 1,Grendel,John Gardner,Marillion,2014,1982,misc,rock
98486,48bd22d62233b8e0ee5396c3aaa4d7f4b721b527,503802,bde7d068f5d8959819eea63f452fca7877be853c,8,0.8052873015403748,Grendel Chapter 1,You Dont Know,John Gardner,Sadistik & Kno,2014,2022,misc,rap
98486,48bd22d62233b8e0ee5396c3aaa4d7f4b721b527,505260,9c77d2ed7f7e8e6d9f4fe2da6cab74246e285681,9,0.8014872074127197,Grendel Chapter 1,Blood Kingdom,John Gardner,Worm Shepherd,2014,2022,misc,rock
98486,48bd22d62233b8e0ee5396c3aaa4d7f4b721b527,358380,b578082d2ecf4a0a5eb6a56e238340c7975db1d6,10,0.8156272172927856,Grendel Chapter 1,The Moon Smiled Back at Me,John Gardner,Sadistik,2014,2021,misc,rap
98486,48bd22d62233b8e0ee5396c3aaa4d7f4b721b527,514122,5434a1228af2fa7ea457cb790f27402211d407fd,11,0.7690098881721497,Grendel Chapter 1,Twitch,John Gardner,SCUMFUCK,2014,2022,misc,rock
98486,48bd22d62233b8e0ee5396c3aaa4d7f4b721b527,305814,f4b8e82e5c9512a8ced8d9f225f445ab170303d4,12,0.7718120217323303,Grendel Chapter 1,The Gunpowder Plot,John Gardner,Vernon Scannell,2014,1957,misc,misc
98486,48bd22d62233b8e0ee5396c3aaa4d7f4b721b527,361795,648ff2f7b5ea8143c057f7d1d21f69a9cc125780,13,0.7674968242645264,Grendel Chapter 1,Embedded in Fear,John Gardner,Signs of the Swarm,2014,2017,misc,rock
98486,48bd22d62233b8e0ee5396c3aaa4d7f4b721b527,127874,8b4051d8774cd0990e87bed2f90932aaaf9c27b1,14,0.7804821133613586,Grendel Chapter 1,You Were but a Ghost in My Arms,John Gardner,Agalloch,2014,2002,misc,rock
98486,48bd22d62233b8e0ee5396c3aaa4d7f4b721b527,498406,3a0eea6dd8e4752bb025ff793111d49568936e99,15,0.7818871736526489,Grendel Chapter 1,Inhuman,John Gardner,DZK,2014,2013,misc,rap
98486,48bd22d62233b8e0ee5396c3aaa4d7f4b721b527,497350,e014af5a97040e5ce8f03f8db9ceb472c30faa1b,16,0.767377495765686,Grendel Chapter 1,Thinking Tangling Shadows,John Gardner,Pablo Neruda,2014,2015,misc,misc
98486,48bd22d62233b8e0ee5396c3aaa4d7f4b721b527,269630,d6e553ebc95aab01d600fb479a0266e6f9dc1f00,17,0.7800520062446594,Grendel Chapter 1,Blood Moon,John Gardner,Falconshield,2014,2015,misc,rock
98486,48bd22d62233b8e0ee5396c3aaa4d7f4b721b527,291172,dd7f214416ba973ea43b8d8868e40a3736e8c4bd,18,0.785882294178009,Grendel Chapter 1,Shades of the Future,John Gardner,Seraphim,2014,2018,misc,rock
98486,48bd22d62233b8e0ee5396c3aaa4d7f4b721b527,205760,1a7c6189d7332721b0cf18268da478d89cee4ad2,19,0.7994644641876221,Grendel Chapter 1,Wake Up Dead,John Gardner,Sadistik & Kid Called Computer,2014,2010,misc,rap
98486,48bd22d62233b8e0ee5396c3aaa4d7f4b721b527,348232,4c8928c9032210aca9c55a90bc1a1f2f65b6645e,20,0.793283224105835,Grendel Chapter 1,Heavenly Divine Remix,John Gardner,Jedi Mind Tricks,2014,1999,misc,rap
225705,5483c402f443a81b03a748ff5103dc4386103536,320973,608e7b7e5814500e1b489060304bcf10e9173e18,1,0.927255392074585,Architect of Destruction,Hot Girl,How I Met Your Mother,The Office (USA),2010,2005,misc,misc
225705,5483c402f443a81b03a748ff5103dc4386103536,203560,4bc2b0df0e7e720c425660548a1b491a17579bdf,2,0.9255542159080505,Architect of Destruction,Unfinished,How I Met Your Mother,How I Met Your Mother,2010,2010,misc,misc
225705,5483c402f443a81b03a748ff5103dc4386103536,235302,4147d4dd228520497ae23bfe03e39de3ec4128d8,3,0.9228858947753906,Architect of Destruction,The Perfect Cocktail,How I Met Your Mother,How I Met Your Mother,2010,2010,misc,misc
225705,5483c402f443a81b03a748ff5103dc4386103536,389636,19ae4bdd3221b7374a290f4d77f32ce3f4da0bbd,4,0.9233070015907288,Architect of Destruction,The Playbook,How I Met Your Mother,How I Met Your Mother,2010,2009,misc,misc
225705,5483c402f443a81b03a748ff5103dc4386103536,177818,6a4beafec2b258f45ad184ac53df030aca42f880,5,0.9147605299949646,Architect of Destruction,Chapter Two: The Weirdo on Maple Street Script,How I Met Your Mother,Stranger Things,2010,2016,misc,misc
225705,5483c402f443a81b03a748ff5103dc4386103536,78785,892103730520f21a84e4184d463bda7587dee146,6,0.9005560874938965,Architect of Destruction,Were Shameless,How I Met Your Mother,Ken Ashcorp,2010,2017,misc,pop
225705,5483c402f443a81b03a748ff5103dc4386103536,272065,40704691319feca61e19b7f4519f48d1378fbe66,7,0.9016472101211548,Architect of Destruction,High School Musical,How I Met Your Mother,Bad Lip Reading,2010,2016,misc,pop
225705,5483c402f443a81b03a748ff5103dc4386103536,477755,7fb6e0271396014878cc544b1bb886eeca474b0b,8,0.9010879397392273,Architect of Destruction,Elf Screenplay,How I Met Your Mother,New Line Cinema,2010,2015,misc,misc
225705,5483c402f443a81b03a748ff5103dc4386103536,27819,0c89e95fc946b8a13557f7177f1ca12049d96cb0,9,0.9059710502624512,Architect of Destruction,Nosedive Transcript,How I Met Your Mother,Black Mirror,2010,2016,misc,misc
225705,5483c402f443a81b03a748ff5103dc4386103536,386817,79e6adac23bace47436e8940bea280e5a4783e73,10,0.9092740416526794,Architect of Destruction,AKA I Want Your Cray Cray,How I Met Your Mother,Jessica Jones,2010,2018,misc,misc
225705,5483c402f443a81b03a748ff5103dc4386103536,299508,cbaa26be2f6b109177b386d5daeeccb084343aca,11,0.9011707305908203,Architect of Destruction,No Booty Calls,How I Met Your Mother,Kelly (Liam Kyle Sullivan),2010,2006,misc,rap
225705,5483c402f443a81b03a748ff5103dc4386103536,463621,a9d44ecd85fece4bcd2e3256eab9301a6ab6ba7e,12,0.907429039478302,Architect of Destruction,3AM Script,How I Met Your Mother,Marvel's The Punisher,2010,2017,misc,misc
225705,5483c402f443a81b03a748ff5103dc4386103536,343012,da48e5ddfe3e280bc333fbe57e1ac71ad5fc6594,13,0.9096647500991821,Architect of Destruction,The Gang Runs for Office,How I Met Your Mother,Its Always Sunny in Philadelphia,2010,2006,misc,pop
225705,5483c402f443a81b03a748ff5103dc4386103536,201036,d087b9cfb761de8cc5dc91e61e7e7b0d89de5728,14,0.914069652557373,Architect of Destruction,Get Out Movie Script,How I Met Your Mother,Jordan Peele,2010,2017,misc,misc
225705,5483c402f443a81b03a748ff5103dc4386103536,26597,d0834220011cfb8f921aedf148951c8eaf1fffe3,15,0.8906155824661255,Architect of Destruction,Straight Murder Giggs  David,How I Met Your Mother,Giggs,2010,2020,misc,rap
225705,5483c402f443a81b03a748ff5103dc4386103536,28934,fb850297560abd618d464305a8dc7d1d0c832843,16,0.8908839821815491,Architect of Destruction,The Play,How I Met Your Mother,Be More Chill Ensemble,2010,2015,misc,rock
225705,5483c402f443a81b03a748ff5103dc4386103536,217024,e3f763c7eb0913e7c0334c5a154f57679068a4c5,17,0.876194953918457,Architect of Destruction,Kristen Hancher and her Boyfriend Diss Track,How I Met Your Mother,RiceGum,2010,2016,misc,rap
225705,5483c402f443a81b03a748ff5103dc4386103536,136799,c725297feda087eddb3c2a1779e5447bbbfaf5ed,18,0.8916264772415161,Architect of Destruction,Buzzer,How I Met Your Mother,Wynne (Rapper),2010,2018,misc,rap
225705,5483c402f443a81b03a748ff5103dc4386103536,335842,e0e884a1758e663cd707038bdb9c82d20ba42674,19,0.9012809991836548,Architect of Destruction,The After,How I Met Your Mother,Daniel Thrasher,2010,2021,misc,rap
225705,5483c402f443a81b03a748ff5103dc4386103536,138075,57a297b11d11d42915c87636dfc0d6b226d0ab7c,20,0.891876220703125,Architect of Destruction,Promise,How I Met Your Mother,"James Snyder, Jenna Leigh Green, Christopher Johnson, Matt Doyle & Keili Lefkovitz",2010,2008,misc,pop
251211,ff79978412924defcd7444806ff90dd7e0e59e7e,307029,bbc96137d84b34bb7012a48e653e6a174b553003,1,0.8441169261932373,Wholl Pay Reparations on My Soul?,Retirement Gil Scott-Heron Tribute,Gil Scott-Heron,The Glory,1970,2011,misc,rap
251211,ff79978412924defcd7444806ff90dd7e0e59e7e,29901,9cd626ab65864af46b26a8847d2fc24c89b3b3d0,2,0.8292877674102783,Wholl Pay Reparations on My Soul?,Frederick Douglass vs Thomas Jefferson,Gil Scott-Heron,Epic Rap Battles of History,1970,2016,misc,rap
251211,ff79978412924defcd7444806ff90dd7e0e59e7e,319256,505b8b60c3bd18afbd5394200811fba73a814124,3,0.8405080437660217,Wholl Pay Reparations on My Soul?,Streets Of New York,Gil Scott-Heron,Bagatelle,1970,1978,misc,rock
251211,ff79978412924defcd7444806ff90dd7e0e59e7e,386087,aeef119cb78d5d0e69f374f9c6629f8fe916dd8f,4,0.8279309272766113,Wholl Pay Reparations on My Soul?,Fortune,Gil Scott-Heron,Felt (UK Band),1970,1982,misc,pop
251211,ff79978412924defcd7444806ff90dd7e0e59e7e,98869,70af79a842c05177757a2ffbed92cc62c35ffa81,5,0.817629337310791,Wholl Pay Reparations on My Soul?,Between the Wars,Gil Scott-Heron,Billy Bragg,1970,1984,misc,rock
251211,ff79978412924defcd7444806ff90dd7e0e59e7e,28146,69ce402e137e12febd350cc51fdaecbd4febb77a,6,0.8297148942947388,Wholl Pay Reparations on My Soul?,Nevermind,Gil Scott-Heron,Leonard Cohen,1970,2014,misc,rock
251211,ff79978412924defcd7444806ff90dd7e0e59e7e,423570,3726460c1b0d1cdbf68dc6fa81b6b2be7b8c887d,7,0.8331774473190308,Wholl Pay Reparations on My Soul?,Amerika,Gil Scott-Heron,Trick Daddy,1970,2001,misc,rap
251211,ff79978412924defcd7444806ff90dd7e0e59e7e,197864,9fd2967f8479380ae45b95fbfcb0c53021e9a193,8,0.8222050666809082,Wholl Pay Reparations on My Soul?,Healing Hands,Gil Scott-Heron,Citizen Cope,1970,2010,misc,rock
251211,ff79978412924defcd7444806ff90dd7e0e59e7e,504627,22f1b81b0c37e8ec58d1b56cf86cc3c9af653810,9,0.8331897258758545,Wholl Pay Reparations on My Soul?,Jason  Brandon Mashia,Gil Scott-Heron,Canibus,1970,2022,misc,rap
251211,ff79978412924defcd7444806ff90dd7e0e59e7e,148633,a7e15113c15b495b4bd1455f9882cc793ae93541,10,0.8350197076797485,Wholl Pay Reparations on My Soul?,Living My Dream,Gil Scott-Heron,King Lil G,1970,2014,misc,rap
251211,ff79978412924defcd7444806ff90dd7e0e59e7e,21148,09d69d8d1ce1cd5ddbfdff32bebe547b449608c6,11,0.8293380737304688,Wholl Pay Reparations on My Soul?,Hundreds of Stories,Gil Scott-Heron,Lin-Manuel Miranda & Olga Merediz,1970,2008,misc,pop
251211,ff79978412924defcd7444806ff90dd7e0e59e7e,56716,33367b7e536bcb0bb18ce06f962cac86bd76fbf2,12,0.8287473320960999,Wholl Pay Reparations on My Soul?,The Ballad of Booth,Gil Scott-Heron,"Neil Patrick Harris, Michael Cerveris, & Brandon Wardell",1970,2004,misc,pop
251211,ff79978412924defcd7444806ff90dd7e0e59e7e,196778,0573c237e7c2cb8f5e46c94ede1ba8737a912c03,13,0.83245849609375,Wholl Pay Reparations on My Soul?,The Next 20th Century,Gil Scott-Heron,Father John Misty,1970,2022,misc,pop
251211,ff79978412924defcd7444806ff90dd7e0e59e7e,269808,0804f91e8898af45644bcd7616b281618c7f51e6,14,0.8175971508026123,Wholl Pay Reparations on My Soul?,GRā,Gil Scott-Heron,KAMAUU,1970,2017,misc,rb
251211,ff79978412924defcd7444806ff90dd7e0e59e7e,45595,91d0c58cf2b2dacd468a14a90dfb7d0fc7be8c43,15,0.8223133087158203,Wholl Pay Reparations on My Soul?,Thats Rich,Gil Scott-Heron,Newsies Original Broadway Cast,1970,2012,misc,pop
251211,ff79978412924defcd7444806ff90dd7e0e59e7e,309631,0a1c06b6905b89011675a2bf937c063158329c98,16,0.8329922556877136,Wholl Pay Reparations on My Soul?,Roosevelt Room,Gil Scott-Heron,Conor Oberst and The Mystic Valley Band,1970,2009,misc,rock
251211,ff79978412924defcd7444806ff90dd7e0e59e7e,447498,9b50ad7eba4ca3d2199ae411abc31edf9de68c2a,17,0.8215084075927734,Wholl Pay Reparations on My Soul?,I Love You Jesus,Gil Scott-Heron,Ambassador,1970,2000,misc,rap
251211,ff79978412924defcd7444806ff90dd7e0e59e7e,310304,e8abdbe16e6cb20f8b454380eb6440cd6681c9d4,18,0.8308172225952148,Wholl Pay Reparations on My Soul?,After Winter,Gil Scott-Heron,Kojey Radical,1970,2017,misc,rap
251211,ff79978412924defcd7444806ff90dd7e0e59e7e,35799,dec17c1eae6e49f0eaa4454b9b38b3d20b9eb33e,19,0.8253276348114014,Wholl Pay Reparations on My Soul?,$4 Vic / Nothing But You  Me FTL,Gil Scott-Heron,El-P,1970,2012,misc,rap
251211,ff79978412924defcd7444806ff90dd7e0e59e7e,440928,1f8bc64dc83a48aa1e26c6aacdd592ccd51f341a,20,0.8172093629837036,Wholl Pay Reparations on My Soul?,Nothing Is Fair,Gil Scott-Heron,Trevor Sensor,1970,2016,misc,country
274349,1e32c5e79eee5f446a0a054c8e0db9ac84081ff9,94641,a0b2e821c98f2b510a95d2b5c3aa5f75efc6758d,1,0.9618124961853027,Purple Giraffe,Pilot,How I Met Your Mother,How I Met Your Mother,2005,2005,misc,misc
274349,1e32c5e79eee5f446a0a054c8e0db9ac84081ff9,257355,66b2aa0c82021c6376f30f23d611c13f2ae108ba,2,0.9573112726211548,Purple Giraffe,Nothing Good Happens After 2 A.M.,How I Met Your Mother,How I Met Your Mother,2005,2006,misc,misc
274349,1e32c5e79eee5f446a0a054c8e0db9ac84081ff9,423381,032205d8c891fc6085e830ee16a389e24528ec7b,3,0.9580163955688477,Purple Giraffe,The Pineapple Incident,How I Met Your Mother,How I Met Your Mother,2005,2005,misc,misc
274349,1e32c5e79eee5f446a0a054c8e0db9ac84081ff9,403531,968e0957276a6edbf58cfc89771f65f9bb22432d,4,0.9555147886276245,Purple Giraffe,The Wedding,How I Met Your Mother,How I Met Your Mother,2005,2006,misc,misc
274349,1e32c5e79eee5f446a0a054c8e0db9ac84081ff9,273929,3ec2b1fb1693293a2d0688670470b4130d69badd,5,0.9570955634117126,Purple Giraffe,Little Boys,How I Met Your Mother,How I Met Your Mother,2005,2007,misc,misc
274349,1e32c5e79eee5f446a0a054c8e0db9ac84081ff9,221575,322222e32f57cb90810ead93da65d0768c163dd3,6,0.9511002898216248,Purple Giraffe,Sweet Taste of Liberty,How I Met Your Mother,How I Met Your Mother,2005,2005,misc,misc
274349,1e32c5e79eee5f446a0a054c8e0db9ac84081ff9,216053,e3feafe27fa0b1f40ee091ead7d52024343eb727,7,0.9471248388290405,Purple Giraffe,Return of the Shirt,How I Met Your Mother,How I Met Your Mother,2005,2005,misc,misc
274349,1e32c5e79eee5f446a0a054c8e0db9ac84081ff9,479169,c3d267ae02e32dd0aea6330c4403d709fce10e13,8,0.9441120028495789,Purple Giraffe,Matchmaker,How I Met Your Mother,How I Met Your Mother,2005,2005,misc,misc
274349,1e32c5e79eee5f446a0a054c8e0db9ac84081ff9,293936,4bec9acafbe59e3df69984ab236a7a15cee52f4c,9,0.9467283487319946,Purple Giraffe,Okay Awesome,How I Met Your Mother,How I Met Your Mother,2005,2005,misc,misc
274349,1e32c5e79eee5f446a0a054c8e0db9ac84081ff9,185342,a96cf7911dba0ba0db89033bb04e4ee5077f1913,10,0.940254807472229,Purple Giraffe,Slutty Pumpkin,How I Met Your Mother,How I Met Your Mother,2005,2005,misc,misc
274349,1e32c5e79eee5f446a0a054c8e0db9ac84081ff9,308618,686f89df309230aaa51cdaa6884a0c1fe237e2cf,11,0.9382005929946899,Purple Giraffe,The Duel,How I Met Your Mother,How I Met Your Mother,2005,2005,misc,misc
274349,1e32c5e79eee5f446a0a054c8e0db9ac84081ff9,145897,7eacebb659a47aed03ed72214afb6031a76f431d,12,0.9397178888320923,Purple Giraffe,Drumroll Please,How I Met Your Mother,How I Met Your Mother,2005,2006,misc,misc
274349,1e32c5e79eee5f446a0a054c8e0db9ac84081ff9,378867,c2bbab8b00b884315cb76726ee2f66abf970fa4a,13,0.9076970815658569,Purple Giraffe,Belly Full of Turkey,How I Met Your Mother,How I Met Your Mother,2005,2005,misc,misc
274349,1e32c5e79eee5f446a0a054c8e0db9ac84081ff9,469175,f7445fde4222eb5dc0c0f214c13539ed230e1fc0,14,0.8612404465675354,Purple Giraffe,Cupcake,How I Met Your Mother,How I Met Your Mother,2005,2006,misc,misc
274349,1e32c5e79eee5f446a0a054c8e0db9ac84081ff9,271013,50c996d0120afc8d78c47819ab894395bbecc198,15,0.7703580260276794,Purple Giraffe,Crawl Space,How I Met Your Mother,Breaking Bad,2005,2011,misc,misc
274349,1e32c5e79eee5f446a0a054c8e0db9ac84081ff9,83608,02700d9470cd3e2969b5441bd2156699cf7053ef,16,0.76280277967453,Purple Giraffe,The Three Days Rule,How I Met Your Mother,How I Met Your Mother,2005,2008,misc,misc
274349,1e32c5e79eee5f446a0a054c8e0db9ac84081ff9,210555,f650b957f936695b47b74db1bd80ba5c073406c4,17,0.7254799008369446,Purple Giraffe,Charlie Wants An Abortion,How I Met Your Mother,Its Always Sunny in Philadelphia,2005,2005,misc,misc
274349,1e32c5e79eee5f446a0a054c8e0db9ac84081ff9,389636,19ae4bdd3221b7374a290f4d77f32ce3f4da0bbd,18,0.74170982837677,Purple Giraffe,The Playbook,How I Met Your Mother,How I Met Your Mother,2005,2009,misc,misc
274349,1e32c5e79eee5f446a0a054c8e0db9ac84081ff9,465978,a18a17bbe42da63cabcaf4f56433a1c6ac39070e,19,0.7335614562034607,Purple Giraffe,The Reaper Rap,How I Met Your Mother,Steve Vai,2005,1991,misc,rock
274349,1e32c5e79eee5f446a0a054c8e0db9ac84081ff9,496189,8c5ceaf0afdefee4b6328c8a872f90f64d2d3218,20,0.6982924938201904,Purple Giraffe,Summer - The Quarantine Zone,How I Met Your Mother,The Last of Us,2005,2013,misc,misc
465187,c275cd6b8a7d8254d84156d7d9636bfe37cd39bf,168525,5513526c52da126ce144e02beb0256f9b5204d59,1,0.8368662595748901,Torias Song,Slowly Goes the Night,Papooz,Nick Cave & The Bad Seeds,2016,1988,misc,rock
465187,c275cd6b8a7d8254d84156d7d9636bfe37cd39bf,166476,cf98382fc86cfd58d21cb5c7335508d0e60e4cdc,2,0.8119169473648071,Torias Song,Sonnets From The Portuguese,Papooz,Elizabeth Barrett Browning,2016,2013,misc,misc
465187,c275cd6b8a7d8254d84156d7d9636bfe37cd39bf,164090,d35675fff9cc5e6d3598a7d0454c59e0f65a2dc2,3,0.8166581988334656,Torias Song,Sounds Like Love,Papooz,Illa J,2016,2008,misc,rap
465187,c275cd6b8a7d8254d84156d7d9636bfe37cd39bf,7969,30a2303d6dd81a03bf1d9d6a61242a6cbe64b691,4,0.8356747627258301,Torias Song,Oh Comely,Papooz,Neutral Milk Hotel,2016,1998,misc,rock
465187,c275cd6b8a7d8254d84156d7d9636bfe37cd39bf,392900,76a677f520dcce8bbfcf38d8fffac02e2a909d87,5,0.833789587020874,Torias Song,Night on the Town,Papooz,Marcus D,2016,2012,misc,rap
465187,c275cd6b8a7d8254d84156d7d9636bfe37cd39bf,111810,55574ed926ad52a8f8c3739c343e1c2dcf330a1c,6,0.8154745101928711,Torias Song,Color of Blood,Papooz,Chelsea Wolfe,2016,2015,misc,rock
465187,c275cd6b8a7d8254d84156d7d9636bfe37cd39bf,489541,0cf943c58a6c9d751bc3f5f4c8f6655b5bd187d4,7,0.8171454668045044,Torias Song,If i die young,Papooz,Julia Sheer,2016,2015,misc,pop
465187,c275cd6b8a7d8254d84156d7d9636bfe37cd39bf,197498,1c4cd57341fadd74c9ee3e991db7c8c8a34e8b90,8,0.8078644871711731,Torias Song,All Well Know,Papooz,The Hics,2016,2014,misc,pop
465187,c275cd6b8a7d8254d84156d7d9636bfe37cd39bf,283168,d913318d6c6459bc0bf572548a33d4035afc5ea6,9,0.8191971778869629,Torias Song,I Cannot Be Loved,Papooz,My Dying Bride,2016,2006,misc,rock
465187,c275cd6b8a7d8254d84156d7d9636bfe37cd39bf,44809,34c24e06b1899fc425106ecb51b3c49069728d40,10,0.8224263191223145,Torias Song,Slow Like Honey,Papooz,Fiona Apple,2016,1996,misc,pop
465187,c275cd6b8a7d8254d84156d7d9636bfe37cd39bf,105843,8416a10f8ae327bd8f04bc329e12b227ba1d3677,11,0.8139245510101318,Torias Song,Powerful Magic,Papooz,Ginnifer Goodwin & Josh Dallas,2016,2017,misc,pop
465187,c275cd6b8a7d8254d84156d7d9636bfe37cd39bf,484137,e96d10f5c2e2bdb3c761898c041b102011d30ba7,12,0.8189750909805298,Torias Song,Earth The Sun The Rain,Papooz,Color Me Badd,2016,1996,misc,pop
465187,c275cd6b8a7d8254d84156d7d9636bfe37cd39bf,316371,f761293672481544b798e93ba4d362ec56ee5231,13,0.8347450494766235,Torias Song,2 soon,Papooz,Jon Young,2016,2015,misc,pop
465187,c275cd6b8a7d8254d84156d7d9636bfe37cd39bf,148510,336e02b1b885d71a1e6ac47140bd15f4780c6dcd,14,0.8361293077468872,Torias Song,Plastic Love ENGLISH COVER,Papooz,Lizz Robinett,2016,2019,misc,pop
465187,c275cd6b8a7d8254d84156d7d9636bfe37cd39bf,255655,f3568f048f6ce345d319a75fa82e5c779b9fa949,15,0.8208210468292236,Torias Song,Salt,Papooz,Caligula's Horse,2016,2020,misc,rock
465187,c275cd6b8a7d8254d84156d7d9636bfe37cd39bf,329880,7448e5addbd77b154838618a72ff942eb345d48d,16,0.8187065720558167,Torias Song,Fall On Me,Papooz,Kitten,2016,2016,misc,rock
465187,c275cd6b8a7d8254d84156d7d9636bfe37cd39bf,471046,60f440b54df7f7f309acf06ea1e498fef973e401,17,0.8251133561134338,Torias Song,My repair,Papooz,Jason Scavone,2016,2015,misc,pop
465187,c275cd6b8a7d8254d84156d7d9636bfe37cd39bf,81497,15b7bd6c209c959e814ed97e5020d8315c56152f,18,0.8187509179115295,Torias Song,Make Me Cry,Papooz,Jacob Collier,2016,2019,misc,pop
465187,c275cd6b8a7d8254d84156d7d9636bfe37cd39bf,272969,cc49ccbdb4bfd50237a2bf7c6c8110d6b9a999f6,19,0.8329468965530396,Torias Song,Hibiscus feat. Naji,Papooz,MadBliss,2016,2016,misc,rb
465187,c275cd6b8a7d8254d84156d7d9636bfe37cd39bf,137234,6c08035acdc761c0e6f3ff6fb0e984c06e9f0bf1,20,0.8187355399131775,Torias Song,My Lullaby,Papooz,Walt Disney Records,2016,1998,misc,pop
384536,f639e5ca1031bf29c63317f1d64dc7e47f086351,416169,37dd9dcb83120a4d12aa32f50161a9235d357b98,1,0.8381802439689636,Who Are We Fooling?,Far Gone,Brooke Fraser,Musiq Soulchild,2010,2016,pop,rb
384536,f639e5ca1031bf29c63317f1d64dc7e47f086351,426661,49e962ade6ccff7d97406aad8879a4c1a6364fbb,2,0.7990701198577881,Who Are We Fooling?,Lying in the Bed We Made,Brooke Fraser,Arrows To Athens,2010,2016,pop,rock
384536,f639e5ca1031bf29c63317f1d64dc7e47f086351,80267,e6f7cc541b2ccd71c21010a0f14bf12080d584e4,3,0.8025003671646118,Who Are We Fooling?,Hearts Content,Brooke Fraser,Brandi Carlile,2010,2012,pop,country
384536,f639e5ca1031bf29c63317f1d64dc7e47f086351,307636,4c29db31851c13ee1e1290ac642c8f5f892edf31,4,0.7896087765693665,Who Are We Fooling?,Fool Me Once,Brooke Fraser,Nylo,2010,2013,pop,rb
384536,f639e5ca1031bf29c63317f1d64dc7e47f086351,17574,0fbef275151b51bae0711476690e0fbbd8ac18e0,5,0.8177298903465271,Who Are We Fooling?,Okay I Believe You But My Tommy Gun Dont,Brooke Fraser,Brand New,2010,2003,pop,rock
384536,f639e5ca1031bf29c63317f1d64dc7e47f086351,300247,a64427ef6e21c4a4f9f94c394ff77b951809652f,6,0.7942737340927124,Who Are We Fooling?,Beautiful Messes,Brooke Fraser,Hillary Scott & The Scott Family,2010,2016,pop,country
384536,f639e5ca1031bf29c63317f1d64dc7e47f086351,290290,5f4a38a9634f46e7fc7ba2431f6485da24c73175,7,0.8046790957450867,Who Are We Fooling?,Trouble With Us,Brooke Fraser,ERNEST,2010,2017,pop,rap
384536,f639e5ca1031bf29c63317f1d64dc7e47f086351,339126,2f687fb938e71b5b9febec731f052e0a911405c5,8,0.8141534924507141,Who Are We Fooling?,Numb,Brooke Fraser,Underoath,2010,2021,pop,rock
384536,f639e5ca1031bf29c63317f1d64dc7e47f086351,116556,74050481dc79a39be45c448f35dd79a40d0231e9,9,0.7851303815841675,Who Are We Fooling?,Yesterday Was Hard On All Of Us,Brooke Fraser,Fink,2010,2011,pop,rock
384536,f639e5ca1031bf29c63317f1d64dc7e47f086351,232225,621932878c20f0ba1241643b73163810ab49c797,10,0.8037620782852173,Who Are We Fooling?,We R Who We R Fred Falke Club Mix,Brooke Fraser,Kesha,2010,2011,pop,pop
384536,f639e5ca1031bf29c63317f1d64dc7e47f086351,484218,434651274ffe782df9cf31017696d7170b88f38a,11,0.813504695892334,Who Are We Fooling?,Beautiful  Fragile,Brooke Fraser,Dan Caplen,2010,2016,pop,rb
384536,f639e5ca1031bf29c63317f1d64dc7e47f086351,266323,2d8f84f71fe43ff440a2df1e4debfb22478ac052,12,0.8007134795188904,Who Are We Fooling?,​paper thin,Brooke Fraser,Christian French,2010,2020,pop,rb
384536,f639e5ca1031bf29c63317f1d64dc7e47f086351,128997,95e9b864b06ae058f311e35e3032ea59a45cf12a,13,0.8037561774253845,Who Are We Fooling?,Tied Up,Brooke Fraser,The Magician & Julian Perretta,2010,2017,pop,pop
384536,f639e5ca1031bf29c63317f1d64dc7e47f086351,104486,608fe787c0f77eb44f1db3563f1abe4532b8e016,14,0.8127455711364746,Who Are We Fooling?,Love Is Not Enough,Brooke Fraser,Nine Inch Nails,2010,2005,pop,rock
384536,f639e5ca1031bf29c63317f1d64dc7e47f086351,178522,327a09e485eca7a99203accef625c1dbadcb6d0d,15,0.8084760308265686,Who Are We Fooling?,Dead End,Brooke Fraser,Rav,2010,2020,pop,rap
384536,f639e5ca1031bf29c63317f1d64dc7e47f086351,3470,65a97ce43c0158cfbbad741ccfa5c5147514f340,16,0.8013073801994324,Who Are We Fooling?,You  Me,Brooke Fraser,Marc E. Bassy,2010,2016,pop,pop
384536,f639e5ca1031bf29c63317f1d64dc7e47f086351,140003,cfe0e2561638b70006b2c7876f9897c36bcbc932,17,0.7971217632293701,Who Are We Fooling?,GATES OF PARADISE,Brooke Fraser,While She Sleeps,2010,2019,pop,rock
384536,f639e5ca1031bf29c63317f1d64dc7e47f086351,122629,5e764f993bb3b3f13f0236e6c97f1a42f810cc46,18,0.8139762878417969,Who Are We Fooling?,Were Not Done,Brooke Fraser,Bring it On: The Musical - Original Broadway Cast,2010,2012,pop,pop
384536,f639e5ca1031bf29c63317f1d64dc7e47f086351,224050,49ae0057435a746f393af09347488701d6b7bd15,19,0.8059424757957458,Who Are We Fooling?,Day One,Brooke Fraser,Tamia,2010,2015,pop,rb
384536,f639e5ca1031bf29c63317f1d64dc7e47f086351,40540,937c2ddafc964b2eedf4c0fb9880c46344577323,20,0.7993720769882202,Who Are We Fooling?,Life,Brooke Fraser,Proof,2010,1997,pop,rap
410455,dc43ea630a9e25ba4fd860d743ec3f9cb7cbbdec,91897,fb423ee80a779407abca596f0d89ed0ff538fa00,1,0.9390075206756592,Let Me Be There,Let Me Be There,Ekolu,Olivia Newton-John,2015,1973,pop,pop
410455,dc43ea630a9e25ba4fd860d743ec3f9cb7cbbdec,416542,fee78e63f8b854c615d51bc3726bd60d80e25b34,2,0.9298567771911621,Let Me Be There,Let Me Be There,Ekolu,Elvis Presley,2015,1977,pop,country
410455,dc43ea630a9e25ba4fd860d743ec3f9cb7cbbdec,258876,6ed9c671c6ba5099ccb8fc368c1587ce725dfaf1,3,0.8410102128982544,Let Me Be There,Be the One,Ekolu,Jason Derulo,2015,2019,pop,pop
410455,dc43ea630a9e25ba4fd860d743ec3f9cb7cbbdec,275883,b74e2aec2edd60d724ba02640697edc0eca3f73d,4,0.840042233467102,Let Me Be There,Flats,Ekolu,Carousel Casualties,2015,2017,pop,rock
410455,dc43ea630a9e25ba4fd860d743ec3f9cb7cbbdec,413395,82abcffa23a8bc052b9c68187c7f30fb48a793a3,5,0.8481560945510864,Let Me Be There,The Secret Garden 2010,Ekolu,Quincy Jones,2015,2010,pop,rb
410455,dc43ea630a9e25ba4fd860d743ec3f9cb7cbbdec,483890,2ea269ccec8709e62923179f2410bdec511c942b,6,0.8410168290138245,Let Me Be There,Let Me Be,Ekolu,Parliament,2015,1975,pop,rock
410455,dc43ea630a9e25ba4fd860d743ec3f9cb7cbbdec,44949,8abed4b3bb06c16f4a4ddb4248515e3d7fe67108,7,0.8202630877494812,Let Me Be There,Take You,Ekolu,Cameron Dallas,2015,2015,pop,rap
410455,dc43ea630a9e25ba4fd860d743ec3f9cb7cbbdec,241672,d7cce5368f690d40f9ee2122f3812e3474d8652a,8,0.8324765563011169,Let Me Be There,YOU.,Ekolu,Stray Kids,2015,2018,pop,pop
410455,dc43ea630a9e25ba4fd860d743ec3f9cb7cbbdec,185146,9cf19cbbf487921482625d1c43d463d7a64b6c94,9,0.8338001370429993,Let Me Be There,All I Wanna Do,Ekolu,Gianni Blu,2015,2017,pop,pop
410455,dc43ea630a9e25ba4fd860d743ec3f9cb7cbbdec,8910,6321951eafd80e644b27e9efea6112d9977bff6d,10,0.8455479741096497,Let Me Be There,Starry Eyes,Ekolu,The Weeknd,2015,2022,pop,rb
410455,dc43ea630a9e25ba4fd860d743ec3f9cb7cbbdec,304019,174f3eac2dcfa33e48112df4cf6b7ee5a2231b4b,11,0.8508095741271973,Let Me Be There,Trading Places,Ekolu,JAHKOY,2015,2014,pop,rb
410455,dc43ea630a9e25ba4fd860d743ec3f9cb7cbbdec,415560,6a83d4d3747e42a0ac2413dd0c90743857e78cab,12,0.8177218437194824,Let Me Be There,Grey Monday,Ekolu,Imany,2015,2011,pop,pop
410455,dc43ea630a9e25ba4fd860d743ec3f9cb7cbbdec,61707,e2c977b4a9c969dd7a61331fc5a5a96e63c757d7,13,0.8321875333786011,Let Me Be There,With You Paradoxology,Ekolu,Elevation Worship,2015,2019,pop,pop
410455,dc43ea630a9e25ba4fd860d743ec3f9cb7cbbdec,31986,87c9b68122c53581800bb1aacf0dc05fe7214d9a,14,0.8249083161354065,Let Me Be There,I Am Here,Ekolu,P!nk,2015,2017,pop,pop
410455,dc43ea630a9e25ba4fd860d743ec3f9cb7cbbdec,82949,00217c54eec04a82f1aafbfbf4abb2abc3ce86c3,15,0.8229616284370422,Let Me Be There,The Panties,Ekolu,Yasiin Bey,2015,2004,pop,rap
410455,dc43ea630a9e25ba4fd860d743ec3f9cb7cbbdec,480253,7b4e23d557a4112655d4f4b756c33a2bd32fe1b4,16,0.8274537920951843,Let Me Be There,Shadow,Ekolu,Bearstronaut,2015,2016,pop,rock
410455,dc43ea630a9e25ba4fd860d743ec3f9cb7cbbdec,237311,03c312a0fbd3883c5465308fc9f304f806c5c594,17,0.8127708435058594,Let Me Be There,At The Usual Time 그 시간에,Ekolu,Youngjae (),2015,2018,pop,pop
410455,dc43ea630a9e25ba4fd860d743ec3f9cb7cbbdec,289923,aeca9b4eb2923ebb6e6a5e59721e64a4c3dc4be4,18,0.83310866355896,Let Me Be There,All in Me,Ekolu,Brandy,2015,2002,pop,rb
410455,dc43ea630a9e25ba4fd860d743ec3f9cb7cbbdec,326814,51850cdd417a02ec74075ff950c0f23b9225510c,19,0.8243838548660278,Let Me Be There,Ill be there English version,Ekolu,TAEYANG (),2015,2010,pop,pop
410455,dc43ea630a9e25ba4fd860d743ec3f9cb7cbbdec,10451,8afc6d0b9ce3172ae3e13bcc75ecd69386e312b5,20,0.8321003913879395,Let Me Be There,My Song,Ekolu,H.E.R.,2015,2017,pop,rb
172123,3319023d94ea21550533b44f74f00d1077279c40,226558,5113ed33134bb3094f880619c9f60b51deb7ccce,1,0.9849511981010437,This Masquerade,This Masquerade,Leon Russell,Carpenters,1972,1973,pop,pop
172123,3319023d94ea21550533b44f74f00d1077279c40,416169,37dd9dcb83120a4d12aa32f50161a9235d357b98,2,0.7950271368026733,This Masquerade,Far Gone,Leon Russell,Musiq Soulchild,1972,2016,pop,rb
172123,3319023d94ea21550533b44f74f00d1077279c40,159072,d291cdbf3e39f728c017b7d045d860cb0273a7fc,3,0.7714129686355591,This Masquerade,Lonely Hearts,Leon Russell,Lynn,1972,2018,pop,pop
172123,3319023d94ea21550533b44f74f00d1077279c40,262452,6d298e74fdbd427b41c30f67a56619654fe991a1,4,0.7740158438682556,This Masquerade,The Quiet,Leon Russell,Imogen Heap,1972,2019,pop,pop
172123,3319023d94ea21550533b44f74f00d1077279c40,276874,a419250f15356740ffc20a31a311a4f37ec1b703,5,0.8005170822143555,This Masquerade,Together We’re Lost,Leon Russell,Fred V & Grafix,1972,2016,pop,rap
172123,3319023d94ea21550533b44f74f00d1077279c40,327392,de170f3677e68331c65ae4e7144db0924affd477,6,0.7804535627365112,This Masquerade,Secret,Leon Russell,Heart,1972,1990,pop,pop
172123,3319023d94ea21550533b44f74f00d1077279c40,245933,95d57eb894ba9bb0f4a0c208b8906c6ea7db4366,7,0.798885703086853,This Masquerade,One More Try,Leon Russell,Kuh Ledesma,1972,2015,pop,pop
172123,3319023d94ea21550533b44f74f00d1077279c40,247861,a943a088c352c4c4eda575a0213668621f067877,8,0.7847216725349426,This Masquerade,Closer,Leon Russell,Alfa Mist,1972,2015,pop,rap
172123,3319023d94ea21550533b44f74f00d1077279c40,247558,cb94db557eec9bc7a1b5cdb6ff59c904bab67ae4,9,0.7774850130081177,This Masquerade,Blank,Leon Russell,Dylan J,1972,2015,pop,rap
172123,3319023d94ea21550533b44f74f00d1077279c40,398397,468c7d5b43385a4be83fee80198db8bfe09a0401,10,0.7829561829566956,This Masquerade,Leave You Behind,Leon Russell,Washed Out,1972,2020,pop,pop
172123,3319023d94ea21550533b44f74f00d1077279c40,223025,490ef190cc5d7bb5a90ca3c4f1b5d35175a680db,11,0.795137345790863,This Masquerade,What Becomes of Us,Leon Russell,Hilltop Hoods,1972,2019,pop,rap
172123,3319023d94ea21550533b44f74f00d1077279c40,310647,6b4e3410aa0dcc7a4c86b739754e9d2b2ad2609b,12,0.7999895215034485,This Masquerade,Hold On for Dear Love,Leon Russell,Bridgit Mendler,1972,2012,pop,pop
172123,3319023d94ea21550533b44f74f00d1077279c40,353971,129771b9bc03ca5297a129eebc3821106b13db1b,13,0.7803447842597961,This Masquerade,Bury,Leon Russell,Lesha & Riddo,1972,2018,pop,pop
172123,3319023d94ea21550533b44f74f00d1077279c40,365364,2d89ed39290955623cd79540cb7809479e44380f,14,0.7773668766021729,This Masquerade,Sworn Apart,Leon Russell,Mark Morton,1972,2019,pop,rock
172123,3319023d94ea21550533b44f74f00d1077279c40,122924,75f042e783e34c0956d10045d94d8219f6a75a23,15,0.7852365970611572,This Masquerade,Mistakes,Leon Russell,Basenji,1972,2017,pop,pop
172123,3319023d94ea21550533b44f74f00d1077279c40,194861,b1c74644ccc7a306a3342f9c09014382b4d4d916,16,0.7719407081604004,This Masquerade,Paper Hearts,Leon Russell,Silver trees,1972,2013,pop,pop
172123,3319023d94ea21550533b44f74f00d1077279c40,498162,2f879311ac5aed83c5f346f7e6e13ba7694f00d7,17,0.7846688628196716,This Masquerade,For Bitter or Worse,Leon Russell,Anouk,1972,2009,pop,pop
172123,3319023d94ea21550533b44f74f00d1077279c40,105291,90c4f6c5a6ad7cb5a1464f925210c5d7577ec8b0,18,0.7835355997085571,This Masquerade,Never Alone,Leon Russell,The Amity Affliction,1972,2014,pop,rock
172123,3319023d94ea21550533b44f74f00d1077279c40,29780,ec6e27b5d718de9abef46f907750460b47f304f8,19,0.7878161668777466,This Masquerade,Face The Truth,Leon Russell,Lucidious,1972,2016,pop,rap
172123,3319023d94ea21550533b44f74f00d1077279c40,146721,1c2625faa1f14deaf123b67c526be3cb1fbabdb4,20,0.8003668785095215,This Masquerade,Why?,Leon Russell,Rendy Pandugo,1972,2019,pop,pop
261621,0a5a0a1b73ad8c77e432528be2652ef425ba0e0e,362963,12b94f19b7a8297dabcfec0acf3b5a70a6f067c0,1,0.9047470092773438,Where is My Mind?,Where is my mind,Unlike Pluto,Sunday Girl,2018,2015,pop,pop
261621,0a5a0a1b73ad8c77e432528be2652ef425ba0e0e,33045,ba44176c1b1b0579c49f387945da22c4749e13b9,2,0.7984812259674072,Where is My Mind?,Voodoo Chile,Unlike Pluto,The Jimi Hendrix Experience,2018,1968,pop,rock
261621,0a5a0a1b73ad8c77e432528be2652ef425ba0e0e,445221,c58f944eb176f49e776c5a0fd7e9f989e762f798,3,0.9018410444259644,Where is My Mind?,Where Is My Mind?,Unlike Pluto,Milky Chance,2018,2015,pop,pop
261621,0a5a0a1b73ad8c77e432528be2652ef425ba0e0e,68479,5ef3e7a68afe666924ec0b766e9282dac4c038c2,4,0.8541057705879211,Where is My Mind?,20 Dollar,Unlike Pluto,M.I.A.,2018,2007,pop,rap
261621,0a5a0a1b73ad8c77e432528be2652ef425ba0e0e,286331,6b6c728602e72d7c31610ef38bae3fa3317d060b,5,0.8768066763877869,Where is My Mind?,Where Is My Mind?,Unlike Pluto,Yoav,2018,2011,pop,pop
261621,0a5a0a1b73ad8c77e432528be2652ef425ba0e0e,458796,fcf96b7f46b6fd921259df7fc3f9a40b607ee91b,6,0.8828555345535278,Where is My Mind?,Where Is My Mind?,Unlike Pluto,James Blunt,2018,2005,pop,pop
261621,0a5a0a1b73ad8c77e432528be2652ef425ba0e0e,211646,7bdeb31132485657bdcc1b24b5e1760991d4883c,7,0.8673709630966187,Where is My Mind?,Where Is My Mind?,Unlike Pluto,Placebo,2018,2003,pop,rock
261621,0a5a0a1b73ad8c77e432528be2652ef425ba0e0e,388381,daf6ba562c8355f80b93deaed0d2a51ad93d08c9,8,0.8740995526313782,Where is My Mind?,Where Is My Mind?,Unlike Pluto,Trampled by Turtles,2018,2011,pop,pop
261621,0a5a0a1b73ad8c77e432528be2652ef425ba0e0e,317806,044670f10ff549d3dd0954c07ca070feeb4ffb42,9,0.8597233295440674,Where is My Mind?,Where is My Mind?,Unlike Pluto,Harley Poe,2018,2019,pop,rock
261621,0a5a0a1b73ad8c77e432528be2652ef425ba0e0e,494395,15123c337d0209b24d2e3b44756d992299378038,10,0.8705730438232422,Where is My Mind?,Where Is My Mind?,Unlike Pluto,Telepathic Teddy Bear,2018,2013,pop,pop
261621,0a5a0a1b73ad8c77e432528be2652ef425ba0e0e,183869,7d8743cc1674c8e5079c7d10f33ea36499a0d424,11,0.8641580939292908,Where is My Mind?,Where Is My Mind Pixies Cover,Unlike Pluto,Milky Chance,2018,2015,pop,rock
261621,0a5a0a1b73ad8c77e432528be2652ef425ba0e0e,286663,4e8bb0fc7e1814138a65d3cb1caea6a512504960,12,0.8362223505973816,Where is My Mind?,Where Is My Mind?,Unlike Pluto,Safari Riot,2018,2018,pop,rock
261621,0a5a0a1b73ad8c77e432528be2652ef425ba0e0e,41154,db770c7d04e413ff97f0cfc0a116d6fd13857cf1,13,0.800190806388855,Where is My Mind?,A Very Strange Time,Unlike Pluto,G-Eazy,2018,2019,pop,rap
261621,0a5a0a1b73ad8c77e432528be2652ef425ba0e0e,301745,43d0e33fc7bc2e696d522d9223dca8472e034183,14,0.8025779724121094,Where is My Mind?,​How 2 Find Hope,Unlike Pluto,redveil,2018,2020,pop,rap
261621,0a5a0a1b73ad8c77e432528be2652ef425ba0e0e,118833,36714ec14dba07e160e697473a16ddc20b5a9177,15,0.7956058382987976,Where is My Mind?,Spinning in Daffodils,Unlike Pluto,Them Crooked Vultures,2018,2009,pop,rock
261621,0a5a0a1b73ad8c77e432528be2652ef425ba0e0e,46783,acf05cfbec0a1501a9f98b87526dbaef81112ed1,16,0.7898780107498169,Where is My Mind?,Top Down,Unlike Pluto,EARTHGANG,2018,2019,pop,rap
261621,0a5a0a1b73ad8c77e432528be2652ef425ba0e0e,400564,1975474852860da55b6ab5d828e16599220b4760,17,0.7869310975074768,Where is My Mind?,Hypnosis,Unlike Pluto,Dave Malloy,2018,2016,pop,pop
261621,0a5a0a1b73ad8c77e432528be2652ef425ba0e0e,99492,d78401db7e125fc64303d5689fde61a2cc7d8ff4,18,0.795960545539856,Where is My Mind?,The Big Picture,Unlike Pluto,Bright Eyes,2018,2002,pop,rock
261621,0a5a0a1b73ad8c77e432528be2652ef425ba0e0e,206665,5c1ffeaf22ff40959c54e9d54787a60425a1bd01,19,0.7671492695808411,Where is My Mind?,Talking in My Sleep,Unlike Pluto,eLZhi,2018,2008,pop,rap
261621,0a5a0a1b73ad8c77e432528be2652ef425ba0e0e,261413,1a603c4d05772f973194f7b116c092b8c3b0fc2b,20,0.7980618476867676,Where is My Mind?,Wishing Well,Unlike Pluto,The Airborne Toxic Event,2018,2008,pop,rock
213951,c5ad0447bbcdad2935bb0ff11ffe6563e0181a2d,233286,0139b66b7e9a4f3ac39ed6a050d71bbe9980557e,1,0.8454398512840271,Runaways,Runaway,Lowell,David Soh,2018,2018,pop,pop
213951,c5ad0447bbcdad2935bb0ff11ffe6563e0181a2d,49272,8139245294b431cd8d4efe769054566732389aa4,2,0.7963131070137024,Runaways,Lay Me Down,Lowell,Dirty Heads,2018,2010,pop,rock
213951,c5ad0447bbcdad2935bb0ff11ffe6563e0181a2d,492655,01aa8db7aa7f5c91bc541356011f1fad66c53fe9,3,0.8097700476646423,Runaways,Runaway Remix,Lowell,Pell,2018,2015,pop,pop
213951,c5ad0447bbcdad2935bb0ff11ffe6563e0181a2d,115162,2d7f9300a6a3c6b022ada6d2f5ec288d600dbc1f,4,0.7760769128799438,Runaways,Runaway,Lowell,Felix Cartal,2018,2018,pop,pop
213951,c5ad0447bbcdad2935bb0ff11ffe6563e0181a2d,471401,ca5b1a79ae5b4f7bf184ee2bd98e43e6cdb74683,5,0.8337430953979492,Runaways,Lost With You,Lowell,Bliss n Eso,2018,2021,pop,rap
213951,c5ad0447bbcdad2935bb0ff11ffe6563e0181a2d,100484,668b5384b5558fb7c7139f4b5e667be03e362a0e,6,0.8322755694389343,Runaways,Runaway,Lowell,Krewella,2018,2018,pop,pop
213951,c5ad0447bbcdad2935bb0ff11ffe6563e0181a2d,42347,e0f56a95083192f9434aa680f73657fd289d6d45,7,0.8118808269500732,Runaways,Runaways,Lowell,Sam Feldt,2018,2016,pop,pop
213951,c5ad0447bbcdad2935bb0ff11ffe6563e0181a2d,124631,f626dfbd479bc34a0910c5d20bac5db8aa0c8478,8,0.7935594916343689,Runaways,Runaways,Lowell,All Time Low,2018,2015,pop,rock
213951,c5ad0447bbcdad2935bb0ff11ffe6563e0181a2d,500679,65fdf3d58deb9fd9505213322cd5d986a93c5816,9,0.8096141815185547,Runaways,Runaway,Lowell,Gabbie Hanna,2018,2022,pop,rock
213951,c5ad0447bbcdad2935bb0ff11ffe6563e0181a2d,415566,b73cd4f21091f112f710455fa607af5aa6162caa,10,0.8193590641021729,Runaways,Runaway,Lowell,The Kooks,2018,2011,pop,rock
213951,c5ad0447bbcdad2935bb0ff11ffe6563e0181a2d,185968,5ed401d715c82535ad93854defbc48686226a6ab,11,0.8094627857208252,Runaways,Runaway,Lowell,Bonnie Raitt,2018,1977,pop,pop
213951,c5ad0447bbcdad2935bb0ff11ffe6563e0181a2d,305983,ad8819dff33ba8c28091e2412a38757215510bd4,12,0.8013505339622498,Runaways,Falls Apart,Lowell,Sugar Ray,2018,1999,pop,pop
213951,c5ad0447bbcdad2935bb0ff11ffe6563e0181a2d,353560,9441de6b60333eaf62d1003c8b063084173498c3,13,0.7995383143424988,Runaways,NightDrive,Lowell,Ghost Atlas,2018,2017,pop,rock
213951,c5ad0447bbcdad2935bb0ff11ffe6563e0181a2d,42810,10a143376a9d81d375a06b47a799b937a41208a6,14,0.7952123880386353,Runaways,Runaway,Lowell,Tayla Parx,2018,2017,pop,rb
213951,c5ad0447bbcdad2935bb0ff11ffe6563e0181a2d,194476,02f48a9328e8f8cd75c8c40a9131aff0376fce6e,15,0.7848909497261047,Runaways,Shotgun Love,Lowell,Pia Mia,2018,2013,pop,pop
213951,c5ad0447bbcdad2935bb0ff11ffe6563e0181a2d,381470,c490bb58238e769de3a31b43f496d73eec5906d9,16,0.7770978212356567,Runaways,Audience of One Ghost Note Symphonies,Lowell,Rise Against,2018,2018,pop,rock
213951,c5ad0447bbcdad2935bb0ff11ffe6563e0181a2d,469375,19d92d018803a522e1a1036b5579aa28b7454a42,17,0.7932391166687012,Runaways,Put on Your Old Brown Shoes,Lowell,Supertramp,2018,1982,pop,pop
213951,c5ad0447bbcdad2935bb0ff11ffe6563e0181a2d,69492,9cdba1529db3f42be4a7ff0550fd58888b0449b9,18,0.8081387877464294,Runaways,Runaway,Lowell,Halcyon,2018,2017,pop,pop
213951,c5ad0447bbcdad2935bb0ff11ffe6563e0181a2d,469784,d790ac174300ba735f55990aa3e494e167621a2c,19,0.7768954038619995,Runaways,Runaway,Lowell,Marillion,2018,1994,pop,pop
213951,c5ad0447bbcdad2935bb0ff11ffe6563e0181a2d,19764,5d3a9d313f336f1c979b3fe01560687a2193593b,20,0.7910144329071045,Runaways,Bulletproof Heart,Lowell,My Chemical Romance,2018,2010,pop,rock
106952,7262ea1dc57000f78abdd0e506f65ee1b84798a6,294011,8fd933598e0c862276960c17c5b456bedda4605f,1,0.8973048329353333,花요일 Blooming Day,Come See Me Remix,EXO-CBX,112,2018,1996,pop,rb
106952,7262ea1dc57000f78abdd0e506f65ee1b84798a6,416164,2a5df189eaf8b801df8f58d090e1d715c58c55c8,2,0.8875977396965027,花요일 Blooming Day,Hollow,EXO-CBX,Emily Vaughn,2018,2015,pop,pop
106952,7262ea1dc57000f78abdd0e506f65ee1b84798a6,103646,8f975256ccec309e3cc1fce7371e17e04c71b44a,3,0.8930302858352661,花요일 Blooming Day,Ooh Ooh Baby,EXO-CBX,Britney Spears,2018,2007,pop,pop
106952,7262ea1dc57000f78abdd0e506f65ee1b84798a6,147998,8dfc5d8f96a6fe32bd5838d4b2b7d97277a37fc4,4,0.8862076997756958,花요일 Blooming Day,Baby blue,EXO-CBX,Reis,2018,2016,pop,rap
106952,7262ea1dc57000f78abdd0e506f65ee1b84798a6,381764,a3f25ff0232f211c1dced9e4c27e2fa0465a470a,5,0.8909005522727966,花요일 Blooming Day,Invisible,EXO-CBX,Yuna,2018,2020,pop,rb
106952,7262ea1dc57000f78abdd0e506f65ee1b84798a6,174218,aa9ed09bb82a59f6050dda6ffd9e3f4f6f6f9368,6,0.8917896747589111,花요일 Blooming Day,Wanna B Ur Lovr,EXO-CBX,"""Weird Al"" Yankovic",2018,2003,pop,rock
106952,7262ea1dc57000f78abdd0e506f65ee1b84798a6,360004,fa0588841067c7fc2e5107ec1b53c5f791f544e5,7,0.8768929243087769,花요일 Blooming Day,Flowers,EXO-CBX,DJ Spoony,2018,2019,pop,pop
106952,7262ea1dc57000f78abdd0e506f65ee1b84798a6,487139,6d2e9578829ab0c10a4bbe27d6cdd66dfa36be87,8,0.8863873481750488,花요일 Blooming Day,I MISS YOU FOO,EXO-CBX,LIL BOODANG,2018,2018,pop,rap
106952,7262ea1dc57000f78abdd0e506f65ee1b84798a6,180479,08e716b02f5aaa305832f60e0ffc6efa8767aa5c,9,0.8900518417358398,花요일 Blooming Day,All That I Got The Make Up Song,EXO-CBX,Fergie,2018,2006,pop,pop
106952,7262ea1dc57000f78abdd0e506f65ee1b84798a6,293666,40fd2c026944f0ee268efd56b00be9d6dfd28de1,10,0.8893164992332458,花요일 Blooming Day,Trip to the Moon,EXO-CBX,Alex Camarillo,2018,2018,pop,pop
106952,7262ea1dc57000f78abdd0e506f65ee1b84798a6,13349,c4afe1f7a728976319da7f8c74f120ed39b94e95,11,0.8930030465126038,花요일 Blooming Day,Adore,EXO-CBX,Prince,2018,1987,pop,rb
106952,7262ea1dc57000f78abdd0e506f65ee1b84798a6,208594,5d3773bad30b88c30ee4ca50ed6ffea173face64,12,0.8749852180480957,花요일 Blooming Day,You the One Fish in the Sea,EXO-CBX,Liv.e,2018,2020,pop,rb
106952,7262ea1dc57000f78abdd0e506f65ee1b84798a6,441603,ccfb6f10f97f5feb7437f5add3660aa8774426c4,13,0.8755180239677429,花요일 Blooming Day,I Idolize You,EXO-CBX,Lizz Wright,2018,2008,pop,pop
106952,7262ea1dc57000f78abdd0e506f65ee1b84798a6,340412,9e068504e84d4de67e8e25e75e22c58f2e47dccc,14,0.8898407220840454,花요일 Blooming Day,Baby I Love You,EXO-CBX,Random Encounters,2018,2016,pop,pop
106952,7262ea1dc57000f78abdd0e506f65ee1b84798a6,505827,3598dbcd384fc55fbc6f46117e46736903d301ab,15,0.8796519637107849,花요일 Blooming Day,Slow it Down,EXO-CBX,shy ink & Kish,2018,2022,pop,rb
106952,7262ea1dc57000f78abdd0e506f65ee1b84798a6,284955,a6e5c565869a31e8d1a0e7385ab612e1e2d3c3f5,16,0.8794172406196594,花요일 Blooming Day,You Are My Shining Star,EXO-CBX,MattyBRaps,2018,2015,pop,rap
106952,7262ea1dc57000f78abdd0e506f65ee1b84798a6,374658,7d3ba24472608eb47b946462bd3f5e2e372c37dc,17,0.8904996514320374,花요일 Blooming Day,I Just Wanna Tell You,EXO-CBX,dj TAKA,2018,2015,pop,pop
106952,7262ea1dc57000f78abdd0e506f65ee1b84798a6,308424,5bb3d28e7b7e2004f8cbec2ac62bee984dc44e2d,18,0.8902938365936279,花요일 Blooming Day,Stay with Me Tonight,EXO-CBX,Jeffrey Osborne,2018,1983,pop,rb
106952,7262ea1dc57000f78abdd0e506f65ee1b84798a6,116052,34d7bcc42948cb90e373f4e88ed53cabc82a1e09,19,0.8750646114349365,花요일 Blooming Day,Lovin,EXO-CBX,Simi,2018,2019,pop,pop
106952,7262ea1dc57000f78abdd0e506f65ee1b84798a6,101774,abba49334715e7ae24906ee323192a2ff765087d,20,0.8726500868797302,花요일 Blooming Day,Berry,EXO-CBX,Sunwoo,2018,2021,pop,rb
352698,c09e64c4d822775af86726ef843a8c6fc9442fd3,330183,bdb9301c420acfccf21950c5f66e780b8257be76,1,0.8335549831390381,Church,Church,Far East Movement,Jennifer Lopez,2016,2022,pop,pop
352698,c09e64c4d822775af86726ef843a8c6fc9442fd3,169929,2309e6a4b61ded058098ba1976ca779c0e461a6f,2,0.8127304911613464,Church,Shepherd of This Flock,Far East Movement,JT Music,2016,2018,pop,rap
352698,c09e64c4d822775af86726ef843a8c6fc9442fd3,145964,a042a494fe5a28e54111c5e719eacf4114de822a,3,0.8163147568702698,Church,Jesus,Far East Movement,cupcakKe,2016,2016,pop,rap
352698,c09e64c4d822775af86726ef843a8c6fc9442fd3,312197,262f5d6d8275b926d60033ccc5412dec4c9f86cc,4,0.7997288703918457,Church,Stop By the Church,Far East Movement,Babbie Mason,2016,1996,pop,rb
352698,c09e64c4d822775af86726ef843a8c6fc9442fd3,211161,4f120ddd9c906aa5b156e542d8eeeb56bfbeb160,5,0.8158441781997681,Church,Deity,Far East Movement,Valeree,2016,2021,pop,rb
352698,c09e64c4d822775af86726ef843a8c6fc9442fd3,78828,695b2369737566cdf5995faacb1e66981a2bea44,6,0.7980729937553406,Church,Through It All,Far East Movement,Hillsong Worship,2016,2002,pop,pop
352698,c09e64c4d822775af86726ef843a8c6fc9442fd3,390919,3bf332ff733cfe9a65860b7de5bafee5d70ad456,7,0.8210402131080627,Church,Take Me To Church One World: Together At Home,Far East Movement,Hozier,2016,2020,pop,pop
352698,c09e64c4d822775af86726ef843a8c6fc9442fd3,305761,f60a1b8adfcc1542052787f94190d3a9fec4bfcd,8,0.8032971024513245,Church,Sunday Sermons,Far East Movement,Anne Wilson,2016,2022,pop,country
352698,c09e64c4d822775af86726ef843a8c6fc9442fd3,241889,1b280fd4f3bff4bd9271075b5e74645740e5e13d,9,0.8193039894104004,Church,Hallelujah,Far East Movement,Pdot O,2016,2021,pop,rap
352698,c09e64c4d822775af86726ef843a8c6fc9442fd3,175523,db9a8e7db718111ceec59be4718a021fecb7b77b,10,0.8071597814559937,Church,Oceans,Far East Movement,Dream Junkies,2016,2014,pop,rap
352698,c09e64c4d822775af86726ef843a8c6fc9442fd3,237010,5d9a90761e540482c7fde068d81b21494ce1f97e,11,0.8056110143661499,Church,The River of the Lord,Far East Movement,Tasha Cobbs Leonard,2016,2017,pop,rb
352698,c09e64c4d822775af86726ef843a8c6fc9442fd3,356847,5a15deae7e71c5ab7034486e5612944f92c6b184,12,0.8134903311729431,Church,Until I Pass Out Remix,Far East Movement,Uncle Reece,2016,2013,pop,rap
352698,c09e64c4d822775af86726ef843a8c6fc9442fd3,63808,7a6e4a8dfbc694d36e59a2f9744fe340ac0e2572,13,0.7835425734519958,Church,Love Is Religion,Far East Movement,Dua Lipa,2016,2020,pop,pop
352698,c09e64c4d822775af86726ef843a8c6fc9442fd3,414897,e4dfc0fc037fa218deeb0898b3a9684fdb6ff193,14,0.7996110916137695,Church,Thick Christians and Anime Bibles,Far East Movement,W.N.O,2016,2019,pop,rap
352698,c09e64c4d822775af86726ef843a8c6fc9442fd3,4086,c5a36803bb8ef2bedd3068ce0c34e455bcceafd7,15,0.7916658520698547,Church,My Church,Far East Movement,My Church Lyrics - Maren Morris,2016,2016,pop,country
352698,c09e64c4d822775af86726ef843a8c6fc9442fd3,364936,0e20920bb30e301065d8ae4c99b8b40a8980ad23,16,0.8118399977684021,Church,The Birds,Far East Movement,Auburn,2016,2014,pop,rap
352698,c09e64c4d822775af86726ef843a8c6fc9442fd3,247581,77e0335b8707b1eaf36146bec85e8f05ddb2adb4,17,0.801506757736206,Church,Promises Radio,Far East Movement,Maverick City Music,2016,2021,pop,pop
352698,c09e64c4d822775af86726ef843a8c6fc9442fd3,148082,b0d2ce51aeb6d506232d35f9b9868233ded12982,18,0.8157740831375122,Church,Sinners Saved by grace,Far East Movement,Deitrick Haddon,2016,2015,pop,rap
352698,c09e64c4d822775af86726ef843a8c6fc9442fd3,70195,a357e4ba702d0e3436579059cc6d99a2b45d38dd,19,0.7868502140045166,Church,Worship You,Far East Movement,Kane Brown,2016,2020,pop,country
352698,c09e64c4d822775af86726ef843a8c6fc9442fd3,120704,7719e60977ed16d3a7f5fb5e125eab18b90b7823,20,0.7883184552192688,Church,700 Club,Far East Movement,Nicole Dollanganger,2016,2013,pop,pop
469583,354ba0cd482b394b47c49a0c6a4c88921b98690c,14700,ec2410e531c3c713fc82474908659705312f0491,1,0.968144953250885,Wont Let Me Out,Locked Up,C-Murder,Akon,2005,2004,pop,rap
469583,354ba0cd482b394b47c49a0c6a4c88921b98690c,38581,f9483f16c2c9ac91510667c075016a6483a1e8b2,2,0.9608018398284912,Wont Let Me Out,Locked Up Remix,C-Murder,Akon,2005,2009,pop,rap
469583,354ba0cd482b394b47c49a0c6a4c88921b98690c,433953,9bf2a6e4199073cfc3b2c10e3a2b02bbecff4061,3,0.9261983633041382,Wont Let Me Out,Locked Up Yaad Remix,C-Murder,Akon,2005,2009,pop,rap
469583,354ba0cd482b394b47c49a0c6a4c88921b98690c,400637,02ed37b2425972c64e7c13737c64370c33cfed63,4,0.9112300872802734,Wont Let Me Out,Locked Up Nas Remix,C-Murder,Akon,2005,2014,pop,rap
469583,354ba0cd482b394b47c49a0c6a4c88921b98690c,23369,c4201d5b03c5bf0be5e65456be519d9c43680784,5,0.8579378128051758,Wont Let Me Out,LOCKED UP PT. 2,C-Murder,6ix9ine,2005,2020,pop,rap
469583,354ba0cd482b394b47c49a0c6a4c88921b98690c,238783,900b5a60b97672424ab57b4fbb973766bee03649,6,0.7746421694755554,Wont Let Me Out,Locked Up,C-Murder,The Avett Brothers,2005,2019,pop,country
469583,354ba0cd482b394b47c49a0c6a4c88921b98690c,348019,ddccbf9f7d0d7cfb2b703862466014b7c9b01096,7,0.7790704369544983,Wont Let Me Out,Locked in Spofford,C-Murder,Mobb Deep,2005,1993,pop,rap
469583,354ba0cd482b394b47c49a0c6a4c88921b98690c,377311,b618a82ecd00945205e3b2f286934712718879fa,8,0.7264841198921204,Wont Let Me Out,Locked In,C-Murder,Judas Priest,2005,1986,pop,rock
469583,354ba0cd482b394b47c49a0c6a4c88921b98690c,382455,9e94099be48064ff30ca86a935a860ca86f49a27,9,0.71037757396698,Wont Let Me Out,Go Away,C-Murder,Dylan Brady,2005,2016,pop,pop
469583,354ba0cd482b394b47c49a0c6a4c88921b98690c,104961,d25907b6cfc0da831c1ecb93342c31ac332b8fc1,10,0.7333494424819946,Wont Let Me Out,My Old Ways,C-Murder,The Plot In You,2005,2015,pop,rock
469583,354ba0cd482b394b47c49a0c6a4c88921b98690c,429532,9b5643f50ffb08a61c78608f9d150452889e474b,11,0.7091043591499329,Wont Let Me Out,Box,C-Murder,The Wldlfe,2005,2021,pop,pop
469583,354ba0cd482b394b47c49a0c6a4c88921b98690c,471379,2f1ff7fe474c15248a3df404dd97def8f40cf89b,12,0.7318537831306458,Wont Let Me Out,Lockdown,C-Murder,The Dirty Knobs,2005,2020,pop,rock
469583,354ba0cd482b394b47c49a0c6a4c88921b98690c,178866,9b5c700c6428df712f50a0e993d45e5421f17eaf,13,0.7141552567481995,Wont Let Me Out,​trapped in a club,C-Murder,SALES,2005,2016,pop,rock
469583,354ba0cd482b394b47c49a0c6a4c88921b98690c,97252,f8caaaf165bdd9fb468e0e3dbfede851822cce32,14,0.7371799349784851,Wont Let Me Out,Freedom Freestyle,C-Murder,Burna Boy,2005,2011,pop,rap
469583,354ba0cd482b394b47c49a0c6a4c88921b98690c,348422,a70780ea1796c2fc3c0f64121f53f5dc615b6dd1,15,0.7212485671043396,Wont Let Me Out,Excuses,C-Murder,Alanis Morissette,2005,2004,pop,rock
469583,354ba0cd482b394b47c49a0c6a4c88921b98690c,474273,458588af1d63d7186191ce3917c14f8f7a5194aa,16,0.7609928250312805,Wont Let Me Out,Trapped,C-Murder,E-40,2005,2011,pop,rap
469583,354ba0cd482b394b47c49a0c6a4c88921b98690c,210322,931e883c132adf437ac562acd5675c3d3c65d5c9,17,0.6960529088973999,Wont Let Me Out,VIRUS,C-Murder,KLOUD,2005,2020,pop,pop
469583,354ba0cd482b394b47c49a0c6a4c88921b98690c,433828,990fe9d8f1f62ce5a87b7d20f3fe4324987db2ae,18,0.7060736417770386,Wont Let Me Out,Hung Up,C-Murder,Arkells,2005,2016,pop,rock
469583,354ba0cd482b394b47c49a0c6a4c88921b98690c,156861,5bf8a821fae3611880ee71bb52a0c6236f4c75a3,19,0.7064791321754456,Wont Let Me Out,Get to Me,C-Murder,Ace Hood,2005,2017,pop,rb
469583,354ba0cd482b394b47c49a0c6a4c88921b98690c,34440,b0d123d4333ab7c706626aab25cf9526bad89134,20,0.7202515006065369,Wont Let Me Out,​heart won’t let me,C-Murder,LANY,2005,2020,pop,pop
502898,3e8b6840e5215b936d1a63b3906f3fbbdf520a05,201666,c25c6dd04bac755d6e135aeecec78c2cab6f30f2,1,0.8657820224761963,Northern Lights,PERFECT STRUGGLE 2017 Mashup,Ella Henderson,AnDyWuMUSICLAND,2022,2017,pop,pop
502898,3e8b6840e5215b936d1a63b3906f3fbbdf520a05,71587,f2fbefee833fb2ba783c151ab69bb0d87c75cb1e,2,0.8412308692932129,Northern Lights,Summer Rain,Ella Henderson,Sia,2022,2016,pop,pop
502898,3e8b6840e5215b936d1a63b3906f3fbbdf520a05,242599,ab92037fa9a34abced3de9dd0df61e87cd1dfadd,3,0.8647335767745972,Northern Lights,Head in the Clouds Remix,Ella Henderson,Naka,2022,2020,pop,pop
502898,3e8b6840e5215b936d1a63b3906f3fbbdf520a05,220397,adf8e69f999f2bd8542927bd7f10b97b1d263566,4,0.858049750328064,Northern Lights,​still.running,Ella Henderson,ATO,2022,2019,pop,rap
502898,3e8b6840e5215b936d1a63b3906f3fbbdf520a05,200041,fc55cab2a670bbc4a842d967d2b10ad1de38891e,5,0.853134274482727,Northern Lights,Sunsets and Heartbreak,Ella Henderson,Cimorelli,2022,2016,pop,pop
502898,3e8b6840e5215b936d1a63b3906f3fbbdf520a05,129062,2005651dd10c60c3aed0bcd4a8abab02b1f54e78,6,0.8501001596450806,Northern Lights,​soda stream sky,Ella Henderson,Powfu,2022,2021,pop,pop
502898,3e8b6840e5215b936d1a63b3906f3fbbdf520a05,348580,ec4295612349733220c3dc4361cccc1fba642897,7,0.8601809144020081,Northern Lights,Dark Skies,Ella Henderson,Evil Ebenezer,2022,2019,pop,rap
502898,3e8b6840e5215b936d1a63b3906f3fbbdf520a05,79482,51fc507d42d92ae9c1cb5e9ba6f35bf18d40864f,8,0.8484338521957397,Northern Lights,Nothing to Find,Ella Henderson,The War on Drugs,2022,2017,pop,rock
502898,3e8b6840e5215b936d1a63b3906f3fbbdf520a05,6253,b35de3f9c5839be5ebc550a6acf5ff477943ad39,9,0.8505427837371826,Northern Lights,Levanter English Ver.,Ella Henderson,Stray Kids,2022,2020,pop,pop
502898,3e8b6840e5215b936d1a63b3906f3fbbdf520a05,116796,9d29443006de2fd7d95c9fbb9eb0d18117ec56e3,10,0.8516418933868408,Northern Lights,London on My Mind,Ella Henderson,iamjakehill,2022,2019,pop,rap
502898,3e8b6840e5215b936d1a63b3906f3fbbdf520a05,214873,7dbc154875ec62a970ee5b6f14625fd262532566,11,0.8470405340194702,Northern Lights,Like Im Tom May,Ella Henderson,Wicca Phase Springs Eternal,2022,2016,pop,rap
502898,3e8b6840e5215b936d1a63b3906f3fbbdf520a05,160937,71c2e2e013b7b9849472006fd7c531bc3b26a103,12,0.8545277118682861,Northern Lights,All White Dress,Ella Henderson,Brennan Savage,2022,2017,pop,rap
502898,3e8b6840e5215b936d1a63b3906f3fbbdf520a05,60557,7a546086da779f8f4052130910074033ea308688,13,0.8496487736701965,Northern Lights,You Dont Have to Go,Ella Henderson,The War on Drugs,2022,2017,pop,rock
502898,3e8b6840e5215b936d1a63b3906f3fbbdf520a05,183785,f9a1028f15f3bbefa888a706a59b621c9389dd15,14,0.8547224998474121,Northern Lights,Hello Sunshine,Ella Henderson,STS,2022,2011,pop,rap
502898,3e8b6840e5215b936d1a63b3906f3fbbdf520a05,119851,eb399e43c7c05ead02ece8622d32d4757af2de20,15,0.8533337712287903,Northern Lights,후폭풍 Bad Dream,Ella Henderson,EXO,2022,2018,pop,pop
502898,3e8b6840e5215b936d1a63b3906f3fbbdf520a05,380295,8d0fd65f674a1fce5d2e1735f6bad46275e78287,16,0.849651575088501,Northern Lights,Broken Walls,Ella Henderson,Chogo,2022,2020,pop,rb
502898,3e8b6840e5215b936d1a63b3906f3fbbdf520a05,60937,3e8937a6999ee0a763ba251aa9b6473d37774c0c,17,0.8625826239585876,Northern Lights,Something Safe,Ella Henderson,Corbin,2022,2017,pop,rb
502898,3e8b6840e5215b936d1a63b3906f3fbbdf520a05,104578,be7418031e8a0fecab114c70bf8a20d912cb0755,18,0.8416160345077515,Northern Lights,Rocks at Your Window,Ella Henderson,Yelawolf,2022,2021,pop,rap
502898,3e8b6840e5215b936d1a63b3906f3fbbdf520a05,217600,14a5f6158d920e0bff74fccc82fe071861e4cf89,19,0.8446316719055176,Northern Lights,B L U E,Ella Henderson,Powfu,2022,2018,pop,rap
502898,3e8b6840e5215b936d1a63b3906f3fbbdf520a05,208355,2e1749c2c229bcdf91d8b7ec2cfe701c222e0fff,20,0.8374667167663574,Northern Lights,One Day,Ella Henderson,Stray Kids,2022,2020,pop,pop
45255,a4c0a37c435724e77cc34862519c8e10f8a344e3,330089,cca741530d23d07c3388143748e55e1940209557,1,0.9939154386520386,3 AM,3 AM Remix,HAIM,HAIM,2020,2021,pop,rb
45255,a4c0a37c435724e77cc34862519c8e10f8a344e3,424476,e76e17605d4889d6daba225ef135a1de61af208a,2,0.8373528718948364,3 AM,Floating,HAIM,Mannywellz & VanJess,2020,2020,pop,rb
45255,a4c0a37c435724e77cc34862519c8e10f8a344e3,412813,e2f24a41c6d6fcf79af9aef033343d008128813e,3,0.8360098004341125,3 AM,Right Side,HAIM,Tilian,2020,2018,pop,pop
45255,a4c0a37c435724e77cc34862519c8e10f8a344e3,464734,e1fcaf56edcc71ce8bca61ea95a7f8d3a27ca20b,4,0.8331488370895386,3 AM,Deception Bay,HAIM,Boo Seeka,2020,2016,pop,rb
45255,a4c0a37c435724e77cc34862519c8e10f8a344e3,340595,7a146d46dc56d24415395a0142fd5895e7c5c736,5,0.8328829407691956,3 AM,SEA OF SPACE,HAIM,QUIN,2020,2016,pop,rb
45255,a4c0a37c435724e77cc34862519c8e10f8a344e3,492785,5ba24d6bf29f51072e69b10c8082abd667b60d7e,6,0.8341596126556396,3 AM,Serotonin Serenade,HAIM,SuperKnova,2020,2019,pop,pop
45255,a4c0a37c435724e77cc34862519c8e10f8a344e3,323279,ca479dede584c210c6c5e30542285a3c9c99ab5a,7,0.8316836953163147,3 AM,Anywhere But Here,HAIM,Hilary Duff,2020,2003,pop,pop
45255,a4c0a37c435724e77cc34862519c8e10f8a344e3,389997,8cd896ac5c9b9e537714caf3fc7e69e59f244058,8,0.8262776136398315,3 AM,Falling,HAIM,Crooked Colours,2020,2020,pop,pop
45255,a4c0a37c435724e77cc34862519c8e10f8a344e3,444374,51867990bdb51a621714f34beb4c62e05a411bcf,9,0.8294379711151123,3 AM,Ghost,HAIM,Ellie Drennan,2020,2016,pop,pop
45255,a4c0a37c435724e77cc34862519c8e10f8a344e3,52030,a9c10d29fb072d475bae3f872cc23fdc63676395,10,0.8354983329772949,3 AM,Autumn Collection,HAIM,Triple One,2020,2017,pop,rap
45255,a4c0a37c435724e77cc34862519c8e10f8a344e3,399448,0ead60b1f9f32dd810de7974f9f3969f07e4b186,11,0.8293580412864685,3 AM,Losing My Head,HAIM,Krystl,2020,2017,pop,pop
45255,a4c0a37c435724e77cc34862519c8e10f8a344e3,315344,eeb26c07e0bb11285b7652a60148dcf5ecd9ca51,12,0.8215103149414062,3 AM,Floating Away,HAIM,Wrekonize,2020,2013,pop,rap
45255,a4c0a37c435724e77cc34862519c8e10f8a344e3,379093,3fea49319948c9f27fd81afdaf0a4e20db1b2740,13,0.8336287140846252,3 AM,Trick of the Light,HAIM,Lonely The Brave,2020,2014,pop,rock
45255,a4c0a37c435724e77cc34862519c8e10f8a344e3,116193,c63afe369aab14858b36fddec4d4540cc862bf9d,14,0.8288612365722656,3 AM,뭐해 What Are You Up To,HAIM,Kang Daniel,2020,2019,pop,pop
45255,a4c0a37c435724e77cc34862519c8e10f8a344e3,466011,15075ba73536834ccee20aac7ee22162073ae5d3,15,0.8104466199874878,3 AM,Up All Night,HAIM,Olivia Nelson,2020,2017,pop,pop
45255,a4c0a37c435724e77cc34862519c8e10f8a344e3,263221,577b9038125d1a79ba8890e5fa2326c407efeef5,16,0.829113245010376,3 AM,My Promise,HAIM,Pollari,2020,2020,pop,rap
45255,a4c0a37c435724e77cc34862519c8e10f8a344e3,219765,3d93dcaa966756e9adf40fd2ee48c83e9ddb734f,17,0.8177323937416077,3 AM,Drowning,HAIM,Lucidious,2020,2019,pop,rap
45255,a4c0a37c435724e77cc34862519c8e10f8a344e3,213176,fc457c59e065e33c6114586bb2fb9da581ff110f,18,0.8295643329620361,3 AM,Floating By,HAIM,Washed Out,2020,2017,pop,pop
45255,a4c0a37c435724e77cc34862519c8e10f8a344e3,43300,be8441c1c3a9b2394f1fda0f14983644abe270bb,19,0.8242138028144836,3 AM,I Am Defiant,HAIM,The Seige,2020,2018,pop,rap
45255,a4c0a37c435724e77cc34862519c8e10f8a344e3,276917,3fd8f72fec3f014f9a1d094e0b9ca00ab901ef51,20,0.8246763944625854,3 AM,Buried Beneath,HAIM,Red,2020,2011,pop,rock
500150,d321054046456bb70d75f7bc1fee4fc3ad740b15,200958,af6a69c124f7447be984e913f2e0102f4e9b047a,1,0.9292479753494263,Blixky What,Ready to Blitz,Nas EBK x Yagi B Trend,Kenzo Balla,2022,2021,rap,rap
500150,d321054046456bb70d75f7bc1fee4fc3ad740b15,211072,5e24ade5ce2f7529f0b260be4da4a41d73e3a43f,2,0.9032325148582458,Blixky What,No Promo,Nas EBK x Yagi B Trend,Zone 2,2022,2020,rap,rap
500150,d321054046456bb70d75f7bc1fee4fc3ad740b15,435252,05064f40d3e615764741b74b6eeadca919c6e097,3,0.9161657094955444,Blixky What,BTB,Nas EBK x Yagi B Trend,Nesty Floxks,2022,2022,rap,rap
500150,d321054046456bb70d75f7bc1fee4fc3ad740b15,504042,944f95f60541a5f13faa94504a5344a57571cde7,4,0.9097830057144165,Blixky What,No Cap Pt2,Nas EBK x Yagi B Trend,TG Crippy,2022,2022,rap,rap
500150,d321054046456bb70d75f7bc1fee4fc3ad740b15,141689,720f961ad74a45b8ea1c6336cce441264983d64a,5,0.9090883135795593,Blixky What,DEAD LOCCS,Nas EBK x Yagi B Trend,Yus Gz,2022,2021,rap,rap
500150,d321054046456bb70d75f7bc1fee4fc3ad740b15,424162,15935859799a19aaeb88bab6b0f01e416a9f2284,6,0.9063984155654907,Blixky What,Rah Rah,Nas EBK x Yagi B Trend,Nas EBK,2022,2021,rap,rap
500150,d321054046456bb70d75f7bc1fee4fc3ad740b15,20165,cd2d504fe66f6c569ba71cf53cc8925f6613d8a8,7,0.9193277955055237,Blixky What,Talk Facts,Nas EBK x Yagi B Trend,DThang,2022,2021,rap,rap
500150,d321054046456bb70d75f7bc1fee4fc3ad740b15,91776,476f6b3da5ed25d6c03dac95769d91d4a20f75ac,8,0.9123556017875671,Blixky What,EOS,Nas EBK x Yagi B Trend,Dougie B,2022,2021,rap,rap
500150,d321054046456bb70d75f7bc1fee4fc3ad740b15,148492,d55482cd4e0d5ae3206e36ab1ba34fdec91d6810,9,0.913151204586029,Blixky What,Fuck Da Opps,Nas EBK x Yagi B Trend,Kshordy,2022,2021,rap,rap
500150,d321054046456bb70d75f7bc1fee4fc3ad740b15,194474,a8403d8062a4a4f38e254150eddc4a0410d3cec0,10,0.9149349927902222,Blixky What,300FLOCKA SHOT,Nas EBK x Yagi B Trend,Yus Gz,2022,2022,rap,rap
500150,d321054046456bb70d75f7bc1fee4fc3ad740b15,500843,1732c17e68b316acb01c1a9785a6765fb4268a66,11,0.9151702523231506,Blixky What,PSA,Nas EBK x Yagi B Trend,Yus Gz,2022,2022,rap,rap
500150,d321054046456bb70d75f7bc1fee4fc3ad740b15,509421,588a46dba42b0ca3ecc2301ab58de2128bc389cd,12,0.8979979753494263,Blixky What,Opp Flow Freestyle Unreleased,Nas EBK x Yagi B Trend,Kshordy,2022,2022,rap,rap
500150,d321054046456bb70d75f7bc1fee4fc3ad740b15,469904,e9e79b39fff159805d2877b64f6ef8471b441ef9,13,0.9072972536087036,Blixky What,Message,Nas EBK x Yagi B Trend,TG Crippy,2022,2021,rap,rap
500150,d321054046456bb70d75f7bc1fee4fc3ad740b15,502900,3f55193fd810e4d7c16a0dbbe95d3dc9b62ff8e2,14,0.9114634990692139,Blixky What,Hit The Ground,Nas EBK x Yagi B Trend,Blockwork,2022,2022,rap,rap
500150,d321054046456bb70d75f7bc1fee4fc3ad740b15,222048,fb9855f98f64a99b53c725ffef443d940ee820c0,15,0.9108582735061646,Blixky What,41 Cypher,Nas EBK x Yagi B Trend,Kyle Richh,2022,2022,rap,rap
500150,d321054046456bb70d75f7bc1fee4fc3ad740b15,308667,2f03e16e92ebdc16567e88b77ced8e5123beab52,16,0.9008013010025024,Blixky What,Facts,Nas EBK x Yagi B Trend,BG Lil Pat & Bando HotHead,2022,2019,rap,rap
500150,d321054046456bb70d75f7bc1fee4fc3ad740b15,506024,7a36d1ea78c4c9a895d29a73aea2359879abe655,17,0.9042770862579346,Blixky What,No Stopping,Nas EBK x Yagi B Trend,Bando Gz,2022,2022,rap,rap
500150,d321054046456bb70d75f7bc1fee4fc3ad740b15,506846,4429d323d75a16cf03a46750a30503e2c5a36dbc,18,0.891011118888855,Blixky What,DOA CITY,Nas EBK x Yagi B Trend,Yagi B,2022,2022,rap,rap
500150,d321054046456bb70d75f7bc1fee4fc3ad740b15,422414,51b4898e09f4cdc16f8118c0accaa43ab88b0c13,19,0.9103339910507202,Blixky What,Whats The Vibes,Nas EBK x Yagi B Trend,TG Crippy,2022,2021,rap,rap
500150,d321054046456bb70d75f7bc1fee4fc3ad740b15,507905,e1f23b29a3c2c8b9e3706a56694a6a359c1c558c,20,0.9028611183166504,Blixky What,WAWG Jumper Unreleased,Nas EBK x Yagi B Trend,Kshordy,2022,2022,rap,rap
179031,a8a1faf10184e7c890b0a7466eb959a347271ac9,239996,1b6ff27fa0032b9f6d491cfc51bbdcf29941b505,1,0.8904805779457092,Pinocchio Story Freestyle Style Live At Hollywood Bowl 2015,BAR FIGHT™ - TOKEN VS. EMONEY,Kanye West,Team Backpack,2015,2016,rap,rap
179031,a8a1faf10184e7c890b0a7466eb959a347271ac9,497220,e6e223e688f75b03ef6132e654881e31df8713f5,2,0.8772404789924622,Pinocchio Story Freestyle Style Live At Hollywood Bowl 2015,You  Me,Kanye West,ANTH,2015,2021,rap,rap
179031,a8a1faf10184e7c890b0a7466eb959a347271ac9,88881,f79cf37fd411c21b1d27daddf36c1831d234ea5f,3,0.8816373944282532,Pinocchio Story Freestyle Style Live At Hollywood Bowl 2015,Passion,Kanye West,DVS (UK),2015,2012,rap,rap
179031,a8a1faf10184e7c890b0a7466eb959a347271ac9,72877,3322850750e577252fc57d586bb5157f26d7abc1,4,0.882965087890625,Pinocchio Story Freestyle Style Live At Hollywood Bowl 2015,Hope,Kanye West,Phora,2015,2013,rap,rap
179031,a8a1faf10184e7c890b0a7466eb959a347271ac9,49164,a9c6ecab87bd2d81758b2911c7b59e6fe8a16a7c,5,0.8861324191093445,Pinocchio Story Freestyle Style Live At Hollywood Bowl 2015,Thought Process,Kanye West,Goodie Mob,2015,1995,rap,rap
179031,a8a1faf10184e7c890b0a7466eb959a347271ac9,614,cf211c014b9871c051d30d87eeaa8bd588936f40,6,0.8834334015846252,Pinocchio Story Freestyle Style Live At Hollywood Bowl 2015,Beautiful,Kanye West,Eminem,2015,2009,rap,rap
179031,a8a1faf10184e7c890b0a7466eb959a347271ac9,264350,8292bd08e4f71cdad0d39f71e3f34935ce26ed02,7,0.8743263483047485,Pinocchio Story Freestyle Style Live At Hollywood Bowl 2015,Interlude,Kanye West,Little Simz,2015,2016,rap,rap
179031,a8a1faf10184e7c890b0a7466eb959a347271ac9,60281,701f08c403edb24c873d430649f9c98afe741fb0,8,0.8772214651107788,Pinocchio Story Freestyle Style Live At Hollywood Bowl 2015,You Will,Kanye West,Andy Mineo,2015,2013,rap,rap
179031,a8a1faf10184e7c890b0a7466eb959a347271ac9,26338,90baf7c738ff8facbce14d302575d37fd4a2ed6d,9,0.889253556728363,Pinocchio Story Freestyle Style Live At Hollywood Bowl 2015,Bigger Than Life,Kanye West,Nipsey Hussle,2015,2012,rap,rap
179031,a8a1faf10184e7c890b0a7466eb959a347271ac9,169840,5cb0e982644cfee3cca4b865d6543ebd1fd4b287,10,0.8836391568183899,Pinocchio Story Freestyle Style Live At Hollywood Bowl 2015,NO CAP Freestyle,Kanye West,CLOUDE,2015,2018,rap,rap
179031,a8a1faf10184e7c890b0a7466eb959a347271ac9,83745,205fc7944936b8885383dae47437604bd82fcbe1,11,0.8762105703353882,Pinocchio Story Freestyle Style Live At Hollywood Bowl 2015,Restored,Kanye West,Lecrae,2015,2020,rap,rap
179031,a8a1faf10184e7c890b0a7466eb959a347271ac9,159483,0cb0b62508a336acdc2f15549385a88815ff7e75,12,0.8903695940971375,Pinocchio Story Freestyle Style Live At Hollywood Bowl 2015,Wise Up,Kanye West,Noah Carter,2015,2017,rap,rap
179031,a8a1faf10184e7c890b0a7466eb959a347271ac9,240322,237f2e1255f6fe04cdcc51cfea0f99ff88e31620,13,0.8775910139083862,Pinocchio Story Freestyle Style Live At Hollywood Bowl 2015,Fake Love,Kanye West,YK,2015,2016,rap,rap
179031,a8a1faf10184e7c890b0a7466eb959a347271ac9,427164,a8f2b03691eb54fb4437c1d01e0be75df17ad22e,14,0.8720519542694092,Pinocchio Story Freestyle Style Live At Hollywood Bowl 2015,ALIVE,Kanye West,Marlon Craft,2015,2016,rap,rap
179031,a8a1faf10184e7c890b0a7466eb959a347271ac9,48740,9187c6ec7c368657767f759aefeebda918a5439d,15,0.8806610703468323,Pinocchio Story Freestyle Style Live At Hollywood Bowl 2015,Stoicville,Kanye West,T-Pain,2015,2014,rap,rap
179031,a8a1faf10184e7c890b0a7466eb959a347271ac9,1299,7b78bf45ef72916e020609393e42766a99fb6d9a,16,0.8886896967887878,Pinocchio Story Freestyle Style Live At Hollywood Bowl 2015,Two Birds One Stone,Kanye West,Drake,2015,2016,rap,rap
179031,a8a1faf10184e7c890b0a7466eb959a347271ac9,8266,cfb28f4056615f7636b839fb1ff632f968751df4,17,0.8730940222740173,Pinocchio Story Freestyle Style Live At Hollywood Bowl 2015,Starting Over,Kanye West,Macklemore & Ryan Lewis,2015,2012,rap,rap
179031,a8a1faf10184e7c890b0a7466eb959a347271ac9,162295,97665062833b23a937cb7ef0c9ab06a56d82ef4c,18,0.8818466067314148,Pinocchio Story Freestyle Style Live At Hollywood Bowl 2015,I Used Tx Hate the Man In The Mirrxr,Kanye West,Scarlxrd,2015,2016,rap,rap
179031,a8a1faf10184e7c890b0a7466eb959a347271ac9,424930,c371ccda013de14c8af9db57bf9b2a731009dce0,19,0.8759438395500183,Pinocchio Story Freestyle Style Live At Hollywood Bowl 2015,Your Loss babe.,Kanye West,Madi Wolf,2015,2017,rap,pop
179031,a8a1faf10184e7c890b0a7466eb959a347271ac9,104436,3597ba49f956294c7ac3bb971aa137b39668fd04,20,0.8792563676834106,Pinocchio Story Freestyle Style Live At Hollywood Bowl 2015,Wifey Riddim,Kanye West,Hardy Caprio,2015,2015,rap,rap
363324,ed7c90bc11459bb69bf914cd13156282dd2bc1b5,53014,d1ee7538307d956e93fc80d657dd85d8fb1fbe11,1,0.764326274394989,Pull Up to the Spot,Telepathy Pt. 2,Playboi Carti,Juice WRLD,2019,2016,rap,rap
363324,ed7c90bc11459bb69bf914cd13156282dd2bc1b5,417372,3ae6a739eafdd1ef215fe11f6b07f7f405ee4d88,2,0.7332462668418884,Pull Up to the Spot,Pull Up,Playboi Carti,Smokepurpp,2019,2016,rap,rap
363324,ed7c90bc11459bb69bf914cd13156282dd2bc1b5,191148,75c5590a7ff1403bdcdd4aad900ea3a7330c0ed6,3,0.7615432143211365,Pull Up to the Spot,On Top,Playboi Carti,Playboi Carti,2019,2019,rap,rap
363324,ed7c90bc11459bb69bf914cd13156282dd2bc1b5,98355,cc060a5ce0c71716b765b3801fe0ae277e89b04f,4,0.7544771432876587,Pull Up to the Spot,SMASH,Playboi Carti,ZaeHD & CEO,2019,2019,rap,rap
363324,ed7c90bc11459bb69bf914cd13156282dd2bc1b5,183952,781362af5c4577e4c10e1186ccce488c48b5336f,5,0.7501299381256104,Pull Up to the Spot,Whos Better?,Playboi Carti,Summrs,2019,2018,rap,rap
363324,ed7c90bc11459bb69bf914cd13156282dd2bc1b5,230803,226bfd807e15a6d533b9b00efcd9ef8da9f6bbd8,6,0.7530838847160339,Pull Up to the Spot,PULL UP,Playboi Carti,$NOT,2019,2018,rap,rap
363324,ed7c90bc11459bb69bf914cd13156282dd2bc1b5,405378,b90f290993343ba2bc87539945abfa045937f5e9,7,0.7343574166297913,Pull Up to the Spot,Like Me,Playboi Carti,Chase Icon,2019,2022,rap,pop
363324,ed7c90bc11459bb69bf914cd13156282dd2bc1b5,296015,38f41d587e86c4abfcff2b9133632063c8744d3f,8,0.7591816782951355,Pull Up to the Spot,Pull up to ya party,Playboi Carti,Conscience (San Antonio),2019,2018,rap,rap
363324,ed7c90bc11459bb69bf914cd13156282dd2bc1b5,80728,343a8c7387c569e40e795fdb8bc996c72282326a,9,0.7373522520065308,Pull Up to the Spot,Gene Simmons,Playboi Carti,Oliver Francis,2019,2017,rap,rap
363324,ed7c90bc11459bb69bf914cd13156282dd2bc1b5,30232,d838159f1d9c869cd3f5d54a777628080872967d,10,0.7468910217285156,Pull Up to the Spot,DAPPER DAN,Playboi Carti,Ski Mask the Slump God,2019,2018,rap,rap
363324,ed7c90bc11459bb69bf914cd13156282dd2bc1b5,166302,849801915a60d6d0a6dc195b073411d7ddf741de,11,0.7265604734420776,Pull Up to the Spot,Take It Off,Playboi Carti,Lloyd,2019,2009,rap,rap
363324,ed7c90bc11459bb69bf914cd13156282dd2bc1b5,291532,e6679b38c5fbf096e9c0bb436c542ba3fe4f030b,12,0.734246015548706,Pull Up to the Spot,Now That Im On,Playboi Carti,Sy Ari da Kid,2019,2013,rap,rap
363324,ed7c90bc11459bb69bf914cd13156282dd2bc1b5,188404,f3f9b8cb9c24ddf20b2280241607d6f6212b9e6f,13,0.7517262697219849,Pull Up to the Spot,Had 2 Original,Playboi Carti,Playboi Carti,2019,2017,rap,rap
363324,ed7c90bc11459bb69bf914cd13156282dd2bc1b5,72475,e5d40672229f33e93eae2aa6bc0c6e5947a31454,14,0.73835688829422,Pull Up to the Spot,Add It,Playboi Carti,Coi Leray,2019,2019,rap,rap
363324,ed7c90bc11459bb69bf914cd13156282dd2bc1b5,186208,4c31b4343018d2a7dd5925a32eea5511e5e31d69,15,0.7316463589668274,Pull Up to the Spot,On  On,Playboi Carti,Juicy J,2019,2017,rap,rap
363324,ed7c90bc11459bb69bf914cd13156282dd2bc1b5,361926,ecab165e8d39a38ea5a5be35ff9982ee049872ac,16,0.7425772547721863,Pull Up to the Spot,Lookin For Me,Playboi Carti,bbymutha,2019,2020,rap,rap
363324,ed7c90bc11459bb69bf914cd13156282dd2bc1b5,354413,d024fa1bf3fead5b67403e2f619ce5c48681efe7,17,0.7460805177688599,Pull Up to the Spot,Scam Likely,Playboi Carti,bbymutha,2019,2020,rap,rap
363324,ed7c90bc11459bb69bf914cd13156282dd2bc1b5,341890,cdd20dae537b387f3a3f5a2f1128a3124b9eefd4,18,0.7496575713157654,Pull Up to the Spot,Elon Musk Neuralink,Playboi Carti,Lil Uzi Vert,2019,2021,rap,rap
363324,ed7c90bc11459bb69bf914cd13156282dd2bc1b5,332108,5292d5aa3616cdde51363fb916f06378d4f28b5b,19,0.7359283566474915,Pull Up to the Spot,Hard On a Bitch,Playboi Carti,Gucci Mane,2019,2011,rap,rap
363324,ed7c90bc11459bb69bf914cd13156282dd2bc1b5,101936,b08e1c5a3173502cac71de37ebbe7027338d5259,20,0.7294375896453857,Pull Up to the Spot,TAKE HER,Playboi Carti,Famous Dex,2019,2018,rap,rap
137148,0b5da9ddda0f17c737dd5fbbd1055e4225491459,238789,4fa9432363a1bd7f716392a406e68a08e9069a63,1,0.8659647703170776,Motivation,Men of Respect,Lil Wayne,Mathematics,2005,2013,rap,rap
137148,0b5da9ddda0f17c737dd5fbbd1055e4225491459,262462,d5778ed18d4612a9470df3cf0bdf5d647c81fecc,2,0.8579268455505371,Motivation,I Dont Care,Lil Wayne,Funkmaster Flex,2005,2000,rap,rap
137148,0b5da9ddda0f17c737dd5fbbd1055e4225491459,365920,1dc486b00d1b37af5915ffe96809cef33a787170,3,0.862943708896637,Motivation,Otis,Lil Wayne,Cassidy,2005,2013,rap,rap
137148,0b5da9ddda0f17c737dd5fbbd1055e4225491459,364703,c2a7a10b3e9434fc2f128fe81bc7c02d78b41d6a,4,0.8525163531303406,Motivation,Valery,Lil Wayne,Black Soprano Family,2005,2020,rap,rap
137148,0b5da9ddda0f17c737dd5fbbd1055e4225491459,449331,b5f1594ffe3066c5b62519f9c05e3b295c37961b,5,0.8402251601219177,Motivation,Somebody Got Robbd,Lil Wayne,Redman,2005,2015,rap,rap
137148,0b5da9ddda0f17c737dd5fbbd1055e4225491459,24501,48fa29c347fc9d47b7de74f00551aa7004db043b,6,0.8450292348861694,Motivation,Mafia Music III,Lil Wayne,Rick Ross,2005,2014,rap,rap
137148,0b5da9ddda0f17c737dd5fbbd1055e4225491459,420786,c26ee03d3f1e8489c194dbce4bd4b0094ca175c8,7,0.843505859375,Motivation,Rappapompom,Lil Wayne,Lil Wayne,2005,2016,rap,rap
137148,0b5da9ddda0f17c737dd5fbbd1055e4225491459,144367,a8d8d46a8d3bbbc242754175d3d3fc18811f9f11,8,0.8532326221466064,Motivation,D-X-L Hard White,Lil Wayne,DMX,2005,1999,rap,rap
137148,0b5da9ddda0f17c737dd5fbbd1055e4225491459,44730,90f8abadd6420c8c755fe70a1e48b5ffc7bf3fff,9,0.8588170409202576,Motivation,Banks Victory,Lil Wayne,50 Cent,2005,2002,rap,rap
137148,0b5da9ddda0f17c737dd5fbbd1055e4225491459,87562,c6017ee0b3b5789f6f6096a717a7b4392b1c70cf,10,0.8518471717834473,Motivation,Drum Murder,Lil Wayne,Crooked I,2005,2011,rap,rap
137148,0b5da9ddda0f17c737dd5fbbd1055e4225491459,194233,1d7594ac6411acf8b1bbf974a342634b322ab707,11,0.8470219373703003,Motivation,Holiday,Lil Wayne,Styles P,2005,2010,rap,rap
137148,0b5da9ddda0f17c737dd5fbbd1055e4225491459,96795,81c711341f0b2449b717ecd8593b782660f76b88,12,0.8504881262779236,Motivation,Dope Money,Lil Wayne,The LOX,2005,1999,rap,rap
137148,0b5da9ddda0f17c737dd5fbbd1055e4225491459,33684,2cf49151eaa83cbd3cbac1d9c9275d0ee7aea8f1,13,0.8409662246704102,Motivation,Keyz 2 the City 2,Lil Wayne,Nipsey Hussle,2005,2018,rap,rap
137148,0b5da9ddda0f17c737dd5fbbd1055e4225491459,215594,e3b3c8848071c15bbf0c5cc65a8358935dde4456,14,0.8461816310882568,Motivation,Pay Day,Lil Wayne,Shofu,2005,2017,rap,rap
137148,0b5da9ddda0f17c737dd5fbbd1055e4225491459,205914,7c0bd69fd9942a3f924096f32f203fe6f2fffae9,15,0.8543746471405029,Motivation,Da Mob,Lil Wayne,Black Soprano Family,2005,2020,rap,rap
137148,0b5da9ddda0f17c737dd5fbbd1055e4225491459,106693,d606fabe9d221fa9781d265904543d8fc59043a3,16,0.8489561080932617,Motivation,Home Sweet Home,Lil Wayne,Lloyd Banks,2005,2010,rap,rap
137148,0b5da9ddda0f17c737dd5fbbd1055e4225491459,131048,c2a8031ad25f1b9364da87b33f416b8210254e50,17,0.8532772064208984,Motivation,Whos the Man,Lil Wayne,Assholes By Nature,2005,2008,rap,rap
137148,0b5da9ddda0f17c737dd5fbbd1055e4225491459,432738,8651171fc3a32c17891a16d1214c02334618a1a2,18,0.8561559319496155,Motivation,Wu-South,Lil Wayne,Cappadonna,2005,2008,rap,rap
137148,0b5da9ddda0f17c737dd5fbbd1055e4225491459,91156,dc9f600eacc290dd27f84c6aab9d44f53dde672f,19,0.8490315675735474,Motivation,New York City,Lil Wayne,Troy Ave,2005,2013,rap,rap
137148,0b5da9ddda0f17c737dd5fbbd1055e4225491459,153312,f0717c47011ccf1d8584401cfdf4bf244a4836a5,20,0.8364847302436829,Motivation,The Invitation,Lil Wayne,50 Cent,2005,2009,rap,rap
326790,297a1ad591be96bb5ba82c285b75eb6491618441,317084,1fb75ea2dc4f5261ecb9b1c16ab0094f292eeefc,1,0.8552939891815186,At It Again,The Guest List,Chris Webby,Kabuto The Python,2012,2013,rap,rap
326790,297a1ad591be96bb5ba82c285b75eb6491618441,129602,efbba158ed78c3101f39ff43193801301524a062,2,0.8536840677261353,At It Again,Madchild vs Daylyt,Chris Webby,King of the Dot,2012,2015,rap,rap
326790,297a1ad591be96bb5ba82c285b75eb6491618441,84368,d6f7d698b3c6afc966da822a2fef99345570cad4,3,0.8480517864227295,At It Again,Say No Mo,Chris Webby,TERROR REID,2012,2020,rap,rap
326790,297a1ad591be96bb5ba82c285b75eb6491618441,201759,56f02513f8f69df03b84212bc97357e6580b01ca,4,0.8380460143089294,At It Again,Hot,Chris Webby,Yelawolf,2012,2021,rap,rap
326790,297a1ad591be96bb5ba82c285b75eb6491618441,451644,45810546b6aa14c6c0a961045ca05ac702de7d9f,5,0.8518284559249878,At It Again,Front Page,Chris Webby,Merkules,2012,2013,rap,rap
326790,297a1ad591be96bb5ba82c285b75eb6491618441,52629,0f9531f4838b7d59953c9b161677b496d32d6212,6,0.8530493974685669,At It Again,Its Over,Chris Webby,Ces Cru,2012,2012,rap,rap
326790,297a1ad591be96bb5ba82c285b75eb6491618441,78124,50be9417671822a1a44f49ccc81cfb4a6a8a80b6,7,0.8518757224082947,At It Again,Tazmanian Devil,Chris Webby,Chris Webby,2012,2018,rap,rap
326790,297a1ad591be96bb5ba82c285b75eb6491618441,410775,4d071cba35413d4a1b45bcf5f3676dc8e470f8a5,8,0.8477696180343628,At It Again,U Don’t Wanna Battle/Thought U knew Original Version,Chris Webby,2Pac,2012,2016,rap,rap
326790,297a1ad591be96bb5ba82c285b75eb6491618441,107544,5f34e7c41619c788993098af55aeeda2077c0646,9,0.8526589870452881,At It Again,X-Man Freeverse 2,Chris Webby,Chris Webby,2012,2013,rap,rap
326790,297a1ad591be96bb5ba82c285b75eb6491618441,20740,685735bc6f1879f7e7225d5ed4ecf7971259f962,10,0.8375107049942017,At It Again,Gold Coast,Chris Webby,Nate Good,2012,2015,rap,rap
326790,297a1ad591be96bb5ba82c285b75eb6491618441,287335,ff5bad8f6276e22ce652b8a299f102cbbd8e0172,11,0.8393815755844116,At It Again,Trouble,Chris Webby,Chris Webby,2012,2014,rap,rap
326790,297a1ad591be96bb5ba82c285b75eb6491618441,332463,09b6495d1beb20a75f71a817ca00d43d61eb633b,12,0.8417319059371948,At It Again,Rohypnol,Chris Webby,The Palmer Squares,2012,2020,rap,rap
326790,297a1ad591be96bb5ba82c285b75eb6491618441,190982,18a7c251923102946771834e88f5c4a109be11a3,13,0.8530406951904297,At It Again,Smokid All Stars,Chris Webby,Smokey Joe & The Kid,2012,2016,rap,rap
326790,297a1ad591be96bb5ba82c285b75eb6491618441,125152,21204081890bb76367a02271dadbf1558597289d,14,0.8471382260322571,At It Again,Baruch College Freestyle,Chris Webby,Eminem,2012,1997,rap,rap
326790,297a1ad591be96bb5ba82c285b75eb6491618441,13587,763e5074983ef0fe50cf7f132d2d2e75dbfcb077,15,0.8475223779678345,At It Again,Loud Noises,Chris Webby,Bad Meets Evil,2012,2011,rap,rap
326790,297a1ad591be96bb5ba82c285b75eb6491618441,400603,9e9bf2d86e2fe152c37317dcf2ab58cc5992d1ce,16,0.8456412553787231,At It Again,Inebriated.m4a,Chris Webby,Travis Thompson,2012,2019,rap,rap
326790,297a1ad591be96bb5ba82c285b75eb6491618441,272618,539d7a30f7139856a3f041915ad803358e7e5656,17,0.846612274646759,At It Again,Ransom,Chris Webby,Chris Webby,2012,2010,rap,rap
326790,297a1ad591be96bb5ba82c285b75eb6491618441,468575,4b7322ac8231d455bf1d211feee79766db0bcec9,18,0.8349788784980774,At It Again,Threats,Chris Webby,Ghetts,2012,2008,rap,rap
326790,297a1ad591be96bb5ba82c285b75eb6491618441,75986,a764299bb2b84dafdcd9316bf084ee069e3daed8,19,0.8403934836387634,At It Again,Passionate MC Emoney Jeff Turner,Chris Webby,Team Backpack,2012,2014,rap,rap
326790,297a1ad591be96bb5ba82c285b75eb6491618441,373346,ad79ce25870f0fc1e108046964b48ca0ccb3e196,20,0.8508070707321167,At It Again,Grind Mode Cyper Part 2,Chris Webby,Chris Webby,2012,2016,rap,rap
362405,9ad151cfae04fba07a90af11e9a01bde33327494,134760,5d9dbe5f05b865634ac5e58b6b31f67854bd8037,1,0.9592582583427429,Let Em Have It Original Version,Let Em Have It Committee Mix,2Pac,2Pac,1996,2001,rap,rap
362405,9ad151cfae04fba07a90af11e9a01bde33327494,55786,838ba6af8e11e64acbac0d0d29663607b101aee0,2,0.9486681222915649,Let Em Have It Original Version,Let Em Have It Hutch Mix,2Pac,2Pac,1996,2001,rap,rap
362405,9ad151cfae04fba07a90af11e9a01bde33327494,372362,2d3cd97095e7fea3d8e3929cbf541a2549c4349f,3,0.8871448040008545,Let Em Have It Original Version,Sex God,2Pac,The Brand New Heavies,1996,2006,rap,rap
362405,9ad151cfae04fba07a90af11e9a01bde33327494,476627,a89f9be9582d894e0e5bb45c844269f7847768a0,4,0.8834238052368164,Let Em Have It Original Version,Bodyrock,2Pac,Stevie Stone,1996,2015,rap,rap
362405,9ad151cfae04fba07a90af11e9a01bde33327494,492171,1d98ac0730a6caebac06a218a1536fa0e957ea5b,5,0.8785644769668579,Let Em Have It Original Version,Hit It Hard,2Pac,Peaches,1996,2006,rap,rock
362405,9ad151cfae04fba07a90af11e9a01bde33327494,11860,137af6b9741ba2c276d5263698e6a119b4713a54,6,0.8809057474136353,Let Em Have It Original Version,No Strings,2Pac,Armon & Trey & Queen Naija,1996,2018,rap,rb
362405,9ad151cfae04fba07a90af11e9a01bde33327494,141012,ab9413a8ea716f1d4c86ace5e6c9423450cbe8b4,7,0.8725898861885071,Let Em Have It Original Version,Freedom,2Pac,Grandmaster Flash & The Furious Five,1996,1980,rap,rap
362405,9ad151cfae04fba07a90af11e9a01bde33327494,184981,73c35fec02d87eb002fc1f9214591bf6e27e0ce3,8,0.8720972537994385,Let Em Have It Original Version,I Wanna Rock,2Pac,Luke,1996,1992,rap,pop
362405,9ad151cfae04fba07a90af11e9a01bde33327494,455173,45a6d68dbc59d153e2d93a7e5e1992ea6a6c2963,9,0.8745843172073364,Let Em Have It Original Version,All Night Long,2Pac,thuy,1996,2017,rap,rb
362405,9ad151cfae04fba07a90af11e9a01bde33327494,457566,1306019ea65a99d17e0d79fc0203241e9c716d2f,10,0.8643238544464111,Let Em Have It Original Version,Rated X,2Pac,Stevie Stone,1996,2015,rap,rap
362405,9ad151cfae04fba07a90af11e9a01bde33327494,1548,6c8c8d5ba7fbd2c4f5f2aa9aafe95ef90b5f1e3c,11,0.8683903217315674,Let Em Have It Original Version,Rocket,2Pac,Beyonc,1996,2013,rap,pop
362405,9ad151cfae04fba07a90af11e9a01bde33327494,111258,c36fb54cb040f76d4717dbe2da41b3d651a831e3,12,0.8641616702079773,Let Em Have It Original Version,Body 2 Body Remix,2Pac,Ace Hood,1996,2011,rap,rap
362405,9ad151cfae04fba07a90af11e9a01bde33327494,466341,0d14457609e5453a425e725058fc8be5a60f5110,13,0.8694494366645813,Let Em Have It Original Version,Take It To The Floor,2Pac,B2K,1996,2003,rap,pop
362405,9ad151cfae04fba07a90af11e9a01bde33327494,292339,3492748c93c2b57cc9eb6d218de8aa78e7cd653f,14,0.8686903715133667,Let Em Have It Original Version,Sex Therapy Luda Remix,2Pac,Robin Thicke,1996,2009,rap,rap
362405,9ad151cfae04fba07a90af11e9a01bde33327494,117480,1e04c11e1feb3ea0e3d236aa84260eef1f84572e,15,0.859869122505188,Let Em Have It Original Version,Get It Girl,2Pac,2 Live Crew,1996,1986,rap,rap
362405,9ad151cfae04fba07a90af11e9a01bde33327494,344982,b1baf2670436b423ac5b6f37ae0b24b5092c2e47,16,0.8734375238418579,Let Em Have It Original Version,If I,2Pac,Justin Timberlake,1996,2014,rap,pop
362405,9ad151cfae04fba07a90af11e9a01bde33327494,221744,04dd8e4fb0340f4475b65ce234fa2b6862c570cb,17,0.8688663244247437,Let Em Have It Original Version,Physical,2Pac,R. Kelly,1996,2013,rap,rb
362405,9ad151cfae04fba07a90af11e9a01bde33327494,259024,874b4781c5a1bf5daf1efb23b89efd0d443aae4c,18,0.8576396703720093,Let Em Have It Original Version,Skin,2Pac,Tay (GBR),1996,2018,rap,rb
362405,9ad151cfae04fba07a90af11e9a01bde33327494,142905,ab99041de5ba640524429d0fc9cf7571b0e6d32c,19,0.8616973161697388,Let Em Have It Original Version,Brown Sugar Fine,2Pac,Yasiin Bey,1996,2002,rap,rap
362405,9ad151cfae04fba07a90af11e9a01bde33327494,135136,c4ba5615e39899807aec7fdbb60cc2308b57acbb,20,0.8733289837837219,Let Em Have It Original Version,I GET SEX,2Pac,Young Blaze,1996,2014,rap,rap
156899,2163cc3c09328f79c4145a397351e927cea5e371,449218,6e0626bd4f3e7406eabed3f12746481ca5957420,1,0.9161266088485718,Deepest Trenches,No Hook,OTP,ACG,2020,2019,rap,rap
156899,2163cc3c09328f79c4145a397351e927cea5e371,467907,88822e11da7113f2a350e4bdef4da3fbd465acb2,2,0.9097052812576294,Deepest Trenches,One Time,OTP,Unknown T,2020,2020,rap,rap
156899,2163cc3c09328f79c4145a397351e927cea5e371,28387,3259db8bfb68abdf2e4da2fa543fd5ebe2957011,3,0.9147113561630249,Deepest Trenches,Reality,OTP,OFB,2020,2018,rap,rap
156899,2163cc3c09328f79c4145a397351e927cea5e371,201455,891a3110ef01e08cf3e80fb55d8da1e1968629b1,4,0.9102072715759277,Deepest Trenches,Hidden Facts,OTP,3x3,2020,2020,rap,rap
156899,2163cc3c09328f79c4145a397351e927cea5e371,374741,4bc28f603bf7bcc971224d0231648f493ecd3bd9,5,0.8949453830718994,Deepest Trenches,6 Deep Creepin,OTP,Dirty (US),2020,2001,rap,rap
156899,2163cc3c09328f79c4145a397351e927cea5e371,132307,86eb19433e6348a05f1906ac9fed666c5f52412f,6,0.9047887921333313,Deepest Trenches,Slums,OTP,C1 (LTH),2020,2018,rap,rap
156899,2163cc3c09328f79c4145a397351e927cea5e371,72519,fca7167caa336a2b0a7391dca01fb167655b7aff,7,0.9057626724243164,Deepest Trenches,No Hook,OTP,7th,2020,2020,rap,rap
156899,2163cc3c09328f79c4145a397351e927cea5e371,140155,14267c999212714c94d2b0ca27d79b599f43101e,8,0.9138894081115723,Deepest Trenches,Next Up?,OTP,23 Drillas,2020,2018,rap,rap
156899,2163cc3c09328f79c4145a397351e927cea5e371,208618,ec064687f2a0deb288818342faad470958629a78,9,0.8976156711578369,Deepest Trenches,NitoNB Plugged In Freestyle,OTP,Nito NB,2020,2021,rap,rap
156899,2163cc3c09328f79c4145a397351e927cea5e371,132459,4dfab87cf14a578b2919571d48a09acfacb7e528,10,0.910622239112854,Deepest Trenches,The Truth,OTP,3x3,2020,2019,rap,rap
156899,2163cc3c09328f79c4145a397351e927cea5e371,173621,25d298718030288dbd372ddf120952b0cee5f195,11,0.907447338104248,Deepest Trenches,Danger Hill,OTP,67,2020,2021,rap,rap
156899,2163cc3c09328f79c4145a397351e927cea5e371,56842,7ccde65942d8848522f63bbfe39e1f4188d13fa4,12,0.9060981869697571,Deepest Trenches,Untold Stories,OTP,Castro (ACG),2020,2018,rap,rap
156899,2163cc3c09328f79c4145a397351e927cea5e371,32894,882557688e4d651f935aa6dfd759edcb26526ebb,13,0.9031519889831543,Deepest Trenches,Mad About Bars,OTP,Nito NB,2020,2017,rap,rap
156899,2163cc3c09328f79c4145a397351e927cea5e371,79894,bd4a0ffd3726c962f53886cca3352c49b6b3a16b,14,0.9105017781257629,Deepest Trenches,Next Up?,OTP,OTP,2020,2020,rap,rap
156899,2163cc3c09328f79c4145a397351e927cea5e371,226180,625b0a863fda1c5b8a620f48082ab5ff2c855451,15,0.9081625938415527,Deepest Trenches,One Nizzy,OTP,Zone 2,2020,2017,rap,rap
156899,2163cc3c09328f79c4145a397351e927cea5e371,231005,8077ba69a76d370581808c357e21deb2995169be,16,0.9029244780540466,Deepest Trenches,Where Im From,OTP,KO,2020,2019,rap,rap
156899,2163cc3c09328f79c4145a397351e927cea5e371,155493,9c3d1bdb87344c73f2a93ef5fb87e0addb8e531d,17,0.9051920771598816,Deepest Trenches,98 Degrees,OTP,98s,2020,2020,rap,rap
156899,2163cc3c09328f79c4145a397351e927cea5e371,315295,422fc37d471fc26563cad9a61424a43c6a6ac92b,18,0.9066072702407837,Deepest Trenches,They Know WickedAndSplash,OTP,Block 6 x CT X 28's,2020,2016,rap,rap
156899,2163cc3c09328f79c4145a397351e927cea5e371,225807,802903ba0a71d88d81b4fa8e42f181281736007d,19,0.8975345492362976,Deepest Trenches,Pull It,OTP,OFB,2020,2021,rap,rap
156899,2163cc3c09328f79c4145a397351e927cea5e371,362130,ef749fedbc6dc098d4d51ef8c7c4940258045747,20,0.9013002514839172,Deepest Trenches,Assassin’s Creed,OTP,Suspect (Active Gxng),2020,2021,rap,rap
461271,72893194cd52dbf7ab3c216c88c41405aec573e8,69829,4da37d532b148958fd2b3c6569109b7bb100fdb1,1,0.8581665754318237,Pride N Joy Remix,Wifey Riddim,Fat Joe,Tinie Tempah,2012,2007,rap,rap
461271,72893194cd52dbf7ab3c216c88c41405aec573e8,258040,260907f3581c5f30eeb5270ed2d37369544f821d,2,0.8579375147819519,Pride N Joy Remix,Leave Me Alone,Fat Joe,Matti Baybee,2012,2015,rap,rap
461271,72893194cd52dbf7ab3c216c88c41405aec573e8,283501,a391daec674edce253ccb7d1fbc6f1e1d96d6e96,3,0.8377978801727295,Pride N Joy Remix,Not All About the Money,Fat Joe, (Timati),2012,2012,rap,pop
461271,72893194cd52dbf7ab3c216c88c41405aec573e8,91406,5adbcce8a00beedd09b1f10cdd7f6e4e93f644ef,4,0.8460195064544678,Pride N Joy Remix,Inspiration,Fat Joe,Da Ranjahz,2012,2003,rap,rap
461271,72893194cd52dbf7ab3c216c88c41405aec573e8,410782,d637eee8edd30fd9329154c08f025da219782bd2,5,0.8518170118331909,Pride N Joy Remix,My Side of the Story,Fat Joe,Nick Cannon,2012,2016,rap,rap
461271,72893194cd52dbf7ab3c216c88c41405aec573e8,61395,65bb327579f4a3b0fadf9a350052a1411de2a017,6,0.8241667747497559,Pride N Joy Remix,Money Changes,Fat Joe,Wale,2012,2012,rap,rap
461271,72893194cd52dbf7ab3c216c88c41405aec573e8,263996,897c728ed2e1624a4a82d285bf6f2ab63d896750,7,0.8211176991462708,Pride N Joy Remix,No Angel,Fat Joe,AREA21,2012,2021,rap,rap
461271,72893194cd52dbf7ab3c216c88c41405aec573e8,252281,bfe3f218e9f37930c0e533bb5a6aa7f15044e5e5,8,0.8419961333274841,Pride N Joy Remix,Everybody Loves / The Def of You,Fat Joe,Ne-Yo,2012,2015,rap,rb
461271,72893194cd52dbf7ab3c216c88c41405aec573e8,150519,bcd92ef1dfffec8eb7c08f58bdb4efc2e2e7c862,9,0.8252050280570984,Pride N Joy Remix,Beautiful Girl,Fat Joe,J.I the Prince of N.Y,2012,2020,rap,rap
461271,72893194cd52dbf7ab3c216c88c41405aec573e8,120788,4746857d68c0567e9add869a645761c2be0fd4e4,10,0.8200726509094238,Pride N Joy Remix,Girls,Fat Joe,N-Dubz,2012,2010,rap,rap
461271,72893194cd52dbf7ab3c216c88c41405aec573e8,36345,ce89c55d580848f0e81219e77d2d0f16cc86cf09,11,0.8361998796463013,Pride N Joy Remix,Because Of You Remix,Fat Joe,Ne-Yo,2012,2007,rap,rap
461271,72893194cd52dbf7ab3c216c88c41405aec573e8,52689,30cc2fced76d1e8540b7b00a2e96203403e64960,12,0.8546520471572876,Pride N Joy Remix,So Good,Fat Joe,Joe Budden,2012,2012,rap,rap
461271,72893194cd52dbf7ab3c216c88c41405aec573e8,11004,88ba664d8daf463d96d2bab3b9ece4045b019f06,13,0.8299205899238586,Pride N Joy Remix,I Love Girls,Fat Joe,Pleasure P,2012,2012,rap,rb
461271,72893194cd52dbf7ab3c216c88c41405aec573e8,36906,2638df0ea9656600a5df507da4fc9b482c4c66d7,14,0.8517154455184937,Pride N Joy Remix,My Darlin Baby,Fat Joe,Lil Wayne,2012,2010,rap,rap
461271,72893194cd52dbf7ab3c216c88c41405aec573e8,289626,9bb3ff75742d7a853f802b082942919b8d56b54b,15,0.8255244493484497,Pride N Joy Remix,All Facts,Fat Joe,Marmar Oso,2012,2019,rap,rap
461271,72893194cd52dbf7ab3c216c88c41405aec573e8,303475,0849c6dea932727928368ff065c3b5bf9e5452f0,16,0.8362992405891418,Pride N Joy Remix,Mad Or Nah,Fat Joe,G-Unit,2012,2016,rap,rap
461271,72893194cd52dbf7ab3c216c88c41405aec573e8,474192,ac4afc7bec5b21ace0839214382478f34dcbf9d2,17,0.8195382356643677,Pride N Joy Remix,Dubai,Fat Joe,Blaklez,2012,2018,rap,rap
461271,72893194cd52dbf7ab3c216c88c41405aec573e8,96826,666b1bcd9b676f005725d5728d7976d7f34ba781,18,0.8270434737205505,Pride N Joy Remix,She Just Wanna,Fat Joe,Lil Durk,2012,2016,rap,rap
461271,72893194cd52dbf7ab3c216c88c41405aec573e8,200029,43562a8b4ab144c899a197d7353e5e29580db585,19,0.8360068798065186,Pride N Joy Remix,Another World,Fat Joe,Skizzy Mars,2012,2011,rap,rap
461271,72893194cd52dbf7ab3c216c88c41405aec573e8,13505,74b38b9a804f5dc8cdc6c147acdec2132b3f2e68,20,0.8368515372276306,Pride N Joy Remix,Good Girls Go Bad,Fat Joe,The Game,2012,2011,rap,rap
59133,cb5a425e4f561bc8b094d6a7a43738ec5f352ab7,240796,ca29dbf837263c70d4b0f5f1720e0a29d25788f6,1,0.9355101585388184,XXXKIRBY,Fat Cocks  Drugs 2,Softwilly,Xetonyl,2021,2018,rap,rap
59133,cb5a425e4f561bc8b094d6a7a43738ec5f352ab7,93250,2b991ec72ae4369adcf9b2ca4175ddd079549731,2,0.9172585606575012,XXXKIRBY,B.O.Y.S.N.E.X.T.D.O.O.R,Softwilly,Softwilly,2021,2021,rap,rap
59133,cb5a425e4f561bc8b094d6a7a43738ec5f352ab7,313350,56508e9971edbb9cb7b88693caa30a6d1ca1d502,3,0.9206835031509399,XXXKIRBY,Porno Star,Softwilly,Ultramagnetic MC's,2021,1992,rap,rap
59133,cb5a425e4f561bc8b094d6a7a43738ec5f352ab7,149130,f58b45e35d635719bd979fb178a2be91d01fbfbb,4,0.9122012853622437,XXXKIRBY,WILLYPACK,Softwilly,"Softwilly, void & AVGOTDRIP",2021,2021,rap,rap
59133,cb5a425e4f561bc8b094d6a7a43738ec5f352ab7,224407,c86720bf733a2f9ba896d836749784a92b3c2aa6,5,0.9152902364730835,XXXKIRBY,Homiesexual,Softwilly,Softwilly,2021,2021,rap,rap
59133,cb5a425e4f561bc8b094d6a7a43738ec5f352ab7,241117,b044b111a9972baa2b2883ba9c1f76e808d1bd88,6,0.9198707342147827,XXXKIRBY,FLUSHPIPE,Softwilly,Sad Frosty,2021,2020,rap,rap
59133,cb5a425e4f561bc8b094d6a7a43738ec5f352ab7,128382,6a84907c18bfeb7001b13dd9ddb54dc64bcc0a25,7,0.9199016690254211,XXXKIRBY,The Hot Seat Freestyle,Softwilly,Lil Dicky,2021,2014,rap,rap
59133,cb5a425e4f561bc8b094d6a7a43738ec5f352ab7,508933,b043ce5f68571f839b790700180029cb4c0308e3,8,0.9139893054962158,XXXKIRBY,Duckhunt.mp3,Softwilly,Lil Maple,2021,2022,rap,rap
59133,cb5a425e4f561bc8b094d6a7a43738ec5f352ab7,375419,f082f300eedca8657a5ff1ffae3bf711b449924c,9,0.9047200679779053,XXXKIRBY,Thanos,Softwilly,DigBarGayRaps & KolossalKocks,2021,2021,rap,rap
59133,cb5a425e4f561bc8b094d6a7a43738ec5f352ab7,377565,166431f6982e05c35257c7ee8e306de473283af6,10,0.914390504360199,XXXKIRBY,Put Ya Hands Up Jadakiss Diss,Softwilly,Beanie Sigel,2021,2014,rap,rap
59133,cb5a425e4f561bc8b094d6a7a43738ec5f352ab7,426319,662e310e7be5c844626b6e3585f6401feaa56914,11,0.904323935508728,XXXKIRBY,This,Softwilly,ZENUWAFU,2021,2015,rap,rap
59133,cb5a425e4f561bc8b094d6a7a43738ec5f352ab7,332758,2cfbc171bf5cf7a417298500714b4761fce380e3,12,0.910800039768219,XXXKIRBY,Da First Date,Softwilly,Tear Da Club Up Thugs,2021,2000,rap,pop
59133,cb5a425e4f561bc8b094d6a7a43738ec5f352ab7,14831,a13664809e083894fdcbe66818e363322c6fabc8,13,0.916567325592041,XXXKIRBY,DEATH SQUAD,Softwilly,Lil Darkie,2021,2019,rap,rap
59133,cb5a425e4f561bc8b094d6a7a43738ec5f352ab7,193470,35eb36797fa0c88734a5f8889bed21a353567dca,14,0.9070141911506653,XXXKIRBY,Megalodon,Softwilly,DC The Don,2021,2021,rap,rap
59133,cb5a425e4f561bc8b094d6a7a43738ec5f352ab7,257752,4a33567087594a8788d534b1b6fdaee4ca1bc16f,15,0.9096773266792297,XXXKIRBY,MoboCypher,Softwilly,67,2021,2016,rap,rap
59133,cb5a425e4f561bc8b094d6a7a43738ec5f352ab7,1411,6e22ad380312b753e1941d0de8a3b6ea3e5dd49f,16,0.9055655598640442,XXXKIRBY,Tamale,Softwilly,"Tyler, The Creator",2021,2013,rap,rap
59133,cb5a425e4f561bc8b094d6a7a43738ec5f352ab7,158496,281fb68c47ee7e51950b5b08a833319c306b79e7,17,0.9050949215888977,XXXKIRBY,COWBOY BLUEBALLS,Softwilly,Softwilly,2021,2021,rap,rap
59133,cb5a425e4f561bc8b094d6a7a43738ec5f352ab7,380186,69de5b95897ea387abf479e8311602afaed1fd23,18,0.9130470752716064,XXXKIRBY,Doggy Style,Softwilly,Iconz,2021,2011,rap,rap
59133,cb5a425e4f561bc8b094d6a7a43738ec5f352ab7,367487,a4ddfc9c2edffdfe86b803a8db9e98f1f5d7d9ff,19,0.9015318751335144,XXXKIRBY,Snakes / Grass,Softwilly,Joey Trap,2021,2017,rap,rap
59133,cb5a425e4f561bc8b094d6a7a43738ec5f352ab7,359065,8c07a2163f31169d68fa6ba2d1b69c5285a853c4,20,0.9189364314079285,XXXKIRBY,Toxic,Softwilly,Zareuz,2021,2020,rap,rap
472125,1475609aa18e71329086e163a8d3616b777792da,429243,2b57fb1b64bec7a7ea169eee826d136846c5c0cd,1,0.827339768409729,A Fistful of Peanuts,Let’s Work Together,Gorillaz,Wilbert Harrison,2002,1970,rap,rb
472125,1475609aa18e71329086e163a8d3616b777792da,420695,b3010e565372bcbeaba8dca3a4ba0af6af0be863,2,0.7719454765319824,A Fistful of Peanuts,Keep On Rising,Gorillaz,Fedde Le Grand & Ian Carey,2002,2017,rap,pop
472125,1475609aa18e71329086e163a8d3616b777792da,41516,701360ec3c78e33781d45dfd4fee23706d9c0470,3,0.8115758895874023,A Fistful of Peanuts,Hello Future,Gorillaz,NCT DREAM,2002,2021,rap,pop
472125,1475609aa18e71329086e163a8d3616b777792da,355119,8f75351ddf1bee7c16a7ce4fb31471fd04e66534,4,0.7980901598930359,A Fistful of Peanuts,Shine On,Gorillaz,Elektronomia,2002,2018,rap,pop
472125,1475609aa18e71329086e163a8d3616b777792da,84113,d656b49c0d0cb7ca45a0c5903bd218de91c936d6,5,0.7993000745773315,A Fistful of Peanuts,Together We Stand,Gorillaz,Ariana Greenblatt,2002,2021,rap,pop
472125,1475609aa18e71329086e163a8d3616b777792da,153119,8faa3855a11b2160369d21276a299407eac27591,6,0.8032481670379639,A Fistful of Peanuts,RESONANCE,Gorillaz,NCT 2020,2002,2020,rap,pop
472125,1475609aa18e71329086e163a8d3616b777792da,437099,fd8d7dc4237fdd879546406198eac6e0d662e943,7,0.8052951097488403,A Fistful of Peanuts,Future Hit,Gorillaz,Ryan Edgar,2002,2018,rap,pop
472125,1475609aa18e71329086e163a8d3616b777792da,28286,294aea2fa390a53513ecdfb012e82f7f4482551c,8,0.7872706055641174,A Fistful of Peanuts,Fireflies,Gorillaz,NCT DREAM,2002,2019,rap,pop
472125,1475609aa18e71329086e163a8d3616b777792da,513549,fe1dbea96822d7f9fd337f471fde5b76594a5f21,9,0.7987767457962036,A Fistful of Peanuts,Work It Out,Gorillaz,Pat Burgener,2002,2022,rap,pop
472125,1475609aa18e71329086e163a8d3616b777792da,111507,201f81b3275eaa5168d7a2fbe6bd5de16c83da4e,10,0.800065815448761,A Fistful of Peanuts,Rise,Gorillaz,Trip Lee,2002,2014,rap,rap
472125,1475609aa18e71329086e163a8d3616b777792da,400976,b1285ad120df904440c3560f89000e99a387b992,11,0.8107247352600098,A Fistful of Peanuts,Me and My Dick/Ready to Go Live,Gorillaz,Team StarKid,2002,2012,rap,pop
472125,1475609aa18e71329086e163a8d3616b777792da,90003,457fa5d97fcb3bc4a8df2a4d2334d8a051f2b5be,12,0.7874189615249634,A Fistful of Peanuts,Come Together,Gorillaz,Now United,2002,2020,rap,pop
472125,1475609aa18e71329086e163a8d3616b777792da,242727,88a02f63f9d0fb0c875e4d25c7324d4bf9aeec2f,13,0.8035881519317627,A Fistful of Peanuts,Rise Again,Gorillaz,Shaggy,2002,2010,rap,pop
472125,1475609aa18e71329086e163a8d3616b777792da,45570,79ba99347feb14a4a8b613142dcfe6320425b93d,14,0.8079584836959839,A Fistful of Peanuts,TOGETHER,Gorillaz,"for KING & COUNTRY, Tori Kelly & Kirk Franklin",2002,2020,rap,pop
472125,1475609aa18e71329086e163a8d3616b777792da,204469,b083a1641008f3ee9b4049d22bcb2d09c9f54f41,15,0.7902607321739197,A Fistful of Peanuts,BFF English Version Best Friends Forever,Gorillaz,LoliRock,2002,2017,rap,pop
472125,1475609aa18e71329086e163a8d3616b777792da,88385,4f0ffe68b06e6d84b6f734b82dce3447b592e578,16,0.790343701839447,A Fistful of Peanuts,You and I,Gorillaz,Queen,2002,1976,rap,rock
472125,1475609aa18e71329086e163a8d3616b777792da,224261,e8052cae2304c66a9af280ec9c6ab3ce566018c1,17,0.7842447757720947,A Fistful of Peanuts,Bang,Gorillaz,Gorky Park,2002,1989,rap,pop
472125,1475609aa18e71329086e163a8d3616b777792da,28363,5ff08ae2a6690b0a8fc4dd34e421c75611f1e002,18,0.7801967263221741,A Fistful of Peanuts,Come to Mama,Gorillaz,Lady Gaga,2002,2016,rap,pop
472125,1475609aa18e71329086e163a8d3616b777792da,323413,18b8c541200dc5de104b41270999a4dc9bbc2f3b,19,0.7925245761871338,A Fistful of Peanuts,Point of No Return,Gorillaz,Blind Guardian Twilight Orchestra,2002,2019,rap,rock
472125,1475609aa18e71329086e163a8d3616b777792da,115895,a976b6d3ad030ef35becf5f1993ee8f64e2052eb,20,0.7792697548866272,A Fistful of Peanuts,Gettin Up,Gorillaz,Q-Tip,2002,2008,rap,rap
342500,2d03653b190f1e48ff237d1f618a159c367117c7,443820,5638cda9763570c639e30e381fa1a8d3c5b52fdb,1,0.8473405838012695,Talk,Feel,Ayelle,Matchbox Twenty,2018,2003,rb,rock
342500,2d03653b190f1e48ff237d1f618a159c367117c7,68185,d3bed34066dbacf458dca194b20efe84a2f0c056,2,0.8108718395233154,Talk,Love Someone,Ayelle,Dreezy,2018,2019,rb,rb
342500,2d03653b190f1e48ff237d1f618a159c367117c7,431287,50ffae2a2c6c29147b7456c1c57f67f2b1346b2e,3,0.8298377394676208,Talk,Im A Feminist Youre Still A Whore,Ayelle,Kate Nash,2018,2013,rb,pop
342500,2d03653b190f1e48ff237d1f618a159c367117c7,103549,6820af01466011694c8bda54a71962ed624bd6a5,4,0.8193200826644897,Talk,A Plea For Tenderness,Ayelle,The Modern Lovers,2018,2017,rb,rock
342500,2d03653b190f1e48ff237d1f618a159c367117c7,326441,02db046917f96249f26ef1c3f105e260f5e655a0,5,0.8286420106887817,Talk,Waste Your Time,Ayelle,Horrorshow,2018,2013,rb,rap
342500,2d03653b190f1e48ff237d1f618a159c367117c7,158283,37c2918427aed15e4ca0744ae66487801edfd32e,6,0.8213872909545898,Talk,Feelin,Ayelle,Tessa Violet,2018,2019,rb,pop
342500,2d03653b190f1e48ff237d1f618a159c367117c7,241507,c83bd2e8ca22564d476b6aeb5e59672ab86b3086,7,0.8207993507385254,Talk,Wanted,Ayelle,Ella Mai,2018,2015,rb,rb
342500,2d03653b190f1e48ff237d1f618a159c367117c7,481924,2a5a1e090e75806b0b1045c758ab6a9e82777cd8,8,0.8302958011627197,Talk,Feel Nothing,Ayelle,Jessica Sutta,2018,2017,rb,pop
342500,2d03653b190f1e48ff237d1f618a159c367117c7,295420,9596192cf1e54294a2f56cc662c3bd4edeecf6df,9,0.8271644115447998,Talk,No Harm,Ayelle,Smerz,2018,2018,rb,rb
342500,2d03653b190f1e48ff237d1f618a159c367117c7,116561,6bdc20123e846dc3a9925014e41590155c9f77d2,10,0.8301239013671875,Talk,How You Feel,Ayelle,Lexii Alijai,2018,2014,rb,rap
342500,2d03653b190f1e48ff237d1f618a159c367117c7,316316,128d0bc470aa58d68cee83d29caedf31f278bd20,11,0.8163800835609436,Talk,Waste Time,Ayelle,S-X,2018,2018,rb,pop
342500,2d03653b190f1e48ff237d1f618a159c367117c7,439727,71066986a4b33b9d8ce29b5c96cc7b34ed1df115,12,0.8195983171463013,Talk,EXHALE,Ayelle,Kayzo,2018,2018,rb,pop
342500,2d03653b190f1e48ff237d1f618a159c367117c7,160725,0acdfd579ff46a1933c4d2f0d050d004ee27f6ab,13,0.8241840600967407,Talk,FXRCES.,Ayelle,Scarlxrd,2018,2020,rb,rap
342500,2d03653b190f1e48ff237d1f618a159c367117c7,266984,0a54aa186a21a89ef6136e81b2a7d8883774525a,14,0.8192558288574219,Talk,Nice,Ayelle,RIZHA,2018,2018,rb,pop
342500,2d03653b190f1e48ff237d1f618a159c367117c7,160414,6969a7317599a9385da8409e03cd1d45ef1c2139,15,0.8118336796760559,Talk,Pull Me From the Floor,Ayelle,Moose Blood,2018,2018,rb,rock
342500,2d03653b190f1e48ff237d1f618a159c367117c7,20113,b53b5313f8b044e07ee9090a37d12d672b363534,16,0.8109548091888428,Talk,Death Cup,Ayelle,Mom Jeans.,2018,2016,rb,rock
342500,2d03653b190f1e48ff237d1f618a159c367117c7,515536,4faa706ef3b598a856df00ec8ff03ba9476fb909,17,0.8142962455749512,Talk,STREET CORNER MESSIAH,Ayelle,Blairose,2018,2022,rb,pop
342500,2d03653b190f1e48ff237d1f618a159c367117c7,140806,6f53dfa8f7325a66b44149fae138fce95a0265d8,18,0.8289284110069275,Talk,Feel Inside,Ayelle,Mary J. Blige,2018,2011,rb,rb
342500,2d03653b190f1e48ff237d1f618a159c367117c7,447433,61c0af2dbbd50b713b24cd6e441a28075132c6c5,19,0.8254796862602234,Talk,Feel Me?,Ayelle,Josh DWH,2018,2018,rb,rap
342500,2d03653b190f1e48ff237d1f618a159c367117c7,183846,096423cade752265cf2d372b91965a3c5058b426,20,0.8095616102218628,Talk,Hungover,Ayelle,Elose,2018,2021,rb,rb
417351,5045ed5091bced74719bfd31c9f5a8e9b6a16ffd,111476,1abc255158699f29137a71b089e84a7a159f02b2,1,0.8708602786064148,Lady You Are,You Are My Lady,One Way,Freddie Jackson,1984,1985,rb,rb
417351,5045ed5091bced74719bfd31c9f5a8e9b6a16ffd,366360,42fa10ab270385f711599412d323a7390864a53f,2,0.8556166887283325,Lady You Are,Betterman,One Way,John Butler Trio,1984,2001,rb,rock
417351,5045ed5091bced74719bfd31c9f5a8e9b6a16ffd,488630,c7d308e16e283c49e588b6450ebf6431d0bc017e,3,0.8224316239356995,Lady You Are,Are You a Lady?,One Way,Bratmobile,1984,2002,rb,pop
417351,5045ed5091bced74719bfd31c9f5a8e9b6a16ffd,103640,824b2379d512dd0ce5e5e123882346bcd4b04cd9,4,0.8509341478347778,Lady You Are,Love You I Do,One Way,Jennifer Hudson,1984,2006,rb,pop
417351,5045ed5091bced74719bfd31c9f5a8e9b6a16ffd,104093,3fdf19a1531f89e73fc1fe3fc78339af31ff241c,5,0.8503764271736145,Lady You Are,Cinderella Rockefella,One Way,Esther and Avi Ofarim,1984,1967,rb,rock
417351,5045ed5091bced74719bfd31c9f5a8e9b6a16ffd,494293,adf93c8e03a7552111da7317e2c1b0fbc9fcf926,6,0.8503681421279907,Lady You Are,Youre the Lady of My Heart,One Way,Modern Talking,1984,1985,rb,pop
417351,5045ed5091bced74719bfd31c9f5a8e9b6a16ffd,253137,3a4b0a97db281adf934538b7d0fbc7cb98312520,7,0.8478807210922241,Lady You Are,Lady Remix - Just Tha Beat Mix,One Way,D'Angelo,1984,1996,rb,rb
417351,5045ed5091bced74719bfd31c9f5a8e9b6a16ffd,147998,8dfc5d8f96a6fe32bd5838d4b2b7d97277a37fc4,8,0.8432594537734985,Lady You Are,Baby blue,One Way,Reis,1984,2016,rb,rap
417351,5045ed5091bced74719bfd31c9f5a8e9b6a16ffd,87606,baa43e1e26311bff0f38a26957fa68584f6cceb1,9,0.8202365636825562,Lady You Are,So,One Way,Ed Sheeran,1984,2009,rb,pop
417351,5045ed5091bced74719bfd31c9f5a8e9b6a16ffd,373135,6a78346e7416e504c85233f4eb44baeb0d8f8558,10,0.8197263479232788,Lady You Are,You Are My Joy Why I Love You,One Way,Kenoly Brothers,1984,2019,rb,rb
417351,5045ed5091bced74719bfd31c9f5a8e9b6a16ffd,351698,2f018b4e5126b5250137ad9de9891d703d386022,11,0.8355158567428589,Lady You Are,Scripture,One Way,Dexta Daps & Davido,1984,2021,rb,pop
417351,5045ed5091bced74719bfd31c9f5a8e9b6a16ffd,108595,23d42a7be33ad80440fb4a9a5abf620762667ec2,12,0.8343588709831238,Lady You Are,Zombie Eaters,One Way,Faith No More,1984,1989,rb,rock
417351,5045ed5091bced74719bfd31c9f5a8e9b6a16ffd,345601,c4a5868764d2168c8d9b45c9b729d0bf389fed79,13,0.8264062404632568,Lady You Are,Wonderful,One Way,India.Arie,1984,2001,rb,rb
417351,5045ed5091bced74719bfd31c9f5a8e9b6a16ffd,394816,223bb02949f79dea66541aa2b5d59982f85bfcf3,14,0.8465547561645508,Lady You Are,Its You,One Way,Kem,1984,2014,rb,pop
417351,5045ed5091bced74719bfd31c9f5a8e9b6a16ffd,187077,3bb14c451dbb636bd4a3b5f89e8403933c5970c4,15,0.8461601734161377,Lady You Are,Real,One Way,Domo Wilson,1984,2016,rb,rap
417351,5045ed5091bced74719bfd31c9f5a8e9b6a16ffd,249735,cfdb5408798ec94b180773f137e7698718469e41,16,0.811771035194397,Lady You Are,Ladies,One Way,Lee Fields & The Expressions,1984,2009,rb,pop
417351,5045ed5091bced74719bfd31c9f5a8e9b6a16ffd,99449,2785cbe3d7fb9040fba7741750a7d4cfbcea249c,17,0.8184630870819092,Lady You Are,Jeepster,One Way,T. Rex,1984,1971,rb,rock
417351,5045ed5091bced74719bfd31c9f5a8e9b6a16ffd,494865,063e2c90289ea7a93ed37a1184b6dc49933e607c,18,0.8296699523925781,Lady You Are,Youre Whats Needed In My Life,One Way,Lee Fields & The Expressions,1984,2019,rb,rb
417351,5045ed5091bced74719bfd31c9f5a8e9b6a16ffd,253553,dcf708c44e5fe847afe402080fb0fedbf4c592c5,19,0.8180002570152283,Lady You Are,Darlin Darlin Baby Sweet Tender Love,One Way,The O'Jays,1984,1976,rb,rb
417351,5045ed5091bced74719bfd31c9f5a8e9b6a16ffd,107044,eb25ecff946c4edd95f19c15c0abb56da469907b,20,0.8166612982749939,Lady You Are,You Are My Destiny,One Way,Paul Anka,1984,1957,rb,pop
93587,2325d10814c829beece4d48e55240b3115da1fe5,78629,65652952cbfa1d6fc64045354d5988a70f1fc8b5,1,0.8773598670959473,Prayer,Let Us Pray,D'Angelo and the Vanguard,Lil Wayne,2014,2002,rb,rap
93587,2325d10814c829beece4d48e55240b3115da1fe5,459384,922bee6a1925946f81121c0110467848e15ed6ad,2,0.8513420820236206,Prayer,Lovers Prayer,D'Angelo and the Vanguard,Joe,2014,2001,rb,rb
93587,2325d10814c829beece4d48e55240b3115da1fe5,268594,dacfad1863e7b91d8acef63a92ad94fbfb44f002,3,0.8401985764503479,Prayer,Lord Give Me Hope,D'Angelo and the Vanguard,Daniel Johnston,2014,1988,rb,rock
93587,2325d10814c829beece4d48e55240b3115da1fe5,407670,64fc5d09c173d4c9cbbf150255df4ba95166378a,4,0.8285211324691772,Prayer,I Will Wait for You Psalm 130,D'Angelo and the Vanguard,Keith & Kristyn Getty,2014,2018,rb,pop
93587,2325d10814c829beece4d48e55240b3115da1fe5,385116,1b0b9a8d13e5a4e1f60742e6e139d312c644d5f1,5,0.8301728963851929,Prayer,Hes Gonna Let You Know,D'Angelo and the Vanguard,Acappella,2014,1997,rb,pop
93587,2325d10814c829beece4d48e55240b3115da1fe5,314041,58d4db88908e0859ca4b75df399e97ea50fb460d,6,0.8494239449501038,Prayer,I Promise,D'Angelo and the Vanguard,"Royce da 5'9""",2014,2004,rb,rap
93587,2325d10814c829beece4d48e55240b3115da1fe5,54697,68dd67cbf240b62d0ad0b8d4067bd9cdac356882,7,0.8249419927597046,Prayer,Desert Song,D'Angelo and the Vanguard,Hillsong UNITED,2014,2009,rb,pop
93587,2325d10814c829beece4d48e55240b3115da1fe5,221612,a661d9ab74f47d4ae72f65e3a4e6b8effab7371c,8,0.8176904320716858,Prayer,Beams of Heaven,D'Angelo and the Vanguard,Sister Rosetta Tharpe,2014,1956,rb,rock
93587,2325d10814c829beece4d48e55240b3115da1fe5,137085,e380096bc97f94c226331f6068e06388c1c425a0,9,0.8266151547431946,Prayer,Sex God Sex,D'Angelo and the Vanguard,Swans,2014,1987,rb,rock
93587,2325d10814c829beece4d48e55240b3115da1fe5,280222,3beb138baef10783ecc11803973dd61cc2d11485,10,0.8410205841064453,Prayer,Lifes Opera,D'Angelo and the Vanguard,Marvin Gaye,2014,1985,rb,rb
93587,2325d10814c829beece4d48e55240b3115da1fe5,409885,59525ee5940b5024b804c8098fe443b79f4e261c,11,0.8372061848640442,Prayer,Pray with Me,D'Angelo and the Vanguard,Rick Astley,2014,2016,rb,rock
93587,2325d10814c829beece4d48e55240b3115da1fe5,194209,0ec667dac080be3c739d036763aac3374696aeed,12,0.8240973949432373,Prayer,Lord Lead Me On,D'Angelo and the Vanguard,Bill Monroe,2014,2015,rb,country
93587,2325d10814c829beece4d48e55240b3115da1fe5,115357,8654ecc694ec3b69171cda50824383ce4edd098d,13,0.8317879438400269,Prayer,Heart of God,D'Angelo and the Vanguard,Hillsong Young & Free,2014,2018,rb,pop
93587,2325d10814c829beece4d48e55240b3115da1fe5,163575,2d0266b1bbe6c702fd4b62f62a35f46e269de625,14,0.8416395783424377,Prayer,Curse Breaker Prayer,D'Angelo and the Vanguard,Jekalyn Carr,2014,2016,rb,pop
93587,2325d10814c829beece4d48e55240b3115da1fe5,241988,2c0e48e3e2fe56679b6dc4fa34f92d14a7ddd68b,15,0.8336371183395386,Prayer,Heart of courage,D'Angelo and the Vanguard,Lil' Prophet,2014,2015,rb,pop
93587,2325d10814c829beece4d48e55240b3115da1fe5,285356,d1fa9ff31e2f04da1e4896f83dc1c002123d4bee,16,0.8395717740058899,Prayer,Order My Steps Dear Lord,D'Angelo and the Vanguard,Bone Thugs-N-Harmony,2014,2007,rb,rap
93587,2325d10814c829beece4d48e55240b3115da1fe5,492135,c6f4f940d9e448aeb9816f3437899968211c4ec5,17,0.8225405216217041,Prayer,Behemoth,D'Angelo and the Vanguard,Electric Wizard,2014,1995,rb,rock
93587,2325d10814c829beece4d48e55240b3115da1fe5,285907,ad80d100a5cda0233acad736d30a9b1fc0f1a943,18,0.8398821353912354,Prayer,Kanye West - Ultralight Beam ft. The-Dream Kelly Price Kirk Franklin  Chance The Rapper Polskie Tłumaczenie,D'Angelo and the Vanguard,Polskie tumaczenia Genius,2014,2016,rb,rap
93587,2325d10814c829beece4d48e55240b3115da1fe5,243115,06b9be82e28f49f05cab6d85a2215d8725090ad3,19,0.8445117473602295,Prayer,Drew,D'Angelo and the Vanguard,JID,2014,2013,rb,rap
93587,2325d10814c829beece4d48e55240b3115da1fe5,502088,07d6168b3cfa1bb074b52cd7903a3907939b57ab,20,0.8357331156730652,Prayer,Pray For Me,D'Angelo and the Vanguard,Charlie Scene,2014,2022,rb,rock
325075,02e8aeadb2e5d9334aee9474a5ae1fb5540a4108,505676,e27c7dcafb59a901d12fc48b8a35f2e94e414211,1,0.8930926322937012,That Girl,Daughter Of The Devil,Tone Stith,sKitz Kraven,2017,2022,rb,rap
325075,02e8aeadb2e5d9334aee9474a5ae1fb5540a4108,466849,dde4c3c42a609c1ceb277022bb7bf1186db02337,2,0.8776848316192627,That Girl,Lonely Remix,Tone Stith,August Alsina,2017,2019,rb,rap
325075,02e8aeadb2e5d9334aee9474a5ae1fb5540a4108,87733,c35e4aa08a79dd3b55b1ddce4768f45e03586c6d,3,0.8790874481201172,That Girl,Lonely,Tone Stith,Che Ecru,2017,2016,rb,rb
325075,02e8aeadb2e5d9334aee9474a5ae1fb5540a4108,48862,316c4130fff3cf53de8542e7c8d9e9b3e4797a7e,4,0.8674198985099792,That Girl,Biggest Fan,Tone Stith,Chris Brown,2017,2012,rb,rb
325075,02e8aeadb2e5d9334aee9474a5ae1fb5540a4108,513374,2b677695416d788befbeb18d40f77ce2a8e5cce1,5,0.8698782920837402,That Girl,Im So Done With You,Tone Stith,Dreamer Isioma,2017,2022,rb,pop
325075,02e8aeadb2e5d9334aee9474a5ae1fb5540a4108,261052,d0eb5780b197189329e056eb060c89331fab6b40,6,0.8713241219520569,That Girl,II. You Know I Will,Tone Stith,badXchannels,2017,2016,rb,pop
325075,02e8aeadb2e5d9334aee9474a5ae1fb5540a4108,488575,7a117b215d0461e2d813fabf36ea35e2588fb35d,7,0.8664628267288208,That Girl,So Crazy,Tone Stith,Bone Thugs-N-Harmony,2017,2009,rb,rap
325075,02e8aeadb2e5d9334aee9474a5ae1fb5540a4108,215812,9191a901b845194b4a577c1eae98699307120956,8,0.8611909747123718,That Girl,Cee Cee From DC,Tone Stith,T-Pain,2017,2017,rb,rap
325075,02e8aeadb2e5d9334aee9474a5ae1fb5540a4108,90513,2b0369c9145a8b28a5edb12643135880b7c40c72,9,0.8576127886772156,That Girl,I Just Wanna,Tone Stith,YBS Skola,2017,2016,rb,rb
325075,02e8aeadb2e5d9334aee9474a5ae1fb5540a4108,171818,9dc558c1001ae2b5fbd98c284f06fdbc95717fce,10,0.872087836265564,That Girl,Baby Baby,Tone Stith,Kilo Ali,2017,1997,rb,rap
325075,02e8aeadb2e5d9334aee9474a5ae1fb5540a4108,104386,f0ca804763c57eabad6f3e869e5e3a93aa373257,11,0.8689216375350952,That Girl,No Feelings,Tone Stith,MO3,2017,2017,rb,rb
325075,02e8aeadb2e5d9334aee9474a5ae1fb5540a4108,222900,14b4df9a61dfcdda3aafee7da866fe3fa2715773,12,0.875855565071106,That Girl,My Favorite Girl,Tone Stith,Dave Hollister,2017,2006,rb,pop
325075,02e8aeadb2e5d9334aee9474a5ae1fb5540a4108,405610,068f618c14bf0e72b386783f5e9b0308ea34583b,13,0.8747725486755371,That Girl,Last Time,Tone Stith,Buddy,2017,2017,rb,rap
325075,02e8aeadb2e5d9334aee9474a5ae1fb5540a4108,346460,87215d6d3f97c792c3482153da09bfafa71ba6c4,14,0.8761531710624695,That Girl,So Different,Tone Stith,King Libra,2017,2016,rb,rap
325075,02e8aeadb2e5d9334aee9474a5ae1fb5540a4108,187074,8988029939beea6348507289eca73f10be4b23b4,15,0.8736926317214966,That Girl,0.001% ???,Tone Stith,KAYTRANADA,2017,2016,rb,rb
325075,02e8aeadb2e5d9334aee9474a5ae1fb5540a4108,55799,f830eb6cafdc20e833006cb4af5c806ad246403a,16,0.869844913482666,That Girl,Came Here For Something,Tone Stith,Kirko Bangz,2017,2013,rb,rap
325075,02e8aeadb2e5d9334aee9474a5ae1fb5540a4108,227488,daa21504c1a09aac5018097efbff1774f86c3e2e,17,0.8666123151779175,That Girl,The Weekend SZA Remix,Tone Stith,Kalin White,2017,2017,rb,rb
325075,02e8aeadb2e5d9334aee9474a5ae1fb5540a4108,300408,bdd3855cb40fe60127440be3c43b5cd9f589ec1d,18,0.868462860584259,That Girl,BMW French The Kid MIST Bugzy Malone Remix,Tone Stith,Bad Boy Chiller Crew,2017,2022,rb,rap
325075,02e8aeadb2e5d9334aee9474a5ae1fb5540a4108,41978,fb73dd69b6048471383bbfb93b6183da3b132409,19,0.8675132989883423,That Girl,Situations,Tone Stith,ELHAE,2017,2015,rb,rap
325075,02e8aeadb2e5d9334aee9474a5ae1fb5540a4108,120444,5f896e1f9d47b6bd6937b981718c8dcde324f7d0,20,0.867538571357727,That Girl,Road to Heartbreak,Tone Stith,Sy Ari da Kid,2017,2016,rb,rb
479052,0b660c7c80a2f1b0473e11880a105e0b54281d61,396262,76494abcd7bc20426ee04039af7161eb1dd0fb40,1,0.9052377343177795,The Triangle / For The Night,If They Only Knew,Justin Snow,Krayzie Bone,2018,2001,rb,rap
479052,0b660c7c80a2f1b0473e11880a105e0b54281d61,272162,29850eabbff8a3eca734786f96930d56e4c77e11,2,0.894736647605896,The Triangle / For The Night,Another Story to Tell,Justin Snow,Ma$e,2018,1999,rb,rap
479052,0b660c7c80a2f1b0473e11880a105e0b54281d61,235774,d5c9f78144f316e6724d6a09d66e620489102a99,3,0.8938282132148743,The Triangle / For The Night,Say Yes,Justin Snow,Dreezy x Mikey Dollaz,2018,2013,rb,rap
479052,0b660c7c80a2f1b0473e11880a105e0b54281d61,12945,77598f66ae07a08572fce79f40c53c5f543fa1f6,4,0.904016375541687,The Triangle / For The Night,Know Whats Up / The Take,Justin Snow,Tory Lanez,2018,2013,rb,rap
479052,0b660c7c80a2f1b0473e11880a105e0b54281d61,33270,15863033dbb9bc5edeb723df7dcd7762c99b1f48,5,0.8946450352668762,The Triangle / For The Night,Dangerous,Justin Snow,The Neighbourhood,2018,2014,rb,rock
479052,0b660c7c80a2f1b0473e11880a105e0b54281d61,284747,d757e86e941782ecd493fddc84b82d65d56e869d,6,0.9035037159919739,The Triangle / For The Night,Wright Me,Justin Snow,Soulja Slim,2018,1998,rb,rap
479052,0b660c7c80a2f1b0473e11880a105e0b54281d61,46217,e14e5c94f226e1090e184081d805e8ea4f99b4da,7,0.8921374082565308,The Triangle / For The Night,FaceTime for 30,Justin Snow,NO1-NOAH,2018,2016,rb,rb
479052,0b660c7c80a2f1b0473e11880a105e0b54281d61,104255,f1322bd9e1a8708473e5d401a35b24849e268fe9,8,0.9026686549186707,The Triangle / For The Night,Wiz Khalifa April,Justin Snow,Robb Bank$,2018,2012,rb,rap
479052,0b660c7c80a2f1b0473e11880a105e0b54281d61,29398,1f544996cd689d3d9f6eeb43cea464cafee211f5,9,0.9018610119819641,The Triangle / For The Night,Luv Ya Gyal // Love Sounds,Justin Snow,Tory Lanez,2018,2019,rb,rb
479052,0b660c7c80a2f1b0473e11880a105e0b54281d61,481297,39d9aa0294c20f424760b464423183e23eb14a01,10,0.9025915861129761,The Triangle / For The Night,Your Bitch,Justin Snow,Jay Hype,2018,2016,rb,rap
479052,0b660c7c80a2f1b0473e11880a105e0b54281d61,431750,db4c0c6e3b74b9f4416ce64ac562407424fb23e7,11,0.8902624845504761,The Triangle / For The Night,Dont Tell Your Boyfriend Drake Song,Justin Snow,Mak Btchz,2018,2013,rb,rap
479052,0b660c7c80a2f1b0473e11880a105e0b54281d61,494950,cb42d398ad151df25b92cb44432999aa61ac1142,12,0.8930405378341675,The Triangle / For The Night,Downfall,Justin Snow,Chevy Woods,2018,2011,rb,rap
479052,0b660c7c80a2f1b0473e11880a105e0b54281d61,296230,e77db1bd9ed007f7fa60976f822cb504ca2a584f,13,0.8921493291854858,The Triangle / For The Night,Yeager,Justin Snow,SoFaygo,2018,2019,rb,rap
479052,0b660c7c80a2f1b0473e11880a105e0b54281d61,101654,7e130bf5cc9852940dce9db6b1b44d3a3ff4c68d,14,0.8926960229873657,The Triangle / For The Night,I Dont Care,Justin Snow,New Boyz,2018,2011,rb,rap
479052,0b660c7c80a2f1b0473e11880a105e0b54281d61,200143,a9dc59da45c882d2c7e231b59511d5a09d5ee5e3,15,0.902611255645752,The Triangle / For The Night,My Time,Justin Snow,Kirko Bangz,2018,2012,rb,rap
479052,0b660c7c80a2f1b0473e11880a105e0b54281d61,397882,9583f1af65371fd545e470af9f2f245469786dd9,16,0.9028564095497131,The Triangle / For The Night,Main Chick Remixed By DJ Whoo Kid,Justin Snow,Kid Ink,2018,2014,rb,rap
479052,0b660c7c80a2f1b0473e11880a105e0b54281d61,65334,8a0b52aada571ce89c79bd139a4137358eabbacb,17,0.8942683935165405,The Triangle / For The Night,Best of You // Busted SKIT,Justin Snow,Tory Lanez,2018,2019,rb,rb
479052,0b660c7c80a2f1b0473e11880a105e0b54281d61,172969,2ea3b4b11292946e8dbe41406e2fa3bc2bacc6b7,18,0.892096221446991,The Triangle / For The Night,At Ya Own Risk,Justin Snow,T.I.,2018,2014,rb,rap
479052,0b660c7c80a2f1b0473e11880a105e0b54281d61,108004,c820a1c84c2840c477abbfa0ce28f57e4ead648e,19,0.8870299458503723,The Triangle / For The Night,Tonight,Justin Snow,Jeezy,2018,2012,rb,rap
479052,0b660c7c80a2f1b0473e11880a105e0b54281d61,12273,6cadec4ff67c485e8b010c4129fa1c0741a6432b,20,0.8878471255302429,The Triangle / For The Night,Ultrasound,Justin Snow,Joyner Lucas,2018,2017,rb,rap
303326,f60784760e1403374e2eaadfc174858d036d6d22,84226,694af38b21df2e63e005226925dcce7478590876,1,0.9655002355575562,Right Here Waiting,Ill Be Right Here Waiting For You,Monica,Richard Marx,1999,2015,rb,pop
303326,f60784760e1403374e2eaadfc174858d036d6d22,418401,c104827db9a1058b35677c1db051e598c4ad7192,2,0.9618637561798096,Right Here Waiting,I will be right here waiting for you,Monica,Richard Marx,1999,2017,rb,rock
303326,f60784760e1403374e2eaadfc174858d036d6d22,24720,925dd0404cf3632e9dfce18b4e7ebd2e10124a7a,3,0.9649673700332642,Right Here Waiting,Right Here Waiting,Monica,Richard Marx,1999,1989,rb,pop
303326,f60784760e1403374e2eaadfc174858d036d6d22,100281,ed3c8a1837e37b515eacc2e1a48ed1d2c0454aac,4,0.9649813175201416,Right Here Waiting,Right Here Waiting For You,Monica,Richard Marx,1999,2015,rb,pop
303326,f60784760e1403374e2eaadfc174858d036d6d22,381022,d7a51dece724863c9db15e5f3cb5298d888a08d4,5,0.8892550468444824,Right Here Waiting,Aint We Rich,Monica,Prof,1999,2020,rb,rap
303326,f60784760e1403374e2eaadfc174858d036d6d22,139388,cec97b263854ec0d297dcc7c20f7ff0a53ca4392,6,0.8802119493484497,Right Here Waiting,I Promise,Monica,Harris J,1999,2015,rb,pop
303326,f60784760e1403374e2eaadfc174858d036d6d22,6236,0fcb370c1f3770b2df603ce583609ec43a30ab22,7,0.8706493377685547,Right Here Waiting,Mariposa,Monica,Peach Tree Rascals,1999,2019,rb,pop
303326,f60784760e1403374e2eaadfc174858d036d6d22,296224,1ce214e9ac3370c258609953968b3cce2850342a,8,0.8648333549499512,Right Here Waiting,Waiting on You,Monica,Bizzle,1999,2019,rb,rap
303326,f60784760e1403374e2eaadfc174858d036d6d22,456956,227f43e9dd35c2861187c293fa57fe7bd650b331,9,0.8678324818611145,Right Here Waiting,I Want to Belong to You,Monica,Katie Herzig,1999,2008,rb,pop
303326,f60784760e1403374e2eaadfc174858d036d6d22,72406,a61241bf924e67b51e333498ed0fc2bbae722edc,10,0.8722423315048218,Right Here Waiting,Just Get Here,Monica,Xavier Omr & Sango,1999,2019,rb,rb
303326,f60784760e1403374e2eaadfc174858d036d6d22,390143,6463e34d65e3e6c5453ce7f71da6199facb51d22,11,0.8654273152351379,Right Here Waiting,For Life English Ver.,Monica,XIAOJUN (NCT),1999,2020,rb,pop
303326,f60784760e1403374e2eaadfc174858d036d6d22,250413,9cca89f1da2e15cc16093c233695de21e3b18a17,12,0.8627483248710632,Right Here Waiting,My Cure,Monica,Taylor Swift,1999,2013,rb,country
303326,f60784760e1403374e2eaadfc174858d036d6d22,434319,f4a88ec34688d3ea4b2694b084c945dde9ff820c,13,0.8657680749893188,Right Here Waiting,Someday,Monica,We Are Harlot,1999,2015,rb,rock
303326,f60784760e1403374e2eaadfc174858d036d6d22,377189,64e3f4dd540744f3b7cc39cac900219edc890e15,14,0.858052134513855,Right Here Waiting,Roll Along,Monica,Tuxedo,1999,2015,rb,rb
303326,f60784760e1403374e2eaadfc174858d036d6d22,152837,ec2c5c1819cf6ce993324acd26c096db45c316c1,15,0.8533773422241211,Right Here Waiting,When Im Gone,Monica,Gary Clark Jr.,1999,2019,rb,rock
303326,f60784760e1403374e2eaadfc174858d036d6d22,35652,da998f369942916cde2595a807f3b2c1b7db7a5c,16,0.845170795917511,Right Here Waiting,Candy,Monica,Paolo Nutini,1999,2009,rb,rock
303326,f60784760e1403374e2eaadfc174858d036d6d22,159900,812815ec681bc207fb3c835f9839475af196f56e,17,0.854657769203186,Right Here Waiting,Distance and Time,Monica,Alicia Keys,1999,2009,rb,rb
303326,f60784760e1403374e2eaadfc174858d036d6d22,137402,6822cd503d3f014c0c83fa809710989d92c52f7d,18,0.8657611012458801,Right Here Waiting,Oh the Moon,Monica,AJ Abdullah,1999,2019,rb,pop
303326,f60784760e1403374e2eaadfc174858d036d6d22,221762,b9b79f274c1d3da20c199871ddfd29dbb90dcf3f,19,0.8540928363800049,Right Here Waiting,Here Waiting Live,Monica,Covenant Worship,1999,2014,rb,rock
303326,f60784760e1403374e2eaadfc174858d036d6d22,331587,8487eee49dc93c1995280c6d1f331da99b1e70bf,20,0.8683451414108276,Right Here Waiting,Good For You International Version,Monica,Eric Nam,1999,2016,rb,pop
199659,f98136bb9cb5dd8dce2e124dc54bb8d01c457458,21681,28ff62ee9e69495b35af576db16cb44cd39e635c,1,0.8386943340301514,I Know Why The Caged Bird Sings,Fly Away,Nicotine,G-Eazy,2017,2017,rb,rap
199659,f98136bb9cb5dd8dce2e124dc54bb8d01c457458,279580,40afc818904d99a7ddbba0ff85c1dc1e0de8436e,2,0.8111096024513245,I Know Why The Caged Bird Sings,Widows Peak,Nicotine,Bat for Lashes,2017,2016,rb,pop
199659,f98136bb9cb5dd8dce2e124dc54bb8d01c457458,318444,c9c7d07a3db4eceb3cab2615dd4986ecadb6d96e,3,0.8160079121589661,I Know Why The Caged Bird Sings,Rain,Nicotine,Razah,2017,2012,rb,rap
199659,f98136bb9cb5dd8dce2e124dc54bb8d01c457458,215801,4dd055dd4433cc29f875fb2d183ad71d322ef0c5,4,0.8164962530136108,I Know Why The Caged Bird Sings,Sparrows,Nicotine,No Bird Sing,2017,2009,rb,rap
199659,f98136bb9cb5dd8dce2e124dc54bb8d01c457458,162481,fdacce741eec4e39b0443ea9e296db9d91ff5c93,5,0.8226219415664673,I Know Why The Caged Bird Sings,Lay Your Hands on Me,Nicotine,Boom Boom Satellites,2017,2016,rb,pop
199659,f98136bb9cb5dd8dce2e124dc54bb8d01c457458,471040,8eeddaa1ab30f5a44089e7c0d7950ae846eb4e12,6,0.827674150466919,I Know Why The Caged Bird Sings,In the Cage Medley – Cinema Show/Slippermen,Nicotine,Genesis,2017,1982,rb,rock
199659,f98136bb9cb5dd8dce2e124dc54bb8d01c457458,450358,a749a4b4caac90cd861affbb75e2e1c04d86a0c0,7,0.8303241729736328,I Know Why The Caged Bird Sings,Fly Away,Nicotine,Katrina Stuart,2017,2019,rb,pop
199659,f98136bb9cb5dd8dce2e124dc54bb8d01c457458,182329,4c3e825a50c66bc84ef253f1a2a532428f904300,8,0.8165450096130371,I Know Why The Caged Bird Sings,Love Is Not Love,Nicotine,Cate Le Bon,2017,2016,rb,rock
199659,f98136bb9cb5dd8dce2e124dc54bb8d01c457458,142520,fb3f8a3e532f2f09b173d738b45daa952f7ca3f7,9,0.8284347057342529,I Know Why The Caged Bird Sings,The Prayer,Nicotine,Kody West,2017,2017,rb,country
199659,f98136bb9cb5dd8dce2e124dc54bb8d01c457458,489304,056f920643e1d665bd30bc60ad23325d97b15de3,10,0.8091097474098206,I Know Why The Caged Bird Sings,Fly Away,Nicotine,Corrinne May,2017,2001,rb,pop
199659,f98136bb9cb5dd8dce2e124dc54bb8d01c457458,193566,457b891251daf4429ad0e41b900669a7b4bf796e,11,0.820621132850647,I Know Why The Caged Bird Sings,Catwoman,Nicotine,Drug Restaurant,2017,2017,rb,rock
199659,f98136bb9cb5dd8dce2e124dc54bb8d01c457458,135495,6f2509ac5672b286f78def7f1261354d95484c26,12,0.8197450637817383,I Know Why The Caged Bird Sings,Fall from the Sky,Nicotine,Arilena Ara,2017,2020,rb,pop
199659,f98136bb9cb5dd8dce2e124dc54bb8d01c457458,250737,508b59bc7db79ecc85ab09e563366484d7b8df15,13,0.8145525455474854,I Know Why The Caged Bird Sings,Little Sister,Nicotine,Nico,2017,1967,rb,rock
199659,f98136bb9cb5dd8dce2e124dc54bb8d01c457458,287667,5badbb73463007fae58b069811a80941d32b5af2,14,0.8201109170913696,I Know Why The Caged Bird Sings,Let It Roll,Nicotine,Midland,2017,2019,rb,country
199659,f98136bb9cb5dd8dce2e124dc54bb8d01c457458,239983,c44e81aad2851464060b79dca148c778117a49cf,15,0.8188705444335938,I Know Why The Caged Bird Sings,Drowning Butterflies,Nicotine,Bipolar Sunshine,2017,2013,rb,rb
199659,f98136bb9cb5dd8dce2e124dc54bb8d01c457458,331701,5d0d4ea1072bcd4b7b542ca365447175ddb9bb76,16,0.8285852670669556,I Know Why The Caged Bird Sings,On Earth Were Briefly Gorgeous,Nicotine,Ocean Vuong,2017,2016,rb,misc
199659,f98136bb9cb5dd8dce2e124dc54bb8d01c457458,283219,7691477bc542c94522d46c87435f107635f909ff,17,0.8207424283027649,I Know Why The Caged Bird Sings,If I Was A Bird,Nicotine,Floetry,2017,2002,rb,pop
199659,f98136bb9cb5dd8dce2e124dc54bb8d01c457458,372606,d4f2ccd7575e485f922070c47ffa758f30449824,18,0.8137754201889038,I Know Why The Caged Bird Sings,Bohemian Rhapsody Live Funhouse Tour,Nicotine,P!nk,2017,2021,rb,pop
199659,f98136bb9cb5dd8dce2e124dc54bb8d01c457458,464187,be19d0178b462aba5ac48cc3981898c22605aa98,19,0.8154299259185791,I Know Why The Caged Bird Sings,​speak with our hearts,Nicotine,supachefm,2017,2017,rb,rap
199659,f98136bb9cb5dd8dce2e124dc54bb8d01c457458,109184,839b86d0bcefce8feb4117489b8346afd02da69e,20,0.8168979287147522,I Know Why The Caged Bird Sings,Salt,Nicotine,Madrugada,2017,1999,rb,pop
63214,9ece3c419723dea4934a9fae7c1902ff639693bd,24498,797593c4b9c94760b23a9535f6480ef71c27dae7,1,0.8689976930618286,Youre Sexy Im Sexy,I Want It To Be You,Eric Nam,Tatiana Manaois,2019,2015,rb,pop
63214,9ece3c419723dea4934a9fae7c1902ff639693bd,233544,a9934901d958e08a3a1c3d6ecad286d2094b389a,2,0.8473753333091736,Youre Sexy Im Sexy,Irresistible,Eric Nam,Temposhark,2019,2010,rb,pop
63214,9ece3c419723dea4934a9fae7c1902ff639693bd,466252,0d6d83ca796f3bbd1fd0aa1d2cec76fc77a5a6a6,3,0.8628222346305847,Youre Sexy Im Sexy,​you deserve better i want you,Eric Nam,czyby,2019,2021,rb,rb
63214,9ece3c419723dea4934a9fae7c1902ff639693bd,437555,327568a3ea7af9b6586e710e1ffcd777e112c068,4,0.8570107221603394,Youre Sexy Im Sexy,Nobody But You,Eric Nam,Dee Clark,2019,1959,rb,pop
63214,9ece3c419723dea4934a9fae7c1902ff639693bd,193760,3782e50c5762baa13e5a53ae6b7b71156d733c42,5,0.861527681350708,Youre Sexy Im Sexy,I Want You,Eric Nam,Summer Camp,2019,2011,rb,pop
63214,9ece3c419723dea4934a9fae7c1902ff639693bd,9200,e6a294fac317217cad78abb4523f598748a72abd,6,0.8419628739356995,Youre Sexy Im Sexy,Want to Want Me,Eric Nam,Jason Derulo,2019,2015,rb,pop
63214,9ece3c419723dea4934a9fae7c1902ff639693bd,11893,292729fed6f173b6124d6f963fc5d9b014db11e1,7,0.8456430435180664,Youre Sexy Im Sexy,Come Together,Eric Nam,Chris Brown,2019,2019,rb,rb
63214,9ece3c419723dea4934a9fae7c1902ff639693bd,4637,83c598bba025637f082713db5f92d72b529327cc,8,0.8488277196884155,Youre Sexy Im Sexy,I Dont Do Drugs,Eric Nam,Doja Cat,2019,2021,rb,rb
63214,9ece3c419723dea4934a9fae7c1902ff639693bd,497030,a5de1473f93ff68328e73432415de01b59590a53,9,0.8321253657341003,Youre Sexy Im Sexy,Turnin Me On,Eric Nam,Nina Sky,2019,2004,rb,pop
63214,9ece3c419723dea4934a9fae7c1902ff639693bd,68196,daa970d03e04393ecbf386a7182aca45e8cc5f1d,10,0.8459427356719971,Youre Sexy Im Sexy,Tonight Im Lovin You,Eric Nam,Enrique Iglesias,2019,2010,rb,pop
63214,9ece3c419723dea4934a9fae7c1902ff639693bd,463981,dec7c6d01db72471e1dd8328fba21aea73e1a692,11,0.8467146158218384,Youre Sexy Im Sexy,Napoleon,Eric Nam,Freedom Fry,2019,2017,rb,pop
63214,9ece3c419723dea4934a9fae7c1902ff639693bd,152546,a6aa35095d50b3612e1b756287dc00a596b12674,12,0.8630034327507019,Youre Sexy Im Sexy,I Need You,Eric Nam,B.V.S.M.P.,2019,1987,rb,rap
63214,9ece3c419723dea4934a9fae7c1902ff639693bd,442614,a5d0756218a5093211fbc713fa50d6cf07140bc7,13,0.8465649485588074,Youre Sexy Im Sexy,Hey Sexy Lady,Eric Nam,I Square,2019,2010,rb,pop
63214,9ece3c419723dea4934a9fae7c1902ff639693bd,173862,dcf54efd07a08d42ce63c49cf7cd9fa97b52b61d,14,0.851273775100708,Youre Sexy Im Sexy,DM,Eric Nam,​fromis_9,2019,2022,rb,pop
63214,9ece3c419723dea4934a9fae7c1902ff639693bd,123519,be73e90e93eb30800b283955cfb641addd864e21,15,0.8560304045677185,Youre Sexy Im Sexy,It Would Be You,Eric Nam,Trey Songz,2019,2009,rb,rap
63214,9ece3c419723dea4934a9fae7c1902ff639693bd,393275,cbf833a21741fbfe170c590e47d9dad69141ae3f,16,0.8532935380935669,Youre Sexy Im Sexy,I Want You For Myself,Eric Nam,Tech N9ne,2019,2007,rb,rap
63214,9ece3c419723dea4934a9fae7c1902ff639693bd,231464,ed5f06dc05a198bee03c1cf2baf65546d97329e6,17,0.8244730234146118,Youre Sexy Im Sexy,Say You Want Me,Eric Nam,Lostboycrow,2019,2015,rb,misc
63214,9ece3c419723dea4934a9fae7c1902ff639693bd,475764,085e89dff7f7915a949f6112da0640ad4e6df38f,18,0.844510018825531,Youre Sexy Im Sexy,I Can Tell,Eric Nam,Jesse Powell,2019,1998,rb,pop
63214,9ece3c419723dea4934a9fae7c1902ff639693bd,268499,19d66119ce35499e7b47729a9a132caca80a1142,19,0.8487676978111267,Youre Sexy Im Sexy,You  Me,Eric Nam,Moss Kena & Miraa May,2019,2019,rb,pop
63214,9ece3c419723dea4934a9fae7c1902ff639693bd,203780,5f1359779d09fad625ec85716d6b95ee22aee985,20,0.8477771282196045,Youre Sexy Im Sexy,I Want You,Eric Nam,CeeLo Green,2019,2010,rb,rb
268052,05ded3f172ce4de7e520eebf5eec97aee3f56e47,511217,5cac12bbfa6ad3769c9109844c74d0d0dd386a84,1,0.8763580322265625,Ghost,Like a Wave,Johnny Stimson,He Is We,2017,2022,rb,pop
268052,05ded3f172ce4de7e520eebf5eec97aee3f56e47,152098,e0f725d336049db40ef624222bbdcae61d0779c6,2,0.8448488712310791,Ghost,FourThirty,Johnny Stimson,ill Nicky,2017,2019,rb,rap
268052,05ded3f172ce4de7e520eebf5eec97aee3f56e47,331007,f86805b07428ac5c396e92b1361065aa88ad015f,3,0.8418667316436768,Ghost,Brisbane,Johnny Stimson,Nina Nesbitt,2017,2016,rb,pop
268052,05ded3f172ce4de7e520eebf5eec97aee3f56e47,448869,5b1e27ad9d90ca6dcebd543f62b2e27fe18aa86d,4,0.863331139087677,Ghost,Dear Rose Im Haunted,Johnny Stimson,Drawn To The Sky,2017,2020,rb,pop
268052,05ded3f172ce4de7e520eebf5eec97aee3f56e47,347292,b7efdaabbb3e595991281ab4d369abfbab4cc555,5,0.8571871519088745,Ghost,Atmosphere,Johnny Stimson,Hart Denton,2017,2021,rb,pop
268052,05ded3f172ce4de7e520eebf5eec97aee3f56e47,213477,e6fa732f8c7cd4fb0dbe552ec21845548c79cd5f,6,0.8485907912254333,Ghost,Honeysuckle,Johnny Stimson,The Dillinger Escape Plan,2017,2016,rb,rock
268052,05ded3f172ce4de7e520eebf5eec97aee3f56e47,306243,9121a7c6f6cc9d1e0bf116b53ae9d7be8377b479,7,0.8518645763397217,Ghost,Change with the Sun,Johnny Stimson,Soviet Soviet,2017,2019,rb,rock
268052,05ded3f172ce4de7e520eebf5eec97aee3f56e47,178393,22a3ccf7d5b5dff216db82800e5f103b28905bf4,8,0.8541920185089111,Ghost,So Long,Johnny Stimson,Powfu,2017,2018,rb,rap
268052,05ded3f172ce4de7e520eebf5eec97aee3f56e47,234679,126e93b73bdbdf23ccb6a855830964e30e75f62a,9,0.8468962907791138,Ghost,Beautiful Escape,Johnny Stimson,AJ Rafael,2017,2013,rb,pop
268052,05ded3f172ce4de7e520eebf5eec97aee3f56e47,478430,be6a20411b2f2c87826c6887b6fa4f7fbd8e6d31,10,0.8558423519134521,Ghost,Hump,Johnny Stimson,Berried Alive,2017,2016,rb,rock
268052,05ded3f172ce4de7e520eebf5eec97aee3f56e47,65161,0171e3476cea493598dcc22005787b51ff51c6eb,11,0.8615530729293823,Ghost,Windswept,Johnny Stimson,Crywolf,2017,2016,rb,pop
268052,05ded3f172ce4de7e520eebf5eec97aee3f56e47,482960,8ab2c20a3a6f4697881e9ea6d83d8d890c89284b,12,0.8493520021438599,Ghost,Salish,Johnny Stimson,McCafferty,2017,2022,rb,rock
268052,05ded3f172ce4de7e520eebf5eec97aee3f56e47,153462,832175073884932750df7197018bf701ee4584de,13,0.835440993309021,Ghost,Another Now,Johnny Stimson,Kate Alexa,2017,2007,rb,pop
268052,05ded3f172ce4de7e520eebf5eec97aee3f56e47,127344,42def95501e13f3fcfef43dcce58f6aa7bbeb369,14,0.8386042714118958,Ghost,Brown Paper Bag,Johnny Stimson,Yoshi Flower,2017,2018,rb,pop
268052,05ded3f172ce4de7e520eebf5eec97aee3f56e47,112177,9dd5a220edc24b41a92149ec0837b1d013a2de6d,15,0.8504449725151062,Ghost,Falling from You,Johnny Stimson,Grieves,2017,2011,rb,rap
268052,05ded3f172ce4de7e520eebf5eec97aee3f56e47,470090,2de5b89403c0c346cab3cf8093705222add41322,16,0.8566220998764038,Ghost,Sometimes Hearts Break,Johnny Stimson,Nathan Wagner,2017,2019,rb,pop
268052,05ded3f172ce4de7e520eebf5eec97aee3f56e47,202071,cce7b99becce60714aab1277660fc6cedbe4fb06,17,0.8373253345489502,Ghost,Alaska Acoustic,Johnny Stimson,Amber Run,2017,2017,rb,pop
268052,05ded3f172ce4de7e520eebf5eec97aee3f56e47,412374,608285dc5d757fc9af0edb560f76b55db4304713,18,0.831985354423523,Ghost,Astronaut,Johnny Stimson,Lukr,2017,2018,rb,pop
268052,05ded3f172ce4de7e520eebf5eec97aee3f56e47,47457,b2bb55b17e04232ddd6f3f0924c077e2617a4052,19,0.8353647589683533,Ghost,In My Life,Johnny Stimson,Claude-Michel Schnberg,2017,1989,rb,rock
268052,05ded3f172ce4de7e520eebf5eec97aee3f56e47,119127,23b921269f2b5abe9a50329bad3e02b2a06aaeb0,20,0.8482205271720886,Ghost,Wet Socks,Johnny Stimson,sophie meiers,2017,2016,rb,rb
143167,05c369b6ec2105bb75835063c459493f44c754f7,162289,2c6ef3a5ed899d0f08ce349c6082c33230dbfecf,1,0.8631916046142578,​come over,Come Go with Me,12AM,Teddy Pendergrass,2020,1979,rb,rb
143167,05c369b6ec2105bb75835063c459493f44c754f7,255613,9178898ce7bd80043e9da94c3dbd3f7373dc242c,2,0.8568710684776306,​come over,Come Over,12AM,Dagny,2020,2020,rb,pop
143167,05c369b6ec2105bb75835063c459493f44c754f7,108813,773367190d000fc522ee97cac7eb25b4245dd392,3,0.8539112210273743,​come over,Come Over,12AM,Rudimental,2020,2020,rb,pop
143167,05c369b6ec2105bb75835063c459493f44c754f7,237806,5b85f9d83b5ea17280ea13905f853cac0239a2ba,4,0.8320077657699585,​come over,Drake - Marvin’s Room Traduction Française,12AM,Genius Traductions Franaises,2020,2012,rb,rap
143167,05c369b6ec2105bb75835063c459493f44c754f7,141636,589d091ebe67e305a84111e55cf6aa76969d635c,5,0.8388690948486328,​come over,Come Over,12AM,Mabel,2020,2017,rb,pop
143167,05c369b6ec2105bb75835063c459493f44c754f7,27821,766337b3e13549efaba2fde07ad8b314319915c9,6,0.836635410785675,​come over,Come Over,12AM,Aaliyah,2020,2002,rb,rb
143167,05c369b6ec2105bb75835063c459493f44c754f7,24962,0a2fe1333f4a87d5aea069295fab2f7a03fb0a02,7,0.8363349437713623,​come over,Last Time,12AM,GIVON,2020,2020,rb,rb
143167,05c369b6ec2105bb75835063c459493f44c754f7,74323,b1ee0e378c23dd97e086d9fb81815b200baed265,8,0.8490394949913025,​come over,Come Over,12AM,Ann Marie & Yung Bleu,2020,2020,rb,rb
143167,05c369b6ec2105bb75835063c459493f44c754f7,51689,99209ee29dc837fef6933fb055b0f8c42c834122,9,0.8390123844146729,​come over,Come Over,12AM,Skizzy Mars,2020,2014,rb,rap
143167,05c369b6ec2105bb75835063c459493f44c754f7,147355,e209d71b96e3b05a872c3ef0e84d04dabae341a1,10,0.8383721113204956,​come over,Moon Lit District,12AM,LVNDVN,2020,2017,rb,rb
143167,05c369b6ec2105bb75835063c459493f44c754f7,266613,2d689849b21cd1fddbb08dd294991d59e2650db4,11,0.8409174084663391,​come over,Come Over Again,12AM,VanJess,2020,2021,rb,rb
143167,05c369b6ec2105bb75835063c459493f44c754f7,351355,317c32982c7ac20d8e1bc80547bfdce0ef3f4bf1,12,0.8394783735275269,​come over,Come Over,12AM,Tellaman,2020,2016,rb,rb
143167,05c369b6ec2105bb75835063c459493f44c754f7,442513,e7a055bff1e46a806adb1410f7c3b3a7f8d65d7b,13,0.8306999802589417,​come over,Come Over,12AM,112,2020,2017,rb,rb
143167,05c369b6ec2105bb75835063c459493f44c754f7,127494,c40ab82686d5524cacdac72b6919516b7f7a1c9f,14,0.816512942314148,​come over,I Should Let You Go,12AM,Chelsea Cutler,2020,2020,rb,pop
143167,05c369b6ec2105bb75835063c459493f44c754f7,300905,16616fd604c9959d8ed7c50dd010b25f63a5b439,15,0.8439274430274963,​come over,Get to Know Me,12AM,Joe,2020,2007,rb,rb
143167,05c369b6ec2105bb75835063c459493f44c754f7,5630,8956a7f49fc99af8fd9bfebf9d364e962929de8c,16,0.829846978187561,​come over,I Keep Falling,12AM,Sal Houdini,2020,2015,rb,rb
143167,05c369b6ec2105bb75835063c459493f44c754f7,120615,c101f262e7a9a2d7f28584b62c4c745fba16c8a3,17,0.8287997245788574,​come over,If Youre Over Me Remix,12AM,Years & Years,2020,2018,rb,pop
143167,05c369b6ec2105bb75835063c459493f44c754f7,70281,cdf1ba1eaa5479a60ee170082276af7155fa47b0,18,0.813021719455719,​come over,Dolo,12AM,Kid Ink,2020,2015,rb,rap
143167,05c369b6ec2105bb75835063c459493f44c754f7,41937,e70a81b7e66ec4d4d360103b46a65a804db59739,19,0.8381956815719604,​come over,Horizon,12AM,I.M (MONSTA X),2020,2019,rb,rap
143167,05c369b6ec2105bb75835063c459493f44c754f7,97270,a3e45baf54d88e2df4cec30037d1fb513db3a50a,20,0.8107016086578369,​come over,Come Over Again,12AM,Crawlers,2020,2021,rb,rock
349222,dbeef1fbf63f4919398ff4c33ac63640bd399e12,472874,4007b5e841b0a8183fcf63ce65f46d98c92a9c2f,1,0.8824547529220581,A Flat,Suicide Notes,Staind,Three AM Fuxk,1999,2021,rock,rap
349222,dbeef1fbf63f4919398ff4c33ac63640bd399e12,277751,810c7f378e57efc01de0f5064984e6e0c9355add,2,0.8750742077827454,A Flat,Twisted,Staind,Johanna Warren,1999,2020,rock,pop
349222,dbeef1fbf63f4919398ff4c33ac63640bd399e12,494937,41c7e387fdcc3d0247b1fb718581c0eb0a6613e1,3,0.8718740344047546,A Flat,Afraid,Staind,Yellowcard,1999,2007,rock,rock
349222,dbeef1fbf63f4919398ff4c33ac63640bd399e12,505183,67cf5178b2b381733cb621b20720f7a5a1ae89c8,4,0.871878981590271,A Flat,Nevermine,Staind,Cultus Black,1999,2022,rock,rock
349222,dbeef1fbf63f4919398ff4c33ac63640bd399e12,405217,2f7c6c52e9e971179a1f77fb32fc8e4ec37a874e,5,0.8607044219970703,A Flat,Anxiety,Staind,Lil Xtra,1999,2020,rock,rap
349222,dbeef1fbf63f4919398ff4c33ac63640bd399e12,395895,c174504486470631e65cf575ab5586d26c9d5f31,6,0.8563206791877747,A Flat,Believe,Staind,Picturesque,1999,2017,rock,rock
349222,dbeef1fbf63f4919398ff4c33ac63640bd399e12,112057,7e02c26e81ea7045e8663b7de4ac9dcb900d664a,7,0.8664757013320923,A Flat,I’m Not Okay,Staind,Citizen Soldier,1999,2020,rock,rock
349222,dbeef1fbf63f4919398ff4c33ac63640bd399e12,243210,42345d2fdbb28ec7e67286e54c5cc472a4fa9b4e,8,0.8671046495437622,A Flat,Forgive Me,Staind,Evanescence,1999,1999,rock,rock
349222,dbeef1fbf63f4919398ff4c33ac63640bd399e12,73478,39dd1a009dc3373a923bea735375e331de290d97,9,0.8722151517868042,A Flat,Let It Sleep,Staind,Asking Alexandria,1999,2016,rock,rock
349222,dbeef1fbf63f4919398ff4c33ac63640bd399e12,337413,8ea2fdde7f690bbc6da01fa6582bd72860a6d7fd,10,0.8656853437423706,A Flat,Damaged,Staind,Plummet,1999,2003,rock,pop
349222,dbeef1fbf63f4919398ff4c33ac63640bd399e12,293611,638a79457542f30c2c5f43e1729fae9b4557eaec,11,0.8550423383712769,A Flat,Flaws,Staind,Lido,1999,2018,rock,pop
349222,dbeef1fbf63f4919398ff4c33ac63640bd399e12,20166,2de30227eeb250c23111956a2a8566bb8d0015b1,12,0.8660119771957397,A Flat,I Exist I Exist I Exist,Staind,Flatsound,1999,2009,rock,pop
349222,dbeef1fbf63f4919398ff4c33ac63640bd399e12,512089,e86e33c141463e6f1ae236022927d4b59ea5b4ac,13,0.8505687713623047,A Flat,THE DEPTHS,Staind,Sinizter,1999,2022,rock,rap
349222,dbeef1fbf63f4919398ff4c33ac63640bd399e12,174776,e2432b60710020bf702aeba0890e4b5e283b3092,14,0.8812767863273621,A Flat,​love is just a lie,Staind,Hamilton,1999,2018,rock,rap
349222,dbeef1fbf63f4919398ff4c33ac63640bd399e12,287820,2346976e9f055b2c81e02e882076a81e37d06459,15,0.8636429309844971,A Flat,​real Emotion,Staind,Sweetbox,1999,2004,rock,pop
349222,dbeef1fbf63f4919398ff4c33ac63640bd399e12,406601,0a71ad95e94c6285488327a4b25de0d34ebc9e10,16,0.8525065779685974,A Flat,Watch Your Words,Staind,Alter Bridge,1999,2004,rock,rock
349222,dbeef1fbf63f4919398ff4c33ac63640bd399e12,405273,96a10f5d4de7e879c8ba8c7adfff3e43ae871f8a,17,0.8662430644035339,A Flat,Truth Or Truth Remix,Staind,JT0,1999,2012,rock,rap
349222,dbeef1fbf63f4919398ff4c33ac63640bd399e12,507054,8f9de9a8b9ae99f36f75d5b0f0c10ccbe23557f8,18,0.86310213804245,A Flat,Death By Admiration,Staind,Seventh Day Slumber,1999,2022,rock,rock
349222,dbeef1fbf63f4919398ff4c33ac63640bd399e12,480712,b41220408bca5b4142b4236a899d8ffcdae814f4,19,0.8690541386604309,A Flat,Dead,Staind,New Haven,1999,2018,rock,rock
349222,dbeef1fbf63f4919398ff4c33ac63640bd399e12,330836,29d9a61363cedab368067780eeccdadd142c3d4c,20,0.8657854199409485,A Flat,Famous Last Words,Staind,Asking Alexandria,1999,2016,rock,rock
159319,cab71e599187b697d97ed4f3ac57767e54a9b921,188395,707d84f19507176b4cd6551310975b4e9da0eac5,1,0.9700461626052856,Dialogue I Want to Be Alone,I Want To Be Alone Dialogue,Jackson C. Frank,Jackson C. Frank,1965,2013,rock,pop
159319,cab71e599187b697d97ed4f3ac57767e54a9b921,364905,a256d9a1276c668e105455f2e1333cf5c9dc49d9,2,0.9700460433959961,Dialogue I Want to Be Alone,I Want To Be Alone,Jackson C. Frank,Chromatics,1965,2019,rock,pop
159319,cab71e599187b697d97ed4f3ac57767e54a9b921,422735,82b3f58f60887b4e02f9b6f40433bf79de791368,3,0.8461098670959473,Dialogue I Want to Be Alone,Goodbye,Jackson C. Frank,Rachel Lorin,1965,2021,rock,pop
159319,cab71e599187b697d97ed4f3ac57767e54a9b921,498116,92153ce80cfd6cd37d3e2caa114f965bb2c20ed7,4,0.8621652722358704,Dialogue I Want to Be Alone,I Just Want To Be Alone,Jackson C. Frank,Zach Diamond,1965,2019,rock,rap
159319,cab71e599187b697d97ed4f3ac57767e54a9b921,249453,102d4ef8f19c7396c8db1db2846394ce94e27cc9,5,0.8557907938957214,Dialogue I Want to Be Alone,Never Alone,Jackson C. Frank,Jesse Bonanno,1965,2015,rock,pop
159319,cab71e599187b697d97ed4f3ac57767e54a9b921,232221,329ab6ebecb3a0bc1378233da1b4fc769ca83585,6,0.8466049432754517,Dialogue I Want to Be Alone,Ultimata,Jackson C. Frank,ERRA,1965,2018,rock,rock
159319,cab71e599187b697d97ed4f3ac57767e54a9b921,431476,717ee1485a1858557be8ca761e38a6a7b966042b,7,0.8564258813858032,Dialogue I Want to Be Alone,Last: The Lonely Shepherd,Jackson C. Frank,James Last,1965,1997,rock,pop
159319,cab71e599187b697d97ed4f3ac57767e54a9b921,55539,7e2936ef4fa9151b249b33dc6c0722210269190d,8,0.8414957523345947,Dialogue I Want to Be Alone,Walk Alone,Jackson C. Frank,The Roots,1965,2010,rock,rap
159319,cab71e599187b697d97ed4f3ac57767e54a9b921,316190,7f1870f0b4bccac57334d60fc5fdec2bf6e242f7,9,0.850799560546875,Dialogue I Want to Be Alone,As If It Never Was,Jackson C. Frank,Invent Animate,1965,2021,rock,rock
159319,cab71e599187b697d97ed4f3ac57767e54a9b921,64104,c0663b96a8d8e37ff31dd6e5b474ba2b9558001c,10,0.8209214806556702,Dialogue I Want to Be Alone,Limestone,Jackson C. Frank,Magic City Hippies,1965,2015,rock,rb
159319,cab71e599187b697d97ed4f3ac57767e54a9b921,184065,d248002babc050a3062075eb58b5e024c077b365,11,0.8270773887634277,Dialogue I Want to Be Alone,Every Beat of My Heart,Jackson C. Frank,Rod Stewart,1965,1986,rock,pop
159319,cab71e599187b697d97ed4f3ac57767e54a9b921,463132,f6224013c5eaf0b8082c19a18da4fe9728edbe48,12,0.8269453048706055,Dialogue I Want to Be Alone,I Live Alone,Jackson C. Frank,Sky Sailing,1965,2010,rock,rock
159319,cab71e599187b697d97ed4f3ac57767e54a9b921,130616,19354821c336f0ea4ca4360b2724b8f96441fe73,13,0.8282485604286194,Dialogue I Want to Be Alone,All Alone,Jackson C. Frank,Saturnus,1965,2006,rock,rock
159319,cab71e599187b697d97ed4f3ac57767e54a9b921,55606,8cfda8f2b9610266dacd2901b9cd0feffc07f1cf,14,0.8300654888153076,Dialogue I Want to Be Alone,Home Alone,Jackson C. Frank,Ansel Elgort,1965,2016,rock,pop
159319,cab71e599187b697d97ed4f3ac57767e54a9b921,445232,a544be014d65f6afb9ccf2529a0cda4d46db886a,15,0.838834285736084,Dialogue I Want to Be Alone,Without You,Jackson C. Frank,Angeline Quinto,1965,2012,rock,pop
159319,cab71e599187b697d97ed4f3ac57767e54a9b921,355999,272de2e8edbd828bf504a00c91a8478dbb21e947,16,0.8312997221946716,Dialogue I Want to Be Alone,All Alone,Jackson C. Frank,Dru Hill,1965,1996,rock,rb
159319,cab71e599187b697d97ed4f3ac57767e54a9b921,252512,410f537af31ad0a8bc771a9b985a67998457bedf,17,0.8292522430419922,Dialogue I Want to Be Alone,My mind,Jackson C. Frank,ssshhhiiittt!,1965,2015,rock,rock
159319,cab71e599187b697d97ed4f3ac57767e54a9b921,395059,3c527d02892e84c8458a60753d2b6211e6c44527,18,0.8463521003723145,Dialogue I Want to Be Alone,Only One Who Waits,Jackson C. Frank,Insomnium,1965,2011,rock,rock
159319,cab71e599187b697d97ed4f3ac57767e54a9b921,156014,68fda6682eaad3766a961e8cb7ab7dd3214a6432,19,0.8289150595664978,Dialogue I Want to Be Alone,Grow Old,Jackson C. Frank,Jesse Stewart,1965,2019,rock,country
159319,cab71e599187b697d97ed4f3ac57767e54a9b921,324501,c677d4da0a4ead0452e2ff0582fb0e1980abb8fc,20,0.8328304290771484,Dialogue I Want to Be Alone,Year of the Horse,Jackson C. Frank,Pacific Purgatory,1965,2020,rock,pop
7904,6c1150be75bb1df12453c1f91aa7a2b9a66d9d82,285298,38ed942dcf558b89aa81e0b0f8c6c7b2fa5a4548,1,0.8702902793884277,Hallelujah,Broken Hallelujah,Panic! at the Disco,The Afters,2015,2013,rock,pop
7904,6c1150be75bb1df12453c1f91aa7a2b9a66d9d82,193596,4a17ef653180c451ac6bfd6da265881d7b0705e0,2,0.8633702993392944,Hallelujah,God Whispered Your Name,Panic! at the Disco,Keith Urban,2015,2020,rock,country
7904,6c1150be75bb1df12453c1f91aa7a2b9a66d9d82,385746,016d93572bea0ab0ee3553657d536959f3473a46,3,0.8389832973480225,Hallelujah,Gunz x Rosez,Panic! at the Disco,Eshon Burgundy,2015,2015,rock,rap
7904,6c1150be75bb1df12453c1f91aa7a2b9a66d9d82,208139,a0d21e2608f822ed1d4fe2c2b29e9a41f97bfa32,4,0.8513320684432983,Hallelujah,I Resign,Panic! at the Disco,Susanne Sundfr,2015,2007,rock,pop
7904,6c1150be75bb1df12453c1f91aa7a2b9a66d9d82,145964,a042a494fe5a28e54111c5e719eacf4114de822a,5,0.8545353412628174,Hallelujah,Jesus,Panic! at the Disco,cupcakKe,2015,2016,rock,rap
7904,6c1150be75bb1df12453c1f91aa7a2b9a66d9d82,398972,7cfe0c095786ba3a77460b0756435343a56e140e,6,0.8474908471107483,Hallelujah,Sanctuary,Panic! at the Disco,Paradise Fears,2015,2010,rock,misc
7904,6c1150be75bb1df12453c1f91aa7a2b9a66d9d82,286208,65a5dac2b6152e2232f21b3379d01c444319627d,7,0.8666877150535583,Hallelujah,Phone Call to God,Panic! at the Disco,Brett Eldredge,2015,2017,rock,pop
7904,6c1150be75bb1df12453c1f91aa7a2b9a66d9d82,484037,c7a5491cc9c26527b7dd13bec5387f4db43658f9,8,0.8581520318984985,Hallelujah,Live Again,Panic! at the Disco,Sean Curran,2015,2019,rock,pop
7904,6c1150be75bb1df12453c1f91aa7a2b9a66d9d82,396087,0bc15cfaefad9efe2e40584736f72c8705b96621,9,0.8651752471923828,Hallelujah,Aleluya,Panic! at the Disco,Maverick City Musica,2015,2021,rock,pop
7904,6c1150be75bb1df12453c1f91aa7a2b9a66d9d82,38829,37c96fc2a0f3a1cad3a32cc8f803fcf678e9f711,10,0.8528916835784912,Hallelujah,Hallelujah,Panic! at the Disco,HAIM,2015,2019,rock,pop
7904,6c1150be75bb1df12453c1f91aa7a2b9a66d9d82,173666,86f0f0fc96509c90d8a9e7d3482a03e977717aa0,11,0.8442670702934265,Hallelujah,Amen,Panic! at the Disco,Rowlene,2015,2017,rock,rb
7904,6c1150be75bb1df12453c1f91aa7a2b9a66d9d82,18932,6884f22446028aaa8f0295522c2f59218955459f,12,0.8311933279037476,Hallelujah,Hum Hallelujah,Panic! at the Disco,Fall Out Boy,2015,2007,rock,rock
7904,6c1150be75bb1df12453c1f91aa7a2b9a66d9d82,93823,7c896c72d2091d733a8b2f68c0d2e711f82919e1,13,0.8477723002433777,Hallelujah,Gratitude,Panic! at the Disco,Brandon Lake,2015,2020,rock,pop
7904,6c1150be75bb1df12453c1f91aa7a2b9a66d9d82,375586,6f5166f3af2597dc096b24af427b261436916bb9,14,0.854738175868988,Hallelujah,Hallelujah,Panic! at the Disco,Joshua Hyslop,2015,2012,rock,pop
7904,6c1150be75bb1df12453c1f91aa7a2b9a66d9d82,265807,9e41e4f180e616448672739041f5b35a9e91c60a,15,0.8365058898925781,Hallelujah,Suckerfish,Panic! at the Disco,Touch Amor,2015,2009,rock,rock
7904,6c1150be75bb1df12453c1f91aa7a2b9a66d9d82,202991,f0fc97ee4e02571a23b7f8cc41dba96877e9fbce,16,0.8241928815841675,Hallelujah,Hallelujah,Panic! at the Disco,FVR DRMS,2015,2019,rock,pop
7904,6c1150be75bb1df12453c1f91aa7a2b9a66d9d82,298082,9b3b64393d87808c5efb664daf9655c88b0d291c,17,0.8528435826301575,Hallelujah,Anyhow,Panic! at the Disco,Tye Tribbett,2015,2020,rock,pop
7904,6c1150be75bb1df12453c1f91aa7a2b9a66d9d82,293972,e2adb30b14e4a14907d6b06986d477a8f1c28d38,18,0.8600460290908813,Hallelujah,Hallejulah,Panic! at the Disco,Ben Kingstone,2015,2015,rock,pop
7904,6c1150be75bb1df12453c1f91aa7a2b9a66d9d82,498658,96f73bdeb74ebfdeda914a3321f6c392aaa67f2a,19,0.8549193739891052,Hallelujah,Hallelujah,Panic! at the Disco,CONF3SSIONS,2015,2022,rock,pop
7904,6c1150be75bb1df12453c1f91aa7a2b9a66d9d82,7774,a2de6601547093dbe9bb35a34f82ae3d54b92813,20,0.8183420896530151,Hallelujah,Afire Love,Panic! at the Disco,Ed Sheeran,2015,2014,rock,pop
115668,c8119e4573230d40d040800b925161373842e714,245760,850bbb9e8668cdf4a9b4fd7cead16a6b899922ca,1,0.9981308579444885,Death Is Not the End,Death Is Not the End,Nick Cave & The Bad Seeds,Bob Dylan,1996,1988,rock,rock
115668,c8119e4573230d40d040800b925161373842e714,386497,1a998d0b3bd1739c03e1d421d9b1d80e0e188463,2,0.819719672203064,Death Is Not the End,Death Is Certain Life Is Not,Nick Cave & The Bad Seeds,Dark Angel,1996,1986,rock,rock
115668,c8119e4573230d40d040800b925161373842e714,481030,26e098beea8960aadad279155515a6b715824e77,3,0.8123365640640259,Death Is Not the End,The End Complete,Nick Cave & The Bad Seeds,Obituary,1996,1992,rock,rock
115668,c8119e4573230d40d040800b925161373842e714,258762,3b12ec19c1aa285256083699edf40960c88586c7,4,0.7727757692337036,Death Is Not the End,Dead End,Nick Cave & The Bad Seeds,Dead Kennedys,1996,1982,rock,rock
115668,c8119e4573230d40d040800b925161373842e714,253465,f3bd506df954d7cb317b8ef13170de55b6d8e09c,5,0.7712998986244202,Death Is Not the End,Cease All Your Fire,Nick Cave & The Bad Seeds,Trivium,1996,2015,rock,rock
115668,c8119e4573230d40d040800b925161373842e714,54334,5d08412dd3acec40738d70029dffca5dd372dd3e,6,0.7697640657424927,Death Is Not the End,The End of Everything,Nick Cave & The Bad Seeds,Noah Cyrus,1996,2020,rock,pop
115668,c8119e4573230d40d040800b925161373842e714,191093,cd078a39ecba732390a19febe2650d28503343af,7,0.7684779167175293,Death Is Not the End,I Heart H.C.,Nick Cave & The Bad Seeds,The Amity Affliction,1996,2012,rock,rock
115668,c8119e4573230d40d040800b925161373842e714,175707,3b2c22d5e33a751ec3d18f32bc54b9c3543d1607,8,0.768898606300354,Death Is Not the End,Doomsday Piano Reprise,Nick Cave & The Bad Seeds,Architects,1996,2018,rock,rock
115668,c8119e4573230d40d040800b925161373842e714,423150,cb79bd83d6004652e13800ac0ac16332f6550fdb,9,0.763327956199646,Death Is Not the End,The End.,Nick Cave & The Bad Seeds,Cane Hill,1996,2018,rock,rock
115668,c8119e4573230d40d040800b925161373842e714,83904,412b917e5d6889db57799927d46e8f02f91f32a1,10,0.7964114546775818,Death Is Not the End,All Things Must Die,Nick Cave & The Bad Seeds,Jeff Williams,1996,2018,rock,rock
115668,c8119e4573230d40d040800b925161373842e714,427986,a8ec65f6e3467dcc3b0ce72f9f60a159f1382a42,11,0.7885310649871826,Death Is Not the End,The Ghost,Nick Cave & The Bad Seeds,Mors Principium Est,1996,2017,rock,rock
115668,c8119e4573230d40d040800b925161373842e714,335102,fcea24a3276cfbf101329161e5db130ca3b01722,12,0.7676641345024109,Death Is Not the End,The Dark Age of Love,Nick Cave & The Bad Seeds,Coil,1996,2015,rock,pop
115668,c8119e4573230d40d040800b925161373842e714,474263,6b5fdbe174a54f5f423297f92525398cf322246d,13,0.7609921097755432,Death Is Not the End,Dying World,Nick Cave & The Bad Seeds,Subhumans (UK),1996,1983,rock,rock
115668,c8119e4573230d40d040800b925161373842e714,356129,387bfccc80762ab892ad7b3115c6b237ec4d9bda,14,0.761410117149353,Death Is Not the End,Salvation Is Dead,Nick Cave & The Bad Seeds,Carnifex,1996,2014,rock,rock
115668,c8119e4573230d40d040800b925161373842e714,416688,31d1b798156deec282ab8c9ca63f8727b7c095d2,15,0.7729689478874207,Death Is Not the End,Overpass,Nick Cave & The Bad Seeds,Enterprise Earth,1996,2022,rock,rock
115668,c8119e4573230d40d040800b925161373842e714,211290,86189f85ad90720aad073587a45df6d6a6f1b2c6,16,0.7744815349578857,Death Is Not the End,Every Day The Same,Nick Cave & The Bad Seeds,Hotel Books,1996,2016,rock,rock
115668,c8119e4573230d40d040800b925161373842e714,137528,c291c00929d8b1b407e264c68f66e4f26c0d1f63,17,0.7386528253555298,Death Is Not the End,Television,Nick Cave & The Bad Seeds,You Won't,1996,2012,rock,rock
115668,c8119e4573230d40d040800b925161373842e714,232373,0bcbb5e70bd2b345675235a6a47516365c677434,18,0.7331385016441345,Death Is Not the End,Pets,Nick Cave & The Bad Seeds,John Maus,1996,2017,rock,misc
115668,c8119e4573230d40d040800b925161373842e714,410480,dd4dd0cb8518447449d1fc9b7a6156c4ac08afdb,19,0.7574619054794312,Death Is Not the End,God Rest My Soul,Nick Cave & The Bad Seeds,Dawes,1996,2009,rock,pop
115668,c8119e4573230d40d040800b925161373842e714,266197,5de00d4ee1dbc9b5aa21c7433d76aab49ae3b842,20,0.765953779220581,Death Is Not the End,Skies Were Filled With Fire,Nick Cave & The Bad Seeds,Suffokate,1996,2004,rock,rock
135316,a71760debb40daa8b9c86fe1ab9aee1087bdb59c,463304,66cb11aefcc9d487bccb7bb8574b48433bf2e758,1,0.7552400231361389,Pilgrimage,Rise,R.E.M.,SaulPaul,1983,2013,rock,rap
135316,a71760debb40daa8b9c86fe1ab9aee1087bdb59c,407558,f020584f889550eb8773b9ffad23002301ae9d98,2,0.7497204542160034,Pilgrimage,Mirou,R.E.M.,Sumie,1983,2019,rock,pop
135316,a71760debb40daa8b9c86fe1ab9aee1087bdb59c,303458,1548cc446e40d3b517018a8ad3caa9390a7634fc,3,0.717410147190094,Pilgrimage,Wheel of Fortune,R.E.M.,Kay Starr,1983,1952,rock,pop
135316,a71760debb40daa8b9c86fe1ab9aee1087bdb59c,113225,b9bbd1345626fd76e8cb703ebddb683eb229e3b0,4,0.7334628701210022,Pilgrimage,Turn Away,R.E.M.,Beck,1983,2014,rock,rock
135316,a71760debb40daa8b9c86fe1ab9aee1087bdb59c,466656,e07b40c8f6e7dbafc41d2291042e7b6105eee086,5,0.6973379254341125,Pilgrimage,Destination,R.E.M.,TWRP,1983,2020,rock,pop
135316,a71760debb40daa8b9c86fe1ab9aee1087bdb59c,330394,6054c4e40ea991fe20b1898b8717afae79788872,6,0.7273567914962769,Pilgrimage,Owen Meaney,R.E.M.,Lagwagon,1983,1998,rock,rock
135316,a71760debb40daa8b9c86fe1ab9aee1087bdb59c,313115,47259b024423a3543eacc6b4c70a794616188698,7,0.7298685312271118,Pilgrimage,Rubicon,R.E.M.,Journey,1983,1983,rock,rock
135316,a71760debb40daa8b9c86fe1ab9aee1087bdb59c,170661,1dd4fda09d5d4e34e56fd662c33a0261d47170c6,8,0.717371940612793,Pilgrimage,No Turning Back,R.E.M.,Israel & New Breed,1983,2012,rock,pop
135316,a71760debb40daa8b9c86fe1ab9aee1087bdb59c,240543,d7b5b94a8411c613554095544c740a92cd40edef,9,0.7163083553314209,Pilgrimage,Trip at the Brain,R.E.M.,Suicidal Tendencies,1983,1988,rock,rock
135316,a71760debb40daa8b9c86fe1ab9aee1087bdb59c,391361,fa1451b0891d2ef1d7e3223be98f53f49af206f2,10,0.7245756983757019,Pilgrimage,Trip To Jerusalem,R.E.M.,Eraserheads,1983,1996,rock,pop
135316,a71760debb40daa8b9c86fe1ab9aee1087bdb59c,371383,cb69f25a6d041b8b531d15b2ae5a8a034c483f1d,11,0.7236107587814331,Pilgrimage,The Dark Ride,R.E.M.,Helloween,1983,2000,rock,rock
135316,a71760debb40daa8b9c86fe1ab9aee1087bdb59c,71999,e1fd9d5f1394daddc87e1640c65443b8c8f9352b,12,0.6985622048377991,Pilgrimage,Drawn,R.E.M.,De La Soul,1983,2016,rock,rap
135316,a71760debb40daa8b9c86fe1ab9aee1087bdb59c,355017,11f411f0bc063011c207709841b3afdbc9b55901,13,0.7088226079940796,Pilgrimage,Avatar,R.E.M.,Polka Wars,1983,2019,rock,rock
135316,a71760debb40daa8b9c86fe1ab9aee1087bdb59c,231152,553fb34bde692d1b6757e587e4ed618e923ac956,14,0.7268873453140259,Pilgrimage,Hunter,R.E.M.,Armand Hammer,1983,2018,rock,rap
135316,a71760debb40daa8b9c86fe1ab9aee1087bdb59c,77678,76c9783b0d9123275937da4b5e3a0482aa46c623,15,0.7172086238861084,Pilgrimage,The Point of No Return / Chandelier Crash,R.E.M.,Andrew Lloyd Webber,1983,2004,rock,pop
135316,a71760debb40daa8b9c86fe1ab9aee1087bdb59c,329349,f760fc77f590712440b3967484b24311f4a99bbc,16,0.7171016335487366,Pilgrimage,Magical Mystery Tour - Film Script,R.E.M.,The Beatles,1983,2015,rock,misc
135316,a71760debb40daa8b9c86fe1ab9aee1087bdb59c,455694,4c48ef4815006e9f3c18f7f3599ef6b51be90de6,17,0.7042495012283325,Pilgrimage,Champagne,R.E.M.,Django Django,1983,2018,rock,rock
135316,a71760debb40daa8b9c86fe1ab9aee1087bdb59c,507474,9638ab5ba47d207a06e9cad35b028bba1926c619,18,0.7022114396095276,Pilgrimage,Too Old to Die Young,R.E.M.,HammerFall,1983,2022,rock,rock
135316,a71760debb40daa8b9c86fe1ab9aee1087bdb59c,469020,9ab791dad0ae0d4ff4a4db9582fc78848ecfd73f,19,0.704903244972229,Pilgrimage,Seize The Day,R.E.M.,Demons & Wizards,1983,2005,rock,rock
135316,a71760debb40daa8b9c86fe1ab9aee1087bdb59c,176587,9e9c0aff69430a6400ddeb2249a248cd48733d3c,20,0.7043486833572388,Pilgrimage,Trust Fall,R.E.M.,Incubus,1983,2015,rock,rock
85325,50d1efae9bbd8d5b269f395433b7590ef650c8ff,16491,5a56688d2c5e1a22579c630be78843bd6bdc9f57,1,0.8000747561454773,Slipknot,Uglier,Slipknot,$UICIDEBOY$,1996,2016,rock,rap
85325,50d1efae9bbd8d5b269f395433b7590ef650c8ff,71275,249a98d4f880e0e164b665e78bf93bfa70866671,2,0.7920907139778137,Slipknot,Emeralds,Slipknot,Roc Marciano,1996,2012,rock,rap
85325,50d1efae9bbd8d5b269f395433b7590ef650c8ff,61610,29f6b6ad7a1842a54645a445a7334d092374332d,3,0.7857667803764343,Slipknot,Vlad the Impaler vs. Count Dracula,Slipknot,Epic Rap Battles of History,1996,2019,rock,rap
85325,50d1efae9bbd8d5b269f395433b7590ef650c8ff,194705,7b0b65b19234c693b915da298ed170b975e58908,4,0.7825287580490112,Slipknot,Wolf Piss,Slipknot,Aesop Rock x Blockhead,1996,2021,rock,rap
85325,50d1efae9bbd8d5b269f395433b7590ef650c8ff,130139,1d2d941f1ca1f711624857b4570fa70a0a1f5d14,5,0.788658082485199,Slipknot,Pokemon Rap - Elite 6,Slipknot,Shofu,1996,2015,rock,rap
85325,50d1efae9bbd8d5b269f395433b7590ef650c8ff,101264,1e605e803781267df6a52fa35e6d0f0f38eb1ee9,6,0.7825069427490234,Slipknot,Darkness Falling,Slipknot,JT Music,1996,2016,rock,rap
85325,50d1efae9bbd8d5b269f395433b7590ef650c8ff,258805,374c0730bd385d68743bdb3f0bb9952040c5a9c9,7,0.7917832732200623,Slipknot,Welcome to the World of Warcraft,Slipknot,Dan Bull,1996,2014,rock,rap
85325,50d1efae9bbd8d5b269f395433b7590ef650c8ff,227079,d04f3769f66e5fbbd222755cb631378fce0ca5cf,8,0.7784366607666016,Slipknot,Chains,Slipknot,Ch-Fu,1996,1998,rock,pop
85325,50d1efae9bbd8d5b269f395433b7590ef650c8ff,423593,f266f3dac2c541ec78659a7bc75c8fda37f66842,9,0.7892274856567383,Slipknot,Supa Jazzy,Slipknot,Neighbors Ate My Zombies,1996,2012,rock,rap
85325,50d1efae9bbd8d5b269f395433b7590ef650c8ff,512577,4a52cba5a739022e986c209c6423e41047c33586,10,0.7901432514190674,Slipknot,Devils  Demons,Slipknot,Mr Traumatik,1996,2022,rock,rap
85325,50d1efae9bbd8d5b269f395433b7590ef650c8ff,301884,dc553034b4120b96c3597e367bc496c34796c14b,11,0.773085355758667,Slipknot,MOth,Slipknot,Dua Saleh,1996,2020,rock,rap
85325,50d1efae9bbd8d5b269f395433b7590ef650c8ff,506939,b6c0439f2f5ae3248d03e1b9f5a59ac888318c51,12,0.7799169421195984,Slipknot,Mothlight,Slipknot,Sadistik & Kno,1996,2022,rock,rap
85325,50d1efae9bbd8d5b269f395433b7590ef650c8ff,159625,9aae7bed30deb6effaeabe600d325f6973d3bd89,13,0.7804335355758667,Slipknot,Wearing a Bear,Slipknot,P.O.S.,1996,2016,rock,rap
85325,50d1efae9bbd8d5b269f395433b7590ef650c8ff,95971,f8e7d27069b309d37f8250a09a1e47ab500206d1,14,0.7836252450942993,Slipknot,SDSS1413B Zercon A Flagpole Sitter,Slipknot,Scott Walker,1996,2012,rock,rock
85325,50d1efae9bbd8d5b269f395433b7590ef650c8ff,157194,33dc10f4fc4143ca59bd71ffe922f4862f85b381,15,0.7871295213699341,Slipknot,The Clock is Tickin,Slipknot,Woodie,1996,1998,rock,rap
85325,50d1efae9bbd8d5b269f395433b7590ef650c8ff,510961,090aa9419a9ccb57d8d701ef172a377e289d7df8,16,0.7801351547241211,Slipknot,BURN IT,Slipknot,SHUSH,1996,2022,rock,rap
85325,50d1efae9bbd8d5b269f395433b7590ef650c8ff,271069,705cd59689d4843962ed9c8cd46f778490e1f400,17,0.7816365957260132,Slipknot,Swann Gangg,Slipknot,Lakutis,1996,2011,rock,rap
85325,50d1efae9bbd8d5b269f395433b7590ef650c8ff,416679,dda0989d2d00a2806e49a268916da06efe42d2dc,18,0.7922340631484985,Slipknot,Lord of the Rings,Slipknot,GAWNE,1996,2020,rock,rap
85325,50d1efae9bbd8d5b269f395433b7590ef650c8ff,22956,b489014a993d6417228344ae70c8367dab3ed7eb,19,0.7774051427841187,Slipknot,This is War 3: Shadow Isles vs The Void,Slipknot,Falconshield,1996,2014,rock,rap
85325,50d1efae9bbd8d5b269f395433b7590ef650c8ff,4460,deddf29a87311ba2d4ad33bb09adeeaa4d72792b,20,0.770703136920929,Slipknot,4th Chamber,Slipknot,GZA,1996,1995,rock,rap
326964,7037ad3f149c521bc77d0138b01315f31b612e1a,145762,676920355a80ce4906861d114e5dfd951ab11d89,1,0.9778301119804382,Girls Just Want To Have Fun,Girls Just Wanna Have Fun,STRFKR,Miley Cyrus,2009,2008,rock,pop
326964,7037ad3f149c521bc77d0138b01315f31b612e1a,209772,a261de19890c35df3b5b6a49af370c7480b3c9b9,2,0.9627814888954163,Girls Just Want To Have Fun,Girls Just Wanna Have Fun,STRFKR,Chromatics,2009,2015,rock,pop
326964,7037ad3f149c521bc77d0138b01315f31b612e1a,8402,c5d001ae9f18635811d6b2ad593020774b2038d0,3,0.953313946723938,Girls Just Want To Have Fun,Girls Just Want to Have Fun,STRFKR,Cyndi Lauper,2009,1983,rock,pop
326964,7037ad3f149c521bc77d0138b01315f31b612e1a,297008,98a7953f2f44c60304a8e3f99cefdbae6680af42,4,0.9627814888954163,Girls Just Want To Have Fun,Girls Just Wanna Have Some,STRFKR,Chromatics,2009,2015,rock,pop
326964,7037ad3f149c521bc77d0138b01315f31b612e1a,66922,61c420a2617cd01a05f75f3d6c8754d574224071,5,0.9296829700469971,Girls Just Want To Have Fun,Girls Just Want to Have Fun,STRFKR,Robert Hazard,2009,2016,rock,rock
326964,7037ad3f149c521bc77d0138b01315f31b612e1a,117637,d9b46eb02a304ffb9f10294df795118598c0c159,6,0.9507869482040405,Girls Just Want To Have Fun,Girls Just Wanna Have Fun,STRFKR,"Charlotte Lawrence, Nina Nesbitt & Sasha Alex Sloan",2009,2018,rock,pop
326964,7037ad3f149c521bc77d0138b01315f31b612e1a,456942,d383c9dc6258762454821b6ffa4c63122567ec56,7,0.9169847369194031,Girls Just Want To Have Fun,Girls Just Want To Have Fun,STRFKR,The Maine,2009,2012,rock,rock
326964,7037ad3f149c521bc77d0138b01315f31b612e1a,238993,17658e0730de933d3dca111ada24cc041090e3af,8,0.9082319736480713,Girls Just Want To Have Fun,Girls Just Want to Have Fun,STRFKR,Glee Cast,2009,2011,rock,pop
326964,7037ad3f149c521bc77d0138b01315f31b612e1a,421118,6c425709f41383fec1a92cf71a7171c7798e6493,9,0.9146074056625366,Girls Just Want To Have Fun,Girls Just Wanna Have Fun,STRFKR,Big Daddy,2009,1985,rock,pop
326964,7037ad3f149c521bc77d0138b01315f31b612e1a,477043,2a8f88c5a68871a07c8e92e2a40db50b09f26773,10,0.8628398180007935,Girls Just Want To Have Fun,Hey Now Girls Just Want to Have Fun,STRFKR,Cyndi Lauper,2009,1994,rock,pop
326964,7037ad3f149c521bc77d0138b01315f31b612e1a,114127,bd758d3739113f3637b28a3dfe78be5acfa7bfa8,11,0.8496918082237244,Girls Just Want To Have Fun,Girls,STRFKR,Cam'ron,2009,2004,rock,rap
326964,7037ad3f149c521bc77d0138b01315f31b612e1a,224626,4cf876309f7fc31edcc670d6acdfcdbd2c03bd55,12,0.8361301422119141,Girls Just Want To Have Fun,Young  Wild,STRFKR,DJ Tight,2009,2018,rock,rap
326964,7037ad3f149c521bc77d0138b01315f31b612e1a,297304,0f53b554624a21e574d6ac14ceb03cdf18eeceb9,13,0.8200992345809937,Girls Just Want To Have Fun,Girls Just Want To Have Lunch,STRFKR,"""Weird Al"" Yankovic",2009,1985,rock,pop
326964,7037ad3f149c521bc77d0138b01315f31b612e1a,127788,67700b140961b79ae99fe5a53689a4968017af3f,14,0.8113704919815063,Girls Just Want To Have Fun,The Girls Want to Be with the Girls,STRFKR,Talking Heads,2009,1978,rock,rock
326964,7037ad3f149c521bc77d0138b01315f31b612e1a,329040,b2d32d0f3fde32deffe9208b470254d5d969b75b,15,0.8242064714431763,Girls Just Want To Have Fun,Girls Just Wanna Have Fun,STRFKR,Caspr,2009,2019,rock,rap
326964,7037ad3f149c521bc77d0138b01315f31b612e1a,310924,76827085b8b57e6dc70d5b56772985d1106172d8,16,0.8132628202438354,Girls Just Want To Have Fun,Girls,STRFKR,Zella Day,2009,2021,rock,pop
326964,7037ad3f149c521bc77d0138b01315f31b612e1a,494310,94d363dad55f2cdf5cde801ec34caeaa5bea50b2,17,0.7823542356491089,Girls Just Want To Have Fun,Girl Power,STRFKR,Shampoo,2009,1995,rock,pop
326964,7037ad3f149c521bc77d0138b01315f31b612e1a,35947,dc9d76d32193161beba9d8448e6dc539b8deaf7c,18,0.7884869575500488,Girls Just Want To Have Fun,Boys  Girls,STRFKR,will.i.am,2009,2015,rock,pop
326964,7037ad3f149c521bc77d0138b01315f31b612e1a,327557,2cfca253c6a41484adc8840a3a833599c72e5465,19,0.7927617430686951,Girls Just Want To Have Fun,Good Girls,STRFKR,Verse Simmonds,2009,2016,rock,rb
326964,7037ad3f149c521bc77d0138b01315f31b612e1a,137037,6312816cd1a59949215c6e3c81c75d30ec37f25f,20,0.7387771010398865,Girls Just Want To Have Fun,Fun,STRFKR,"Kaskade, Brohug, & Mr. Tape",2009,2018,rock,pop
424936,adade2da1d9fcf383d010d65c527e3359f0b06b6,503146,999b0417aa4faaf890e71540ce103b59eb884328,1,0.8304023742675781,Castaway,Castaway,Blues Traveler,Kroh,2015,2022,rock,pop
424936,adade2da1d9fcf383d010d65c527e3359f0b06b6,223960,0a947bf8ef4f5598b6a47510c36f8f78194bf97e,2,0.8181122541427612,Castaway,When I Look To The Sky,Blues Traveler,Train,2015,2003,rock,rock
424936,adade2da1d9fcf383d010d65c527e3359f0b06b6,77826,854ec2ed11a946391544bc09c4d61b4cd3bf0afc,3,0.7961006164550781,Castaway,Lighthouse,Blues Traveler,G.R.L.,2015,2015,rock,pop
424936,adade2da1d9fcf383d010d65c527e3359f0b06b6,113283,9792e1afda30498e358273e2f49e184afa147625,4,0.8176248669624329,Castaway,Lighthouse,Blues Traveler,Bars and Melody,2015,2019,rock,pop
424936,adade2da1d9fcf383d010d65c527e3359f0b06b6,255128,7c0859adf062002cff3de5d821cbedd41f744378,5,0.8216211199760437,Castaway,In The Corner Dunce,Blues Traveler,Aleka's Attic,2015,2019,rock,rock
424936,adade2da1d9fcf383d010d65c527e3359f0b06b6,169526,0ff6169437c3bd85d93a5fa51bc50fca30ee03b7,6,0.8164494633674622,Castaway,Tidal,Blues Traveler,Noah Kahan,2015,2019,rock,pop
424936,adade2da1d9fcf383d010d65c527e3359f0b06b6,272646,b2381af0299989cb9d552ba3d5c587fa6f0d0b13,7,0.8121042251586914,Castaway,Feels Like Home,Blues Traveler,JT Music,2015,2017,rock,rap
424936,adade2da1d9fcf383d010d65c527e3359f0b06b6,375856,f017a441d75409fedcb8d4a8bd4a62b134b90f04,8,0.8191649317741394,Castaway,I Am Easy To Find Original Film Score,Blues Traveler,The National,2015,2019,rock,rock
424936,adade2da1d9fcf383d010d65c527e3359f0b06b6,439598,c68a3df5f83a629f68fa8cdf6d750cc2073f39b0,9,0.8049118518829346,Castaway,ITS BEEN FUN.,Blues Traveler,TITUS,2015,2021,rock,rock
424936,adade2da1d9fcf383d010d65c527e3359f0b06b6,99228,3e754d2ec251ee1ffb3cbc6f0739f80d056214bf,10,0.796432614326477,Castaway,Ocean,Blues Traveler,Jon Kuwada,2015,2017,rock,rap
424936,adade2da1d9fcf383d010d65c527e3359f0b06b6,183269,ea4669037a03da4ad88334d0f6f7bbbdea5ce6b8,11,0.8123410940170288,Castaway,Slow Dance,Blues Traveler,The Tallest Man On Earth,2015,2015,rock,rock
424936,adade2da1d9fcf383d010d65c527e3359f0b06b6,249906,c9a2ab6f7829cb15c99fc0f45f893d65a39a627d,12,0.796313464641571,Castaway,Sailboat,Blues Traveler,Ben Rector,2015,2013,rock,pop
424936,adade2da1d9fcf383d010d65c527e3359f0b06b6,244919,795bb7b3ee49314f378a0713d9c32ae55f9f6513,13,0.7959928512573242,Castaway,Bridge Of Bones,Blues Traveler,Crystal Fighters,2015,2013,rock,pop
424936,adade2da1d9fcf383d010d65c527e3359f0b06b6,116222,41f6a7acf7ed6d4d8c1e0c15ac6318edef83dfc5,14,0.790030300617218,Castaway,Shark Attack,Blues Traveler,Grouplove,2015,2013,rock,rock
424936,adade2da1d9fcf383d010d65c527e3359f0b06b6,27459,60aed6e31847e12d87d3f1131464dada0632760e,15,0.8001124858856201,Castaway,Hey Baby,Blues Traveler,Stephen Marley,2015,2007,rock,rap
424936,adade2da1d9fcf383d010d65c527e3359f0b06b6,294298,fdb321077e41b4c4a9e4102385365e8bad820efc,16,0.8156726360321045,Castaway,Fly Away,Blues Traveler,Looptroop Rockers,2015,2002,rock,rap
424936,adade2da1d9fcf383d010d65c527e3359f0b06b6,28373,d04fc899adac9fa45317e6f3b1c5cff0af1412e4,17,0.8025365471839905,Castaway,You Be The Anchor That Keeps My Feet On The Ground Ill Be The Wings That Keep Your Heart In The Clouds,Blues Traveler,Mayday Parade,2015,2007,rock,rock
424936,adade2da1d9fcf383d010d65c527e3359f0b06b6,25254,eb377b090608b11e66a8515a87f314697a3b2efd,18,0.7848246097564697,Castaway,LOST,Blues Traveler,Quavo,2015,2018,rock,rap
424936,adade2da1d9fcf383d010d65c527e3359f0b06b6,364883,1bd7d7ec2f15397346668bd491d2eb0a33950927,19,0.7902367115020752,Castaway,Jesus Christ,Blues Traveler,Dustin Kensrue,2015,2016,rock,rock
424936,adade2da1d9fcf383d010d65c527e3359f0b06b6,277323,395daba63e94375e7857dc3e98eaa83313b3e8ed,20,0.8041718006134033,Castaway,Lighthouse,Blues Traveler,Bliss n Eso,2015,2020,rock,rap
406368,057e88896b725ba424228be9207a1ebf6f92e545,123019,e90e9b2216fbf710ef22bc90f4a2038e97fa2b34,1,0.8920187950134277,Wrath of the Norsemen,Prada Coffin,Amon Amarth,iamjakehill,2011,2017,rock,rap
406368,057e88896b725ba424228be9207a1ebf6f92e545,450639,20781dee2eb9b95b8aa60d4444d3e93c2f40d17c,2,0.8798161745071411,Wrath of the Norsemen,Sasong,Amon Amarth,Avey Tare & Kra Brekkan,2011,2007,rock,pop
406368,057e88896b725ba424228be9207a1ebf6f92e545,158438,07bdbf9f1f76996f6a7f9a9dcea746b7e978ea7a,3,0.8745185136795044,Wrath of the Norsemen,The Balcony,Amon Amarth,The Rumour Said Fire,2011,2009,rock,rock
406368,057e88896b725ba424228be9207a1ebf6f92e545,29329,0ed9cfbb62e60800ce65f470dc9c7219252c8650,4,0.8862447738647461,Wrath of the Norsemen,Dust and Ashes,Amon Amarth,Josh Groban,2011,2016,rock,pop
406368,057e88896b725ba424228be9207a1ebf6f92e545,460361,bfcfb952c136460d7d04506db9ee3cd7ba7c47d0,5,0.8899502158164978,Wrath of the Norsemen,Manateen,Amon Amarth,Horse the Band,2011,2005,rock,pop
406368,057e88896b725ba424228be9207a1ebf6f92e545,360755,d93e22af646fed1cb303ddaf172d8a2249499754,6,0.8717658519744873,Wrath of the Norsemen,Gaslight,Amon Amarth,Emilie Autumn,2011,2012,rock,pop
406368,057e88896b725ba424228be9207a1ebf6f92e545,513158,a17683a51a5b359d99fb3172ecb17ae3bc0f488b,7,0.8600914478302002,Wrath of the Norsemen,Breathe,Amon Amarth,"Creative Culture Co., Tedashii & Liz Vice",2011,2022,rock,rap
406368,057e88896b725ba424228be9207a1ebf6f92e545,82118,7530220b081cfa0ab38cc349ee3148abf735a776,8,0.8786215782165527,Wrath of the Norsemen,Papi Hears the Ocean,Amon Amarth,Original Broadway Cast of The Band's Visit,2011,2017,rock,pop
406368,057e88896b725ba424228be9207a1ebf6f92e545,144854,087cdeb45bfca67078f869d214bf62f030f085d7,9,0.8779945373535156,Wrath of the Norsemen,Mayakovsky,Amon Amarth,Frank O'Hara,2011,2013,rock,misc
406368,057e88896b725ba424228be9207a1ebf6f92e545,144371,e5bd0e4d31b07fcc9eff67c467f442f405461df7,10,0.8804651498794556,Wrath of the Norsemen,Peace Sign,Amon Amarth,NateWantsToBattle,2011,2017,rock,rock
406368,057e88896b725ba424228be9207a1ebf6f92e545,378255,ddeb9c6f815454f92c917c5fde525ee185cf0269,11,0.8858691453933716,Wrath of the Norsemen,Sleeping In Traffic,Amon Amarth,Beardfish,2011,2008,rock,rock
406368,057e88896b725ba424228be9207a1ebf6f92e545,251801,768863bc39200e2deb2c115424074b8488d729a6,12,0.8753629922866821,Wrath of the Norsemen,Saints and Shadows,Amon Amarth,Godfather of Harlem,2011,2019,rock,pop
406368,057e88896b725ba424228be9207a1ebf6f92e545,478375,8ded89bfed5ec193467cf2439d79584962e1e9b6,13,0.8827482461929321,Wrath of the Norsemen,Lazarus,Amon Amarth,B. Dolan,2011,2015,rock,rap
406368,057e88896b725ba424228be9207a1ebf6f92e545,261413,1a603c4d05772f973194f7b116c092b8c3b0fc2b,14,0.8820340037345886,Wrath of the Norsemen,Wishing Well,Amon Amarth,The Airborne Toxic Event,2011,2008,rock,rock
406368,057e88896b725ba424228be9207a1ebf6f92e545,91687,2a06d05c70e1ced05a5ea80d2a837d735ff5dd5d,15,0.8768921494483948,Wrath of the Norsemen,Open,Amon Amarth,The Cure,2011,1992,rock,rock
406368,057e88896b725ba424228be9207a1ebf6f92e545,242342,04130b96830a56545fbd5384f89e51d5c7b7b180,16,0.8682730197906494,Wrath of the Norsemen,Underwater Blues,Amon Amarth,Jeremy Loops,2011,2018,rock,pop
406368,057e88896b725ba424228be9207a1ebf6f92e545,437922,3103d1931712760e0fd81d69838e5010deaa37e6,17,0.86784428358078,Wrath of the Norsemen,Innocence Live from Walt Disney Concert Hall,Amon Amarth,The Airborne Toxic Event,2011,2010,rock,rock
406368,057e88896b725ba424228be9207a1ebf6f92e545,508141,9e11bc421e58397078c66d80586f3f4381d68159,18,0.8816261887550354,Wrath of the Norsemen,Bloody White,Amon Amarth,GhostBxy,2011,2022,rock,rap
406368,057e88896b725ba424228be9207a1ebf6f92e545,420797,b8dbd8695aa73babb28f94d92349f8c5fc43ca37,19,0.876610279083252,Wrath of the Norsemen,The Plague,Amon Amarth,Scott Walker,2011,1967,rock,pop
406368,057e88896b725ba424228be9207a1ebf6f92e545,73853,e89d28af8958f354e38f939044a6431c01c56886,20,0.8627538681030273,Wrath of the Norsemen,The Air-Conditioned Nightmare,Amon Amarth,Mr. Bungle,2011,1999,rock,rock
410594,0c8ecde0222d702b81d1709c7b20cc9dcfe10788,156446,9bf422f8abce60ef48c991010e570fd991b02401,1,0.8004306554794312,Buttons to Push the Buttons,Dead Man Walking,Modest Mouse,Amir Sulaiman,1996,2012,rock,rap
410594,0c8ecde0222d702b81d1709c7b20cc9dcfe10788,375792,b90d4c8d76516bf9c968793aa74e3aeacd5deab6,2,0.7632690668106079,Buttons to Push the Buttons,Suffer the Little Children,Modest Mouse,Buffy Sainte-Marie,1996,1969,rock,pop
410594,0c8ecde0222d702b81d1709c7b20cc9dcfe10788,466140,ceff4d97344be1a13102a4fec0f30c02fdc224df,3,0.7886596918106079,Buttons to Push the Buttons,The Heretic The Lost Child,Modest Mouse,W.A.S.P.,1996,1989,rock,rock
410594,0c8ecde0222d702b81d1709c7b20cc9dcfe10788,513213,e817a3672c6c0f59e9c55effe39ce0aeec797087,4,0.7863715887069702,Buttons to Push the Buttons,Some,Modest Mouse,THE NINTH WAVE,1996,2022,rock,rock
410594,0c8ecde0222d702b81d1709c7b20cc9dcfe10788,158495,22c6c15fe2eef49182dae01202ae66b3bf116616,5,0.7734068632125854,Buttons to Push the Buttons,Airport Piano,Modest Mouse,Tim Minchin,1996,2020,rock,pop
410594,0c8ecde0222d702b81d1709c7b20cc9dcfe10788,64177,58cfbd163a495dda0f38a3911ad41a075fa2cf99,6,0.7857679128646851,Buttons to Push the Buttons,Believers,Modest Mouse,MAYDAY!,1996,2013,rock,rap
410594,0c8ecde0222d702b81d1709c7b20cc9dcfe10788,221019,215135c9915f733a4430b1f2937ea67d2f3d2232,7,0.7742097973823547,Buttons to Push the Buttons,For the Roses,Modest Mouse,Joni Mitchell,1996,1972,rock,rock
410594,0c8ecde0222d702b81d1709c7b20cc9dcfe10788,168455,4ea894ed398cfc9b1b828e076326ca851dc393b4,8,0.7971813678741455,Buttons to Push the Buttons,Make Me Worse,Modest Mouse,Kings of the City,1996,2011,rock,rap
410594,0c8ecde0222d702b81d1709c7b20cc9dcfe10788,342886,e7f1564ab3036cbd9857384134839f8d7c65b040,9,0.7948546409606934,Buttons to Push the Buttons,Plutonium,Modest Mouse,Sole (US),1996,2003,rock,rap
410594,0c8ecde0222d702b81d1709c7b20cc9dcfe10788,463154,a4166fed7556138b9c62e6f552857a09a0638198,10,0.7607864141464233,Buttons to Push the Buttons,The Disappointed,Modest Mouse,XTC,1996,1992,rock,pop
410594,0c8ecde0222d702b81d1709c7b20cc9dcfe10788,510024,f017711c06ef8ecb9fa7a9e3d8aa99ec652c4efd,11,0.7836751937866211,Buttons to Push the Buttons,In the End,Modest Mouse,Damani,1996,2022,rock,rap
410594,0c8ecde0222d702b81d1709c7b20cc9dcfe10788,164560,1793ce86ee71c6e22ab183ebd631013ae5e72f30,12,0.7673686146736145,Buttons to Push the Buttons,People,Modest Mouse,Boyd Rice,1996,1990,rock,pop
410594,0c8ecde0222d702b81d1709c7b20cc9dcfe10788,374284,b0b45f2bbf9dc2479a08387fa45b7af8823d1b2b,13,0.7718716859817505,Buttons to Push the Buttons,Transylvanian Concubine,Modest Mouse,Rasputina,1996,1996,rock,rock
410594,0c8ecde0222d702b81d1709c7b20cc9dcfe10788,17739,43977f0a4f5dae6b1b74fffe0af1e4874cdd06ce,14,0.7893434762954712,Buttons to Push the Buttons,Europe Is Lost,Modest Mouse,Kae Tempest,1996,2015,rock,rap
410594,0c8ecde0222d702b81d1709c7b20cc9dcfe10788,13692,8be730427e06c6703e9e7a65946d7cf2237d5a87,15,0.7931970357894897,Buttons to Push the Buttons,Its Alright Ma Im Only Bleeding,Modest Mouse,Bob Dylan,1996,1965,rock,rock
410594,0c8ecde0222d702b81d1709c7b20cc9dcfe10788,346970,5d71180db22155abc9f6da75cdf85ed99f65f30f,16,0.781264066696167,Buttons to Push the Buttons,What’s on My Mind,Modest Mouse,Barbra Streisand,1996,2018,rock,rb
410594,0c8ecde0222d702b81d1709c7b20cc9dcfe10788,7305,cb81190a512a1f1841ea7084f48cf5437dd0aa86,17,0.7646791934967041,Buttons to Push the Buttons,Pure Comedy,Modest Mouse,Father John Misty,1996,2017,rock,rock
410594,0c8ecde0222d702b81d1709c7b20cc9dcfe10788,443779,4502131a5b2fb8cb69deae6dafaa58b023b7cc3a,18,0.7860556244850159,Buttons to Push the Buttons,Feel the High Pt. 2,Modest Mouse,Finsta Bundy,1996,2011,rock,rap
410594,0c8ecde0222d702b81d1709c7b20cc9dcfe10788,374279,04d7e51840e05b6531d81a8518748ddbb3d481fc,19,0.7848418354988098,Buttons to Push the Buttons,The Cry of the Children,Modest Mouse,Elizabeth Barrett Browning,1996,2013,rock,misc
410594,0c8ecde0222d702b81d1709c7b20cc9dcfe10788,431705,7e58e45d8628d23aee82bf1ce10adbcffa8fcb7d,20,0.7812463045120239,Buttons to Push the Buttons,YVR TO LAX,Modest Mouse,Kresnt,1996,2019,rock,rap
179212,507b1ccbb069474fab6483d54385cfb2b96054f0,305503,36ad1a57376afcf0d7b5ad4e455bae88970009dd,1,0.8751055002212524,XOXO,I Miss You Pt. 1,JUMEX & Lil Xan,David Ruffin,2020,1973,rap,pop
179212,507b1ccbb069474fab6483d54385cfb2b96054f0,183488,0706d96b18d256ca40409f3017116c066734d185,2,0.869827151298523,XOXO,So Alone,JUMEX & Lil Xan,Men At Large,2020,1992,rap,rb
179212,507b1ccbb069474fab6483d54385cfb2b96054f0,447,8b4845477f4728017d323858c0af77c246629d11,3,0.8620319962501526,XOXO,Gone,JUMEX & Lil Xan,ROS,2020,2021,rap,pop
179212,507b1ccbb069474fab6483d54385cfb2b96054f0,352847,04b0844cad43daa5c26bae007161dbd945d4d84f,4,0.8594802618026733,XOXO,I Miss You,JUMEX & Lil Xan,Ivan B,2020,2021,rap,rap
179212,507b1ccbb069474fab6483d54385cfb2b96054f0,229522,59b0bd559715bf0842d70f240b400ed738bd603a,5,0.8616939783096313,XOXO,I Miss You Come Back Home,JUMEX & Lil Xan,Monifah,2020,1996,rap,rb
179212,507b1ccbb069474fab6483d54385cfb2b96054f0,488570,1be774aca5aecba94182aeca154b90f26863e9a7,6,0.8604214191436768,XOXO,In Case You Didnt Know,JUMEX & Lil Xan,Olly Murs,2020,2011,rap,pop
179212,507b1ccbb069474fab6483d54385cfb2b96054f0,243703,b30b5211abf95013212ea052b055825ccc346fee,7,0.8500429391860962,XOXO,I Miss You Yungen Remix,JUMEX & Lil Xan,Clean Bandit,2020,2018,rap,pop
179212,507b1ccbb069474fab6483d54385cfb2b96054f0,134096,c33d4761c2c9c3e0da1c9f1c17d8fb948457d923,8,0.8590395450592041,XOXO,BEAUTIFUL,JUMEX & Lil Xan,Wanna One,2020,2017,rap,pop
179212,507b1ccbb069474fab6483d54385cfb2b96054f0,3275,8771161d270d5f85d4deb4a29c1322b67551332b,9,0.8409271240234375,XOXO,SOLO,JUMEX & Lil Xan,JENNIE,2020,2018,rap,pop
179212,507b1ccbb069474fab6483d54385cfb2b96054f0,470079,0eb92464634d903f5750129f3aa6672b5fa9945e,10,0.8325941562652588,XOXO,Lonely,JUMEX & Lil Xan,Sonn & Eyukaliptus,2020,2019,rap,pop
179212,507b1ccbb069474fab6483d54385cfb2b96054f0,482009,f58a7d42689a3a35d02e4b5cedff61ee629ffd45,11,0.8613306283950806,XOXO,Lonely,JUMEX & Lil Xan,BTOB,2020,2022,rap,pop
179212,507b1ccbb069474fab6483d54385cfb2b96054f0,155921,b2e96964730f570f93ff93e86ec6c75c51572801,12,0.8478599190711975,XOXO,Faded,JUMEX & Lil Xan,Juice WRLD,2020,2020,rap,rap
179212,507b1ccbb069474fab6483d54385cfb2b96054f0,468256,00570530ec6fa41b62261db26724ca710896d113,13,0.858279824256897,XOXO,Still On My Mind,JUMEX & Lil Xan,Elliott Trent,2020,2013,rap,rb
179212,507b1ccbb069474fab6483d54385cfb2b96054f0,383393,b394aba7ab73dfde680a0cb24d5bf87768a2c85c,14,0.8522615432739258,XOXO,Just as Much,JUMEX & Lil Xan,Delaney Jane,2020,2020,rap,pop
179212,507b1ccbb069474fab6483d54385cfb2b96054f0,495360,3ab6b33eb3222bcbcf6beda22eabb2d3b42a1682,15,0.8389313817024231,XOXO,Baby Blue,JUMEX & Lil Xan,Adam Jensen,2020,2020,rap,pop
179212,507b1ccbb069474fab6483d54385cfb2b96054f0,177303,7037a477687daf81923f80b8b6a7eb729a49fa3b,16,0.8352163434028625,XOXO,Miss You So Much,JUMEX & Lil Xan,Blakkman,2020,2015,rap,rb
179212,507b1ccbb069474fab6483d54385cfb2b96054f0,124764,446d140691862989b079bc132b8dfa8107fc4e13,17,0.845312237739563,XOXO,Miss You All The Time,JUMEX & Lil Xan,O.A.R,2020,2018,rap,rock
179212,507b1ccbb069474fab6483d54385cfb2b96054f0,23066,51686c45bdf19d3de88b34634caec4cb0311df6c,18,0.8438102006912231,XOXO,Stay,JUMEX & Lil Xan,Why Don't We,2020,2021,rap,pop
179212,507b1ccbb069474fab6483d54385cfb2b96054f0,17892,3c55272a9e420c6c8b576bc8f1955e6544facc73,19,0.8363851308822632,XOXO,Feeling Lonely,JUMEX & Lil Xan,boy pablo,2020,2018,rap,pop
179212,507b1ccbb069474fab6483d54385cfb2b96054f0,498646,08939700327422f042ac74ed7008d52eb69cae89,20,0.839997410774231,XOXO,03 Take Care Sofia Outro,JUMEX & Lil Xan,Ayce Comet,2020,2021,rap,pop
72090,1cf8dc6395cadb4f3e1b8f41d422e800db6654dd,24683,40312b70bf77abe70c9c9c0278ffe3a8a448c449,1,0.8956750631332397,Queensbridge Zoo,Daytona 500 500 Bars,Vince Staples,The Game,2013,2011,rap,rap
72090,1cf8dc6395cadb4f3e1b8f41d422e800db6654dd,18662,607632b26469c7dc0f6273fe50084363ed9b576c,2,0.8936710953712463,Queensbridge Zoo,Protect Ya Neck The Jump Off,Vince Staples,Wu-Tang Clan,2013,2000,rap,rap
72090,1cf8dc6395cadb4f3e1b8f41d422e800db6654dd,276900,522f881a527e103f2450cd9eec36240de82dabfe,3,0.8861204385757446,Queensbridge Zoo,No Help,Vince Staples,Lil Gotit,2013,2020,rap,rap
72090,1cf8dc6395cadb4f3e1b8f41d422e800db6654dd,153215,2050444099dd387bf18ffa43dd91c75c60361a9d,4,0.8924745321273804,Queensbridge Zoo,Royal Rumble,Vince Staples,Lil Yachty,2013,2021,rap,rap
72090,1cf8dc6395cadb4f3e1b8f41d422e800db6654dd,429876,5556b01becbe6bf6ae5b741018bd831b5a21cbb5,5,0.8817058205604553,Queensbridge Zoo,The Shooter,Vince Staples,Snap Capone,2013,2020,rap,rap
72090,1cf8dc6395cadb4f3e1b8f41d422e800db6654dd,209558,d739d53091fc6feb35962ce6246a454ed675d3b4,6,0.8924814462661743,Queensbridge Zoo,Top Dawg Cypha,Vince Staples,Black Hippy,2013,2009,rap,rap
72090,1cf8dc6395cadb4f3e1b8f41d422e800db6654dd,52882,87fcbd347ffaf693edec90c48f27c50be3ffd3dc,7,0.8902433514595032,Queensbridge Zoo,Bang,Vince Staples,Young Money,2013,2014,rap,rap
72090,1cf8dc6395cadb4f3e1b8f41d422e800db6654dd,390027,d629f0b08d67fa8e0ec84dfb64af5942de293c9c,8,0.878535807132721,Queensbridge Zoo,Triple HHH,Vince Staples,A$ton Matthews,2013,2013,rap,rap
72090,1cf8dc6395cadb4f3e1b8f41d422e800db6654dd,44129,8c08e3a8279c7e7b8d3c7adeae98d6a2103e290a,9,0.890929102897644,Queensbridge Zoo,Trap Dab Freestyle,Vince Staples,Migos,2013,2014,rap,rap
72090,1cf8dc6395cadb4f3e1b8f41d422e800db6654dd,290020,ec45e9f6ea5d371644e7d86c2f21712c324461d1,10,0.8915416598320007,Queensbridge Zoo,NY Freestyle,Vince Staples,Big L,2013,1999,rap,rap
72090,1cf8dc6395cadb4f3e1b8f41d422e800db6654dd,115255,cb748ff27420aa78e117c1629dd124414447d708,11,0.8802119493484497,Queensbridge Zoo,Frankenstein,Vince Staples,BabyTron,2013,2021,rap,rap
72090,1cf8dc6395cadb4f3e1b8f41d422e800db6654dd,183939,764202ad2b8074cafdc27413a503624f4ed5649b,12,0.8820574879646301,Queensbridge Zoo,Tsu Surf vs. Reed Dollaz,Vince Staples,URLtv,2013,2019,rap,rap
72090,1cf8dc6395cadb4f3e1b8f41d422e800db6654dd,432405,3eb45fc5511daa82e1bb96cc752bd647a22d2715,13,0.8908196687698364,Queensbridge Zoo,Trump Hat,Vince Staples,Almighty Suspect,2013,2020,rap,rap
72090,1cf8dc6395cadb4f3e1b8f41d422e800db6654dd,11621,d0fb467967606a228f8627597a3da9af737c0954,14,0.8838660717010498,Queensbridge Zoo,XXL Freshmen 2013 Cypher - Part 1,Vince Staples,XXL,2013,2013,rap,rap
72090,1cf8dc6395cadb4f3e1b8f41d422e800db6654dd,18468,8ff0dd4d7cdd0acad401445776fe4bb276088fd8,15,0.8927316069602966,Queensbridge Zoo,400 Bars The Skeemix,Vince Staples,The Game,2013,2010,rap,rap
72090,1cf8dc6395cadb4f3e1b8f41d422e800db6654dd,502866,0f3dff3614fdd4079903c734e38dc9074a6cb7c8,16,0.8798179626464844,Queensbridge Zoo,10 Toes Wherever,Vince Staples,BabyTron,2013,2022,rap,rap
72090,1cf8dc6395cadb4f3e1b8f41d422e800db6654dd,8637,b725fe4a6ce72eabaa10fe19ce2b7c77509bb50c,17,0.8936429023742676,Queensbridge Zoo,92 Bars,Vince Staples,The Game,2013,2016,rap,rap
72090,1cf8dc6395cadb4f3e1b8f41d422e800db6654dd,403034,25577bc718e632a81d007c9e02e869f9902e8a90,18,0.8768062591552734,Queensbridge Zoo,Freestyle in Ferragamo,Vince Staples,Westside Gunn,2013,2015,rap,rap
72090,1cf8dc6395cadb4f3e1b8f41d422e800db6654dd,110950,fbce8ee3888a619a36dd34195b69a4e8014dd969,19,0.8698722124099731,Queensbridge Zoo,Front Page,Vince Staples,DJ Paul & Lord Infamous,2013,1995,rap,rap
72090,1cf8dc6395cadb4f3e1b8f41d422e800db6654dd,257910,16b2565da93fe6690f9dc8ac5a9bf6be44108864,20,0.8735206127166748,Queensbridge Zoo,The Night Is Still Young Freestyle,Vince Staples,Idontknowjeffery,2013,2017,rap,rap
30066,d41d5047d86d75fe19b65e8312bc59ec252f2440,84089,6a1caf9e61b61488a7018f33a75eb28125330d57,1,0.8319162130355835,Caught Up,EXXPOSEDD,Majid Jordan,Prince of falls,2019,2018,rb,rap
30066,d41d5047d86d75fe19b65e8312bc59ec252f2440,198498,c471596ed36fd0865dee99086a105575d6b34ef0,2,0.8173140287399292,Caught Up,Cheese Slice,Majid Jordan,CASISDEAD,2019,2012,rb,rap
30066,d41d5047d86d75fe19b65e8312bc59ec252f2440,424329,1a1198d5b94ae395afbc39a5ebf4ba1253354b38,3,0.81351238489151,Caught Up,Shady Grove,Majid Jordan,18Veno,2019,2021,rb,rap
30066,d41d5047d86d75fe19b65e8312bc59ec252f2440,479720,25d4e6d9996a7300a2d8f3fdd636023f2f321599,4,0.8180176019668579,Caught Up,Roundtown,Majid Jordan,FLOHIO,2019,2020,rb,rap
30066,d41d5047d86d75fe19b65e8312bc59ec252f2440,411695,47add1c6834c5240f44d7896d6e7d6a213227aae,5,0.8141884803771973,Caught Up,UEFA Champions League Final Medley,Majid Jordan,Dua Lipa,2019,2018,rb,pop
30066,d41d5047d86d75fe19b65e8312bc59ec252f2440,99557,88ca414262bdd7f7029a617a6a79d47c837daf42,6,0.8251165151596069,Caught Up,Wonderland,Majid Jordan,"Jason Ryterband, Keili Lefkovitz, Jenna Leigh Green, James Snyder, Matt Doyle, Christopher Johnson & Judith Hill",2019,2008,rb,pop
30066,d41d5047d86d75fe19b65e8312bc59ec252f2440,106188,8f94ef02227e533470139bd67f779b39edabb9ec,7,0.8190011382102966,Caught Up,Lucky Me Freestyle,Majid Jordan,Hardy Caprio,2019,2019,rb,rap
30066,d41d5047d86d75fe19b65e8312bc59ec252f2440,315864,86fc83a89dad3bf4762eba94b983f3eb57e38fdf,8,0.8115930557250977,Caught Up,Misunderstood Pt. 2,Majid Jordan,Youngn Lipz,2019,2021,rb,rap
30066,d41d5047d86d75fe19b65e8312bc59ec252f2440,30508,283cf0aa29c8bc3ac250f3d0e890e1088a84380b,9,0.8063684105873108,Caught Up,Travels,Majid Jordan,khai dreams & Atwood,2019,2018,rb,pop
30066,d41d5047d86d75fe19b65e8312bc59ec252f2440,201238,1dfb8a499592e7f704a36707e6b04c3886f203e1,10,0.8048546314239502,Caught Up,Renegade,Majid Jordan,A2,2019,2019,rb,rap
30066,d41d5047d86d75fe19b65e8312bc59ec252f2440,378574,0d1a49fcc3616f3358399798da54f344ef520fc1,11,0.8093484044075012,Caught Up,YKWIA,Majid Jordan,Derin Falana,2019,2018,rb,rap
30066,d41d5047d86d75fe19b65e8312bc59ec252f2440,65923,5b5f5f73ae661b326d4d28ba3774dae68ec033a1,12,0.8111045360565186,Caught Up,Know Your Worth,Majid Jordan,Unidentified Artist (6),2019,2017,rb,rap
30066,d41d5047d86d75fe19b65e8312bc59ec252f2440,304203,1844069f98e262e86583c56c9cfffdbc56e379dd,13,0.820461630821228,Caught Up,80K WORTH OF CHAINS,Majid Jordan,Quadeca & Saint G,2019,2018,rb,rap
30066,d41d5047d86d75fe19b65e8312bc59ec252f2440,461994,b220c10ae53a18186de50e4c5c86c10c3eab4270,14,0.822697103023529,Caught Up,Loving Me,Majid Jordan,P.MO,2019,2016,rb,rap
30066,d41d5047d86d75fe19b65e8312bc59ec252f2440,290310,ac09165588cd5414f22b75ca6b5914f01acb11ec,15,0.8121846914291382,Caught Up,Quarter Past,Majid Jordan,The Fall of Troy,2019,2007,rb,rock
30066,d41d5047d86d75fe19b65e8312bc59ec252f2440,104436,3597ba49f956294c7ac3bb971aa137b39668fd04,16,0.8188097476959229,Caught Up,Wifey Riddim,Majid Jordan,Hardy Caprio,2019,2015,rb,rap
30066,d41d5047d86d75fe19b65e8312bc59ec252f2440,398754,b50504755af0ea2a4138974c71bdd3117091a8c3,17,0.8058022260665894,Caught Up,8oom 8ap,Majid Jordan,Anderson .Paak,2019,2012,rb,rap
30066,d41d5047d86d75fe19b65e8312bc59ec252f2440,471376,c8cacebee1011bce32e29cd4264b4548dad2b2a8,18,0.8162753582000732,Caught Up,Stay Fly,Majid Jordan,Kerser,2019,2020,rb,rap
30066,d41d5047d86d75fe19b65e8312bc59ec252f2440,400195,f8e0030ff46b0b274db82bb20dcbdc23bcabcf96,19,0.8176729679107666,Caught Up,PSYCHE,Majid Jordan,Matt Ox,2019,2021,rb,rap
30066,d41d5047d86d75fe19b65e8312bc59ec252f2440,509744,8d2035d1bd5eaefa689254a23e1a63aa9f222dbb,20,0.8036004304885864,Caught Up,Cut It Out,Majid Jordan,KayCyy,2019,2022,rb,rap
226709,e630210062f679a932a5f0cbbaf16f187311693d,168525,5513526c52da126ce144e02beb0256f9b5204d59,1,0.8539316654205322,Watching Me Fall,Slowly Goes the Night,The Cure,Nick Cave & The Bad Seeds,2000,1988,rock,rock
226709,e630210062f679a932a5f0cbbaf16f187311693d,45947,2b1487c916b22f9714186018b32d214fe3997c26,2,0.8276200890541077,Watching Me Fall,Sometime Around Midnight,The Cure,The Airborne Toxic Event,2000,2008,rock,rock
226709,e630210062f679a932a5f0cbbaf16f187311693d,110659,aeaa627e7afa5e624ab55d574b8b9feeb3c8ec47,3,0.8486629128456116,Watching Me Fall,Surrounded,The Cure,Dream Theater,2000,1992,rock,rock
226709,e630210062f679a932a5f0cbbaf16f187311693d,405494,7b70a49779195a436ffc99a91e5ba733eca54efa,4,0.8530918955802917,Watching Me Fall,Parties Are for Losers,The Cure,Ferry (vocaloid),2000,2019,rock,pop
226709,e630210062f679a932a5f0cbbaf16f187311693d,252789,8138b07c3324ed3df9356fb1f312316534fdc967,5,0.8207054138183594,Watching Me Fall,Hayward WI,The Cure,Bon Iver,2000,2018,rock,rock
226709,e630210062f679a932a5f0cbbaf16f187311693d,380318,ad950199a70ef860ef45161eade2554220858f88,6,0.8238770961761475,Watching Me Fall,Devil Girl,The Cure,Tiger Army,2000,1999,rock,rock
226709,e630210062f679a932a5f0cbbaf16f187311693d,103677,e94d441aa2d8a66906966ca56db85a779a02e4ec,7,0.8368287682533264,Watching Me Fall,The Night,The Cure,Aurelio Voltaire,2000,2000,rock,rock
226709,e630210062f679a932a5f0cbbaf16f187311693d,145827,43fdfac8467a2e43949d0a893fc565caed178f48,8,0.853888750076294,Watching Me Fall,Darkness of the Dream,The Cure,The Tallest Man On Earth,2000,2015,rock,rock
226709,e630210062f679a932a5f0cbbaf16f187311693d,3466,6e1d2ae50695775c5521bace352c76bb98f7babd,9,0.8237193822860718,Watching Me Fall,Nothing New Taylors Version From the Vault,The Cure,Taylor Swift,2000,2021,rock,country
226709,e630210062f679a932a5f0cbbaf16f187311693d,337722,22d582fb4f6a6ca5dad1f2e997c4a6be6c8d65a5,10,0.81620854139328,Watching Me Fall,Night Falls,The Cure,The Lacs,2000,2019,rock,rap
226709,e630210062f679a932a5f0cbbaf16f187311693d,379228,2278a813b57ef3e3a51835c13834f101a46450a7,11,0.8283917903900146,Watching Me Fall,Just Like the Moon,The Cure,Brett Dennen,2000,2005,rock,pop
226709,e630210062f679a932a5f0cbbaf16f187311693d,411797,c1b08acc53d8f3818b900d78f2ddfc166e917bdb,12,0.8412742614746094,Watching Me Fall,Old Girl,The Cure,Algiers,2000,2015,rock,rock
226709,e630210062f679a932a5f0cbbaf16f187311693d,232529,6059a9955327e2c40502b463e79a6bfdec97d843,13,0.8361963033676147,Watching Me Fall,Hard Candy,The Cure,Counting Crows,2000,2002,rock,rock
226709,e630210062f679a932a5f0cbbaf16f187311693d,180740,546ce55216b717172c5d19ff90f18e6a046bbf29,14,0.8149926662445068,Watching Me Fall,Lazy Nina,The Cure,Greg Phillinganes,2000,1984,rock,rb
226709,e630210062f679a932a5f0cbbaf16f187311693d,431458,0c05fb6a8cd6ecd3d9f40565fa933e0f8121e514,15,0.8318548202514648,Watching Me Fall,Southbound Train,The Cure,Jon Foreman,2000,2007,rock,pop
226709,e630210062f679a932a5f0cbbaf16f187311693d,297691,d8c4782f26d244f9a8c286a61024bb4d3496dc3b,16,0.8333931565284729,Watching Me Fall,Sometimes in the Fall,The Cure,Phoenix,2000,2006,rock,rock
226709,e630210062f679a932a5f0cbbaf16f187311693d,326893,c49064e99477220cc94b3d5f6bcd544eb43eb123,17,0.828386664390564,Watching Me Fall,Cold Summer,The Cure,Seabear,2000,2010,rock,pop
226709,e630210062f679a932a5f0cbbaf16f187311693d,149695,cd9063320ebb3a757da8e2e166af54bf4a852cd1,18,0.8483774065971375,Watching Me Fall,Watch Me Read You,The Cure,Odette,2000,2017,rock,misc
226709,e630210062f679a932a5f0cbbaf16f187311693d,207852,93c9942cb8d2ea0a856e9f56e10a6faa2f7d42c7,19,0.8450502753257751,Watching Me Fall,Lighter / Time,The Cure,LAUNDRY DAY,2000,2018,rock,pop
226709,e630210062f679a932a5f0cbbaf16f187311693d,264946,b44f90e31b592158a5f07c338d1d6e1dea1fbca5,20,0.8259931206703186,Watching Me Fall,Sometimes,The Cure,Jonathan Edwards,2000,1971,rock,country
291494,63270834a40c765523b1d40dd69b5fc0279f9bb7,430828,5d4ef86cfbc303a457c33641bf0883042d7a3608,1,0.8478370904922485,Owners Box,Glorified,mike. fka mike stud,Lihtz Kamraz,2016,2016,rap,rap
291494,63270834a40c765523b1d40dd69b5fc0279f9bb7,63187,ea83bda992e2ba5311edcebcea2834302741d55a,2,0.8397330045700073,Owners Box,Back to Back,mike. fka mike stud,D-Block Europe,2016,2019,rap,rap
291494,63270834a40c765523b1d40dd69b5fc0279f9bb7,406932,4b069bc7a770d742cb46f45556b65dabd68bc440,3,0.8429043292999268,Owners Box,Love This Fuckin Guy,mike. fka mike stud,Lil Wayne,2016,2016,rap,rap
291494,63270834a40c765523b1d40dd69b5fc0279f9bb7,343614,147959e457124f6a92f11e80cddab4151682c3f3,4,0.8269303441047668,Owners Box,Bounce,mike. fka mike stud,Zak Downtown,2016,2017,rap,rap
291494,63270834a40c765523b1d40dd69b5fc0279f9bb7,101754,ffb4c371de89166c417f21feb92428c855aa38ae,5,0.8407344818115234,Owners Box,Jackson Pollock,mike. fka mike stud,Andy Mineo,2016,2020,rap,rap
291494,63270834a40c765523b1d40dd69b5fc0279f9bb7,267395,5091495e05b7a6f12ce4503d6e9307a1a884c13d,6,0.8377018570899963,Owners Box,Free Fall,mike. fka mike stud,Sy Ari da Kid,2016,2018,rap,rap
291494,63270834a40c765523b1d40dd69b5fc0279f9bb7,338863,bd93941fde760538d422b382bb35060c96cc17f8,7,0.8269018530845642,Owners Box,6th Ave Intro,mike. fka mike stud,DOM KENNEDY,2016,2020,rap,rap
291494,63270834a40c765523b1d40dd69b5fc0279f9bb7,481624,a00512c4975cf5818b0e1e93da79cecfc5e6af23,8,0.827243447303772,Owners Box,Feet Up,mike. fka mike stud,CyHi The Prynce,2016,2012,rap,rap
291494,63270834a40c765523b1d40dd69b5fc0279f9bb7,213603,b3b9a2abc49463b54a706be711b0d0d59fb2bbac,9,0.8422462344169617,Owners Box,Flight Briefing,mike. fka mike stud,Curren$y,2016,2010,rap,rap
291494,63270834a40c765523b1d40dd69b5fc0279f9bb7,365033,657994d9b92ed0e42a84e217f1c444ad7b6cfc9a,10,0.8238621950149536,Owners Box,Saturday,mike. fka mike stud,Xavier Weeks,2016,2020,rap,rap
291494,63270834a40c765523b1d40dd69b5fc0279f9bb7,451359,165f635dedd83daae452e0411a82b2b551746334,11,0.8296903967857361,Owners Box,CBG,mike. fka mike stud,Chill Black Guys,2016,2012,rap,rap
291494,63270834a40c765523b1d40dd69b5fc0279f9bb7,59862,edb407a9648bfead04fac90db3f1e366b2c6cb0c,12,0.8353667259216309,Owners Box,80 Bars Part 3,mike. fka mike stud,Sam Lachow,2016,2014,rap,rap
291494,63270834a40c765523b1d40dd69b5fc0279f9bb7,508797,b41e26b9b86583c7a8c93ba1dba2b6ac90c5d145,13,0.8346475958824158,Owners Box,Outro,mike. fka mike stud,Young T & Bugsey,2016,2022,rap,rap
291494,63270834a40c765523b1d40dd69b5fc0279f9bb7,177675,606f475c4d4e20b62c99f47fed27e18567bb15d1,14,0.8421365022659302,Owners Box,Soulmates  Strippers Wait For It,mike. fka mike stud,Chillinit,2016,2020,rap,rap
291494,63270834a40c765523b1d40dd69b5fc0279f9bb7,411148,799aee94cd0ae8400146b10b9be53fff84b95f38,15,0.839040994644165,Owners Box,Turnt Up Freestyle,mike. fka mike stud,D-WHY,2016,2012,rap,rap
291494,63270834a40c765523b1d40dd69b5fc0279f9bb7,6637,b184b14108b9cac46d867731bf4b68dd0e6465cf,16,0.8302651643753052,Owners Box,In the Heights,mike. fka mike stud,Lin-Manuel Miranda,2016,2021,rap,pop
291494,63270834a40c765523b1d40dd69b5fc0279f9bb7,201461,2c5a5a709ef8e3fc3d345d7ae4fcd8aced067e91,17,0.8353322148323059,Owners Box,FuckYourBitch,mike. fka mike stud,Cam Meekins,2016,2012,rap,rap
291494,63270834a40c765523b1d40dd69b5fc0279f9bb7,60510,c9447c5896275be4000bb5bf680baa5ff4ae7ae6,18,0.8312749862670898,Owners Box,Im On,mike. fka mike stud,Young Thug,2016,2018,rap,rap
291494,63270834a40c765523b1d40dd69b5fc0279f9bb7,100842,44f3c7079c033d5eecdbd39761f284b02c634b80,19,0.8387519121170044,Owners Box,Come Up Show Freestyle,mike. fka mike stud,Big Sean,2016,2011,rap,rap
291494,63270834a40c765523b1d40dd69b5fc0279f9bb7,91300,d42d2e91a69f171f9cfbe04c43c9b46ed69765d0,20,0.8310153484344482,Owners Box,My Speech Queens Speech Remix,mike. fka mike stud,Sik World,2016,2016,rap,rap
440973,f3df01c35c561c4c2b933984965f8eb56f14be99,462478,7af9159240c1610318554bc51ab2638a04a8b79b,1,0.9104121923446655,Darkness,Lost,Mic Righteous,Mic Righteous,2020,2020,rap,rap
440973,f3df01c35c561c4c2b933984965f8eb56f14be99,357018,dc2462b4e3042c6a66cdaff69e3e4e9edf04f455,2,0.889327883720398,Darkness,50 Ways,Mic Righteous,DJ Quik,2020,2002,rap,rap
440973,f3df01c35c561c4c2b933984965f8eb56f14be99,37823,5b068834081ab81bc821d94dcbdfb4da3dd0dc73,3,0.9035003781318665,Darkness,Fire in the Booth Part 5,Mic Righteous,Wretch 32,2020,2017,rap,rap
440973,f3df01c35c561c4c2b933984965f8eb56f14be99,299834,c13a83be9233b67a5a864283f1880303d508b1c6,4,0.8980010747909546,Darkness,Anatomy 1:3,Mic Righteous,KING 810,2020,2014,rap,rock
440973,f3df01c35c561c4c2b933984965f8eb56f14be99,136516,f8b8f5137a9700d195371b37ee8e4f5394434e15,5,0.8937891125679016,Darkness,Ghetto Kyote,Mic Righteous,Devlin,2020,2013,rap,rap
440973,f3df01c35c561c4c2b933984965f8eb56f14be99,269835,a77f7390868db68ef4690ab7acafcba1bb6a3267,6,0.8978576064109802,Darkness,Apocalypse Cypher,Mic Righteous,SB.TV,2020,2012,rap,rap
440973,f3df01c35c561c4c2b933984965f8eb56f14be99,51997,03f14acb513d64b49710966dfaa2ebb84813ae55,7,0.8869307637214661,Darkness,The Battle of Hampton Roads,Mic Righteous,Titus Andronicus,2020,2010,rap,rock
440973,f3df01c35c561c4c2b933984965f8eb56f14be99,161135,1dddda8ded5bf7f958a6eb8c51ea9d0a7a667948,8,0.8971801996231079,Darkness,Mid-Fight Masses WITH LYRICS,Mic Righteous,RecD,2020,2021,rap,rap
440973,f3df01c35c561c4c2b933984965f8eb56f14be99,237603,c869afc653098ceff08d32259b158c4bf19d7d47,9,0.8955152630805969,Darkness,Cast A Light,Mic Righteous,Plan B,2020,2007,rap,rap
440973,f3df01c35c561c4c2b933984965f8eb56f14be99,198929,c33b16ac1cf09301b8595ed67bd046141e0d8c23,10,0.8888006210327148,Darkness,La Petite Mort,Mic Righteous,KING 810,2020,2016,rap,rock
440973,f3df01c35c561c4c2b933984965f8eb56f14be99,121113,7836413eff467ca44d6344f1906817ad5f8e33f1,11,0.8818494081497192,Darkness,Nothing 2 Lose,Mic Righteous,Shotta Spence,2020,2016,rap,rap
440973,f3df01c35c561c4c2b933984965f8eb56f14be99,228080,98ffefb7c8e406e362e74d61c361afcdd4199d89,12,0.8977999091148376,Darkness,Walk Tall,Mic Righteous,Set To Stun,2020,2015,rap,rock
440973,f3df01c35c561c4c2b933984965f8eb56f14be99,83872,d3a55243d1b2268a9812dfdd35a10656fba4c578,13,0.8803150057792664,Darkness,Your Life,Mic Righteous,Andrea Gibson,2020,2017,rap,misc
440973,f3df01c35c561c4c2b933984965f8eb56f14be99,194029,803d711efab4a0f843b51289be7d3079d3a826d2,14,0.892964780330658,Darkness,3 Minutes to Live,Mic Righteous,Yizzy,2020,2019,rap,rap
440973,f3df01c35c561c4c2b933984965f8eb56f14be99,345083,63fb42d1485853e6c75f4719cfbc579c4b9a6d4f,15,0.8860764503479004,Darkness,Downfall,Mic Righteous,Jez Dior,2020,2013,rap,rap
440973,f3df01c35c561c4c2b933984965f8eb56f14be99,91257,7747b20b3f5c40b8c3a6bcbf8ffa962e2d009ee8,16,0.875852644443512,Darkness,Oh Sister,Mic Righteous,Neutral Milk Hotel,2020,2011,rap,rock
440973,f3df01c35c561c4c2b933984965f8eb56f14be99,477563,7a4863706e4d960745d28c9e91fa6692f732493f,17,0.8805150389671326,Darkness,All My Fault,Mic Righteous,Lil Xtra,2020,2018,rap,rap
440973,f3df01c35c561c4c2b933984965f8eb56f14be99,214438,27f8b2376a1d24547671a90b2b67176de2e8a21a,18,0.87645024061203,Darkness,If You Love Them You Never Hit Them,Mic Righteous,360,2020,2016,rap,rap
440973,f3df01c35c561c4c2b933984965f8eb56f14be99,87622,addcf584634a835d7fc65ec72c10fb429fe53340,19,0.8904780149459839,Darkness,Gangsters Paradise Remix,Mic Righteous,2Pac,2020,2011,rap,rap
440973,f3df01c35c561c4c2b933984965f8eb56f14be99,4556,60ec88789bc737129b80bb22878567993ce07832,20,0.8880952596664429,Darkness,DEARLY DEPARTED,Mic Righteous,BROCKHAMPTON,2020,2019,rap,rap
17891,d652974f51db5332e0773e467e3f900e1ae9f8e8,40070,98a132ace0d425f24ede084906812ac68299478a,1,0.9486029148101807,Basketball,Basketball,Kurtis Blow,Bow Wow,1984,2002,rap,rap
17891,d652974f51db5332e0773e467e3f900e1ae9f8e8,446698,fc4b406cbaf26f52da2f6d2ff1b03fcb686ace04,2,0.9334731101989746,Basketball,Basketball freestyle,Kurtis Blow,DJ Blazin,1984,2016,rap,rap
17891,d652974f51db5332e0773e467e3f900e1ae9f8e8,437366,2346fd47ef9e757b62afbd9496cf33a60c004c58,3,0.827121913433075,Basketball,NBA 2k Freestyle,Kurtis Blow,Skeeter D-Willz,1984,2013,rap,rap
17891,d652974f51db5332e0773e467e3f900e1ae9f8e8,378602,5a425d789e116057c19bb2c14a14c57872aecf88,4,0.8269957304000854,Basketball,Hoopla,Kurtis Blow,KyleYouMadeThat,1984,2021,rap,rap
17891,d652974f51db5332e0773e467e3f900e1ae9f8e8,470795,9687126e31729fcef19d194ea1393e4668322658,5,0.8298516273498535,Basketball,Shooting Hoops,Kurtis Blow,G. Love & Special Sauce,1984,1994,rap,pop
17891,d652974f51db5332e0773e467e3f900e1ae9f8e8,455377,28f4c5eae0445a3e57b8c05bd3b9f4186cf9301b,6,0.8006725311279297,Basketball,Dream Team,Kurtis Blow,Michael Franti & Spearhead,1984,1994,rap,rap
17891,d652974f51db5332e0773e467e3f900e1ae9f8e8,446955,dd4465f2f73b6273c9d0ca3522bbc243467c88ed,7,0.7909574508666992,Basketball,Sports Based Freestyle,Kurtis Blow,Lil B,1984,2014,rap,rap
17891,d652974f51db5332e0773e467e3f900e1ae9f8e8,158850,fef55abb03ebb6adfac32c6933b85331970c131c,8,0.8099067211151123,Basketball,Lakers national anthem 2010,Kurtis Blow,Ice Cube,1984,2008,rap,rap
17891,d652974f51db5332e0773e467e3f900e1ae9f8e8,400510,2e5051a08e8b3695b4de2c382990642474aa33ac,9,0.8018448352813721,Basketball,Hoop Life,Kurtis Blow,Lil B,1984,2014,rap,rap
17891,d652974f51db5332e0773e467e3f900e1ae9f8e8,88777,b5edb15c6e7babe9648a5afe2540bc1f57199286,10,0.7643561363220215,Basketball,Basketball Jones,Kurtis Blow,Barry White,1984,1996,rap,rap
17891,d652974f51db5332e0773e467e3f900e1ae9f8e8,184203,b7293610ab1cf9c6518ba37c918e761027d4b512,11,0.7620998620986938,Basketball,We Ballin,Kurtis Blow,Logic,1984,2011,rap,rap
17891,d652974f51db5332e0773e467e3f900e1ae9f8e8,16337,c2d2e48e75194c7e7805f0a0c714420a394f679d,12,0.7894730567932129,Basketball,Kobe Bryant,Kurtis Blow,Lil Wayne,1984,2009,rap,rap
17891,d652974f51db5332e0773e467e3f900e1ae9f8e8,374736,c509a2bd4868bb4cad4a2e64d6d16e9662431d66,13,0.7855024337768555,Basketball,Fans Go Crazy,Kurtis Blow,Money Man & Yung Bleu,1984,2021,rap,rap
17891,d652974f51db5332e0773e467e3f900e1ae9f8e8,261659,7039be7fa2e4d0d61780e4ba9e2d26133e5e48a1,14,0.7847762107849121,Basketball,Hoop Dreams,Kurtis Blow,XV,1984,2011,rap,rap
17891,d652974f51db5332e0773e467e3f900e1ae9f8e8,296186,a019442e3ec824c86b589aeea664d2ff4914ae7f,15,0.7813736200332642,Basketball,Ball,Kurtis Blow,Stalley,1984,2014,rap,rap
17891,d652974f51db5332e0773e467e3f900e1ae9f8e8,67640,9a2e31d48bda293ff73f12165e32105d363d9499,16,0.7962057590484619,Basketball,Sideways 2K Remix,Kurtis Blow,CyHi The Prynce,1984,2011,rap,rap
17891,d652974f51db5332e0773e467e3f900e1ae9f8e8,211228,be4cfb6972fa065dbfedbfb8337e39b32d91759b,17,0.7093380093574524,Basketball,The 10 Most Influential Slam Dunks of All Time,Kurtis Blow,Daudi Abe,1984,2013,rap,misc
17891,d652974f51db5332e0773e467e3f900e1ae9f8e8,476982,2674537db9d2b8e0065a74d3a4bc62256f18492d,18,0.7847966551780701,Basketball,Its In Da Game,Kurtis Blow,Murphy Lee,1984,2004,rap,rap
17891,d652974f51db5332e0773e467e3f900e1ae9f8e8,236681,ef2f7c61af10a8b3f4bac4890ef83aa8b1159201,19,0.7692201733589172,Basketball,Slam Dunk,Kurtis Blow,Migos,1984,2015,rap,rap
17891,d652974f51db5332e0773e467e3f900e1ae9f8e8,123379,e459019b96353953b6813f991c7806531401ef7b,20,0.7689470052719116,Basketball,NBA Rap,Kurtis Blow,Hurt 'Em Bad,1984,1982,rap,rap
151415,eb28149dd075bb7191b831e80214706f0e410de9,409384,e082464ddbefe1184bae14bccd135046147c17d6,1,0.9487423896789551,Real Shit,Fake Lil Wayne - Long Live King Von Quando Rondo Diss,Tay Capone,Swillz,2015,2020,rap,rap
151415,eb28149dd075bb7191b831e80214706f0e410de9,422990,fa4675822a16627f4e44933e3e77821b3d95fd23,2,0.9372352361679077,Real Shit,Calicoe vs. Math Hoffa,Tay Capone,URLtv,2015,2011,rap,rap
151415,eb28149dd075bb7191b831e80214706f0e410de9,258693,63a23500e8661954060c07b1f31b69338a649b39,3,0.9407238960266113,Real Shit,Hit Em Up Pt. 2,Tay Capone,Lil Sheik x SOB X RBE x Qrealwitdasteel,2015,2018,rap,rap
151415,eb28149dd075bb7191b831e80214706f0e410de9,247043,c4027385952bdee25b3fb26300cc36fe8e1f056b,4,0.9387640357017517,Real Shit,Up the Glock,Tay Capone,P Yungin,2015,2020,rap,rap
151415,eb28149dd075bb7191b831e80214706f0e410de9,50116,07d2764b70d8a20ff9cea203dddc775398568251,5,0.9445817470550537,Real Shit,No Time For Sleep Freestyle,Tay Capone,Bobby Shmurda,2015,2021,rap,rap
151415,eb28149dd075bb7191b831e80214706f0e410de9,424184,055814baf1059dd5caca44b1946c7e224eaff786,6,0.9390982389450073,Real Shit,Fucking Around,Tay Capone,Jeezy,2015,2015,rap,pop
151415,eb28149dd075bb7191b831e80214706f0e410de9,24887,d68828e4478f9bf10197ad9d2090d5539f7a60b7,7,0.9398456811904907,Real Shit,No Competition,Tay Capone,Lil Marc,2015,2014,rap,rap
151415,eb28149dd075bb7191b831e80214706f0e410de9,382709,41014b82b20cb2e9911fba659433e4083acf3a0a,8,0.9394322633743286,Real Shit,Killa Remix,Tay Capone,BuDouble,2015,2016,rap,rap
151415,eb28149dd075bb7191b831e80214706f0e410de9,277613,737098553c30ce9ff61034b89ff73802ee5b1c8c,9,0.9359262585639954,Real Shit,Joe Jackson/ Consigliere,Tay Capone,Twisted Insane,2015,2015,rap,rap
151415,eb28149dd075bb7191b831e80214706f0e410de9,396960,40e39a68b99b21eca62e724ca3fb1e5bb3970103,10,0.933716893196106,Real Shit,Crash Out,Tay Capone,Blac Youngsta,2015,2020,rap,rap
151415,eb28149dd075bb7191b831e80214706f0e410de9,23499,c129ea567769916c712b9ed295528fbc73f40f78,11,0.9327598810195923,Real Shit,Beam Effect,Tay Capone,YoungBoy Never Broke Again,2015,2018,rap,rap
151415,eb28149dd075bb7191b831e80214706f0e410de9,11327,b0798414e5ff55809428444ae5550718e1fa1cfe,12,0.9365771412849426,Real Shit,Litty Again Freestyle,Tay Capone,Tory Lanez,2015,2018,rap,rap
151415,eb28149dd075bb7191b831e80214706f0e410de9,143564,6e23c66394bedd5c568e04076debddf7a476591e,13,0.9402600526809692,Real Shit,Stuck With Me,Tay Capone,Birdman & YoungBoy Never Broke Again,2015,2021,rap,rap
151415,eb28149dd075bb7191b831e80214706f0e410de9,123269,4d172a27f5640061ae70e62773831479d259b8e1,14,0.9293238520622253,Real Shit,50 for 50,Tay Capone,2605,2015,2016,rap,rap
151415,eb28149dd075bb7191b831e80214706f0e410de9,493740,deb46b828702be934796b62f0ce806b5ce1ad875,15,0.9331914186477661,Real Shit,Outlaw Starz,Tay Capone,Dkoolpharaoh,2015,2018,rap,rap
151415,eb28149dd075bb7191b831e80214706f0e410de9,210846,d877f1602f7d589f580d7b3cf0edc0c2c0ee2834,16,0.9415510892868042,Real Shit,Shit,Tay Capone,Mike WiLL Made-It,2015,2013,rap,rap
151415,eb28149dd075bb7191b831e80214706f0e410de9,374149,e0542f6b2fc1c3f4ad9cc8674b4a262c7470ab16,17,0.9284923672676086,Real Shit,Gilbert Arenas,Tay Capone,OBN Dev,2015,2019,rap,rap
151415,eb28149dd075bb7191b831e80214706f0e410de9,318578,48df3be3e67351e6579ed2754e1025d3e5638c3a,18,0.9377260804176331,Real Shit,BlueDarters,Tay Capone,9lokkNine,2015,2021,rap,rap
151415,eb28149dd075bb7191b831e80214706f0e410de9,350555,e7e3c6f7a4cd91d3b49070538108c65038266627,19,0.9375485181808472,Real Shit,$hmurda Gang,Tay Capone,Doe Boy,2015,2017,rap,rap
151415,eb28149dd075bb7191b831e80214706f0e410de9,233072,38e3f7ac9664701d3068bb2290ee2e297c629249,20,0.9271780252456665,Real Shit,Exposin Me,Tay Capone,Tay Capone,2015,2019,rap,rap
242944,44b1da970ccb85a23b79f616fac887fc883c1dbf,356177,dca63687bbd85535c0a46d6af5c3fb8ea81fe427,1,0.8517513275146484,Sleep In,Dont Wake Me Up,Telekinesis,outsiderX,2015,2021,pop,rap
242944,44b1da970ccb85a23b79f616fac887fc883c1dbf,357228,cc087f68d0179e945f9553b2e452dfa451cb9d8c,2,0.8142935633659363,Sleep In,Face Up,Telekinesis,Lights,2015,2009,pop,pop
242944,44b1da970ccb85a23b79f616fac887fc883c1dbf,192914,5183f5eb94dcb439ad96347d19cb92993b62c96d,3,0.8125189542770386,Sleep In,긴 밤 The Long Night,Telekinesis,Seori,2015,2021,pop,rb
242944,44b1da970ccb85a23b79f616fac887fc883c1dbf,188987,04750de37a67b9df66ec9a522378446be5934fd7,4,0.8442485332489014,Sleep In,Wake Up Boo,Telekinesis,The Boo Radleys,2015,1995,pop,pop
242944,44b1da970ccb85a23b79f616fac887fc883c1dbf,25425,b36eec78589b200790dabf0679e927281756cd60,5,0.8258576393127441,Sleep In,불면증 Insomnia,Telekinesis,Stray Kids,2015,2018,pop,pop
242944,44b1da970ccb85a23b79f616fac887fc883c1dbf,277987,1ed45ce687dbc34e52442148e69e2b70847321c8,6,0.8402890563011169,Sleep In,Wake Up,Telekinesis,Now United,2015,2020,pop,pop
242944,44b1da970ccb85a23b79f616fac887fc883c1dbf,382521,1ec174cf9cd28776f5e0129c07bfa45dfeb7a8db,7,0.8350628614425659,Sleep In,Day Is Done,Telekinesis,Chef'Special,2015,2014,pop,rap
242944,44b1da970ccb85a23b79f616fac887fc883c1dbf,74476,716331656954ac1b9b0e727983875e5e21f2fd62,8,0.8339071273803711,Sleep In,Dont Wanna Wake Up,Telekinesis,Capital Kings,2015,2017,pop,pop
242944,44b1da970ccb85a23b79f616fac887fc883c1dbf,178960,6e55f39e8160a60604cb347e80cb984b75e88eeb,9,0.8305743336677551,Sleep In,If I Dont Wake Up,Telekinesis,Suicidal Tendencies,2015,1988,pop,rock
242944,44b1da970ccb85a23b79f616fac887fc883c1dbf,65174,421fb76708ee1923ad2ef6f5af4ff6d483a9f6b1,10,0.8293411731719971,Sleep In,Lights Out,Telekinesis,EXO,2015,2017,pop,pop
242944,44b1da970ccb85a23b79f616fac887fc883c1dbf,115934,d8a0a7a01983bb885300acb26ff849853eb2b841,11,0.8261009454727173,Sleep In,Under the Knife,Telekinesis,Rise Against,2015,2006,pop,rock
242944,44b1da970ccb85a23b79f616fac887fc883c1dbf,164646,d7c06f362eadfb7829d40f3d6fd03b196978a969,12,0.8370151519775391,Sleep In,Eyes Wide Shut,Telekinesis,JLS,2015,2010,pop,pop
242944,44b1da970ccb85a23b79f616fac887fc883c1dbf,175371,840a1d1b798766c7096d8529cecfffc81aab4ac2,13,0.8076298236846924,Sleep In,The Dreamer,Telekinesis,I the Mighty,2015,2012,pop,rock
242944,44b1da970ccb85a23b79f616fac887fc883c1dbf,472587,bec3241a376e2ab9f5e662e116075f15ab97a09e,14,0.8260884881019592,Sleep In,Wake Up,Telekinesis,American Murder Song,2015,2017,pop,pop
242944,44b1da970ccb85a23b79f616fac887fc883c1dbf,369092,3dae5f5983bdf3c2a35869b73ec399bc9bacd8cb,15,0.8266704678535461,Sleep In,Before I Wake Up,Telekinesis,Hi-Rez,2015,2011,pop,rap
242944,44b1da970ccb85a23b79f616fac887fc883c1dbf,319992,d34ffbb0f399a96c77b989cb47fca2af8b6eab2c,16,0.8273768424987793,Sleep In,​toxic,Telekinesis,shinigami,2015,2018,pop,pop
242944,44b1da970ccb85a23b79f616fac887fc883c1dbf,234860,a4df4b5cfb3452c5f5cfe5eff1bce5937b630221,17,0.7930824160575867,Sleep In,Hustle Rose,Telekinesis,Metric,2015,2003,pop,rock
242944,44b1da970ccb85a23b79f616fac887fc883c1dbf,398907,1fcd8fc5df50e6a8215e7f7ba001303dd19ce4e0,18,0.8092464804649353,Sleep In,Beautiful Mess,Telekinesis,LOS LEO,2015,2018,pop,pop
242944,44b1da970ccb85a23b79f616fac887fc883c1dbf,171864,de95394ebec026a77fa1bdae6fffaedd956c9a14,19,0.8127034902572632,Sleep In,Wake Me,Telekinesis,Mandolin Orange,2015,2011,pop,pop
242944,44b1da970ccb85a23b79f616fac887fc883c1dbf,309260,423fe0d5b496477dfc8d7dfee83e82b88e6767bb,20,0.8128209114074707,Sleep In,Tomorrow,Telekinesis,Downplay,2015,2004,pop,rock
506823,627e3947aeb2f7ce00ed3f1a5f5aa3ba528c10eb,47703,6c5ca0ba925433d362ba0edf3e952adc8f766335,1,0.7525075674057007,Rock  Roll Alchemy,Rock N Roll,Peter Doherty & Frdric Lo,Yasiin Bey,2022,1999,rock,rap
506823,627e3947aeb2f7ce00ed3f1a5f5aa3ba528c10eb,383437,7e435cbc2395dc02257fdd4ff66b90dc3227aa10,2,0.7161368131637573,Rock  Roll Alchemy,Les and Ray,Peter Doherty & Frdric Lo,Le Tigre,2022,1999,rock,pop
506823,627e3947aeb2f7ce00ed3f1a5f5aa3ba528c10eb,425141,6dc1f8743747af3becaa6e4c78e1916ac727fb1c,3,0.7410184741020203,Rock  Roll Alchemy,4 Da Mind,Peter Doherty & Frdric Lo,Masta Ace Incorporated,2022,1995,rock,rap
506823,627e3947aeb2f7ce00ed3f1a5f5aa3ba528c10eb,163381,357d23631316a498635a650811353203255cf0be,4,0.7469822764396667,Rock  Roll Alchemy,The Top 200 Tracks of the 1990s,Peter Doherty & Frdric Lo,Pitchfork,2022,2010,rock,misc
506823,627e3947aeb2f7ce00ed3f1a5f5aa3ba528c10eb,242056,333db91c9ff26ecfaaa2e917ecb9df9d83681f42,5,0.7394651770591736,Rock  Roll Alchemy,Music Is My Everything,Peter Doherty & Frdric Lo,Blu & Exile,2022,2020,rock,rap
506823,627e3947aeb2f7ce00ed3f1a5f5aa3ba528c10eb,482529,9afca3f84288cf8e0a6453113757c8cae83e93eb,6,0.739044725894928,Rock  Roll Alchemy,Zeplin Song,Peter Doherty & Frdric Lo,Courtney Love,2022,2000,rock,rock
506823,627e3947aeb2f7ce00ed3f1a5f5aa3ba528c10eb,311032,11a38da2f206ef64a190137464fa280a1907da7a,7,0.7358884215354919,Rock  Roll Alchemy,Vague Rock Song,Peter Doherty & Frdric Lo,Sun Kil Moon,2022,2017,rock,rock
506823,627e3947aeb2f7ce00ed3f1a5f5aa3ba528c10eb,468206,b69b513645975ab69a6e2c9fb169f287ac039e50,8,0.733788251876831,Rock  Roll Alchemy,The Shine,Peter Doherty & Frdric Lo,Dave Hause,2022,2013,rock,pop
506823,627e3947aeb2f7ce00ed3f1a5f5aa3ba528c10eb,478938,d7ca51b9c127d4951c863656417ce568fa7a254e,9,0.7276257276535034,Rock  Roll Alchemy,Redford Reviews: The Roots ...and then you shoot your cousin Album Review,Peter Doherty & Frdric Lo,Samuel August,2022,2014,rock,rap
506823,627e3947aeb2f7ce00ed3f1a5f5aa3ba528c10eb,20971,4563a1bb9b660c3294a5887dacddcf361fa64450,10,0.7091174125671387,Rock  Roll Alchemy,Fountain of Youth,Peter Doherty & Frdric Lo,Stalley,2022,2012,rock,rap
506823,627e3947aeb2f7ce00ed3f1a5f5aa3ba528c10eb,418144,149ed1a872fc261bdc49f00be6c0624a08cc43ff,11,0.7241677045822144,Rock  Roll Alchemy,Alabama Jubilee,Peter Doherty & Frdric Lo,Chet Atkins,2022,1954,rock,country
506823,627e3947aeb2f7ce00ed3f1a5f5aa3ba528c10eb,285253,084abbd503cbdb9cd6425616ba14c3a23a9454a1,12,0.7190669178962708,Rock  Roll Alchemy,A Word on My Ear,Peter Doherty & Frdric Lo,Flanders & Swann,2022,1951,rock,pop
506823,627e3947aeb2f7ce00ed3f1a5f5aa3ba528c10eb,3497,fac497c3d3baf31b759fd30d223129c1c6e16f4c,13,0.7276503443717957,Rock  Roll Alchemy,Murder Most Foul,Peter Doherty & Frdric Lo,Bob Dylan,2022,2020,rock,rock
506823,627e3947aeb2f7ce00ed3f1a5f5aa3ba528c10eb,442935,7181dc8f34f8d90d6e87dd2e773371abf03dc565,14,0.7167580723762512,Rock  Roll Alchemy,Rock N Roll/Ega,Peter Doherty & Frdric Lo,Daniel Johnston,2022,1994,rock,pop
506823,627e3947aeb2f7ce00ed3f1a5f5aa3ba528c10eb,481691,e0e69fdd8f28f0f9d06bba95d70146afc5934eab,15,0.7436229586601257,Rock  Roll Alchemy,History of Punk on the Lower East Side,Peter Doherty & Frdric Lo,Jeffrey Lewis,2022,2004,rock,rock
506823,627e3947aeb2f7ce00ed3f1a5f5aa3ba528c10eb,129889,12cc4484cb420b4066a7d5ababf4362b02cb3f82,16,0.7097434401512146,Rock  Roll Alchemy,Sweet Soul Music,Peter Doherty & Frdric Lo,Arthur Conley,2022,1967,rock,rb
506823,627e3947aeb2f7ce00ed3f1a5f5aa3ba528c10eb,407980,b651318bdea073ce1dfa9348d90e853a9a18b160,17,0.7182942628860474,Rock  Roll Alchemy,Anthem for a Lost Cause,Peter Doherty & Frdric Lo,Manic Street Preachers,2022,2013,rock,rock
506823,627e3947aeb2f7ce00ed3f1a5f5aa3ba528c10eb,267513,0373f5d6616262f5b8c405ad877aab0d52c2c539,18,0.719188928604126,Rock  Roll Alchemy,Swing That Music,Peter Doherty & Frdric Lo,Louis Armstrong,2022,2015,rock,pop
506823,627e3947aeb2f7ce00ed3f1a5f5aa3ba528c10eb,407645,f60fd087a3d3b3e5a719438c1ec6469b4ee19360,19,0.7300498485565186,Rock  Roll Alchemy,Soul Musik,Peter Doherty & Frdric Lo,Big Scoob,2022,2016,rock,rap
506823,627e3947aeb2f7ce00ed3f1a5f5aa3ba528c10eb,441455,d62007420d5e2b489dd23d04ed3782a0738730d1,20,0.7417269945144653,Rock  Roll Alchemy,Raptivity,Peter Doherty & Frdric Lo,Ronnie Gee,2022,1980,rock,rap
441300,edfbc6a9bf940734615899607dc99220acd51082,354443,3cd5a725d74e7e1079fc62c77645d62e39a9fe54,1,0.8992371559143066,Where Are You Know,Hold Me Down,Chris Sails,Danity Kane,2018,2006,rap,rb
441300,edfbc6a9bf940734615899607dc99220acd51082,32695,c8c176fc54098b40269961bf2a9ec321e70e862b,2,0.8955525159835815,Where Are You Know,Ms Capalot,Chris Sails,Polo G,2018,2018,rap,rap
441300,edfbc6a9bf940734615899607dc99220acd51082,98378,a683f93cfa41f06c6f191f90b95a579bf5a2b226,3,0.8863868713378906,Where Are You Know,21 Questions Remix,Chris Sails,50 Cent,2018,2013,rap,rap
441300,edfbc6a9bf940734615899607dc99220acd51082,158652,5871e1b8979d1e59f52fb4d853ed5c707d3cd6e1,4,0.8833356499671936,Where Are You Know,Ride With Me,Chris Sails,Bazanji,2018,2017,rap,rap
441300,edfbc6a9bf940734615899607dc99220acd51082,151733,be2cb0f2ed1078666a4ed83aca07d33a85c7036b,5,0.8773183226585388,Where Are You Know,Lil Tone RMB - Lie To Me,Chris Sails,Lil Tone RMB,2018,2019,rap,rb
441300,edfbc6a9bf940734615899607dc99220acd51082,18212,dc75d9ca4751c4c6b54bfcd015aff858678cfbcd,6,0.8977382183074951,Where Are You Know,Still Waiting,Chris Sails,Tory Lanez,2018,2019,rap,rb
441300,edfbc6a9bf940734615899607dc99220acd51082,17518,af7cde0ee132f289ccc9f75e3ae306b80202aed6,7,0.881879448890686,Where Are You Know,Luv Is Art,Chris Sails,A Boogie wit da Hoodie,2018,2020,rap,rb
441300,edfbc6a9bf940734615899607dc99220acd51082,158661,f3e9ccfb5434a9c56c36bede2022047227aa02f0,8,0.8906320333480835,Where Are You Know,Wide Open,Chris Sails,Mac Mall,2018,1999,rap,rap
441300,edfbc6a9bf940734615899607dc99220acd51082,385641,018e019f14c9f4a168ea87ac84faef7c89bbac4f,9,0.8782091736793518,Where Are You Know,Kuipers Belt,Chris Sails,Airospace,2018,2016,rap,rap
441300,edfbc6a9bf940734615899607dc99220acd51082,145543,2d6f0932e4cd42c8c281c17c8190f044606ac704,10,0.8827261924743652,Where Are You Know,Distant Lover,Chris Sails,Dreezy,2018,2015,rap,rb
441300,edfbc6a9bf940734615899607dc99220acd51082,388180,b9d44c19e836bb3db6478fefeddf9b9446358807,11,0.8795093297958374,Where Are You Know,Hold Me Down,Chris Sails,Prime Boys,2018,2018,rap,rap
441300,edfbc6a9bf940734615899607dc99220acd51082,81700,aa0606379cdb24fdfc3eb57a44bb48aa52bd0955,12,0.8770496845245361,Where Are You Know,Do You Care Pt. 2,Chris Sails,TJ Porter,2018,2020,rap,rap
441300,edfbc6a9bf940734615899607dc99220acd51082,234215,92a0033b89f8509bbc844cd4727ca7455c4a7ac3,13,0.8881765604019165,Where Are You Know,Hold You Down,Chris Sails,Jennifer Lopez,2018,2005,rap,pop
441300,edfbc6a9bf940734615899607dc99220acd51082,260933,8c9e10533de8dbfb19fdfa943e4f868d0d11ce7a,14,0.8811675906181335,Where Are You Know,Okayyy,Chris Sails,Hammad,2018,2020,rap,rap
441300,edfbc6a9bf940734615899607dc99220acd51082,394641,2bb9f10385baa1145a269e66ad6cf9ddac248c9c,15,0.8903285264968872,Where Are You Know,Dont Know Why,Chris Sails,Chris Webby,2018,2012,rap,rap
441300,edfbc6a9bf940734615899607dc99220acd51082,13079,3521740b229d442a04ccae4e74c6b2d18d5668c2,16,0.8810296058654785,Where Are You Know,Hold It Down,Chris Sails,J. Cole,2018,2009,rap,rap
441300,edfbc6a9bf940734615899607dc99220acd51082,92796,cd4363f31cf0ab7ea5c22f1ebc596f30a65847ee,17,0.878746747970581,Where Are You Know,All You Can Handle,Chris Sails,Adam Saleh,2018,2017,rap,pop
441300,edfbc6a9bf940734615899607dc99220acd51082,123601,8862c2d17d726ee60351fd9c091c392068e6f2e5,18,0.8700810670852661,Where Are You Know,​i love you...,Chris Sails,Sewerperson,2018,2019,rap,rap
441300,edfbc6a9bf940734615899607dc99220acd51082,99103,bdc517482a40793db77675b27f703714734fe273,19,0.8793786764144897,Where Are You Know,Embarrass,Chris Sails,A Boogie wit da Hoodie,2018,2019,rap,rap
441300,edfbc6a9bf940734615899607dc99220acd51082,416713,e76a0409efd6e58c6aeef33af49f692c3d4819b8,20,0.8897937536239624,Where Are You Know,Let Me Down,Chris Sails,Moosh & Twist,2018,2014,rap,rap
59058,1c71651fbfefe48a0d3c917fbcd14105c33783a9,202398,8496507c2e7ba8408718fdce761acf505eb45bf5,1,0.8099581599235535,Know My Ting,Dat a di Ting,Ghetts,Aidonia,2017,2016,rap,pop
59058,1c71651fbfefe48a0d3c917fbcd14105c33783a9,225200,8e0ef771dc5dd790dbd81490cb3c1e5fd2d59cb4,2,0.7819923162460327,Know My Ting,Sweet Tings,Ghetts,J-Soul,2017,2016,rap,rap
59058,1c71651fbfefe48a0d3c917fbcd14105c33783a9,475423,ba6967dd350fd41e42effb0ede50adb13c297868,3,0.788737416267395,Know My Ting,Barking Challenge,Ghetts,Rex P,2017,2018,rap,rb
59058,1c71651fbfefe48a0d3c917fbcd14105c33783a9,31704,9e21ee4199cc92497e0459fcc7eb89cbd945f7c7,4,0.8010535836219788,Know My Ting,Senseless Remix,Ghetts,Stefflon Don,2017,2018,rap,rap
59058,1c71651fbfefe48a0d3c917fbcd14105c33783a9,483397,72e71c26a84d678d6438dd6650863fa1f900303a,5,0.7909841537475586,Know My Ting,Likin,Ghetts,Fastlane Wez,2017,2019,rap,rap
59058,1c71651fbfefe48a0d3c917fbcd14105c33783a9,492140,84f118bdc53dfdb6a03d627f9dea9db9e32eee6d,6,0.7858954668045044,Know My Ting,Ting Dem,Ghetts,Giggs & Dubz,2017,2007,rap,rap
59058,1c71651fbfefe48a0d3c917fbcd14105c33783a9,427512,2ad4df8e124ba111ac3f75bf4cee2fd9384fc840,7,0.7633481025695801,Know My Ting,Tings on Me,Ghetts,Baka Not Nice,2017,2018,rap,rap
59058,1c71651fbfefe48a0d3c917fbcd14105c33783a9,221223,6e56493369c09e3048b13ad71cdbcc7c516ff113,8,0.7943440675735474,Know My Ting,Lingo,Ghetts,"Jevon, Kida Kudz & Diggy",2017,2019,rap,rap
59058,1c71651fbfefe48a0d3c917fbcd14105c33783a9,218541,b033078bf684b114d6e4c82dee638716a70e016c,9,0.7563998699188232,Know My Ting,About this Thing,Ghetts,Young Franco,2017,2017,rap,pop
59058,1c71651fbfefe48a0d3c917fbcd14105c33783a9,200727,be852a5fd1d157d8791bf998860bffb1048cb619,10,0.7834958434104919,Know My Ting,The Ultimate Otis,Ghetts,Motive (Demigodz),2017,2011,rap,rap
59058,1c71651fbfefe48a0d3c917fbcd14105c33783a9,43768,d454058510c8a1c9fee0390597070e8cb96c5933,11,0.7714362740516663,Know My Ting,Uptown Top Ranking,Ghetts,Althea and Donna,2017,1977,rap,rock
59058,1c71651fbfefe48a0d3c917fbcd14105c33783a9,159073,f427c2489b973a47aa490c5940f1a2694f8b543a,12,0.7614219188690186,Know My Ting,Trick’a Treat,Ghetts,Shenseea,2017,2019,rap,rap
59058,1c71651fbfefe48a0d3c917fbcd14105c33783a9,97136,2c2ba279bc1ca2f06dff51e3d802ad9dcca9dc45,13,0.7798935174942017,Know My Ting,Enchanting,Ghetts,Vybz Kartel,2017,2015,rap,rap
59058,1c71651fbfefe48a0d3c917fbcd14105c33783a9,404115,6a087755b1cf53c1ea303eaa1cd88f763f954d72,14,0.747287392616272,Know My Ting,Bag a Tings,Ghetts,General Degree,2017,1998,rap,rap
59058,1c71651fbfefe48a0d3c917fbcd14105c33783a9,362563,fcbea60e88a6319bfa7c93bb51a89d411ad1c6c0,15,0.7751492857933044,Know My Ting,Fix Tings,Ghetts,Demarco,2017,2020,rap,pop
59058,1c71651fbfefe48a0d3c917fbcd14105c33783a9,95052,df9ef6a663820731d295c3537b339dc0fe53da64,16,0.7756027579307556,Know My Ting,Explore Ya,Ghetts,MoStack,2017,2017,rap,rap
59058,1c71651fbfefe48a0d3c917fbcd14105c33783a9,115790,fcc21502cb64d3eaf93ea82622e7b1fbe69cb714,17,0.7750978469848633,Know My Ting,Pineapple Crush,Ghetts,Ramriddlz,2017,2015,rap,rap
59058,1c71651fbfefe48a0d3c917fbcd14105c33783a9,361499,3717170042f0eb5a5210eb582cbeddd296522ee9,18,0.766695499420166,Know My Ting,Lingo,Ghetts,Anik Khan & Jay Prince,2017,2020,rap,rap
59058,1c71651fbfefe48a0d3c917fbcd14105c33783a9,237763,bf2fb0a35f97902065556ca1c8068b47f7436121,19,0.7665097713470459,Know My Ting,Tattoo,Ghetts,Tommy Lee Sparta,2017,2020,rap,pop
59058,1c71651fbfefe48a0d3c917fbcd14105c33783a9,495516,d9f4c4e343d3ac16361e19f73a412a92c50c7a75,20,0.7821992635726929,Know My Ting,Tek Off,Ghetts,Popcaan,2017,2010,rap,rap
293296,4c79468fc59ed59ee278f400e5a7f62f148c9ed5,184036,7538acb7a4c8d17af24a9551468d02752e953d3c,1,0.8963228464126587,Ugly as Fuck,Youre My Type,2 Live Crew,Kanye West,1991,2011,rap,rap
293296,4c79468fc59ed59ee278f400e5a7f62f148c9ed5,387728,31d03bbf5bea438e65de36e99dc4a420d7caa397,2,0.8950796127319336,Ugly as Fuck,Pussy Aint Got No Face,2 Live Crew,Esham,1991,1989,rap,rap
293296,4c79468fc59ed59ee278f400e5a7f62f148c9ed5,104198,30d73f97eece0fbb046c251857e83cbf3068cbcb,3,0.8892224431037903,Ugly as Fuck,Ladies,2 Live Crew,Jeremih,1991,2012,rap,rap
293296,4c79468fc59ed59ee278f400e5a7f62f148c9ed5,111618,ee3f6e321aca7c421568e0483a9c7564247dd708,4,0.8774018287658691,Ugly as Fuck,Body a Canvas,2 Live Crew,K CAMP,1991,2018,rap,rap
293296,4c79468fc59ed59ee278f400e5a7f62f148c9ed5,108094,8f8ae8817d262d8ccfd3a68d381410567ebe0bf4,5,0.877130389213562,Ugly as Fuck,Beatin on Ma,2 Live Crew,Lil Dicky,1991,2013,rap,rap
293296,4c79468fc59ed59ee278f400e5a7f62f148c9ed5,494469,86b1709d278e399280aca4c67242d9c69ec896c6,6,0.8818055391311646,Ugly as Fuck,Table Dance,2 Live Crew,2 Live Crew,1991,1996,rap,rap
293296,4c79468fc59ed59ee278f400e5a7f62f148c9ed5,277544,8f9f9482dafa955daa094721d960c3050271efdc,7,0.8868128061294556,Ugly as Fuck,Female Players,2 Live Crew,Too $hort,1991,2002,rap,rap
293296,4c79468fc59ed59ee278f400e5a7f62f148c9ed5,272782,5cf0e00d13488d0bf197342052f5f20ddd537b5b,8,0.8855239748954773,Ugly as Fuck,Boing Boing,2 Live Crew,Insane Clown Posse,1991,2009,rap,rap
293296,4c79468fc59ed59ee278f400e5a7f62f148c9ed5,112943,8109e2081715fba8e5ad177a0c78239e111f3c3d,9,0.8884735703468323,Ugly as Fuck,Bitch Aint Shit,2 Live Crew,U.N.L.V.,1991,1994,rap,rap
293296,4c79468fc59ed59ee278f400e5a7f62f148c9ed5,411319,74a2dabeda25e63fe75a9180c86e1e55b72450db,10,0.872681736946106,Ugly as Fuck,Aint No Bitches,2 Live Crew,Too $hort,1991,1999,rap,rap
293296,4c79468fc59ed59ee278f400e5a7f62f148c9ed5,40432,903db27f97453de7e8f950b709d60810dcc4e82f,11,0.879107654094696,Ugly as Fuck,PG Click,2 Live Crew,DOM KENNEDY,1991,2012,rap,rap
293296,4c79468fc59ed59ee278f400e5a7f62f148c9ed5,4594,c26b86f743aadbc69feb404f0606fe8d2b5852a3,12,0.8835409283638,Ugly as Fuck,Competition,2 Live Crew,Azealia Banks,1991,2018,rap,rap
293296,4c79468fc59ed59ee278f400e5a7f62f148c9ed5,461899,ed49bddfd52e1ad6210069b7ddacee980fb76732,13,0.8790374994277954,Ugly as Fuck,Get At Me,2 Live Crew,Ras Kass,1991,1998,rap,rap
293296,4c79468fc59ed59ee278f400e5a7f62f148c9ed5,263730,17e8c0bbcd423958d5e3fca9053da7c7b26fbeab,14,0.8907173871994019,Ugly as Fuck,Project Bitch,2 Live Crew,Cash Money Millionaires,1991,2000,rap,pop
293296,4c79468fc59ed59ee278f400e5a7f62f148c9ed5,46569,3506066249bc4c002aeac54ce2d96cfd09aa4dc4,15,0.879002571105957,Ugly as Fuck,Showin Up,2 Live Crew,Kevin Gates,1991,2016,rap,rap
293296,4c79468fc59ed59ee278f400e5a7f62f148c9ed5,45436,897de172518b1dc277bac51d344921179b539d1f,16,0.8955109119415283,Ugly as Fuck,Sho Nuff,2 Live Crew,Tela,1991,1996,rap,rap
293296,4c79468fc59ed59ee278f400e5a7f62f148c9ed5,380186,69de5b95897ea387abf479e8311602afaed1fd23,17,0.8893960118293762,Ugly as Fuck,Doggy Style,2 Live Crew,Iconz,1991,2011,rap,rap
293296,4c79468fc59ed59ee278f400e5a7f62f148c9ed5,107149,70ddfaf70ee4b5a71801591fabc760096f753146,18,0.8884255886077881,Ugly as Fuck,TTYL,2 Live Crew,Global Dan,1991,2017,rap,rap
293296,4c79468fc59ed59ee278f400e5a7f62f148c9ed5,173919,f1a0b553873a0996be311a534d1ab186cd6c1824,19,0.8805431127548218,Ugly as Fuck,Levels Freestyle,2 Live Crew,Young M.A,1991,2013,rap,rap
293296,4c79468fc59ed59ee278f400e5a7f62f148c9ed5,459585,29ab281b3483ff6eade69082bf5ba6ff88801343,20,0.8824108242988586,Ugly as Fuck,Out My Face,2 Live Crew,Yelawolf,1991,2010,rap,rap
288390,042c844f59993e7c99d8ec3cde2d4cbd55c506f6,217110,1d1f03032d47d06fc705644953e2c57ae23abfcd,1,0.8266983032226562,Make It Happen,This Love,RFS DU SOL,Kadhja Bonet,2021,2016,pop,rb
288390,042c844f59993e7c99d8ec3cde2d4cbd55c506f6,442086,df329a5d72f14443b1da379773368a47aacd9da1,2,0.8155717849731445,Make It Happen,Could You Learn to Love,RFS DU SOL,Tevin Campbell,2021,1997,pop,rb
288390,042c844f59993e7c99d8ec3cde2d4cbd55c506f6,212104,14076d14396cd69a249db35c1a77489bcc81f2a1,3,0.8156879544258118,Make It Happen,Love,RFS DU SOL,Rosey,2021,2002,pop,pop
288390,042c844f59993e7c99d8ec3cde2d4cbd55c506f6,412432,4a67cfc35baf6fa04d5f56398212d900a71b9587,4,0.8183653950691223,Make It Happen,If We Fall in Love Tonight,RFS DU SOL,Rod Stewart,2021,1996,pop,pop
288390,042c844f59993e7c99d8ec3cde2d4cbd55c506f6,141060,04a446e5cab1eba5c30a242f54a866ef296ec50f,5,0.8132374882698059,Make It Happen,Love Wont Let Me Down,RFS DU SOL,Hillsong Young & Free,2021,2017,pop,pop
288390,042c844f59993e7c99d8ec3cde2d4cbd55c506f6,267440,a3151e2dbb13cecc6eae46d0c65518d28ef89dc2,6,0.8125443458557129,Make It Happen,Let Love Grow,RFS DU SOL,9 to 5 Original Broadway Cast,2021,2009,pop,country
288390,042c844f59993e7c99d8ec3cde2d4cbd55c506f6,204747,90e27925b02e50b3306ac96a0267344bb395557a,7,0.8151245713233948,Make It Happen,Nothings gonna change my love for you,RFS DU SOL,Fort,2021,2015,pop,pop
288390,042c844f59993e7c99d8ec3cde2d4cbd55c506f6,184377,bf10a9c41722efb5bc5a00d6acb832eb60c46a01,8,0.8143854737281799,Make It Happen,I Still Believe,RFS DU SOL,Brenda K. Starr,2021,1988,pop,pop
288390,042c844f59993e7c99d8ec3cde2d4cbd55c506f6,155951,96b95ddd6346a17ba886a6faeb7d3694a46d817b,9,0.8174341917037964,Make It Happen,Forever For Always For Love,RFS DU SOL,Lalah Hathaway,2021,2004,pop,rb
288390,042c844f59993e7c99d8ec3cde2d4cbd55c506f6,20069,d249c3e57d99f72f927569f41b71b6046f5cfcd3,10,0.8065274357795715,Make It Happen,Love Can Be...,RFS DU SOL,Vince Staples,2021,2017,pop,rap
288390,042c844f59993e7c99d8ec3cde2d4cbd55c506f6,106184,839fe57ddb156fea20cb230f8288b3111d61aa28,11,0.8058313131332397,Make It Happen,Take Me Now Edit,RFS DU SOL,David Gates,2021,2015,pop,pop
288390,042c844f59993e7c99d8ec3cde2d4cbd55c506f6,203390,fe3fab074edbfc40b854adc08da2d83bac96136d,12,0.808789849281311,Make It Happen,Strangers,RFS DU SOL,Maximillian,2021,2017,pop,rb
288390,042c844f59993e7c99d8ec3cde2d4cbd55c506f6,227329,3c345f953ae1667c17c7431e35498568e67b5db4,13,0.8068974018096924,Make It Happen,Love Is With Me Now,RFS DU SOL,Ashlee Hewitt,2021,2011,pop,country
288390,042c844f59993e7c99d8ec3cde2d4cbd55c506f6,325551,d77b41afff4d6e6cd1c077103bc3506fb3c2a64f,14,0.8176389336585999,Make It Happen,Take A Chance On Me,RFS DU SOL,Mr. Capone-E,2021,2003,pop,rap
288390,042c844f59993e7c99d8ec3cde2d4cbd55c506f6,156377,b6c15d2a528e50e988443d5377c9622a88d09c36,15,0.8067816495895386,Make It Happen,Love Will Lead You Back,RFS DU SOL,Taylor Dayne,2021,1990,pop,pop
288390,042c844f59993e7c99d8ec3cde2d4cbd55c506f6,25788,2575ecc9f44f319e9d7c38646dbab8a123db55d9,16,0.7915849685668945,Make It Happen,I Can Change,RFS DU SOL,LCD Soundsystem,2021,2010,pop,pop
288390,042c844f59993e7c99d8ec3cde2d4cbd55c506f6,436867,34499bb6b50532ab959398cfd4702cae6a84d166,17,0.8140940070152283,Make It Happen,Someone,RFS DU SOL,Brian Culbertson,2021,2015,pop,pop
288390,042c844f59993e7c99d8ec3cde2d4cbd55c506f6,5826,23a6228603ef76798f4cfeb7d9dea545c2cf1041,18,0.8056327700614929,Make It Happen,Separate Ways Worlds Apart,RFS DU SOL,Journey,2021,1983,pop,rock
288390,042c844f59993e7c99d8ec3cde2d4cbd55c506f6,245641,044d8b28c41bda50694d65c7422219bf47a6f9b5,19,0.8054920434951782,Make It Happen,Post Modern Fade,RFS DU SOL,Cottonwood Firing Squad,2021,2017,pop,rock
288390,042c844f59993e7c99d8ec3cde2d4cbd55c506f6,311053,b4178e801e1f0dd9289551e959146f0f4f2fc412,20,0.8062410354614258,Make It Happen,We Found Love,RFS DU SOL,Nora En Pure,2021,2019,pop,pop
344696,767fa74f115b7bddd89f3f08daf8984f74346bfa,166183,250b6b38cdc6b57ea76b1525b318860d74cd01a1,1,0.9054580926895142,Relentless Storm,Blazing Hot Fast Rap Mumble Rap/Jake Paul Diss,Sicknature,Mac Lethal,2013,2018,rap,rap
344696,767fa74f115b7bddd89f3f08daf8984f74346bfa,1667,9a4a15c337db2b6039d32a6a467373cec42f3b13,2,0.880500853061676,Relentless Storm,​everybody dies,Sicknature,J. Cole,2013,2016,rap,rap
344696,767fa74f115b7bddd89f3f08daf8984f74346bfa,480952,9073110e822f0af1a88eade0e06c017598bb3be7,3,0.8844676613807678,Relentless Storm,Rappers Do Not Like Me,Sicknature,Crypt & Futuristic,2013,2021,rap,rap
344696,767fa74f115b7bddd89f3f08daf8984f74346bfa,121693,86291b528a25c8d8a83bb1bc0464ae0ebf5b44c3,4,0.8766899704933167,Relentless Storm,G,Sicknature,G-Mo Skee,2013,2016,rap,rap
344696,767fa74f115b7bddd89f3f08daf8984f74346bfa,177503,c7dadb649701668d38a7b63c9dc8917d135c28e4,5,0.8754940032958984,Relentless Storm,Another Day,Sicknature,Blu & Exile,2013,2008,rap,rap
344696,767fa74f115b7bddd89f3f08daf8984f74346bfa,355273,9630906aba60012c744c90f412c29cb16bf7a1ed,6,0.8824167251586914,Relentless Storm,The King is Down Rakim Diss,Sicknature,Freddie Foxxx,2013,2006,rap,rap
344696,767fa74f115b7bddd89f3f08daf8984f74346bfa,162095,abdadc8f34889e5f6d1247aad6df330444c5f08d,7,0.8876516819000244,Relentless Storm,Same Day,Sicknature,Horseshoe G.A.N.G,2013,2015,rap,rap
344696,767fa74f115b7bddd89f3f08daf8984f74346bfa,349516,429d3144b32b509ea4a1ec71690cbfaf6d022f42,8,0.8825217485427856,Relentless Storm,Kizz My Black Azz,Sicknature,MC Ren,2013,1992,rap,rap
344696,767fa74f115b7bddd89f3f08daf8984f74346bfa,216473,ab78990026844d8a5ad7b8af5da9361094d9675e,9,0.8740025162696838,Relentless Storm,Bad Name Remix,Sicknature,Gang Starr,2013,2020,rap,rap
344696,767fa74f115b7bddd89f3f08daf8984f74346bfa,236983,deb9a2ec9fcf4a853c249b61fb149a835d0932d7,10,0.8730649948120117,Relentless Storm,F.H.H.,Sicknature,RJD2,2013,2002,rap,rap
344696,767fa74f115b7bddd89f3f08daf8984f74346bfa,150761,a28d98754f456dd65bfd1fc97d02c09b6a27a88e,11,0.8852124214172363,Relentless Storm,Mission Statement,Sicknature,Chris Webby,2013,2012,rap,rap
344696,767fa74f115b7bddd89f3f08daf8984f74346bfa,238131,9f43b685787d9aebb802930952d4a9307a277b38,12,0.8619660139083862,Relentless Storm,Fuck Worldstar,Sicknature,Lockness Monsta,2013,2012,rap,rap
344696,767fa74f115b7bddd89f3f08daf8984f74346bfa,273512,c2600d7008f656d9ce46f68c08b85506c46f40e3,13,0.8796721696853638,Relentless Storm,Niggas Off The Street,Sicknature,N.O.T.S. (Rap),2013,1992,rap,rap
344696,767fa74f115b7bddd89f3f08daf8984f74346bfa,155266,362e03d115698b7cd92a259117766c804c8cfa0a,14,0.8819265365600586,Relentless Storm,Whats Really Goin On?,Sicknature,Aqualeo,2013,2011,rap,rap
344696,767fa74f115b7bddd89f3f08daf8984f74346bfa,71571,5981b6509a5a91cd661d5a0ae6599b58b403d3c3,15,0.8819708228111267,Relentless Storm,NY ’87 Original Version,Sicknature,Tha Dogg Pound,2013,2012,rap,rap
344696,767fa74f115b7bddd89f3f08daf8984f74346bfa,381516,8172ee0553e9d7afcbaa1c30a76c4d1c7d3da407,16,0.8872613310813904,Relentless Storm,The Antidote,Sicknature,C-Mob,2013,2012,rap,rap
344696,767fa74f115b7bddd89f3f08daf8984f74346bfa,99463,c6988a726980e990324634b1164b781f50a86fa1,17,0.8768136501312256,Relentless Storm,Mt. Olympus Reprise,Sicknature,Big K.R.I.T.,2013,2014,rap,rap
344696,767fa74f115b7bddd89f3f08daf8984f74346bfa,117615,70554ab686761b99ed3ccbff350d4da9f51dd363,18,0.8785165548324585,Relentless Storm,10 Minutes,Sicknature,Stormzy,2013,2015,rap,rap
344696,767fa74f115b7bddd89f3f08daf8984f74346bfa,28388,1a49d0b87bb7cd7bd4310c1d67f523720a2d96dd,19,0.8869595527648926,Relentless Storm,Death to Mumble Rap,Sicknature,GAWNE,2013,2019,rap,rap
344696,767fa74f115b7bddd89f3f08daf8984f74346bfa,260987,2684f6913f8480e1e9ef6c3419fa57699b47f428,20,0.8680005669593811,Relentless Storm,Fuck Hollywood,Sicknature,Tha Realest,2013,2000,rap,rap
296325,2d7d2146b62697c3746ad2915f6c647b0792acaa,401331,d59c29192c0a25e357267f9f47a3e9356e6ee608,1,0.9035242199897766,One More Time,Look Up To The Sky,YONAS,Fly Union,1997,2013,rap,rap
296325,2d7d2146b62697c3746ad2915f6c647b0792acaa,2595,050581dd384e4781082c9afe1c5981de703355c0,2,0.8826068639755249,One More Time,Remember the Name,YONAS,Ed Sheeran,1997,2019,rap,rap
296325,2d7d2146b62697c3746ad2915f6c647b0792acaa,123920,91137ac3117f095f9b0d9e3f9bac8246422edf60,3,0.8933858871459961,One More Time,Cool with Me,YONAS,The Rap Game Clan,1997,2016,rap,rap
296325,2d7d2146b62697c3746ad2915f6c647b0792acaa,5305,fd623baadd4b8573098f0181c5df7d416f087ca5,4,0.8930715322494507,One More Time,What More Can I Say,YONAS,JAY-Z,1997,2003,rap,rap
296325,2d7d2146b62697c3746ad2915f6c647b0792acaa,187385,53e66227eb21f4950f09201fb320e73f37663539,5,0.88441002368927,One More Time,Therapy,YONAS,Masta Killa,1997,2016,rap,rap
296325,2d7d2146b62697c3746ad2915f6c647b0792acaa,377080,f7da03a0d33c2f709f56239fc7646cd3809d6223,6,0.8917744159698486,One More Time,You Must Be Crazy,YONAS,Chamillionaire,1997,2007,rap,rap
296325,2d7d2146b62697c3746ad2915f6c647b0792acaa,142221,450c95b3a955181223e5fa7f907f57c137db4a2d,7,0.8957783579826355,One More Time,Westwood Freestyle,YONAS,Wiley,1997,2008,rap,rap
296325,2d7d2146b62697c3746ad2915f6c647b0792acaa,73572,b34a7f9702601860bd767a9f1e6e6820d92ab060,8,0.8888375759124756,One More Time,Just Rhymin with Biz,YONAS,Big Daddy Kane,1997,1988,rap,rap
296325,2d7d2146b62697c3746ad2915f6c647b0792acaa,119371,c37371f2d5eaf10217886ccc9a36ccaffca3ef03,9,0.9016474485397339,One More Time,Cvtvlyst,YONAS,Wynne (Rapper),1997,2017,rap,rap
296325,2d7d2146b62697c3746ad2915f6c647b0792acaa,23845,0e9222856b2d6cbbe84b4f47c563444ad7b7a204,10,0.8902402520179749,One More Time,Good Evening,YONAS,Mac Miller,1997,2010,rap,rap
296325,2d7d2146b62697c3746ad2915f6c647b0792acaa,255161,1301b18f95d9a1ba37a2539f9e3edcd51623906d,11,0.8809071183204651,One More Time,One of a Kind,YONAS,NEFFEX,1997,2017,rap,rap
296325,2d7d2146b62697c3746ad2915f6c647b0792acaa,28791,5226a8ca4a3baca5a7099fbd3747ef47208b3e51,12,0.8894327282905579,One More Time,The Presentation,YONAS,Drake,1997,2007,rap,rap
296325,2d7d2146b62697c3746ad2915f6c647b0792acaa,382315,fc23df4aacc2cbdbf1e90ded20ef297f9a0c08d2,13,0.8944088220596313,One More Time,Darkside Freestyle,YONAS,Ghetts,1997,2008,rap,rap
296325,2d7d2146b62697c3746ad2915f6c647b0792acaa,300921,b5a807e4b47b4f0b32b567d12c5493c1b18c964d,14,0.8821911811828613,One More Time,Still Got It,YONAS,J.Robb,1997,2016,rap,rap
296325,2d7d2146b62697c3746ad2915f6c647b0792acaa,426437,53cd73d38949c9fb8f78f52309abbab6103bcf58,15,0.8878583908081055,One More Time,Selfish Freestyle,YONAS,Hit-Boy,1997,2013,rap,rap
296325,2d7d2146b62697c3746ad2915f6c647b0792acaa,400092,05642d480d1bd5b79164e6648677f17360a6dce5,16,0.8863754272460938,One More Time,Poetic Justice Remix,YONAS,Justin Starling,1997,2012,rap,rap
296325,2d7d2146b62697c3746ad2915f6c647b0792acaa,178220,0ce95ca1f71f58173b1231c1114d6a28669f26e0,17,0.8903712034225464,One More Time,Russ Freestyles on Flex | Freestyle 059,YONAS,Russ,1997,2017,rap,rap
296325,2d7d2146b62697c3746ad2915f6c647b0792acaa,99943,f598144e2789c4ae6c49db8e9cebe7a49915fca6,18,0.8903254270553589,One More Time,Tim Westwood Freestyle,YONAS,Kanye West,1997,2005,rap,rap
296325,2d7d2146b62697c3746ad2915f6c647b0792acaa,52629,0f9531f4838b7d59953c9b161677b496d32d6212,19,0.8909605145454407,One More Time,Its Over,YONAS,Ces Cru,1997,2012,rap,rap
296325,2d7d2146b62697c3746ad2915f6c647b0792acaa,169668,2cc6c4e7dc737989d405c1d63d605c58565b123f,20,0.8923333883285522,One More Time,Feeling Myself,YONAS,Chip,1997,2015,rap,rap
310892,2fb689105cf5c01a3fa02cc4e908c6d38d5fd776,80384,ae7b66967321a2c38fade3a08a900886d673af40,1,0.9993568658828735,If You Hadnt But You Did From Two On The Aisle 1951,If You Hadnt but You Did,Kristin Chenoweth,Kristin Chenoweth,2015,2015,pop,pop
310892,2fb689105cf5c01a3fa02cc4e908c6d38d5fd776,443616,8406816401bec56fe52574e1aae21f209314f514,2,0.9943104982376099,If You Hadnt But You Did From Two On The Aisle 1951,If You Hadnt But You Did,Kristin Chenoweth,Liza Minnelli,2015,1987,pop,pop
310892,2fb689105cf5c01a3fa02cc4e908c6d38d5fd776,298989,b225720d9112598496955ccd020f8a3133808483,3,0.8521995544433594,If You Hadnt But You Did From Two On The Aisle 1951,If I Had,Kristin Chenoweth,FO&O,2015,2017,pop,pop
310892,2fb689105cf5c01a3fa02cc4e908c6d38d5fd776,414,3825aab5c08bd34af1579056b70d1180dd561f9e,4,0.8388527035713196,If You Hadnt But You Did From Two On The Aisle 1951,​the 1,Kristin Chenoweth,Taylor Swift,2015,2020,pop,pop
310892,2fb689105cf5c01a3fa02cc4e908c6d38d5fd776,458507,bb1fc3206f0549f7cbcb681ea3f6d7b9eb2a8465,5,0.8446085453033447,If You Hadnt But You Did From Two On The Aisle 1951,Why,Kristin Chenoweth,Zack Hemsey,2015,2010,pop,pop
310892,2fb689105cf5c01a3fa02cc4e908c6d38d5fd776,282608,e6b6a633d94897f69babde3147358f7a022816ce,6,0.8337773084640503,If You Hadnt But You Did From Two On The Aisle 1951,If I Didnt Have You,Kristin Chenoweth,BANNERS,2015,2021,pop,pop
310892,2fb689105cf5c01a3fa02cc4e908c6d38d5fd776,439347,ae310e2d4729f13cc72bd2f22d9768797e5c2831,7,0.8245264887809753,If You Hadnt But You Did From Two On The Aisle 1951,Killer,Kristin Chenoweth,Lexii Alijai,2015,2014,pop,rap
310892,2fb689105cf5c01a3fa02cc4e908c6d38d5fd776,340983,3e01dde2dbea40fb92fc878ccb9c9cc8c2c9898c,8,0.807340681552887,If You Hadnt But You Did From Two On The Aisle 1951,Resurrect Me,Kristin Chenoweth,All Tvvins,2015,2016,pop,rock
310892,2fb689105cf5c01a3fa02cc4e908c6d38d5fd776,102525,37609380d143cc976bceb0de8c6b58913c4ef5d3,9,0.8331053853034973,If You Hadnt But You Did From Two On The Aisle 1951,X Offender,Kristin Chenoweth,Blondie,2015,1976,pop,rock
310892,2fb689105cf5c01a3fa02cc4e908c6d38d5fd776,12997,7a7bddee3d87f5bf4543cd92ad3f798757360b28,10,0.82743239402771,If You Hadnt But You Did From Two On The Aisle 1951,Been You,Kristin Chenoweth,Justin Bieber,2015,2015,pop,pop
310892,2fb689105cf5c01a3fa02cc4e908c6d38d5fd776,248527,2130be0e1649e22be692c68db2ca615839cca368,11,0.8210471868515015,If You Hadnt But You Did From Two On The Aisle 1951,Best,Kristin Chenoweth,Theo Katzman,2015,2020,pop,pop
310892,2fb689105cf5c01a3fa02cc4e908c6d38d5fd776,30885,4fd6c722d80c87e76752bbfd2048c0be6ea1ca00,12,0.8242391347885132,If You Hadnt But You Did From Two On The Aisle 1951,Partners in Crime,Kristin Chenoweth,FINNEAS,2015,2019,pop,pop
310892,2fb689105cf5c01a3fa02cc4e908c6d38d5fd776,362969,13319737d194d0490240152e5653e27b75d55c95,13,0.8311676979064941,If You Hadnt But You Did From Two On The Aisle 1951,You Would,Kristin Chenoweth,Illuminate,2015,2015,pop,rap
310892,2fb689105cf5c01a3fa02cc4e908c6d38d5fd776,493,72cf0b9d14a255add49fc1f9e16b323a0ecc5e7d,14,0.8208068609237671,If You Hadnt But You Did From Two On The Aisle 1951,Teenage Fever,Kristin Chenoweth,Drake,2015,2017,pop,pop
310892,2fb689105cf5c01a3fa02cc4e908c6d38d5fd776,124702,09cf0cc28349da7349ca2d450766dde70f85df16,15,0.8322077393531799,If You Hadnt But You Did From Two On The Aisle 1951,An Open Letter: the Introduction,Kristin Chenoweth,Nicotine,2015,2017,pop,rb
310892,2fb689105cf5c01a3fa02cc4e908c6d38d5fd776,172505,9fe319a1f75cd4b48c14b5b6149e6b8873802437,16,0.8009545207023621,If You Hadnt But You Did From Two On The Aisle 1951,Could Be You,Kristin Chenoweth,Allah-Las,2015,2016,pop,rock
310892,2fb689105cf5c01a3fa02cc4e908c6d38d5fd776,466768,575c793eb9471f5ef81937ed8a53caf389672117,17,0.8169136643409729,If You Hadnt But You Did From Two On The Aisle 1951,What I Am,Kristin Chenoweth,Witchcraft,2015,2004,pop,rock
310892,2fb689105cf5c01a3fa02cc4e908c6d38d5fd776,133292,ea481802b4905dc92a3cefb306fe50f378b97dc6,18,0.8172585368156433,If You Hadnt But You Did From Two On The Aisle 1951,The Place You Love,Kristin Chenoweth,Have Mercy,2015,2014,pop,rock
310892,2fb689105cf5c01a3fa02cc4e908c6d38d5fd776,477710,ddd2d1c7b4a29d22af9205d6907ef83919aa524e,19,0.8170568346977234,If You Hadnt But You Did From Two On The Aisle 1951,I Wish You Were Dead,Kristin Chenoweth,Bored Nothing,2015,2012,pop,pop
310892,2fb689105cf5c01a3fa02cc4e908c6d38d5fd776,490018,4417f28353fa0830e3ca1e12811af8440237ea3d,20,0.8310977220535278,If You Hadnt But You Did From Two On The Aisle 1951,Truthful,Kristin Chenoweth,Heavy D & The Boyz,2015,1993,pop,rap
210688,a6a2f18e1555176620302110ad85171c18fbb033,435637,375df8d7b88a943255db122c62a1300b22072c8f,1,0.8596279621124268,I Love You,I Love You,Alex Clare,Lee Clayton,2011,1979,pop,rock
210688,a6a2f18e1555176620302110ad85171c18fbb033,115783,7fbc05847cc175428229e92a56871b593445fa95,2,0.8337999582290649,I Love You,No Words,Alex Clare,The Script,2011,2012,pop,rock
210688,a6a2f18e1555176620302110ad85171c18fbb033,407025,91be07b54c24922533a44bcad2404503f6faaeae,3,0.8532772064208984,I Love You,The I Love You Song,Alex Clare,Charles Aznavour,2011,1974,pop,pop
210688,a6a2f18e1555176620302110ad85171c18fbb033,392732,b332c055a1655b72e5e3d0f0c9f98578a4dbe857,4,0.8550294637680054,I Love You,Tongue Tied,Alex Clare,Brynn Elliott,2011,2018,pop,pop
210688,a6a2f18e1555176620302110ad85171c18fbb033,245720,aa13822118abb70832990475ee8d6fbe9b3fb0ca,5,0.855812668800354,I Love You,Love I Hear,Alex Clare,Stephen Sondheim,2011,1962,pop,pop
210688,a6a2f18e1555176620302110ad85171c18fbb033,123794,4057c9ae25224da792bf505722d667ae968a8b7a,6,0.8536508679389954,I Love You,1 syllable,Alex Clare,REVERIE,2011,2013,pop,rap
210688,a6a2f18e1555176620302110ad85171c18fbb033,446736,1b05bd59d12a0d5b759562046e4bdd69b851dfae,7,0.8482193350791931,I Love You,Suki Igai no Kotoba de,Alex Clare,Yagate Kimi Ni Naru,2011,2018,pop,pop
210688,a6a2f18e1555176620302110ad85171c18fbb033,385314,eee02ed6445642fb05faae7272a5ced4ca33b6c5,8,0.8411358594894409,I Love You,Put You Into Words,Alex Clare,Clare Dunn,2011,2018,pop,country
210688,a6a2f18e1555176620302110ad85171c18fbb033,152025,8a90c468dfacf03dad3273310effb923d4b72fd2,9,0.844437837600708,I Love You,Tip of My Tongue,Alex Clare,Diesel (Other),2011,1992,pop,pop
210688,a6a2f18e1555176620302110ad85171c18fbb033,398991,43c2331484b482b63f54a201bc2a57278af4a16d,10,0.8471540212631226,I Love You,Couldnt Have Said It Better,Alex Clare,Meat Loaf,2011,2003,pop,rock
210688,a6a2f18e1555176620302110ad85171c18fbb033,35553,2f42e9e3ef980fcfd674c991788d899b7a5ba431,11,0.8455246686935425,I Love You,The I Love You Song,Alex Clare,William Finn,2011,2005,pop,misc
210688,a6a2f18e1555176620302110ad85171c18fbb033,324686,2ef5c42476a787d7b4156d96e9f996936a87e5d6,12,0.8501293063163757,I Love You,Tell Me a Lie,Alex Clare,Njomza,2011,2013,pop,rap
210688,a6a2f18e1555176620302110ad85171c18fbb033,477956,ece4f22c4f51f27f65a5cd5a69a61facefada333,13,0.8355412483215332,I Love You,Easy For Me To Say,Alex Clare,Clint Black,2011,2001,pop,country
210688,a6a2f18e1555176620302110ad85171c18fbb033,138075,57a297b11d11d42915c87636dfc0d6b226d0ab7c,14,0.8467392325401306,I Love You,Promise,Alex Clare,"James Snyder, Jenna Leigh Green, Christopher Johnson, Matt Doyle & Keili Lefkovitz",2011,2008,pop,pop
210688,a6a2f18e1555176620302110ad85171c18fbb033,149095,167760d4946fd30d554fceffbe39113614eb465c,15,0.8502970337867737,I Love You,Speaking Of Love,Alex Clare,Tatiana Manaois,2011,2015,pop,pop
210688,a6a2f18e1555176620302110ad85171c18fbb033,62637,1a3ff73891276fc81a2c0c6530c9a1f6d8a2932f,16,0.8321998119354248,I Love You,If You Say So,Alex Clare,Lea Michele,2011,2014,pop,rock
210688,a6a2f18e1555176620302110ad85171c18fbb033,270742,b88e97ea8594e09b32000cb63fa6bd95caa16fd6,17,0.8406281471252441,I Love You,If I Told You This Was Killing Me Would You Stop,Alex Clare,The Juliana Theory,2011,2000,pop,rock
210688,a6a2f18e1555176620302110ad85171c18fbb033,465673,ebf071afd94fd36bf2dbf6d9f362d795a18de619,18,0.8554706573486328,I Love You,바다 보러 갈래? Be My Lover,Alex Clare,Kim Jong Kook  ATEEZ,2011,2021,pop,pop
210688,a6a2f18e1555176620302110ad85171c18fbb033,327775,b5fc3556259fbf8fe157871b0e51190eb1f3ca30,19,0.8422948122024536,I Love You,Yall,Alex Clare,The-Dream,2011,2013,pop,rap
210688,a6a2f18e1555176620302110ad85171c18fbb033,132315,42938de640a302bd5dc4760707fdfd24ed40de5f,20,0.847948431968689,I Love You,I Wish You Knew,Alex Clare,Mariah Carey,2011,2005,pop,pop
473269,603c1678471df82964c12c3f8bad98f3614fde05,46144,ca3b44a0f6727bbfaf2b9d37ceeb2cb9dbb67565,1,0.7905100584030151,Magic,Magic Ways,Kisch, (Tatsuro Yamashita),2021,1984,pop,pop
473269,603c1678471df82964c12c3f8bad98f3614fde05,301910,b5350f4e45b284bed8f2eb694a9860d443f93d9d,2,0.7867165803909302,Magic,Your Love,Kisch,Boyz II Men,2021,1991,pop,rb
473269,603c1678471df82964c12c3f8bad98f3614fde05,484038,8a3476f999aa25d0078605701775cbddc860f0a1,3,0.7895509600639343,Magic,Tragic Love,Kisch,Alfie Templeman,2021,2019,pop,rock
473269,603c1678471df82964c12c3f8bad98f3614fde05,166190,f92360a57bd8f43fb2f093b5faa2357698e5a461,4,0.7758917808532715,Magic,Addicted Pt. II,Kisch,JMSN,2021,2014,pop,rb
473269,603c1678471df82964c12c3f8bad98f3614fde05,177790,188d9e54d2a8ceab2aaa4f2e09775f383e53114b,5,0.7440423369407654,Magic,Tear Me to Pieces,Kisch,Meg Myers,2021,2018,pop,rock
473269,603c1678471df82964c12c3f8bad98f3614fde05,54682,95efcf6aebae9059b5e206aa593eabae5f333cf3,6,0.7652862071990967,Magic,Bloodsucker,Kisch,Flowars,2021,2019,pop,rap
473269,603c1678471df82964c12c3f8bad98f3614fde05,429159,2daa5ae2526f70a79267c0f0acca0b1a1c0fe247,7,0.7779902219772339,Magic,Suddenly Its Magic,Kisch,Vesta Williams,2021,1986,pop,rb
473269,603c1678471df82964c12c3f8bad98f3614fde05,262460,a27c937116581dc4574f539772bfeab35982ac24,8,0.7829151153564453,Magic,BAD LOVE,Kisch,KEY,2021,2021,pop,pop
473269,603c1678471df82964c12c3f8bad98f3614fde05,296190,3ed61649625444d99398c303ae9e4e1c1a8bec56,9,0.7759664058685303,Magic,It Must Be Magic,Kisch,Teena Marie,2021,1981,pop,pop
473269,603c1678471df82964c12c3f8bad98f3614fde05,98003,ebb3bc2222d26bd95aa6bd93de42f3a0c7b0adc7,10,0.7601475119590759,Magic,Beautiful Madness,Kisch,Michael Patrick Kelly,2021,2020,pop,pop
473269,603c1678471df82964c12c3f8bad98f3614fde05,170277,de0f01f5ef72ff50c5baafd8bab600ef59439cd3,11,0.7818211913108826,Magic,LOVE 3X,Kisch,ZZ Ward,2021,2015,pop,rock
473269,603c1678471df82964c12c3f8bad98f3614fde05,281541,ac18708cc1bac526eb11b4f2ab007f186ca0b48e,12,0.7743350267410278,Magic,Love Hurts,Kisch,Happy Hour (Florida),2021,2019,pop,rock
473269,603c1678471df82964c12c3f8bad98f3614fde05,379209,49ffb56cd81632cda3d094c99c5a50432a1f1420,13,0.7689518928527832,Magic,Crazy Love,Kisch,MC Jin,2021,2012,pop,rap
473269,603c1678471df82964c12c3f8bad98f3614fde05,276066,e10c05bbde038cf7fb0fca34bfac6a792cead926,14,0.760731041431427,Magic,Obsession,Kisch,Hedley,2021,2017,pop,pop
473269,603c1678471df82964c12c3f8bad98f3614fde05,275648,e5f843f4c1b8a5b1857d53fdddcaacce46c3a4cc,15,0.7487027645111084,Magic,Love Is Like An Itching In My Heart,Kisch,The Supremes,2021,1966,pop,rb
473269,603c1678471df82964c12c3f8bad98f3614fde05,353915,c245245f0cbeff475a947ef986fa1b1138ef6d19,16,0.7380804419517517,Magic,Sweet Pain,Kisch,Kiss,2021,1976,pop,rock
473269,603c1678471df82964c12c3f8bad98f3614fde05,297514,4d6e88674371db866f85ca6e18076eaa5e3ad458,17,0.7725553512573242,Magic,Love Trilogy,Kisch,Red Hot Chili Peppers,2021,1987,pop,rock
473269,603c1678471df82964c12c3f8bad98f3614fde05,388288,334bddca6823f2951f025a3f9cf296449b33b6a4,18,0.7417285442352295,Magic,Love Is a Magical Thing,Kisch,Anna Biller,2021,2016,pop,pop
473269,603c1678471df82964c12c3f8bad98f3614fde05,417355,f2fbc5a77fea5d5b503bc57325e07d0568a71db8,19,0.7740753293037415,Magic,Heavy Love Affair,Kisch,Marvin Gaye,2021,1981,pop,rb
473269,603c1678471df82964c12c3f8bad98f3614fde05,54291,1cc557335ed3ac736ed11cbf068d5939bf214b6d,20,0.7670229077339172,Magic,Number 13,Kisch,Nothing But Thieves,2021,2017,pop,rock
440126,91ea9a22b53070e1cf4b7636649489848eb69f0d,78445,9bade0b9306f897851c6c776636f847419ca04e3,1,0.8328936100006104,Bible Love,Freedom,Unknown T,Clipse,2021,2010,rap,rap
440126,91ea9a22b53070e1cf4b7636649489848eb69f0d,331943,493f47338b15d7810cd895bb159a6081e4359a2b,2,0.8292514085769653,Bible Love,Billy x Pain,Unknown T,KAVO (UK),2021,2021,rap,rap
440126,91ea9a22b53070e1cf4b7636649489848eb69f0d,129643,74e19a3f1a42db396a5efff6b7c54eb5ca0a60fe,3,0.8216019868850708,Bible Love,My Love For You,Unknown T,The Game,2021,2006,rap,rap
440126,91ea9a22b53070e1cf4b7636649489848eb69f0d,504580,ba54275e4c6180ae350675c73571b4ca4f46694d,4,0.8195661306381226,Bible Love,God Send,Unknown T,Phife Dawg,2021,2022,rap,rap
440126,91ea9a22b53070e1cf4b7636649489848eb69f0d,65126,4d62ac0d02718fa84801e18494dd07586d65e918,5,0.8144527673721313,Bible Love,Bound 2 Freestyle,Unknown T,Rick Ross,2021,2014,rap,rap
440126,91ea9a22b53070e1cf4b7636649489848eb69f0d,290123,542f5a7fab707fa38b2ea453e228b2dab8993bb0,6,0.8155505657196045,Bible Love,Boys Dont Cry,Unknown T,Issa Gold,2021,2020,rap,rap
440126,91ea9a22b53070e1cf4b7636649489848eb69f0d,459594,0ca3e7b3502aeba80c55f97275f54d696a0567a0,7,0.8107849359512329,Bible Love,This Is Me,Unknown T,Reks,2021,2011,rap,rap
440126,91ea9a22b53070e1cf4b7636649489848eb69f0d,64291,0c64fd256bf1be438c190ed951f5c406b97eff96,8,0.816000759601593,Bible Love,Before the Great Collapse,Unknown T,Jedi Mind Tricks,2021,2004,rap,rap
440126,91ea9a22b53070e1cf4b7636649489848eb69f0d,5084,796a24d5ea79f7e8353e32bf2782ed6cee203278,9,0.8177871704101562,Bible Love,The Book of Soul,Unknown T,Ab-Soul,2021,2012,rap,rap
440126,91ea9a22b53070e1cf4b7636649489848eb69f0d,273965,4266209c21707579a4c97b41d3433944dd27ab25,10,0.8277627825737,Bible Love,Common Freestyle | LA Leakers Freestyle 119,Unknown T,Common,2021,2021,rap,rap
440126,91ea9a22b53070e1cf4b7636649489848eb69f0d,175653,7ccee529464abf6d771fbc3d71da6d5a64359c6b,11,0.8151182532310486,Bible Love,Higher Self,Unknown T,Navy Blue,2021,2019,rap,rap
440126,91ea9a22b53070e1cf4b7636649489848eb69f0d,126226,31d099c2abd7efc1627e9a62926add930780576d,12,0.8275864124298096,Bible Love,Letter To Pun,Unknown T,Cuban Link,2021,2005,rap,rap
440126,91ea9a22b53070e1cf4b7636649489848eb69f0d,497780,73d8c0ccd817dd4ce05ea8d8c1358ec65296db5e,13,0.8187196254730225,Bible Love,The Process,Unknown T,Kirk Franklin,2021,2005,rap,pop
440126,91ea9a22b53070e1cf4b7636649489848eb69f0d,11828,614b1013855fa10ddcfe5350344af504e5d0e147,14,0.8020623326301575,Bible Love,Blueprint Momma Loves Me,Unknown T,JAY-Z,2021,2001,rap,rap
440126,91ea9a22b53070e1cf4b7636649489848eb69f0d,11316,9cceccf2a711e7862df6fbda6a08e919e5d87c66,15,0.8233969211578369,Bible Love,Open Mic\\Aquarius III,Unknown T,Logic,2021,2020,rap,rap
440126,91ea9a22b53070e1cf4b7636649489848eb69f0d,436618,fb6cb451eacb72616bde4e01ea50e1df14aee009,16,0.8072769641876221,Bible Love,Holy Ghost,Unknown T,Blaklez & Pdot O,2021,2020,rap,rap
440126,91ea9a22b53070e1cf4b7636649489848eb69f0d,307485,6ffbb528f264dbf39a1988a936e10b7a943d52bb,17,0.8158985376358032,Bible Love,AKFAM,Unknown T,G&E Music,2021,2014,rap,rap
440126,91ea9a22b53070e1cf4b7636649489848eb69f0d,199840,7e7d4927b8eef2ad1210bd7f449f9e0259a68c09,18,0.8193323612213135,Bible Love,Head Games,Unknown T,Sylvan LaCue,2021,2018,rap,rap
440126,91ea9a22b53070e1cf4b7636649489848eb69f0d,261224,61eccdc321e54014d90f50a28e4bcdda47a178ed,19,0.8089554309844971,Bible Love,Due Time,Unknown T,KAHUKX,2021,2022,rap,rap
440126,91ea9a22b53070e1cf4b7636649489848eb69f0d,287946,2582731abf95046ef0c7421cb8690ed44113229a,20,0.8062335848808289,Bible Love,Growing,Unknown T,CYNE,2021,2004,rap,rap
327331,76b6ebb9cf4a410bc3986200fdf364963d0c7e14,371659,7717b3c4af5a6ed783b9e7730e6684e0e3884cba,1,0.8326799869537354,Barely Finished,Whoa Now,BrvndonP & Mission,B-Rich,2017,2002,rap,rap
327331,76b6ebb9cf4a410bc3986200fdf364963d0c7e14,363640,97010777c34ac7206303b46fc62919dec575d724,2,0.8220453262329102,Barely Finished,Work,BrvndonP & Mission,The Next Step,2017,2018,rap,pop
327331,76b6ebb9cf4a410bc3986200fdf364963d0c7e14,198559,25ee87e6faf431d1fa08bf01808ddb0fa9018bdc,3,0.8263683915138245,Barely Finished,13 Months in 6 Minutes,BrvndonP & Mission,The Wrens,2017,2003,rap,rock
327331,76b6ebb9cf4a410bc3986200fdf364963d0c7e14,188633,b5d06020243004d4fa1fa7c9e7b2317ca6a6bb9b,4,0.8020541667938232,Barely Finished,Showdown,BrvndonP & Mission,Marty Grimes,2017,2019,rap,rb
327331,76b6ebb9cf4a410bc3986200fdf364963d0c7e14,134294,8c5cab83495eb8dea5128165ba466cea454d6737,5,0.8109183311462402,Barely Finished,Right Right Now Now,BrvndonP & Mission,Beastie Boys,2017,2004,rap,rap
327331,76b6ebb9cf4a410bc3986200fdf364963d0c7e14,337188,0afc8f16d243f440940e165125ebfeec6b35fbae,6,0.8270938992500305,Barely Finished,We Get By,BrvndonP & Mission,Derek Pope,2017,2018,rap,rap
327331,76b6ebb9cf4a410bc3986200fdf364963d0c7e14,374457,2645a458323a0f193ef41ccc51e356545f63cd4c,7,0.8106605410575867,Barely Finished,Start To Finish,BrvndonP & Mission,Slizzy McGuire,2017,2017,rap,rap
327331,76b6ebb9cf4a410bc3986200fdf364963d0c7e14,19335,5ce5315293ac571d45d120504aa910b65ea97161,8,0.8213977217674255,Barely Finished,Fired Up,BrvndonP & Mission,Cast - ZOMBIES,2017,2018,rap,pop
327331,76b6ebb9cf4a410bc3986200fdf364963d0c7e14,270107,63b6b31d03fa4b9fef1ce071aadc292217bcc7d4,9,0.8225682973861694,Barely Finished,Up Next,BrvndonP & Mission,Jon Keith,2017,2019,rap,rap
327331,76b6ebb9cf4a410bc3986200fdf364963d0c7e14,115895,a976b6d3ad030ef35becf5f1993ee8f64e2052eb,10,0.8046430349349976,Barely Finished,Gettin Up,BrvndonP & Mission,Q-Tip,2017,2008,rap,rap
327331,76b6ebb9cf4a410bc3986200fdf364963d0c7e14,43563,072ccfe959b8c40c1e35e9432b0cfd9106acbb53,11,0.8031085729598999,Barely Finished,Daft Punk,BrvndonP & Mission,Pentatonix,2017,2013,rap,pop
327331,76b6ebb9cf4a410bc3986200fdf364963d0c7e14,92841,f51a169bd31e231e5cc3998edf34cbff4b9cb2e2,12,0.8000366687774658,Barely Finished,Keep Up,BrvndonP & Mission,070 Shake & 070 Malick,2017,2016,rap,rap
327331,76b6ebb9cf4a410bc3986200fdf364963d0c7e14,104315,c7f9524b4881ecff35f7382bfc8f00884ef022e1,13,0.8049808740615845,Barely Finished,We Up,BrvndonP & Mission,L'A Capone,2017,2012,rap,rap
327331,76b6ebb9cf4a410bc3986200fdf364963d0c7e14,209544,a5aaa4b8aaf9b90ac2847e16c11af728d63f1df2,14,0.7988431453704834,Barely Finished,Us,BrvndonP & Mission,August Alsina,2017,2019,rap,rb
327331,76b6ebb9cf4a410bc3986200fdf364963d0c7e14,323410,2b20a401cd13dea47491705c607bfb9d25a0be28,15,0.800396740436554,Barely Finished,3 - 2,BrvndonP & Mission,Sewerperson,2017,2019,rap,rap
327331,76b6ebb9cf4a410bc3986200fdf364963d0c7e14,166439,35d3a9cf04a2d43afe0b02d52ec46d94be164ca7,16,0.8101781606674194,Barely Finished,Level Up International Remix,BrvndonP & Mission,Sway,2017,2012,rap,rap
327331,76b6ebb9cf4a410bc3986200fdf364963d0c7e14,399631,cefe22b6d745045817709f9145d6a8649965d57f,17,0.7977327108383179,Barely Finished,24,BrvndonP & Mission,Bridge,2017,2020,rap,rb
327331,76b6ebb9cf4a410bc3986200fdf364963d0c7e14,357412,2d74f275d0e34b32091130d193eac630c68e9073,18,0.7831408977508545,Barely Finished,Nevermind,BrvndonP & Mission,Young Dylan,2017,2018,rap,rap
327331,76b6ebb9cf4a410bc3986200fdf364963d0c7e14,52371,27dcd2a1301ca79bdb17c3c8c1a011fc67a4b087,19,0.8176298141479492,Barely Finished,Find You Somewhere,BrvndonP & Mission,Trey Smith,2017,2012,rap,rap
327331,76b6ebb9cf4a410bc3986200fdf364963d0c7e14,176447,6738199076c7014917103020fe8c0aa8b89840cd,20,0.8042378425598145,Barely Finished,OT OD sketch.mp3,BrvndonP & Mission,Andy Mineo,2017,2019,rap,rap
291568,1aad187e98ea199adb48dda1ae43b6b21275fbc8,11327,b0798414e5ff55809428444ae5550718e1fa1cfe,1,0.9330424070358276,Alpaca,Litty Again Freestyle,Conway the Machine,Tory Lanez,2018,2018,rap,rap
291568,1aad187e98ea199adb48dda1ae43b6b21275fbc8,176528,236cc6c96ce886431c031aee118dd17e390b2584,2,0.9168431758880615,Alpaca,Old Soul,Conway the Machine,Lud Foe,2018,2016,rap,rap
291568,1aad187e98ea199adb48dda1ae43b6b21275fbc8,474222,3bf78527c65e1d2b9ea1dec3c774189995b3f613,3,0.9168283343315125,Alpaca,DaBoii Flow,Conway the Machine,DaBoii,2018,2021,rap,rap
291568,1aad187e98ea199adb48dda1ae43b6b21275fbc8,56600,20a1f52d73f421e645848ad5d9e02d730c485622,4,0.9157736897468567,Alpaca,Hot N Ready,Conway the Machine,Kalan.FrFr.,2018,2019,rap,rap
291568,1aad187e98ea199adb48dda1ae43b6b21275fbc8,259233,bca3dfda511dd967ac0f8d980eb4678c598b8129,5,0.9185329675674438,Alpaca,Bitch Made Niggaz,Conway the Machine,Beelow,2018,1999,rap,rap
291568,1aad187e98ea199adb48dda1ae43b6b21275fbc8,387174,ae3e74bed64de397e97cb83fe6938a23a8f8c6b6,6,0.924443781375885,Alpaca,Kswiss Days,Conway the Machine,DC The Don,2018,2018,rap,rap
291568,1aad187e98ea199adb48dda1ae43b6b21275fbc8,448741,b1afa618d290003e73f10423860084e78f282944,7,0.9117299318313599,Alpaca,Cant Fuck With a Nigga,Conway the Machine,DJ Quik,2018,2013,rap,rap
291568,1aad187e98ea199adb48dda1ae43b6b21275fbc8,67247,a13cce94fb4727d32e36321a618a9c141901fa95,8,0.9143269062042236,Alpaca,Digimon,Conway the Machine,Sada Baby,2018,2017,rap,rap
291568,1aad187e98ea199adb48dda1ae43b6b21275fbc8,50116,07d2764b70d8a20ff9cea203dddc775398568251,9,0.9176467657089233,Alpaca,No Time For Sleep Freestyle,Conway the Machine,Bobby Shmurda,2018,2021,rap,rap
291568,1aad187e98ea199adb48dda1ae43b6b21275fbc8,168767,fed15b8d07cb827162a6f5acf5a5d72b9570107d,10,0.9183958768844604,Alpaca,Chiraq,Conway the Machine,Big Flock,2018,2014,rap,rap
291568,1aad187e98ea199adb48dda1ae43b6b21275fbc8,164111,196adecb7261b66d5ebd9a70c90ac78c0c03696e,11,0.9228464365005493,Alpaca,Troublesome 59,Conway the Machine,Philthy Rich,2018,2019,rap,rap
291568,1aad187e98ea199adb48dda1ae43b6b21275fbc8,367187,16d83aad54b7920b1251cc515750e49b2d42834c,12,0.9098835587501526,Alpaca,Whos Concerned,Conway the Machine,Chief Keef,2018,2020,rap,rap
291568,1aad187e98ea199adb48dda1ae43b6b21275fbc8,116418,1a426670d9918f1c8e45fe6f71c046c73034c6a7,13,0.9150151610374451,Alpaca,Brain Damage,Conway the Machine,Twisted Insane,2018,2015,rap,rap
291568,1aad187e98ea199adb48dda1ae43b6b21275fbc8,301737,2916e08af7182b94bdcca45c98a3720526d0b3f8,14,0.9120018482208252,Alpaca,Aint No Tellin,Conway the Machine,Mozzy,2018,2019,rap,rap
291568,1aad187e98ea199adb48dda1ae43b6b21275fbc8,57486,4514246f6e57edd0fcac16231c9a8689e065aca9,15,0.9126514792442322,Alpaca,The Come Up,Conway the Machine,J. Cole,2018,2007,rap,rap
291568,1aad187e98ea199adb48dda1ae43b6b21275fbc8,409384,e082464ddbefe1184bae14bccd135046147c17d6,16,0.9145108461380005,Alpaca,Fake Lil Wayne - Long Live King Von Quando Rondo Diss,Conway the Machine,Swillz,2018,2020,rap,rap
291568,1aad187e98ea199adb48dda1ae43b6b21275fbc8,403485,b98869fe61f039c67ca5f67ac6a73cf524215ed2,17,0.9148359894752502,Alpaca,Slap A Rapper Challenge Shooter,Conway the Machine,Go Yayo,2018,2018,rap,rap
291568,1aad187e98ea199adb48dda1ae43b6b21275fbc8,210846,d877f1602f7d589f580d7b3cf0edc0c2c0ee2834,18,0.9202856421470642,Alpaca,Shit,Conway the Machine,Mike WiLL Made-It,2018,2013,rap,rap
291568,1aad187e98ea199adb48dda1ae43b6b21275fbc8,214090,cd7bb32e6f8111fc37064d563e8a071d983d1746,19,0.9119552969932556,Alpaca,Real Chi-Raq,Conway the Machine,Young Pappy,2018,2014,rap,rap
291568,1aad187e98ea199adb48dda1ae43b6b21275fbc8,5411,11f8df9ff9b4b183a717c327b7fbe9972cb0c3d5,20,0.9181286692619324,Alpaca,Chiraq To LA,Conway the Machine,Tyga,2018,2014,rap,rap
142621,08f634023e675015487610e6d9e5ac73b7224802,496627,5cff3fbfcf8185d6707d392022b3477fed82fe26,1,0.867048442363739,Make You Mine,Make You Mine,Mike Williams,Joe Jonas,2020,2011,pop,pop
142621,08f634023e675015487610e6d9e5ac73b7224802,128453,60303e492c4b86ddbcd4d5b5eaf03aa7402c2237,2,0.8654658198356628,Make You Mine,Make You Mine,Mike Williams,Fudasca,2020,2020,pop,rap
142621,08f634023e675015487610e6d9e5ac73b7224802,365174,bddfe13b68bef2d19396cb9bf5bb830f41ae50f8,3,0.8359397053718567,Make You Mine,Scream Out My Name,Mike Williams,Rozz Dyliams,2020,2013,pop,rap
142621,08f634023e675015487610e6d9e5ac73b7224802,353691,67c1e4e4d38a277b5a638f8f3fff0165133ee5b7,4,0.8457858562469482,Make You Mine,Recipe,Mike Williams,The Green (band),2020,2021,pop,rb
142621,08f634023e675015487610e6d9e5ac73b7224802,393776,8a4ac7ed5e5826f54d161e65373e5161962078f0,5,0.8153290748596191,Make You Mine,I Just Wanna,Mike Williams,Chris Echols,2020,2014,pop,rb
142621,08f634023e675015487610e6d9e5ac73b7224802,263868,1e2bbd685eeb577bab0631fc1ec37c67486afd1b,6,0.8227227926254272,Make You Mine,All I Wanna Do Is You,Mike Williams,Kevin Johansen,2020,2004,pop,pop
142621,08f634023e675015487610e6d9e5ac73b7224802,428528,c3cc22cac92afffcf75a528635ee71c125bb1f09,7,0.8293197154998779,Make You Mine,​parallel universe,Mike Williams,Alaina Castillo,2020,2021,pop,pop
142621,08f634023e675015487610e6d9e5ac73b7224802,362377,e61883f5058aea31c10267ba5b2d5d98604a0fa7,8,0.8454724550247192,Make You Mine,I Wanna Make Love to You,Mike Williams,K-Ci & JoJo,2020,1998,pop,rb
142621,08f634023e675015487610e6d9e5ac73b7224802,297569,1f77d817554051151cf3f32866ee5082f81b95a7,9,0.8445196151733398,Make You Mine,Make Me Yours,Mike Williams,Bettye Swann,2020,1967,pop,pop
142621,08f634023e675015487610e6d9e5ac73b7224802,359930,bc30ef4806edac3c12f712435282ab4bcc6fc6bf,10,0.836065411567688,Make You Mine,Giving You All My Love,Mike Williams,Carl Thomas,2020,2000,pop,rb
142621,08f634023e675015487610e6d9e5ac73b7224802,10091,d94e48b7a8c1dbf81bf7807f524b28f5caa2cc64,11,0.8274340629577637,Make You Mine,One Touch,Mike Williams,Baauer,2020,2014,pop,rap
142621,08f634023e675015487610e6d9e5ac73b7224802,316365,f2e828e031fb889ecd8e2df5e4c090186011dfc0,12,0.8415390253067017,Make You Mine,I Wanna Make You Mine,Mike Williams,Safire,2020,1988,pop,pop
142621,08f634023e675015487610e6d9e5ac73b7224802,38300,6e0366eb20a14d52749df4b53ba2e7a3e6d52d04,13,0.8452293872833252,Make You Mine,All I Want,Mike Williams,Joni Mitchell,2020,1971,pop,rock
142621,08f634023e675015487610e6d9e5ac73b7224802,483688,82b3c0f867422b6555302593fcef2afbbd707e63,14,0.8339996337890625,Make You Mine,I Want Your Love,Mike Williams,Donae'O,2020,2015,pop,rb
142621,08f634023e675015487610e6d9e5ac73b7224802,482819,3d206bb903b35cbf672b7e0f9d16d094b518a0c2,15,0.840253472328186,Make You Mine,Lets Chill,Mike Williams,Charlie Wilson,2020,2005,pop,rb
142621,08f634023e675015487610e6d9e5ac73b7224802,125753,622910c400da40cbb3cc028404b1ac3c22542d74,16,0.8164209127426147,Make You Mine,Make You Mine,Mike Williams,High Valley,2020,2014,pop,country
142621,08f634023e675015487610e6d9e5ac73b7224802,338837,e7ca7ef33c864d72b3f99e394df0085c464420c7,17,0.8356235027313232,Make You Mine,Right Now,Mike Williams,gianni & kyle,2020,2016,pop,rap
142621,08f634023e675015487610e6d9e5ac73b7224802,264451,7f9724792244491a9d0c3ffb8f13a09707b2aceb,18,0.817959189414978,Make You Mine,Make You Mine,Mike Williams,Us The Duo,2020,2014,pop,pop
142621,08f634023e675015487610e6d9e5ac73b7224802,286190,618db416c4fe0bc06f201c51316215752b8e2df5,19,0.841026246547699,Make You Mine,Lover,Mike Williams,Devendra Banhart,2020,2007,pop,pop
142621,08f634023e675015487610e6d9e5ac73b7224802,415308,286f039c6334d64232344145b41d140d65b30ff7,20,0.8406519293785095,Make You Mine,You,Mike Williams,Claudia Barretto,2020,2017,pop,pop
19214,a3587a2c50bd1cffab65209617bdd8e84e88a5d3,93634,834e3c0b45b29a497ee1c2424585b983659a66eb,1,0.9397876262664795,Eyes Closed,Eyez Closed,Kanye West,Snoop Dogg,2011,2011,rap,rap
19214,a3587a2c50bd1cffab65209617bdd8e84e88a5d3,262273,a9b2e82b1af248ee3fae194262da9e5918b32781,2,0.9055106043815613,Eyes Closed,Zzz,Kanye West,Taylor Morgan,2011,2018,rap,pop
19214,a3587a2c50bd1cffab65209617bdd8e84e88a5d3,300828,ff78961b3154f69ab048bfb9a6ee7c64dd196647,3,0.9094885587692261,Eyes Closed,Be A Better Man,Kanye West,King Lil G,2011,2008,rap,rap
19214,a3587a2c50bd1cffab65209617bdd8e84e88a5d3,118079,bfc66593a8bb7ac77e81d6800a959c4ab98d4f98,4,0.9105359315872192,Eyes Closed,​yøu used tø be my little angel,Kanye West,czyby,2011,2017,rap,rb
19214,a3587a2c50bd1cffab65209617bdd8e84e88a5d3,186246,26ea2788b7b8cbee281765697cde7273d86827e4,5,0.9097549319267273,Eyes Closed,I Am Damaged,Kanye West,Scarlxrd,2011,2016,rap,rap
19214,a3587a2c50bd1cffab65209617bdd8e84e88a5d3,205536,b5531d2cfdf367d0ac065682fac6ac25bb4961f8,6,0.9173152446746826,Eyes Closed,Live Alone Die Alone,Kanye West,DempseyRollBoy,2011,2019,rap,rap
19214,a3587a2c50bd1cffab65209617bdd8e84e88a5d3,239350,6b336e6dea6b499ea36dc16d6e39786734fb3b6a,7,0.9035924673080444,Eyes Closed,55 Stories,Kanye West,Home Brew,2011,2012,rap,rap
19214,a3587a2c50bd1cffab65209617bdd8e84e88a5d3,6718,c01694124018d4ea6e4584c535a0f9a58e8521e0,8,0.9035276174545288,Eyes Closed,Growing Pains III,Kanye West,Logic,2011,2014,rap,rap
19214,a3587a2c50bd1cffab65209617bdd8e84e88a5d3,26877,0c3334c39feeda26e0a5b3f03f62e439c44cc3f6,9,0.9073140621185303,Eyes Closed,Cheers,Kanye West,Anderson .Paak,2011,2018,rap,rap
19214,a3587a2c50bd1cffab65209617bdd8e84e88a5d3,215107,edf35e2860b5fee8df1c20f90741e88fd7044724,10,0.9138041734695435,Eyes Closed,Rolling Stoner,Kanye West,Mereba,2011,2014,rap,rb
19214,a3587a2c50bd1cffab65209617bdd8e84e88a5d3,193092,b9457d9b2c04114de41ec55d1b295459ef6a6427,11,0.9106186628341675,Eyes Closed,1080p,Kanye West,Sammus,2011,2016,rap,rap
19214,a3587a2c50bd1cffab65209617bdd8e84e88a5d3,88617,ab7c32d1af4fd7566dead8cc531a4c63202db39e,12,0.9165472388267517,Eyes Closed,Fire In the Booth,Kanye West,Jaykae,2011,2013,rap,rap
19214,a3587a2c50bd1cffab65209617bdd8e84e88a5d3,464658,5961386f31aa9d58b0eb6c3683fe36d1204bfbe8,13,0.9067187309265137,Eyes Closed,Painkillers,Kanye West,Everlast,2011,1998,rap,rap
19214,a3587a2c50bd1cffab65209617bdd8e84e88a5d3,36649,bd6515453cb8f613287fd66f17c3d47737b6f9d0,14,0.9019126892089844,Eyes Closed,PTSD Warrior Built,Kanye West,Tech N9ne,2011,2017,rap,rap
19214,a3587a2c50bd1cffab65209617bdd8e84e88a5d3,116210,bcf453049432d5fc7facaf69d4648b0f40e77874,15,0.8966078162193298,Eyes Closed,Standing in the Doorway,Kanye West,Bob Dylan,2011,1997,rap,rock
19214,a3587a2c50bd1cffab65209617bdd8e84e88a5d3,49660,b2f5639b17a2174605e48f1f32316c42bf7d1b4b,16,0.8985536098480225,Eyes Closed,BURNT DIARY,Kanye West,Pageant Queen,2011,2016,rap,rap
19214,a3587a2c50bd1cffab65209617bdd8e84e88a5d3,199558,a7a2f7fe812a634a423d40e9dda05e832d8a7d2c,17,0.9079919457435608,Eyes Closed,FREE FROM THE DEMONS,Kanye West,Manny Skyrocket,2011,2020,rap,rap
19214,a3587a2c50bd1cffab65209617bdd8e84e88a5d3,424748,0c853ab4baa431460dbb0de49809a99b95bc8966,18,0.9087644815444946,Eyes Closed,Everlasting Tome,Kanye West,Phantoms,2011,2015,rap,misc
19214,a3587a2c50bd1cffab65209617bdd8e84e88a5d3,115818,e499bfd36550e3dcf1924091ba277278bbf521a8,19,0.8932610154151917,Eyes Closed,Prince Charming,Kanye West,Action Bronson,2011,2018,rap,rap
19214,a3587a2c50bd1cffab65209617bdd8e84e88a5d3,213167,f5767688ea7830e90762ef59772b3afe2b8a23c7,20,0.8993622064590454,Eyes Closed,All You Need,Kanye West,Statik Selektah,2011,2015,rap,rap
260738,de88e8fd3cef5c1009b93a14b9016cf9e4727ec8,350149,a7830b545986dea17731c49143c959c5c15a032e,1,0.9631112813949585,Across The Universe - triple j Like A Version,Across the Universe Wildlife Version,AURORA,The Beatles,2019,1969,pop,rock
260738,de88e8fd3cef5c1009b93a14b9016cf9e4727ec8,184382,53aa18a1ab0d1a5c3a2e432e63fb838d06e64d78,2,0.9617699384689331,Across The Universe - triple j Like A Version,Across the Universe,AURORA,Rufus Wainwright,2019,2002,pop,rock
260738,de88e8fd3cef5c1009b93a14b9016cf9e4727ec8,464710,f80897b390e35d81bf6a90a069b35e4d6d5c78db,3,0.9261704683303833,Across The Universe - triple j Like A Version,Across the Universe,AURORA,Scorpions,2019,2011,pop,pop
260738,de88e8fd3cef5c1009b93a14b9016cf9e4727ec8,499218,9b2c10a21a59b6701b66ca13a5768e6b6b9fe844,4,0.9104053974151611,Across The Universe - triple j Like A Version,Across the Universe,AURORA,Laibach,2019,1988,pop,pop
260738,de88e8fd3cef5c1009b93a14b9016cf9e4727ec8,266696,d373190adcfb259491731a45c89f08856b4778a7,5,0.9008176326751709,Across The Universe - triple j Like A Version,Across the Universe,AURORA,Evanescence,2019,2021,pop,pop
260738,de88e8fd3cef5c1009b93a14b9016cf9e4727ec8,392019,3f2b1678d0f2a17c039a7e85d4913a76cbeac82e,6,0.868340253829956,Across The Universe - triple j Like A Version,Across the Universe,AURORA,Jim Sturgess,2019,2007,pop,pop
260738,de88e8fd3cef5c1009b93a14b9016cf9e4727ec8,203996,1bc9033788f070d2b89c9a1cefcb134cacd49bd6,7,0.7582122087478638,Across The Universe - triple j Like A Version,All This Is That,AURORA,The Beach Boys,2019,1972,pop,rock
260738,de88e8fd3cef5c1009b93a14b9016cf9e4727ec8,99278,fbefc0d4093d8997e80974ff03f064bc67f4b563,8,0.7550031542778015,Across The Universe - triple j Like A Version,Om Numah Shivaya,AURORA,Apache Indian,2019,2005,pop,pop
260738,de88e8fd3cef5c1009b93a14b9016cf9e4727ec8,269829,825591ccb8278b6a0bb694d64589bee216268e70,9,0.7246860265731812,Across The Universe - triple j Like A Version,Youre My World,AURORA,Anya Taylor-Joy,2019,2021,pop,pop
260738,de88e8fd3cef5c1009b93a14b9016cf9e4727ec8,225759,f4b6b988ffe1373e12a83ddd6b00f5b360c116f7,10,0.7320572733879089,Across The Universe - triple j Like A Version,Twisted Dreams,AURORA,Jay Park (),2019,2019,pop,rap
260738,de88e8fd3cef5c1009b93a14b9016cf9e4727ec8,72899,0605891d4e5e7e0d4138ff31871e34762cfe7ddd,11,0.7242459058761597,Across The Universe - triple j Like A Version,Maha Kali,AURORA,Dissection,2019,2006,pop,rock
260738,de88e8fd3cef5c1009b93a14b9016cf9e4727ec8,240081,d955a06b32a9df68cfd665693ed8cfebcdc3da6c,12,0.7277218103408813,Across The Universe - triple j Like A Version,Paraluman,AURORA,Adie,2019,2021,pop,pop
260738,de88e8fd3cef5c1009b93a14b9016cf9e4727ec8,146988,a3c2283cde26444d3b1448dc766e05525fbea778,13,0.7240731120109558,Across The Universe - triple j Like A Version,Good Morning World Dr. Stone,AURORA,Studio Yuraki,2019,2019,pop,pop
260738,de88e8fd3cef5c1009b93a14b9016cf9e4727ec8,359094,75137ef8dec4b4647541c024a156f01ef30e6fe6,14,0.6940486431121826,Across The Universe - triple j Like A Version,Darkness,AURORA,Third Eye Blind,2019,1999,pop,rock
260738,de88e8fd3cef5c1009b93a14b9016cf9e4727ec8,389119,756cd472987859e564d5ee4051a2226250409432,15,0.7054785490036011,Across The Universe - triple j Like A Version,Whole Wide World,AURORA,Declaime,2019,2011,pop,rap
260738,de88e8fd3cef5c1009b93a14b9016cf9e4727ec8,403310,69904dc059bd567c6b99ece4ad7d6fa1948e52b8,16,0.7063905596733093,Across The Universe - triple j Like A Version,ANACONDA,AURORA,Classick,2019,2016,pop,rap
260738,de88e8fd3cef5c1009b93a14b9016cf9e4727ec8,410911,82c70fb2ecfeca7e5947643233423fd82197bb21,17,0.7159818410873413,Across The Universe - triple j Like A Version,New Legend,AURORA,Galneryus,2019,2007,pop,pop
260738,de88e8fd3cef5c1009b93a14b9016cf9e4727ec8,498649,1812b90161df962aa71b7b6b18187e8916d50b58,18,0.7069272994995117,Across The Universe - triple j Like A Version,Vs. DJ. Subatomic Supernova,AURORA,Juno Songs,2019,2021,pop,pop
260738,de88e8fd3cef5c1009b93a14b9016cf9e4727ec8,71816,f2895e7d43c3f16cde9acf7e02559165112c8bf5,19,0.7236649990081787,Across The Universe - triple j Like A Version,Metamorphosis,AURORA,Aura da Prophet,2019,2016,pop,rap
260738,de88e8fd3cef5c1009b93a14b9016cf9e4727ec8,352438,b92e856f8af35e2388e1951248d3b90ac25ed862,20,0.6911734342575073,Across The Universe - triple j Like A Version,Outcast,AURORA,Claude McKay,2019,2013,pop,misc
423766,505988421c3786fe2637dea628c7f3546862741a,43348,12524aa8930ac102a74852a6061c9a8a36e1cd74,1,0.9616437554359436,​seventeen,Seventeen,keshi,No Rome,2019,2018,rb,rb
423766,505988421c3786fe2637dea628c7f3546862741a,152481,581dd7db82ced7b6d2a464b811977d5a4cfd8431,2,0.8365808129310608,​seventeen,Gods,keshi,Angel Haze,2019,2015,rb,rap
423766,505988421c3786fe2637dea628c7f3546862741a,239380,e17808016b8bfbfc354e7aafdba266d8822978bc,3,0.8408979773521423,​seventeen,Unforgiving,keshi,Yung Bleu & Davido,2019,2021,rb,rb
423766,505988421c3786fe2637dea628c7f3546862741a,154499,528eabd8c2db3326ccbd4e50df852d9bde51b3d5,4,0.8227763772010803,​seventeen,Close Friends Remake,keshi,Layton Greene,2019,2019,rb,rb
423766,505988421c3786fe2637dea628c7f3546862741a,514310,bf614086bcf65dd40e82b81115655773e7d6b6e5,5,0.813689112663269,​seventeen,Trust Issues,keshi,Trap Nav,2019,2022,rb,rap
423766,505988421c3786fe2637dea628c7f3546862741a,353,179d3b81d84427159e84dcbe7d4784b7e83f5221,6,0.8199431896209717,​seventeen,How Bout Now,keshi,Drake,2019,2014,rb,rap
423766,505988421c3786fe2637dea628c7f3546862741a,18164,70ff45d4cab260d8a74112a2f8cc2119acbf0987,7,0.8282307982444763,​seventeen,My Affection,keshi,Summer Walker & PARTYNEXTDOOR,2019,2020,rb,rb
423766,505988421c3786fe2637dea628c7f3546862741a,128024,a657c17d95498cd17a934ec41b97da846046a091,8,0.8266119956970215,​seventeen,CC Interlude,keshi,Vory,2019,2020,rb,rb
423766,505988421c3786fe2637dea628c7f3546862741a,143372,f07f2a3a6e66ace4ba8d352d4218c0a70c9048ba,9,0.8257101774215698,​seventeen,Midnight in My Mind,keshi,Papithbk,2019,2018,rb,rap
423766,505988421c3786fe2637dea628c7f3546862741a,160264,d47666169b7c5943ab7d3d8d75134f48685c1cd4,10,0.8210502862930298,​seventeen,Memories,keshi,NEFFEX,2019,2016,rb,rap
423766,505988421c3786fe2637dea628c7f3546862741a,271970,bbc4d3fd164487f03c53aa7740e306644800f2d8,11,0.8224879503250122,​seventeen,Good Things Fall Apart vs. Sad Songs,keshi,"Illenium, Jon Bellion & Said the Sky",2019,2020,rb,pop
423766,505988421c3786fe2637dea628c7f3546862741a,422002,8681ca011124612e44c6f382392099ce2e7c4adf,12,0.7986727952957153,​seventeen,A Memory of You,keshi,Matthew and the Atlas,2019,2014,rb,pop
423766,505988421c3786fe2637dea628c7f3546862741a,111812,d9cb01389f64d837c39256a1a96390a34926726b,13,0.8027015924453735,​seventeen,When We Were Young,keshi,Andy Black & Juliet Simms,2019,2017,rb,rock
423766,505988421c3786fe2637dea628c7f3546862741a,161567,a2162fb1b71f79bf3b32edb9ebda6a117c77a0c7,14,0.8119728565216064,​seventeen,Missin You Crazy Acoustic,keshi,Russ,2019,2019,rb,rap
423766,505988421c3786fe2637dea628c7f3546862741a,409045,ca943ec48449adbe514625168c6983c3c06d3f88,15,0.8082910180091858,​seventeen,Closer -The Chainsmokers AUSTIN AWAKE RAP COVER Lyrics,keshi,Austin Awake,2019,2016,rb,rap
423766,505988421c3786fe2637dea628c7f3546862741a,146122,29da220f4da867ba1ce575684693e6673ea1cd99,16,0.8196063041687012,​seventeen,Hartley Bridge,keshi,ELHAE,2019,2016,rb,rb
423766,505988421c3786fe2637dea628c7f3546862741a,455538,ee7aac2160b4d30de15fb4e49b7fc743067a9e2d,17,0.8242157697677612,​seventeen,What I Do Audio,keshi,LG Izz,2019,2019,rb,rap
423766,505988421c3786fe2637dea628c7f3546862741a,415445,c1819532e7fed736e471ab4f630cd2420cf7df89,18,0.8055736422538757,​seventeen,Used To,keshi,Sammie,2019,2015,rb,rb
423766,505988421c3786fe2637dea628c7f3546862741a,68411,eb5304b4d400dfa8a846f9df18a85564e8930643,19,0.8059746026992798,​seventeen,Where Are You Now?,keshi,Royal Blood,2019,2017,rb,rock
423766,505988421c3786fe2637dea628c7f3546862741a,342302,7d4a4945bc4b987a01418cf58466de38b8fdcb66,20,0.8103158473968506,​seventeen,Perfect Strangers,keshi,Jermaine Elliott,2019,2018,rb,rb
145118,376aec90cbd034a9ccca0818586da5997f1b364c,452282,7a0dee06411e29aaa4d00f8dac0c3ab793568d25,1,0.7333987355232239,MOP,Quiet Money,Borgore,AZ,2018,2001,rap,rap
145118,376aec90cbd034a9ccca0818586da5997f1b364c,303210,809dc0968edf3255d8af2d62dfd57b356151e224,2,0.7292516827583313,MOP,Bags on Me,Borgore,Fat Nick,2018,2018,rap,rap
145118,376aec90cbd034a9ccca0818586da5997f1b364c,386518,ac66c876c52ecba79f64284aa36e16e990b6101b,3,0.7324854135513306,MOP,Hit a Lick,Borgore,Waka Flocka Flame,2018,2015,rap,rap
145118,376aec90cbd034a9ccca0818586da5997f1b364c,417479,02ea75e2a059f4bfd1695fe6901eba440ef6b158,4,0.7019391059875488,MOP,Dirty Lungs,Borgore,Wooh da Kid,2018,2013,rap,rap
145118,376aec90cbd034a9ccca0818586da5997f1b364c,28151,6783a91792b4d0912100baf495b6a53d724c3836,5,0.7104066014289856,MOP,Status,Borgore,NAV,2018,2020,rap,rap
145118,376aec90cbd034a9ccca0818586da5997f1b364c,3386,acef88604a88d67c3aaba0b903f31d38eed78e85,6,0.7143394947052002,MOP,4 AM,Borgore,2 Chainz,2018,2017,rap,rap
145118,376aec90cbd034a9ccca0818586da5997f1b364c,101636,c75fb0de5ce037e3dd5eb2c36944705e099d9c84,7,0.7195848822593689,MOP,64,Borgore,Digga D,2018,2019,rap,rap
145118,376aec90cbd034a9ccca0818586da5997f1b364c,478258,3f11760d798b61818c4d412b6e71f135d80c95e3,8,0.7048093676567078,MOP,Cynthia,Borgore,Tony Seltzer & A Lau,2018,2020,rap,rap
145118,376aec90cbd034a9ccca0818586da5997f1b364c,100842,44f3c7079c033d5eecdbd39761f284b02c634b80,9,0.7204974889755249,MOP,Come Up Show Freestyle,Borgore,Big Sean,2018,2011,rap,rap
145118,376aec90cbd034a9ccca0818586da5997f1b364c,169619,6f92fe2fc2f79f2d1b7aaed49fd4cd0ac1c92f27,10,0.7173423767089844,MOP,Accidental Shit Talking 2,Borgore,Rio Da Yung OG,2018,2020,rap,rap
145118,376aec90cbd034a9ccca0818586da5997f1b364c,213934,778bde9860f12d58cd1175ce3df07e0dce6f9358,11,0.7085391283035278,MOP,Car,Borgore,Xanman,2018,2019,rap,rap
145118,376aec90cbd034a9ccca0818586da5997f1b364c,23469,8bdf057923749c63709247b5c98a6eb2ae5ee183,12,0.7252110838890076,MOP,Malibu,Borgore,Migos,2018,2021,rap,rap
145118,376aec90cbd034a9ccca0818586da5997f1b364c,173571,7214ba5c94e7ab6453945a86defb8bf72fa2dede,13,0.7146422266960144,MOP,I Got Five On It,Borgore,Luniz,2018,2010,rap,rap
145118,376aec90cbd034a9ccca0818586da5997f1b364c,342699,62390ee9d0d5b2d7184e544085f0077528f3e207,14,0.7193552255630493,MOP,Bobby Johnson,Borgore,Stickz,2018,2014,rap,rap
145118,376aec90cbd034a9ccca0818586da5997f1b364c,272177,dca200babc5fed5ab089fcd8bbcebdc7a17e6a3c,15,0.713216245174408,MOP,Guap,Borgore,J $tash,2018,2016,rap,rap
145118,376aec90cbd034a9ccca0818586da5997f1b364c,296699,41b59677a6dd1c0a81af4e81dd0fc16dcea6c2bb,16,0.7109768390655518,MOP,Gun Them Down,Borgore,Peewee Longway,2018,2019,rap,rap
145118,376aec90cbd034a9ccca0818586da5997f1b364c,484987,67664e5ed8c797c41b6f3a5d3ff5b02bdb219019,17,0.7156611084938049,MOP,AR70,Borgore,EDDISON,2018,2021,rap,rap
145118,376aec90cbd034a9ccca0818586da5997f1b364c,53599,4c5bf091d0b5313018a5107e9069f058615afa62,18,0.7191494703292847,MOP,Bust a Move,Borgore,Future & Lil Uzi Vert,2018,2020,rap,rap
145118,376aec90cbd034a9ccca0818586da5997f1b364c,55676,86c4da9f1bcb322c8ddda37330cdda235a00be9e,19,0.7255104780197144,MOP,Reload,Borgore,Chief Keef,2018,2017,rap,rap
145118,376aec90cbd034a9ccca0818586da5997f1b364c,254146,824e87c9a2e29782019882663fc9123264d519c6,20,0.7259606122970581,MOP,IDK,Borgore,Cemetery Drive,2018,2018,rap,rap
337490,f5a3fff67ab785a243ca2e2fcc392172165eb624,62743,93436a6938cfdfbeaf5aa5ef917575ee27a22075,1,0.9033594727516174,Higher,Rise,Dream Junkies,GAWNE,2013,2019,rap,rap
337490,f5a3fff67ab785a243ca2e2fcc392172165eb624,336799,05cc4d3e6590019cb7c975b96de5ca84c834353f,2,0.9015882611274719,Higher,Higher,Dream Junkies,Fashawn,2013,2015,rap,rap
337490,f5a3fff67ab785a243ca2e2fcc392172165eb624,201178,95a33bc9f6cb2746429209f0c527ee538486c44a,3,0.9019100666046143,Higher,Higher,Dream Junkies,Hulvey,2013,2019,rap,rap
337490,f5a3fff67ab785a243ca2e2fcc392172165eb624,434803,f536ab65310df72a7f4ed839555e2a8e8b5d5440,4,0.9027478098869324,Higher,High Till I Die,Dream Junkies,Lil Rob,2013,2015,rap,pop
337490,f5a3fff67ab785a243ca2e2fcc392172165eb624,403486,b2a26cbd44638e6006def29d330d1d26ab509c60,5,0.8921487927436829,Higher,Up,Dream Junkies,The LaFontaines,2013,2018,rap,rap
337490,f5a3fff67ab785a243ca2e2fcc392172165eb624,417201,f6ee06aa86285f873f92042477b89006da0b6d73,6,0.9015300869941711,Higher,Raise The Bar,Dream Junkies,Blake Whiteley,2013,2016,rap,rap
337490,f5a3fff67ab785a243ca2e2fcc392172165eb624,158467,31af1134ae9b0474682f8556bfb6a63023558db3,7,0.8910382986068726,Higher,Apollo 11 ft. Jay Park,Dream Junkies,JAMIE,2013,2020,rap,pop
337490,f5a3fff67ab785a243ca2e2fcc392172165eb624,405497,09852e23b9e392cce4c75f630dd22834e14446a0,8,0.8917322754859924,Higher,Dreams,Dream Junkies,Kurtis Hoppie,2013,2019,rap,rap
337490,f5a3fff67ab785a243ca2e2fcc392172165eb624,78149,190f24e0037e9a74408aef8b50b992c6e3f11c72,9,0.9006322026252747,Higher,Mighty  High,Dream Junkies,Can't Stop Won't Stop,2013,2015,rap,rap
337490,f5a3fff67ab785a243ca2e2fcc392172165eb624,515124,6ae7f516655bc2e862a183bd58420bc970c6d439,10,0.8902767300605774,Higher,Filipino Dreams,Dream Junkies,Dok2,2013,2022,rap,rap
337490,f5a3fff67ab785a243ca2e2fcc392172165eb624,441987,b087a7d0228b30f02300e6bdee1b242bc9671e0b,11,0.8897085785865784,Higher,Kendrick Lamar - Untitled 07 / Levitate Remix By EA$Y TAVEN,Dream Junkies,EA$Y TAVEN,2013,2016,rap,rap
337490,f5a3fff67ab785a243ca2e2fcc392172165eb624,311138,e4890ef5abe64d6bbdc950c2722a0cc699f5ebd4,12,0.8765409588813782,Higher,Higher,Dream Junkies,Lecrae,2013,2012,rap,rap
337490,f5a3fff67ab785a243ca2e2fcc392172165eb624,242042,3f6cecb55f0c73ae751daffb7433b6c80135f61c,13,0.8861774802207947,Higher,Bottleservice,Dream Junkies,Bone Thugs,2013,2017,rap,rap
337490,f5a3fff67ab785a243ca2e2fcc392172165eb624,220250,c7f8bd0661ffe62f213c1f2b6d38c86275d66d3e,14,0.886146605014801,Higher,So High,Dream Junkies,Krizz Kaliko,2013,2009,rap,rap
337490,f5a3fff67ab785a243ca2e2fcc392172165eb624,502879,5ba91771022ace5a8e1c58a49d9cbf87208154bb,15,0.8850333094596863,Higher,Higher,Dream Junkies,BTOB,2013,2022,rap,pop
337490,f5a3fff67ab785a243ca2e2fcc392172165eb624,495038,4c670dab50e43d611fcfebff54089ea2368feef3,16,0.9003579616546631,Higher,Otherside,Dream Junkies,Dope D.O.D.,2013,2014,rap,rap
337490,f5a3fff67ab785a243ca2e2fcc392172165eb624,434271,04bef15da42439fa38c41262150b42ebbee5c4ad,17,0.8921432495117188,Higher,Bravo,Dream Junkies,Danny Bravo,2013,2013,rap,rap
337490,f5a3fff67ab785a243ca2e2fcc392172165eb624,111886,91a595111140adf55df990dc231c82c26a329634,18,0.8924040198326111,Higher,Angel by Your Side,Dream Junkies,JT Music,2013,2015,rap,rap
337490,f5a3fff67ab785a243ca2e2fcc392172165eb624,270587,8ba0620ec8bd29a11a7dac71c9bdf81ccacb1ab5,19,0.8893649578094482,Higher,Higher Learning,Dream Junkies,Eshon Burgundy,2013,2015,rap,rap
337490,f5a3fff67ab785a243ca2e2fcc392172165eb624,131943,e6f0bedfe50bdf240ccb4da0431866a83ce556de,20,0.889966607093811,Higher,Higher,Dream Junkies,B.o.B,2013,2010,rap,rap
15892,b21471aa59b7e1f63b829ac96bfc0abbb3e67579,204816,5ffb05b0382f75a231f9524989577c357d3ff523,1,0.9820120930671692,Thats Life,Benji The Dog That’s Life Demo,88-Keys,Mac Miller,2019,2019,rap,rap
15892,b21471aa59b7e1f63b829ac96bfc0abbb3e67579,13883,da8b5c66bca1881049ee10c7ee9d653901ee1efa,2,0.8974053263664246,Thats Life,As I Am,88-Keys,Logic,2019,2011,rap,rap
15892,b21471aa59b7e1f63b829ac96bfc0abbb3e67579,281732,fbc46978ab629728aad5bfc2df51ce99d08024ec,3,0.8849067687988281,Thats Life,Worst Day Ever,88-Keys,Lil Xan,2019,2018,rap,rap
15892,b21471aa59b7e1f63b829ac96bfc0abbb3e67579,160264,d47666169b7c5943ab7d3d8d75134f48685c1cd4,4,0.8887684941291809,Thats Life,Memories,88-Keys,NEFFEX,2019,2016,rap,rap
15892,b21471aa59b7e1f63b829ac96bfc0abbb3e67579,213045,36475cfb5ca47f44d757e7be99dfe30f30848cb5,5,0.9009271860122681,Thats Life,In Due Time,88-Keys,No-Uh,2019,2016,rap,rap
15892,b21471aa59b7e1f63b829ac96bfc0abbb3e67579,149226,68c7fae384d14ae48eec451d8b8b39a2d21b4c23,6,0.8852102160453796,Thats Life,My Diamonds,88-Keys,Dribbles,2019,2013,rap,rap
15892,b21471aa59b7e1f63b829ac96bfc0abbb3e67579,62436,e602abd43bf07b00e4dfbd0212709cf29a9c4db3,7,0.8891109228134155,Thats Life,Beautiful Life,88-Keys,Nas,2019,2019,rap,rap
15892,b21471aa59b7e1f63b829ac96bfc0abbb3e67579,473072,a80419217f9e415adea68abe074ad3548992bf51,8,0.8906713724136353,Thats Life,Perfect Circle Wake Up Call,88-Keys,Mac Miller,2019,2020,rap,rap
15892,b21471aa59b7e1f63b829ac96bfc0abbb3e67579,127250,a9383487ee26d6a2e07d2c897861ea2c0fbba82a,9,0.8867530822753906,Thats Life,Wassup,88-Keys,Wiz Khalifa,2019,2009,rap,rap
15892,b21471aa59b7e1f63b829ac96bfc0abbb3e67579,15787,4f4774507b2fc2bbb96ffa9fac9a2cb05909a625,10,0.8773088455200195,Thats Life,Welcome,88-Keys,J. Cole,2019,2009,rap,rap
15892,b21471aa59b7e1f63b829ac96bfc0abbb3e67579,60345,98dbdcc0e2ec4530f701887b32738a558e4f39fa,11,0.8780480623245239,Thats Life,​things can’t stay the same,88-Keys,BROCKHAMPTON,2019,2020,rap,rap
15892,b21471aa59b7e1f63b829ac96bfc0abbb3e67579,9269,00a2d1d7f9e0cdd550756e907ae23e2eaacf2059,12,0.8926739692687988,Thats Life,Opportunity Cost,88-Keys,G-Eazy,2019,2014,rap,rap
15892,b21471aa59b7e1f63b829ac96bfc0abbb3e67579,107160,8df87b151ec4934b924b9649b9b0eb1473fd0558,13,0.8813139200210571,Thats Life,A Better Life,88-Keys,Auzzo,2019,2021,rap,pop
15892,b21471aa59b7e1f63b829ac96bfc0abbb3e67579,403599,833c22e8dd387b325eeb6ab81f2e47c02d7d052c,14,0.8803136348724365,Thats Life,Risk It,88-Keys,Castro Escobar,2019,2017,rap,rap
15892,b21471aa59b7e1f63b829ac96bfc0abbb3e67579,111622,1b63fe470fb05b19903672ce147c9ab9200ec536,15,0.8924188017845154,Thats Life,Do You Remember,88-Keys,Ivan B,2019,2015,rap,rap
15892,b21471aa59b7e1f63b829ac96bfc0abbb3e67579,474377,c01f3b705c9db7e727011a8581ddb9dc0ac8c8a6,16,0.8914135098457336,Thats Life,Still Me 2016 Freestyle,88-Keys,Yung Pinch,2019,2016,rap,rap
15892,b21471aa59b7e1f63b829ac96bfc0abbb3e67579,86343,77b45a28dc4f28f2beff51dd40d1ddce156101f0,17,0.8808038830757141,Thats Life,Thornton Street,88-Keys,Cordae,2019,2021,rap,rap
15892,b21471aa59b7e1f63b829ac96bfc0abbb3e67579,315931,9808cbd36dfb2947c69f54cd961bb4eb89182966,18,0.8866913914680481,Thats Life,Get Rich or Die Tryin,88-Keys,YSN Fab,2019,2020,rap,rap
15892,b21471aa59b7e1f63b829ac96bfc0abbb3e67579,31790,14fe0732a69a9210bb0cd56b34c85b534e9ee9f1,19,0.8821859955787659,Thats Life,Still,88-Keys,G-Eazy,2019,2016,rap,rap
15892,b21471aa59b7e1f63b829ac96bfc0abbb3e67579,103400,67f14edbfa9f5e277e3ae7973865aaefea524ca8,20,0.8924292922019958,Thats Life,Big Sean Freestyles on Flex | Freestyle 041,88-Keys,Big Sean,2019,2017,rap,rap
511946,9735b82dceb7295587d89834b2e0ff4f777f4f55,30862,2ff7ae2e74e5834e8878aa2df25cefaf9b3429f0,1,0.8695600032806396,Who Run This?,Funkmaster Flex Freestyle 2014,Angel De-Mar,A$AP Mob,2022,2014,rap,rap
511946,9735b82dceb7295587d89834b2e0ff4f777f4f55,385927,3a9c9844b8a4e57fda70d703b90f81647d7ebd2b,2,0.8545249700546265,Who Run This?,Twerk,Angel De-Mar,Tech N9ne,2022,2008,rap,rap
511946,9735b82dceb7295587d89834b2e0ff4f777f4f55,215097,79d9a1847ed4d9bf58496495bb97be966a2399ec,3,0.8618782162666321,Who Run This?,Wiggle Wiggle,Angel De-Mar,Ali Jones,2022,2002,rap,rap
511946,9735b82dceb7295587d89834b2e0ff4f777f4f55,444298,47a60b00d539b77f09547df74ef61fdfdfeac4e6,4,0.8577549457550049,Who Run This?,Not Your Average Girl,Angel De-Mar,Ghostface Killah,2022,2009,rap,rap
511946,9735b82dceb7295587d89834b2e0ff4f777f4f55,222461,01e0325fb49adcd7c48255dfb43ddc6d668d3242,5,0.8541354537010193,Who Run This?,Tell Me What You Want,Angel De-Mar,Terror Squad,2022,1999,rap,rap
511946,9735b82dceb7295587d89834b2e0ff4f777f4f55,399805,87ef39a4a5d5c974414bab043525cd3bfc8f427c,6,0.8552619814872742,Who Run This?,Going Home With Me,Angel De-Mar,Jermaine Dupri,2022,1998,rap,rap
511946,9735b82dceb7295587d89834b2e0ff4f777f4f55,255715,c61627791c1a6ac478b019c1b458eca8ba6bce80,7,0.8652160167694092,Who Run This?,The Way I Am,Angel De-Mar,Knoc-Turnal,2022,2004,rap,rap
511946,9735b82dceb7295587d89834b2e0ff4f777f4f55,319071,ebeb01d437d8d371bf43467f1388c63711f6fbdc,8,0.8505802154541016,Who Run This?,Get It In,Angel De-Mar,Kid Cudi,2022,2012,rap,rap
511946,9735b82dceb7295587d89834b2e0ff4f777f4f55,313427,ac0b2c96c2da1c7c1b262f08b677550e8cbbbb36,9,0.8577804565429688,Who Run This?,Freak A Melody,Angel De-Mar,Fat Trel,2022,2010,rap,rap
511946,9735b82dceb7295587d89834b2e0ff4f777f4f55,312217,a70d5e856d5d9959088a258dd1e0238a72659add,10,0.8477903008460999,Who Run This?,Murder Bop,Angel De-Mar,Richi (MaliStrip),2022,2020,rap,rap
511946,9735b82dceb7295587d89834b2e0ff4f777f4f55,506959,492ecf9344e855fa1676ff11100bba89344793c5,11,0.8509214520454407,Who Run This?,Okay Okay,Angel De-Mar,Pertinence,2022,2022,rap,rap
511946,9735b82dceb7295587d89834b2e0ff4f777f4f55,418740,8b9a68c67b5bbe1cc4f2e7b96d99c5cdd021dcd8,12,0.8490847945213318,Who Run This?,Run Into You Girl,Angel De-Mar,Young Thug,2022,2019,rap,rap
511946,9735b82dceb7295587d89834b2e0ff4f777f4f55,62840,834c7b35eb6e934aeef9099ded39107d0e5ee79e,13,0.8620903491973877,Who Run This?,Put in Work,Angel De-Mar,ScHoolboy Q,2022,2011,rap,rap
511946,9735b82dceb7295587d89834b2e0ff4f777f4f55,102000,e1683d45be707331f613a1a7751ad7a6607a7ce0,14,0.8475290536880493,Who Run This?,Run It Up Remix,Angel De-Mar,Yung Tory,2022,2017,rap,rap
511946,9735b82dceb7295587d89834b2e0ff4f777f4f55,489427,6563f854c7dee22d3a65d8fc64f138b43a61a64e,15,0.8644433617591858,Who Run This?,Rushin,Angel De-Mar,Patrick Cc:,2022,2021,rap,rap
511946,9735b82dceb7295587d89834b2e0ff4f777f4f55,175000,50cf063695e7bfc11fdf78ca299a7761758b5028,16,0.8606959581375122,Who Run This?,Turn Up,Angel De-Mar,Yung Simmie,2022,2013,rap,rap
511946,9735b82dceb7295587d89834b2e0ff4f777f4f55,113132,5f64c564beb18401a9a43c53e12f30872f650ad7,17,0.8521534204483032,Who Run This?,Gotta Have It,Angel De-Mar,Max B,2022,2008,rap,rap
511946,9735b82dceb7295587d89834b2e0ff4f777f4f55,334483,6e6133fa05eaa1746381f6b0618de75514b37f15,18,0.8512365221977234,Who Run This?,Call When You Need Some,Angel De-Mar,Kane & Abel,2022,1998,rap,rap
511946,9735b82dceb7295587d89834b2e0ff4f777f4f55,19811,4917b82fc4a8ae41c3e5164e8822d9f4665aaf77,19,0.8503532409667969,Who Run This?,Packages,Angel De-Mar,AJ Tracey,2022,2016,rap,rap
511946,9735b82dceb7295587d89834b2e0ff4f777f4f55,129372,98502769ee71f1625f03c258148cf205b7d228fc,20,0.8631404638290405,Who Run This?,Baseball Bat,Angel De-Mar,Chief Keef,2022,2018,rap,rap
40839,dc607f9428fed5386f55b06cc416ed82dbd4003e,275677,b0710b1f94135eb497269fcf8d4ee0b76fd5d9c0,1,0.952814519405365,Waterloo,Waterloo,Cast Of Mamma Mia! Here We Go Again,Cher,2018,2018,pop,pop
40839,dc607f9428fed5386f55b06cc416ed82dbd4003e,11869,fe8721b791eca1ff3c7e01f96b25ca8f375ec4e9,2,0.9490618705749512,Waterloo,Waterloo,Cast Of Mamma Mia! Here We Go Again,ABBA,2018,1974,pop,pop
40839,dc607f9428fed5386f55b06cc416ed82dbd4003e,64263,3aa488fc9b254ef3c39fc85daf20819ff10b8f0a,3,0.6929823160171509,Waterloo,Reign Forever,Cast Of Mamma Mia! Here We Go Again,Victory Worship,2018,2015,pop,pop
40839,dc607f9428fed5386f55b06cc416ed82dbd4003e,331013,f2bc48498a26a824f3e38b4a320f27ecc030cc37,4,0.6763678193092346,Waterloo,Battlefield,Cast Of Mamma Mia! Here We Go Again,Jane Zhang ,2018,2016,pop,pop
40839,dc607f9428fed5386f55b06cc416ed82dbd4003e,39750,e04db35c6cb4421ba5c21863b0ef97de427966ac,5,0.6690660119056702,Waterloo,Horse Soldier Horse Soldier,Cast Of Mamma Mia! Here We Go Again,Corb Lund,2018,2007,pop,pop
40839,dc607f9428fed5386f55b06cc416ed82dbd4003e,149569,0faf01f22c5b6245eeb46d1184c603e01e5043db,6,0.7076482176780701,Waterloo,Trenches,Cast Of Mamma Mia! Here We Go Again,Tauren Wells,2018,2020,pop,pop
40839,dc607f9428fed5386f55b06cc416ed82dbd4003e,25275,222831e7096c419a4d9df45643980f083a9c9d17,7,0.6650837063789368,Waterloo,Napoleon vs Napoleon,Cast Of Mamma Mia! Here We Go Again,Epic Rap Battles of History,2018,2011,pop,rap
40839,dc607f9428fed5386f55b06cc416ed82dbd4003e,466627,a3c95f53762254645f756d7187dce613dc9b114f,8,0.6845306754112244,Waterloo,Hamilton In Seven Minutes,Cast Of Mamma Mia! Here We Go Again,Range A Cappella,2018,2016,pop,pop
40839,dc607f9428fed5386f55b06cc416ed82dbd4003e,489986,b0c1ac71d43ab91628c3ed71f770a8c6dabbf79b,9,0.680079460144043,Waterloo,My Sweet Escape,Cast Of Mamma Mia! Here We Go Again,Run Kid Run,2018,2008,pop,pop
40839,dc607f9428fed5386f55b06cc416ed82dbd4003e,273585,d6add871fc3fb6cb96dce1ef027b45e7785dd5e5,10,0.6877580285072327,Waterloo,Sweet Surrender,Cast Of Mamma Mia! Here We Go Again,Bread,2018,1972,pop,rock
40839,dc607f9428fed5386f55b06cc416ed82dbd4003e,10589,7ca68ab03e914ab0673b3a9f1f7933b8cde1f529,11,0.6956548690795898,Waterloo,Alexander the Great vs Ivan the Terrible,Cast Of Mamma Mia! Here We Go Again,Epic Rap Battles of History,2018,2016,pop,rap
40839,dc607f9428fed5386f55b06cc416ed82dbd4003e,510286,743845aa8fc6e95a659a3377e32c2cc709214265,12,0.676891565322876,Waterloo,​​yoU,Cast Of Mamma Mia! Here We Go Again,BIANCHI,2018,2022,pop,pop
40839,dc607f9428fed5386f55b06cc416ed82dbd4003e,449039,41042f796506529a588672fd40c4677d6f90ee67,13,0.6857105493545532,Waterloo,Vs. Trainer Red,Cast Of Mamma Mia! Here We Go Again,Man on the Internet,2018,2017,pop,pop
40839,dc607f9428fed5386f55b06cc416ed82dbd4003e,413159,ef38607ffd25ffe5ecf03c500ce90eeb4b236299,14,0.6779112815856934,Waterloo,Death Hole One Year Later,Cast Of Mamma Mia! Here We Go Again,Precious Jewel Amor,2018,2021,pop,pop
40839,dc607f9428fed5386f55b06cc416ed82dbd4003e,62871,aaabef62096bff76a7b9858d0eeceae35ee5d351,15,0.694404125213623,Waterloo,Victorious,Cast Of Mamma Mia! Here We Go Again,Skillet,2018,2019,pop,rock
40839,dc607f9428fed5386f55b06cc416ed82dbd4003e,89070,8112a2f68358a21197e4b11726c9ebd5ba5d5dd3,16,0.6698341369628906,Waterloo,Knight of the Wind,Cast Of Mamma Mia! Here We Go Again,Crush 40,2018,2009,pop,rock
40839,dc607f9428fed5386f55b06cc416ed82dbd4003e,261044,6970bf5bb0aaeaac93ad6758da8693ce59fe585b,17,0.6699658632278442,Waterloo,Majesty,Cast Of Mamma Mia! Here We Go Again,Warpaint,2018,2010,pop,pop
40839,dc607f9428fed5386f55b06cc416ed82dbd4003e,245548,1a3e546e3e2e4fdf44ba134aa1fc346d02b2b526,18,0.6847142577171326,Waterloo,Enemies,Cast Of Mamma Mia! Here We Go Again,The Score,2018,2022,pop,rock
40839,dc607f9428fed5386f55b06cc416ed82dbd4003e,378853,842a8e3f13bc643a5fde1a8e792bfc3aa9636935,19,0.6737692952156067,Waterloo,Unequivocal Nature,Cast Of Mamma Mia! Here We Go Again,Eidola,2018,2021,pop,rock
40839,dc607f9428fed5386f55b06cc416ed82dbd4003e,252560,8b938dab251193681f3ab267b8355d0c573c0dcf,20,0.6752985715866089,Waterloo,Glory,Cast Of Mamma Mia! Here We Go Again,1K Phew,2018,2019,pop,rap
394518,ab8bde728950bb65b4a12561b1b14934a3c92b41,431705,7e58e45d8628d23aee82bf1ce10adbcffa8fcb7d,1,0.8366205096244812,Simulacra,YVR TO LAX,Jonny 5 + Yak,Kresnt,2001,2019,rap,rap
394518,ab8bde728950bb65b4a12561b1b14934a3c92b41,383995,74b4595b1d4db20bcaf48150add5ada3cdc8761f,2,0.819538414478302,Simulacra,Language Recovery,Jonny 5 + Yak,Whitehouse,2001,2006,rap,rock
394518,ab8bde728950bb65b4a12561b1b14934a3c92b41,249493,b61b016f140a1b8ec75a0bfaa54016907e594437,3,0.8311513066291809,Simulacra,Simian Drugs,Jonny 5 + Yak,Company Flow,2001,2001,rap,rap
394518,ab8bde728950bb65b4a12561b1b14934a3c92b41,124603,ebd2b81940e1853ff46cf8ee0b97d379da806472,4,0.8352936506271362,Simulacra,VII. Solo,Jonny 5 + Yak,Dave Malloy,2001,2019,rap,pop
394518,ab8bde728950bb65b4a12561b1b14934a3c92b41,361257,e6984456b7ce8735854f2f674428d507e4b2a014,5,0.7994879484176636,Simulacra,Beauty Queen,Jonny 5 + Yak,Next,2001,2000,rap,rb
394518,ab8bde728950bb65b4a12561b1b14934a3c92b41,478493,76ce7edde778b59269c9b1e21a11355f58619c53,6,0.8327850699424744,Simulacra,The Dozen,Jonny 5 + Yak,The Last Emperor,2001,2000,rap,rap
394518,ab8bde728950bb65b4a12561b1b14934a3c92b41,302786,381c588e98019e951d8f87d2c4a838bf29fe1e5b,7,0.8135274052619934,Simulacra,Miss Lucy Had Some Leeches,Jonny 5 + Yak,Emilie Autumn,2001,2006,rap,pop
394518,ab8bde728950bb65b4a12561b1b14934a3c92b41,221601,b6a25591fe353039b2b457a06fd4540f0d2111bb,8,0.8054757714271545,Simulacra,Fuck Aneta Briant,Jonny 5 + Yak,David Allan Coe,2001,1978,rap,pop
394518,ab8bde728950bb65b4a12561b1b14934a3c92b41,340166,155ed0e5758ed99965e7f819f78e89f90955dfaf,9,0.834031343460083,Simulacra,Nightbreed,Jonny 5 + Yak,Jehst,2001,2002,rap,rap
394518,ab8bde728950bb65b4a12561b1b14934a3c92b41,492422,b87c0c6134eac0c06188ae43c5e8dc25d17ecd62,10,0.8326611518859863,Simulacra,Pamela Andersons Epic Poem,Jonny 5 + Yak,Pamela Anderson,2001,2014,rap,misc
394518,ab8bde728950bb65b4a12561b1b14934a3c92b41,324203,5a19bb2a962b842047fd3e0e212f889eea7ce54f,11,0.8266791701316833,Simulacra,Patoreakcja,Jonny 5 + Yak,Mata,2001,2021,rap,rap
394518,ab8bde728950bb65b4a12561b1b14934a3c92b41,254134,4c83d7ce97c54e23585dc39ea503033b8189db33,12,0.8147794008255005,Simulacra,White Trash,Jonny 5 + Yak,Tabby,2001,2017,rap,rap
394518,ab8bde728950bb65b4a12561b1b14934a3c92b41,123564,ab400d6e8e4e587c9fd57ea65cabecb52f1288cc,13,0.8211807608604431,Simulacra,Ghetto Story Steady Mobbin,Jonny 5 + Yak,Lupe Fiasco,2001,2006,rap,rap
394518,ab8bde728950bb65b4a12561b1b14934a3c92b41,313916,b7130b8b9d2a67069357ab198f0472e3160c66d0,14,0.8143500089645386,Simulacra,The Fractured But Whole,Jonny 5 + Yak,Dan Bull,2001,2017,rap,rap
394518,ab8bde728950bb65b4a12561b1b14934a3c92b41,206632,28502447e23d98c25c7ad36609b9fd5960645504,15,0.8006575107574463,Simulacra,Sylvia,Jonny 5 + Yak,Rozz Dyliams,2001,2016,rap,rap
394518,ab8bde728950bb65b4a12561b1b14934a3c92b41,423195,4d51a41b727332f00d712c57e0202bdca7255a49,16,0.8004742860794067,Simulacra,Never Been,Jonny 5 + Yak,Crooked I,2001,2010,rap,rap
394518,ab8bde728950bb65b4a12561b1b14934a3c92b41,149876,1214d49e12916e11323bd98888ec15f92e3bad2e,17,0.828974187374115,Simulacra,Rickety Rackety,Jonny 5 + Yak,Aesop Rock,2001,2005,rap,rap
394518,ab8bde728950bb65b4a12561b1b14934a3c92b41,310901,2c4f025fe1e1f173d5c15f40469bb5b2503c969c,18,0.8011075258255005,Simulacra,Come Look at the Freaks,Jonny 5 + Yak,Henry Krieger,2001,1997,rap,pop
394518,ab8bde728950bb65b4a12561b1b14934a3c92b41,84571,09dc9b5b86e5ce28315ca5789a2759279bf14626,19,0.820892870426178,Simulacra,You Have to Ride the Wave,Jonny 5 + Yak,Heems,2001,2012,rap,rap
394518,ab8bde728950bb65b4a12561b1b14934a3c92b41,363717,72519847daec4e8d451fa9cbb9283e2cd19318ca,20,0.8200745582580566,Simulacra,The Plague,Jonny 5 + Yak,Prozak,2001,2015,rap,rap
156750,5187d21931817c045d0d2e80f3648575451165ca,458969,e87c3733ea86624a55560eb8f096fdcc10f43408,1,0.9241476058959961,Tasting Purple,Drip Flow,Skooly,No Savage,2017,2020,rap,rap
156750,5187d21931817c045d0d2e80f3648575451165ca,28509,7dd062f145c113941921279ebc1eac69bdd2576e,2,0.9094096422195435,Tasting Purple,Dynamic Duo,Skooly,Kasher Quon,2017,2019,rap,rap
156750,5187d21931817c045d0d2e80f3648575451165ca,188961,51a6bdff2c26140e09833c6dac18b590797d3dd4,3,0.9167453050613403,Tasting Purple,Reflection,Skooly,YN Jay & Louie Ray,2017,2020,rap,rap
156750,5187d21931817c045d0d2e80f3648575451165ca,173256,9f2fd602b5131824cc56c963f4ad56902ff36908,4,0.9207571148872375,Tasting Purple,Fun Time,Skooly,BFB Da Packman,2017,2020,rap,rap
156750,5187d21931817c045d0d2e80f3648575451165ca,124055,d1e18f3ade29f091a3fd049337fb1e89134e2fbb,5,0.9091158509254456,Tasting Purple,Rappin,Skooly,Rich Homie Quan,2017,2015,rap,rap
156750,5187d21931817c045d0d2e80f3648575451165ca,358913,e2be0d4c92caed53dc9e75b44d1984992849ca24,6,0.911203145980835,Tasting Purple,First Night,Skooly,Webbie,2017,2008,rap,rap
156750,5187d21931817c045d0d2e80f3648575451165ca,349145,4708dfd7553940e6043118f138007d56cbbf95bf,7,0.9142072200775146,Tasting Purple,Goosebumps,Skooly,Tripsixx,2017,2014,rap,rap
156750,5187d21931817c045d0d2e80f3648575451165ca,60117,93f671318de93c596888c835415d591159ffdeb6,8,0.9085796475410461,Tasting Purple,Became Legends,Skooly,A Boogie wit da Hoodie,2017,2017,rap,rap
156750,5187d21931817c045d0d2e80f3648575451165ca,195061,327ad5815a083d69559d8563be1aa32fb8a6ec53,9,0.9079704284667969,Tasting Purple,Capers,Skooly,Damjonboi,2017,2019,rap,rap
156750,5187d21931817c045d0d2e80f3648575451165ca,320162,165b7587d29a9337ff9b45986f01d64a0102c39c,10,0.8979488611221313,Tasting Purple,Guest House,Skooly,Ghostface Killah,2017,2009,rap,rap
156750,5187d21931817c045d0d2e80f3648575451165ca,40963,e7dc34b39f9742d9efd0ce5ec928b2248621cdf6,11,0.9217715263366699,Tasting Purple,Ready Remix,Skooly,Trouble,2017,2016,rap,rap
156750,5187d21931817c045d0d2e80f3648575451165ca,54916,ef394e6ff49a8c854533b5e471e891db0e66b00e,12,0.9153000116348267,Tasting Purple,Who Shot You?,Skooly,Cash Kidd,2017,2019,rap,rap
156750,5187d21931817c045d0d2e80f3648575451165ca,113117,8a0e4e192dce4894dbe7de3bf712dad6becb780e,13,0.9055131077766418,Tasting Purple,Queen of Nightmares,Skooly,Asian Doll,2017,2018,rap,rap
156750,5187d21931817c045d0d2e80f3648575451165ca,261342,cb6f07c8c9bb350f33ca6af4081110350679d80b,14,0.9030613899230957,Tasting Purple,Up,Skooly,Kur,2017,2015,rap,rap
156750,5187d21931817c045d0d2e80f3648575451165ca,40234,027282a48d8a18cd878eee7fe8ddc043674af26e,15,0.9079044461250305,Tasting Purple,Vent Flex Freestyle,Skooly,Moneybagg Yo,2017,2017,rap,rap
156750,5187d21931817c045d0d2e80f3648575451165ca,75148,a82b8bc056c81dcb48affb2ae5da6f2ac5bf97eb,16,0.9054010510444641,Tasting Purple,Fuckin Niggaz Bitches,Skooly,21 Savage,2017,2015,rap,rap
156750,5187d21931817c045d0d2e80f3648575451165ca,40664,dde4066dd97fb1530459f1be34bb36e20347a8f2,17,0.9136818647384644,Tasting Purple,8 Minute Freestyle,Skooly,Juice WRLD,2017,2020,rap,rap
156750,5187d21931817c045d0d2e80f3648575451165ca,212196,d86cfa18f3444f6914bb65526fc02c8b3aad48c1,18,0.8974109888076782,Tasting Purple,Attic,Skooly,Young Dolph,2017,2016,rap,rap
156750,5187d21931817c045d0d2e80f3648575451165ca,67319,f785b3ba4b59cbee705d3e46c4647275af9108ea,19,0.9021227955818176,Tasting Purple,F.E.M.A.,Skooly,Plies,2017,2017,rap,rap
156750,5187d21931817c045d0d2e80f3648575451165ca,97002,00cfcee8d83df086feb2927bfe02e8f4f1c9c933,20,0.8965970277786255,Tasting Purple,33 Savage,Skooly,Lamorne Morris,2017,2017,rap,rap
120648,7ceb8da9dd8dbe6da61d720adfb0db56565a78ef,11145,7aed6e3ddc14e2262a8886f3bd6e7361a4746dbd,1,0.8987998366355896,Watrfall,Riff Off,IAMDDB,Pitch Perfect 3 Cast,2018,2017,rb,pop
120648,7ceb8da9dd8dbe6da61d720adfb0db56565a78ef,40279,d4558cd8e89fcfe0c90f6ae68226045a3242f9bc,2,0.8861510753631592,Watrfall,니가 부르는 나의 이름 You Calling My Name,IAMDDB,GOT7,2018,2019,rb,pop
120648,7ceb8da9dd8dbe6da61d720adfb0db56565a78ef,281040,5d59cf6f6bff4f565994548b84ca7e63e33be98d,3,0.8726063966751099,Watrfall,Wavy,IAMDDB,Zach Diamond,2018,2020,rb,rap
120648,7ceb8da9dd8dbe6da61d720adfb0db56565a78ef,165336,cde68a7951fb1ed00426b66671b64b34b819ec7b,4,0.8945868611335754,Watrfall,My Line,IAMDDB,Reuben James,2018,2020,rb,rb
120648,7ceb8da9dd8dbe6da61d720adfb0db56565a78ef,303706,466a61dd1ff9fbc9e28afdc598207ff090ac83f3,5,0.8797095417976379,Watrfall,Ease Your Mind,IAMDDB,More Ease,2018,2020,rb,pop
120648,7ceb8da9dd8dbe6da61d720adfb0db56565a78ef,468129,b79afa143a29929d9af3d3b15fbf360a3c0e1baa,6,0.891059160232544,Watrfall,MONTERO Call Me By Your Name Demo,IAMDDB,Lil Nas X,2018,2021,rb,rap
120648,7ceb8da9dd8dbe6da61d720adfb0db56565a78ef,416034,e1e06cadb4c328073260c296ab48ce6f7e99d11a,7,0.8871521949768066,Watrfall,Nothing to Lose,IAMDDB,Red Hot Chili Peppers,2018,2003,rb,rock
120648,7ceb8da9dd8dbe6da61d720adfb0db56565a78ef,510517,b225e62527683dc78010dea0c1de7cd8492646f1,8,0.86839759349823,Watrfall,CELLULAR,IAMDDB,Bluxxi,2018,2022,rb,rb
120648,7ceb8da9dd8dbe6da61d720adfb0db56565a78ef,348536,da87e62b75a648c40953825ebda7d2c5bfefab8f,9,0.8812494874000549,Watrfall,Hello,IAMDDB,Ginuwine,2018,1996,rb,rb
120648,7ceb8da9dd8dbe6da61d720adfb0db56565a78ef,368539,8ffc38a0d191c94d25b2f7a7df0bb83f3e44deb3,10,0.8823593854904175,Watrfall,Moment,IAMDDB,Joe Maynor,2018,2019,rb,rb
120648,7ceb8da9dd8dbe6da61d720adfb0db56565a78ef,431935,8b2e8a189fc9602829e868efd70fbd951199d5a3,11,0.8832986354827881,Watrfall,Replaceable,IAMDDB,The Killers,2018,2013,rb,rock
120648,7ceb8da9dd8dbe6da61d720adfb0db56565a78ef,175025,df00e059129c2132066b01313e9f0bbea53196eb,12,0.875480055809021,Watrfall,We Aint,IAMDDB,gianni & kyle,2018,2016,rb,rap
120648,7ceb8da9dd8dbe6da61d720adfb0db56565a78ef,31853,10e16b57105dfe152fc9276860d2d03922997b0d,13,0.8835850358009338,Watrfall,Talk Is Cheap,IAMDDB,Aaliyah,2018,2014,rb,rap
120648,7ceb8da9dd8dbe6da61d720adfb0db56565a78ef,162712,38b9eef6f93ee565d12bbcef700f7d709fd940bf,14,0.8771340250968933,Watrfall,Oohwee,IAMDDB,Mila J,2018,2016,rb,rb
120648,7ceb8da9dd8dbe6da61d720adfb0db56565a78ef,201666,c25c6dd04bac755d6e135aeecec78c2cab6f30f2,15,0.8946338295936584,Watrfall,PERFECT STRUGGLE 2017 Mashup,IAMDDB,AnDyWuMUSICLAND,2018,2017,rb,pop
120648,7ceb8da9dd8dbe6da61d720adfb0db56565a78ef,324760,11bbc629a2de86793e6ae999314f9a170e2c6c66,16,0.8772621154785156,Watrfall,Porch Live MTV Unplugged,IAMDDB,Pearl Jam,2018,2019,rb,rock
120648,7ceb8da9dd8dbe6da61d720adfb0db56565a78ef,485977,33ff691487af7849b3c611ba8feaf948dc786b25,17,0.8834188580513,Watrfall,Pick Up The Phone Remix,IAMDDB,EA$Y TAVEN,2018,2016,rb,rb
120648,7ceb8da9dd8dbe6da61d720adfb0db56565a78ef,5152,f8998b46eb98b543fa30fb6b25218d2ce9795bfa,18,0.8775579929351807,Watrfall,Self Righteous,IAMDDB,Bryson Tiller,2018,2015,rb,rb
120648,7ceb8da9dd8dbe6da61d720adfb0db56565a78ef,158568,06972f2c1dacde6e8e90680b971655da31fcd8df,19,0.869723916053772,Watrfall,Teen Spirit Remix,IAMDDB,SZA,2018,2013,rb,rap
120648,7ceb8da9dd8dbe6da61d720adfb0db56565a78ef,119432,1f3d1a166c8256da52e1e771e571dcccccdce0b2,20,0.8841181993484497,Watrfall,Attitude,IAMDDB,Johnny Carey,2018,2019,rb,rap
110665,eec79378e3b858667535c0f92566d46899f87c56,298834,021d1169fca32407d55db8c637f32af28eaf0257,1,0.956517219543457,Thumbin,Thumb Thru That Check,Rick Ross,Rocko,2012,2012,rap,pop
110665,eec79378e3b858667535c0f92566d46899f87c56,40234,027282a48d8a18cd878eee7fe8ddc043674af26e,2,0.8342388868331909,Thumbin,Vent Flex Freestyle,Rick Ross,Moneybagg Yo,2012,2017,rap,rap
110665,eec79378e3b858667535c0f92566d46899f87c56,172327,468b02edd9a06372461c9a4e22acdbcbea5cfc74,3,0.8387349247932434,Thumbin,Check,Rick Ross,Chief Keef,2012,2017,rap,rap
110665,eec79378e3b858667535c0f92566d46899f87c56,134961,6cadd0d5ccbfb6dbd196c5be4a61c8f4d7472a18,4,0.8224684000015259,Thumbin,Thumb,Rick Ross,Landstrip Chip,2012,2019,rap,rb
110665,eec79378e3b858667535c0f92566d46899f87c56,142655,74d5355b1d37ccc5dedb7a125b31918ed65d47dc,5,0.8304621577262878,Thumbin,Run The Check Up,Rick Ross,DJ Infamous,2012,2016,rap,rap
110665,eec79378e3b858667535c0f92566d46899f87c56,223252,9d1f6eddc7d71383d4be787fdc444d56e41e230e,6,0.8072458505630493,Thumbin,Flex,Rick Ross,Migos,2012,2012,rap,rap
110665,eec79378e3b858667535c0f92566d46899f87c56,68074,bffd4a8c76f35a717438e0470bf3f5b57adff4cc,7,0.8314567804336548,Thumbin,Check,Rick Ross,Lil Durk,2012,2016,rap,rap
110665,eec79378e3b858667535c0f92566d46899f87c56,459492,ac2ed05138734d2dd9256cc7a5effeff2dde6c7f,8,0.8305336236953735,Thumbin,Run Off,Rick Ross,Young Buck,2012,2017,rap,rap
110665,eec79378e3b858667535c0f92566d46899f87c56,399589,d34da238760875afca8bdac78267ff95f41ae142,9,0.8114320635795593,Thumbin,Flexed on Myself,Rick Ross,Larry League,2012,2016,rap,rap
110665,eec79378e3b858667535c0f92566d46899f87c56,133207,5075e1d373b1205fbcf56814f45b6436cd2c6359,10,0.8302996158599854,Thumbin,Run My Check Up,Rick Ross,Jackboy,2012,2016,rap,rap
110665,eec79378e3b858667535c0f92566d46899f87c56,263979,d0de9347d5463c3aaf04ca00b3befc0bea0cabf1,11,0.8101722598075867,Thumbin,Cash Out,Rick Ross,Purpmiya,2012,2017,rap,rap
110665,eec79378e3b858667535c0f92566d46899f87c56,138758,8257914c11d08dc14b3a3c1b497a372ccea2669b,12,0.8203946352005005,Thumbin,Check,Rick Ross,EndyEnds,2012,2016,rap,rap
110665,eec79378e3b858667535c0f92566d46899f87c56,58909,76d8652d704a046e303ec2147d4278d97540545e,13,0.8304054737091064,Thumbin,Checc,Rick Ross,Dave East,2012,2017,rap,rap
110665,eec79378e3b858667535c0f92566d46899f87c56,323550,4c84b3c149bf238d7db2be997b417cc932c1ba38,14,0.8151857852935791,Thumbin,Diamond Heights,Rick Ross,Larry June,2012,2019,rap,rap
110665,eec79378e3b858667535c0f92566d46899f87c56,217825,3c827f1e81fbe74306e78d0e8e40ed643a785e24,15,0.808263897895813,Thumbin,The Bag Way,Rick Ross,Young Buck,2012,2017,rap,rap
110665,eec79378e3b858667535c0f92566d46899f87c56,305842,7b83b019ee907e09db1f3d268f7c4aaefb66e633,16,0.8243372440338135,Thumbin,Check,Rick Ross,Caskey,2012,2015,rap,rap
110665,eec79378e3b858667535c0f92566d46899f87c56,479160,44b42fb6867ebd6d83e5518ec2685452fa327c5a,17,0.8142654299736023,Thumbin,Flex,Rick Ross,Ace Hood,2012,2012,rap,rap
110665,eec79378e3b858667535c0f92566d46899f87c56,336350,bc2fe3cd85d842b279633ff9bce206f1d293965a,18,0.830186128616333,Thumbin,Check,Rick Ross,Lakeyah,2012,2021,rap,rap
110665,eec79378e3b858667535c0f92566d46899f87c56,62353,19baa48ea36b273ff787736e2ea6a56fda4fea29,19,0.8168752193450928,Thumbin,Poppin Remix,Rick Ross,KSI,2012,2020,rap,rap
110665,eec79378e3b858667535c0f92566d46899f87c56,72327,24bc10f5f2b4980d4ab58543e3bb8c6247778070,20,0.8099437952041626,Thumbin,Check on Me,Rick Ross,Fabolous,2012,2016,rap,rap
46703,21aed08e8c4737bc53dea229f7ac53721d9b8c0c,9243,3f7f97db047c388907e8d43b4744a5faa036e160,1,0.800923764705658,Dream Team,Just Us,Niykee Heaton,DJ Khaled,2016,2019,pop,rb
46703,21aed08e8c4737bc53dea229f7ac53721d9b8c0c,225222,ba52537e69db989e66017c9bf9cd67f287501d3d,2,0.7524866461753845,Dream Team,The Dream Team Is in the House,Niykee Heaton,LA Dream Team,2016,1986,pop,pop
46703,21aed08e8c4737bc53dea229f7ac53721d9b8c0c,128278,4a08e1e59ba7ac81decc0965d49eb18c12bc5ccb,3,0.7787962555885315,Dream Team,Only Us,Niykee Heaton,Kygo & Haux,2016,2020,pop,pop
46703,21aed08e8c4737bc53dea229f7ac53721d9b8c0c,157083,cf6e6024bb1a3ac1c3f6bd09daaefcbd1c204313,4,0.7486929297447205,Dream Team,Random Warriors Remix,Niykee Heaton,G-Eazy,2016,2016,pop,rap
46703,21aed08e8c4737bc53dea229f7ac53721d9b8c0c,17008,18afc56045f638e9ec22b1ee91e6da4498565b01,5,0.7264747023582458,Dream Team,Trust,Niykee Heaton,Trust Lyrics - Justin Bieber,2016,2015,pop,pop
46703,21aed08e8c4737bc53dea229f7ac53721d9b8c0c,289395,7cc0e307fd30f23245dc2e189e52bed3ac099298,6,0.7484146952629089,Dream Team,10.000,Niykee Heaton,Gentleman's Vibe,2016,2012,pop,rap
46703,21aed08e8c4737bc53dea229f7ac53721d9b8c0c,247970,7e7be4d99a09b8e3ac0ee650b26afc634a251b55,7,0.7438479661941528,Dream Team,This Is Us,Niykee Heaton,Keyshia Cole,2016,2008,pop,rb
46703,21aed08e8c4737bc53dea229f7ac53721d9b8c0c,8399,0b2fb20aad5661613777596ba2d0f8584395abae,8,0.7352151274681091,Dream Team,Only Us,Niykee Heaton,Laura Dreyfuss & Ben Platt,2016,2017,pop,pop
46703,21aed08e8c4737bc53dea229f7ac53721d9b8c0c,468211,1ab0d5cf6b92eb2754998230b2b5645a402309c9,9,0.7362121939659119,Dream Team,One,Niykee Heaton,Mali Music,2016,2014,pop,pop
46703,21aed08e8c4737bc53dea229f7ac53721d9b8c0c,132916,5c0bc533f83d995e6b8928f9d8624c4cb8fff6b2,10,0.7342528700828552,Dream Team,WIN,Niykee Heaton,CIX,2016,2020,pop,pop
46703,21aed08e8c4737bc53dea229f7ac53721d9b8c0c,403190,a8adeae6bb4ac673798199b858c6423c399ba280,11,0.7307314276695251,Dream Team,Only You,Niykee Heaton,Yoandri,2016,2019,pop,pop
46703,21aed08e8c4737bc53dea229f7ac53721d9b8c0c,459473,d07176cd7eb2841f2bcf2e6ebffe7034a78ebce2,12,0.7158969044685364,Dream Team,We Are the Ones,Niykee Heaton,Sammy Adams,2016,2016,pop,rap
46703,21aed08e8c4737bc53dea229f7ac53721d9b8c0c,310800,8d716b15bbed682c69e5e4c077d4bc1a8cbf6c50,13,0.7234455943107605,Dream Team,Lately,Niykee Heaton,WebsterX,2016,2015,pop,rap
46703,21aed08e8c4737bc53dea229f7ac53721d9b8c0c,97584,e43d86748945f6e599308c2ab4bf6688ba30fbf7,14,0.7500429153442383,Dream Team,City Kids,Niykee Heaton,Moosh & Twist,2016,2011,pop,rap
46703,21aed08e8c4737bc53dea229f7ac53721d9b8c0c,344845,3cb7f23b0fb8c1cb608ea63e2de055232f910800,15,0.7440928220748901,Dream Team,fantastic dreamer,Niykee Heaton,Machico,2016,2015,pop,pop
46703,21aed08e8c4737bc53dea229f7ac53721d9b8c0c,75536,c95170f0a9471fcf30f0199ea41c394454eb1ed9,16,0.7402693629264832,Dream Team,No Wheaties,Niykee Heaton,Big K.R.I.T.,2016,2010,pop,rap
46703,21aed08e8c4737bc53dea229f7ac53721d9b8c0c,288988,cc835ba1a7c64e7d4ce8ad8fd7808e37781d3f43,17,0.7441806793212891,Dream Team,All We Are,Niykee Heaton,TiRon & Ayomari,2016,2015,pop,rap
46703,21aed08e8c4737bc53dea229f7ac53721d9b8c0c,8891,a42c0d11be9a52368d4548d56ffa0f4660d7208c,18,0.734947681427002,Dream Team,F.U.B.U.,Niykee Heaton,Solange,2016,2016,pop,rb
46703,21aed08e8c4737bc53dea229f7ac53721d9b8c0c,464593,773902e9df2607d2ffdfdd8f924f6bd41a4e3d0b,19,0.7414190173149109,Dream Team,Halos,Niykee Heaton,Cool Company,2016,2020,pop,rb
46703,21aed08e8c4737bc53dea229f7ac53721d9b8c0c,480438,a118ad85b43d5372e2cd21ce109b92dff09510f9,20,0.7390072345733643,Dream Team,The Way We Are,Niykee Heaton,Alesha Dixon,2016,2015,pop,pop
409949,1acb23c94336ab8e53b9defb04b1d870efd5109b,105054,80e6edca49fdd4b03cab8765d11963b465da457e,1,0.797980785369873,Dicked Down in Dallas,Pimpin Pennsylvania,Trey Lewis & RVSHVD,Afroman,2021,2008,country,rap
409949,1acb23c94336ab8e53b9defb04b1d870efd5109b,260088,75b5dda8e8ff929429a43387ca3d4aba513f8a24,2,0.7656676769256592,Dicked Down in Dallas,Fuck the Police,Trey Lewis & RVSHVD,Jay Rock,2021,2010,country,rap
409949,1acb23c94336ab8e53b9defb04b1d870efd5109b,437527,7b63eab324fea5aa4bdd150a95155777e6e65bc1,3,0.7817253470420837,Dicked Down in Dallas,Francine,Trey Lewis & RVSHVD,Apollo Brown & Ras Kass,2021,2014,country,rap
409949,1acb23c94336ab8e53b9defb04b1d870efd5109b,68149,e7d5f9d58552a60241401e5ade96a6a308e3f87e,4,0.7822882533073425,Dicked Down in Dallas,In Your Pussy,Trey Lewis & RVSHVD,Afroman,2021,2008,country,rap
409949,1acb23c94336ab8e53b9defb04b1d870efd5109b,62518,ed451a1e4a2c8439ce4fb0182c4b323056ce46d6,5,0.767822802066803,Dicked Down in Dallas,2 Rounds Remix,Trey Lewis & RVSHVD,Propain,2021,2014,country,rap
409949,1acb23c94336ab8e53b9defb04b1d870efd5109b,442957,d47a0dabcee017545fae3e8a1093912dfca0c535,6,0.7699956893920898,Dicked Down in Dallas,I Smoke Weed,Trey Lewis & RVSHVD,Afroman,2021,2013,country,pop
409949,1acb23c94336ab8e53b9defb04b1d870efd5109b,89444,e0b94863cbe4f79c69775c74f45227fde192a32a,7,0.7495945692062378,Dicked Down in Dallas,Thieves in Atlanta,Trey Lewis & RVSHVD,Yung Bleu,2021,2021,country,rap
409949,1acb23c94336ab8e53b9defb04b1d870efd5109b,59030,04301c6c19534980c1903792901bcec4a5f8f1b5,8,0.770752489566803,Dicked Down in Dallas,My Bitch 50 Cent Jay-Z and Suge Knight Diss,Trey Lewis & RVSHVD,The Game,2021,2007,country,rap
409949,1acb23c94336ab8e53b9defb04b1d870efd5109b,363666,75312cc851cb9eb07c9bc294b083b326c6a30d13,9,0.7755540609359741,Dicked Down in Dallas,Young Luv,Trey Lewis & RVSHVD,Mobb Deep,2021,2007,country,rap
409949,1acb23c94336ab8e53b9defb04b1d870efd5109b,357524,50088e01d3caca6e2c79978d0344a4c250284ec7,10,0.7609708309173584,Dicked Down in Dallas,Brendas Baby,Trey Lewis & RVSHVD,DOM KENNEDY,2021,2018,country,rap
409949,1acb23c94336ab8e53b9defb04b1d870efd5109b,209172,3b8e4af9d5825dab626ef465273a41b14a65988d,11,0.764043927192688,Dicked Down in Dallas,Slob On My Knob Part 2,Trey Lewis & RVSHVD,Three 6 Mafia,2021,2015,country,pop
409949,1acb23c94336ab8e53b9defb04b1d870efd5109b,226750,bfced84b8ef88bf5845e751c2354a89a9a28d7f8,12,0.7618169188499451,Dicked Down in Dallas,Hot 4 U,Trey Lewis & RVSHVD,A Tribe Called Quest,2021,1998,country,rap
409949,1acb23c94336ab8e53b9defb04b1d870efd5109b,325609,104cc481925e2dfb3090f54f51d84c25f199d3a6,13,0.7457997798919678,Dicked Down in Dallas,Struggle,Trey Lewis & RVSHVD,9lokkNine,2021,2018,country,rap
409949,1acb23c94336ab8e53b9defb04b1d870efd5109b,88790,4adf90c963f8cdb7490403db58ea6bbf7b7783cc,14,0.7732922434806824,Dicked Down in Dallas,Gurl From Kentucky,Trey Lewis & RVSHVD,Afroman,2021,2008,country,rap
409949,1acb23c94336ab8e53b9defb04b1d870efd5109b,196228,f6ebdc13d85d02262ac5db9c2ba653a573312b32,15,0.7732143402099609,Dicked Down in Dallas,A Thugs Love Story Chapter I II III,Trey Lewis & RVSHVD,Kool G Rap,2021,1998,country,rap
409949,1acb23c94336ab8e53b9defb04b1d870efd5109b,289460,7c5c6b7e06d642f4536c3d618f21022606c302c0,16,0.7520094513893127,Dicked Down in Dallas,Droppin Names,Trey Lewis & RVSHVD,Dirt Nasty,2021,2007,country,rap
409949,1acb23c94336ab8e53b9defb04b1d870efd5109b,145207,5eef6a46d7fbd076c7de56e1cdc228ce659d6d5c,17,0.7625857591629028,Dicked Down in Dallas,Bitches Aint Shit,Trey Lewis & RVSHVD,Ben Folds,2021,2005,country,rock
409949,1acb23c94336ab8e53b9defb04b1d870efd5109b,465521,f26c6f13f8d1b2117268b5d298b134af959a92dd,18,0.7502415776252747,Dicked Down in Dallas,Kanye West - On Sight Traduction Française,Trey Lewis & RVSHVD,Genius Traductions Franaises,2021,2013,country,rap
409949,1acb23c94336ab8e53b9defb04b1d870efd5109b,75867,79dab2391d05a5072f4f9a534808270b8a4170eb,19,0.763232409954071,Dicked Down in Dallas,A Bitch I Knew,Trey Lewis & RVSHVD,Snoop Dogg,2021,2006,country,rap
409949,1acb23c94336ab8e53b9defb04b1d870efd5109b,162117,633321aca25b49519a7219b8b359cc8110bfeb84,20,0.765137791633606,Dicked Down in Dallas,Still Gettin My Dick Suck,Trey Lewis & RVSHVD,DJ Paul,2021,2002,country,rap
126592,58cb22af05b7a527d84430914ee0caa58e26435c,405978,482d47b6b8530c062f270a2061afd5f281436192,1,0.876343846321106,Slaves Shall Serve,Orgiastic Disembowelment,Behemoth,Cryptopsy,2004,1996,rock,rock
126592,58cb22af05b7a527d84430914ee0caa58e26435c,401251,570b35ff39e6637378b2992f28035834e94abb25,2,0.862728476524353,Slaves Shall Serve,The Garden of Everything,Behemoth, (Maaya Sakamoto),2004,2003,rock,pop
126592,58cb22af05b7a527d84430914ee0caa58e26435c,505603,72b50fc748a30a8034ba0d4e789c5b3fd110fb0e,3,0.8676941394805908,Slaves Shall Serve,Acacia,Behemoth,Wovenhand,2004,2022,rock,rock
126592,58cb22af05b7a527d84430914ee0caa58e26435c,42703,9e6595bc686b33e803f14552205453950fa6a053,4,0.8704221844673157,Slaves Shall Serve,Finale/Finale Ultimo,Behemoth,Alan Menken,2004,2016,rock,pop
126592,58cb22af05b7a527d84430914ee0caa58e26435c,488435,42a6810aa2470134ec383ae2a74c4ae999fae687,5,0.8738604187965393,Slaves Shall Serve,Shadow Duet,Behemoth,Dark Tranquillity,2004,1993,rock,rock
126592,58cb22af05b7a527d84430914ee0caa58e26435c,167630,e14cdea31af61d86b1dda1d85891750881f1225c,6,0.8724911212921143,Slaves Shall Serve,The Ninth Wave,Behemoth,Blind Guardian,2004,2015,rock,rock
126592,58cb22af05b7a527d84430914ee0caa58e26435c,514456,0e99f0de4261fed3a16dd57f6bddd077f20c9dfc,7,0.8518754839897156,Slaves Shall Serve,Orcus Mouth,Behemoth,Mass Worship,2004,2022,rock,rock
126592,58cb22af05b7a527d84430914ee0caa58e26435c,489430,186d5a43b9f3bd94dd3dda65c6c36d1a39431398,8,0.8550550937652588,Slaves Shall Serve,The Final Fold King Olly Suite,Behemoth,Juno Songs,2004,2021,rock,pop
126592,58cb22af05b7a527d84430914ee0caa58e26435c,414836,bc99556bd320e3072e7f7c56472b1f1740a8d564,9,0.8604319095611572,Slaves Shall Serve,MacDougal Street Blues,Behemoth,Jack Kerouac,2004,1997,rock,pop
126592,58cb22af05b7a527d84430914ee0caa58e26435c,28586,ca18bf3e28dacd1a88dcc473635fd084653b70e3,10,0.8526297807693481,Slaves Shall Serve,Aigiri Nandini,Behemoth,Brodha V,2004,2014,rock,rap
126592,58cb22af05b7a527d84430914ee0caa58e26435c,148210,36a5e29c49dbad1df7030cc984c2ce512b434214,11,0.8607932329177856,Slaves Shall Serve,At the Left Hand ov God,Behemoth,Behemoth,2004,2007,rock,rock
126592,58cb22af05b7a527d84430914ee0caa58e26435c,442991,49da50647a367c5dc2d46744f892f54df84e4907,12,0.858521580696106,Slaves Shall Serve,Apex Night Eclipse,Behemoth,Alterbeast,2004,2017,rock,rock
126592,58cb22af05b7a527d84430914ee0caa58e26435c,357467,907c5408ef840af37d68d52aa958ec17d088c9a8,13,0.8400094509124756,Slaves Shall Serve,I Am Possessed,Behemoth,Carpathian Forest,2004,2015,rock,pop
126592,58cb22af05b7a527d84430914ee0caa58e26435c,374536,89defda7aa5549c8bd19265dd20cc3b26375036c,14,0.8603990077972412,Slaves Shall Serve,Desert Father,Behemoth,Josh Garrels,2004,2008,rock,pop
126592,58cb22af05b7a527d84430914ee0caa58e26435c,310675,27d68a31ea7f140f0b6159258a5f56d01e0689e1,15,0.8689650893211365,Slaves Shall Serve,Death and the Maiden,Behemoth,Cradle of Filth,2004,2017,rock,rock
126592,58cb22af05b7a527d84430914ee0caa58e26435c,427367,ab61f342178777e721adb6b991dbc17ce25ce605,16,0.8576066493988037,Slaves Shall Serve,Heavensward,Behemoth,Masayoshi Soken,2004,2015,rock,pop
126592,58cb22af05b7a527d84430914ee0caa58e26435c,271078,d00dcb73d978012491524f49005cb44dc06fd4b4,17,0.8549396991729736,Slaves Shall Serve,Chapter I: Tales of Ithiria,Behemoth,Haggard,2004,2008,rock,pop
126592,58cb22af05b7a527d84430914ee0caa58e26435c,283137,3fc840620bf92a054252e044ce8a685ecb8db0f0,18,0.8491772413253784,Slaves Shall Serve,Through the Tables and Memes,Behemoth,PhucYoou,2004,2017,rock,rock
126592,58cb22af05b7a527d84430914ee0caa58e26435c,87149,7d0b7640cdf934ddd4d5bb187f7a7b8abeccf553,19,0.8503924608230591,Slaves Shall Serve,BATMETAL FOREVER,Behemoth,ArhyBES,2004,2018,rock,rock
126592,58cb22af05b7a527d84430914ee0caa58e26435c,338920,eefff54f4981465eb2bafc621ff334b905517278,20,0.8465520739555359,Slaves Shall Serve,In the Valley of Death I AM Their King,Behemoth,Judas Iscariot,2004,2002,rock,rock
225223,cae55410cc0c429502d6a28be177deb8dc644b08,394555,f0461d32ce0e36624347fbabb2337a61fd59b23c,1,0.7796390652656555,Little Walter,Cats In The Bag,Tony! Toni! Ton!,Breaking Bad,1988,2008,rb,misc
225223,cae55410cc0c429502d6a28be177deb8dc644b08,298487,06a73d6d9fc4959592bc9914516ffb01fa286517,2,0.6756987571716309,Little Walter,Little Bombardier,Tony! Toni! Ton!,David Bowie,1988,1967,rb,pop
225223,cae55410cc0c429502d6a28be177deb8dc644b08,116342,3824c6f7517e4e4b0a7d6f302a589bed5abf466e,3,0.7349573969841003,Little Walter,Pilot,Tony! Toni! Ton!,Breaking Bad,1988,2008,rb,misc
225223,cae55410cc0c429502d6a28be177deb8dc644b08,35760,a3b8f01f475fee0771587b4d4207357967ed7410,4,0.6678967475891113,Little Walter,Death of a Salesman: Act 2,Tony! Toni! Ton!,Arthur Miller,1988,1986,rb,misc
225223,cae55410cc0c429502d6a28be177deb8dc644b08,49418,ec8b18ed9d31d9f6ec9ba5c9d4f46b3e85d3d70a,5,0.694669783115387,Little Walter,A Raisin in the Sun Act I : Scene I,Tony! Toni! Ton!,Lorraine Hansberry,1988,1959,rb,misc
225223,cae55410cc0c429502d6a28be177deb8dc644b08,325973,8082b0cd2cdb5170c7b1d38559caf9bac0b75e86,6,0.6684399247169495,Little Walter,Walter White Boy Flow 2,Tony! Toni! Ton!,Bootleg Kev,1988,2016,rb,rap
225223,cae55410cc0c429502d6a28be177deb8dc644b08,469161,a241ee7e7d0c17ccf79db24c9a9d7c9ba9795632,7,0.6701345443725586,Little Walter,Jimmy Lee,Tony! Toni! Ton!,Aretha Franklin,1988,1986,rb,rb
225223,cae55410cc0c429502d6a28be177deb8dc644b08,312927,9afda3274e8941b4baa05a65074004e064bb014c,8,0.699539303779602,Little Walter,Breaking Bad Remix Seasons 3-5,Tony! Toni! Ton!,Placeboing,1988,2014,rb,pop
225223,cae55410cc0c429502d6a28be177deb8dc644b08,10728,5d2ce24ccbd1d2a6825c03f58d611fca7a502fca,9,0.6856916546821594,Little Walter,PROM / KING,Tony! Toni! Ton!,Saba,1988,2018,rb,rap
225223,cae55410cc0c429502d6a28be177deb8dc644b08,136439,bded206cb9007e83bfe84650afeceb3c72a76574,10,0.675519585609436,Little Walter,Harold of the Rocks,Tony! Toni! Ton!,Primus,1988,1990,rb,rock
225223,cae55410cc0c429502d6a28be177deb8dc644b08,59570,caf63150b38492f2a268d25b94ebcd4423f1e7a3,11,0.7221183776855469,Little Walter,Say My Name,Tony! Toni! Ton!,Breaking Bad,1988,2012,rb,misc
225223,cae55410cc0c429502d6a28be177deb8dc644b08,51082,2ed9196809084def6bc0bcb01ba9c723896a5ea4,12,0.728735089302063,Little Walter,Felina,Tony! Toni! Ton!,Breaking Bad,1988,2013,rb,misc
225223,cae55410cc0c429502d6a28be177deb8dc644b08,284068,d0fe0537b8c51598a31db92668f35bc93d4def6c,13,0.7203498482704163,Little Walter,Over,Tony! Toni! Ton!,Breaking Bad,1988,2009,rb,misc
225223,cae55410cc0c429502d6a28be177deb8dc644b08,29007,392ae073c2742cb437870825ae18063a72c9b843,14,0.7267322540283203,Little Walter,Ozymandias,Tony! Toni! Ton!,Breaking Bad,1988,2013,rb,misc
225223,cae55410cc0c429502d6a28be177deb8dc644b08,448305,e962e0a3d1a07f901c33514704c79e264b68cdf2,15,0.6649482250213623,Little Walter,Real Big News,Tony! Toni! Ton!,Jason Robert Brown,1988,1999,rb,pop
225223,cae55410cc0c429502d6a28be177deb8dc644b08,45055,04c35faebe3d2af0f093325b24dc4d5ce5410c87,16,0.657830536365509,Little Walter,Musical Fiction,Tony! Toni! Ton!,Rudy Mancuso,1988,2017,rb,pop
225223,cae55410cc0c429502d6a28be177deb8dc644b08,342980,7a9a59c6b4e62094fb6f12467960b587f8d8d74d,17,0.7244700193405151,Little Walter,Half Measures,Tony! Toni! Ton!,Breaking Bad,1988,2010,rb,misc
225223,cae55410cc0c429502d6a28be177deb8dc644b08,271013,50c996d0120afc8d78c47819ab894395bbecc198,18,0.7144839763641357,Little Walter,Crawl Space,Tony! Toni! Ton!,Breaking Bad,1988,2011,rb,misc
225223,cae55410cc0c429502d6a28be177deb8dc644b08,219722,f1df24706a0341a5ea1c5196b55fc60e6ad8cdcc,19,0.6386168003082275,Little Walter,The Gang Goes Jihad,Tony! Toni! Ton!,Its Always Sunny in Philadelphia,1988,2006,rb,misc
225223,cae55410cc0c429502d6a28be177deb8dc644b08,49920,8340b6097630427454d803816b26f325719cebf5,20,0.6331250071525574,Little Walter,Daddys Little Girl,Tony! Toni! Ton!,The Shires,1988,2016,rb,country
285487,e6a215fb0283b4737ef396e2cc47bc2aff8bd098,29564,341beddffc6426d8ff8dbcabc8dc258fbb8abe58,1,0.8855496644973755,FreakNic,Freak N You,Mila J,DJ Khaled,2015,2019,rb,rap
285487,e6a215fb0283b4737ef396e2cc47bc2aff8bd098,257719,298228359927cc8d4b9c9a0e57d621c3759ac204,2,0.850644588470459,FreakNic,Feel Me,Mila J,Ann Marie,2015,2016,rb,rb
285487,e6a215fb0283b4737ef396e2cc47bc2aff8bd098,21257,1446b3855f06d52f5150ec2552860630407f0e0a,3,0.8562355041503906,FreakNic,Freak Me,Mila J,Silk,2015,1992,rb,rb
285487,e6a215fb0283b4737ef396e2cc47bc2aff8bd098,235266,e02be1c685439f28af6e0b8096127da8b6c5e9c0,4,0.8679423928260803,FreakNic,Nice  Slow,Mila J,SoMo,2015,2014,rb,rb
285487,e6a215fb0283b4737ef396e2cc47bc2aff8bd098,1993,89bf24c6da3ac5c0c65be5897cb7f8e9fa2b23f4,5,0.8625479340553284,FreakNic,Drunk in Love Remix,Mila J,Beyonc,2015,2014,rb,rb
285487,e6a215fb0283b4737ef396e2cc47bc2aff8bd098,107855,503c0b90a752c6d671400d3b68240a74b30ef1d6,6,0.8286166787147522,FreakNic,Freaky Shit,Mila J,Chris Brown,2015,2015,rb,rb
285487,e6a215fb0283b4737ef396e2cc47bc2aff8bd098,455974,b58b140302d93fa4b1e43c64aeaeaa9404e9785d,7,0.863418459892273,FreakNic,Sex Toy,Mila J,Kottonmouth Kings,2015,2008,rb,rap
285487,e6a215fb0283b4737ef396e2cc47bc2aff8bd098,139116,b8d7dbac74b2bff5e7413688f15c1f21d8781539,8,0.8628538846969604,FreakNic,Freaks,Mila J,Play-N-Skillz,2015,2011,rb,rap
285487,e6a215fb0283b4737ef396e2cc47bc2aff8bd098,198950,81ab065072e384cace634cf005630a986c4fa1f2,9,0.8451539278030396,FreakNic,Freaky,Mila J,Gemaine Edwards,2015,2015,rb,pop
285487,e6a215fb0283b4737ef396e2cc47bc2aff8bd098,308405,a4118d4ba2965ef78ef1d9be22854652494fc49c,10,0.838833212852478,FreakNic,The Way U Make Me Feel,Mila J,Black Eyed Peas,2015,1998,rb,rap
285487,e6a215fb0283b4737ef396e2cc47bc2aff8bd098,138318,282e03102364a70372f44f1f6690233a9981d20e,11,0.8458162546157837,FreakNic,Favorite Song,Mila J,Huey Mack,2015,2015,rb,rap
285487,e6a215fb0283b4737ef396e2cc47bc2aff8bd098,255397,85ee9fadbfdcbf846b35ec0632ea11db70982a83,12,0.8508128523826599,FreakNic,Freakin Me,Mila J,Jamie Foxx,2015,2008,rb,pop
285487,e6a215fb0283b4737ef396e2cc47bc2aff8bd098,203197,6d4a43b682e7965f4911689ea75c12a17af777cf,13,0.8588597178459167,FreakNic,Wake Em Up,Mila J,Kalin White,2015,2016,rb,rb
285487,e6a215fb0283b4737ef396e2cc47bc2aff8bd098,259802,b69e6e24168b8bf797aff5c6860f351568cecbf2,14,0.846926748752594,FreakNic,Making Love Into the Night,Mila J,Usher,2015,2010,rb,rb
285487,e6a215fb0283b4737ef396e2cc47bc2aff8bd098,55633,bb273a7c775472ecb7e1ed29f3d4956564a5c997,15,0.8492498993873596,FreakNic,Rock Wit You,Mila J,Pleasure P,2015,2015,rb,rb
285487,e6a215fb0283b4737ef396e2cc47bc2aff8bd098,387226,fa1df51852f2fd521b7994a0ff10e2f046d8873a,16,0.8362548351287842,FreakNic,Everything You Want,Mila J,Freak Nasty,2015,2011,rb,rap
285487,e6a215fb0283b4737ef396e2cc47bc2aff8bd098,512567,e019564ae936e5cc93d147a9aaa3f034925ac184,17,0.8489032983779907,FreakNic,Sex,Mila J,Angelina Michaels,2015,2022,rb,rap
285487,e6a215fb0283b4737ef396e2cc47bc2aff8bd098,134664,311c84bfabc562f82dcdab07095cf6e06a032b40,18,0.8297973871231079,FreakNic,Freak It,Mila J,Lathun,2015,1997,rb,pop
285487,e6a215fb0283b4737ef396e2cc47bc2aff8bd098,385186,d9c27f6c3691c294acf0d7b39504cc2fa6e11f89,19,0.8459779620170593,FreakNic,Sweet Lady,Mila J,Rocky Badd,2015,2017,rb,rap
285487,e6a215fb0283b4737ef396e2cc47bc2aff8bd098,142987,f9953bd5697cb8329cd10b31e963e1cc0896f42a,20,0.845248818397522,FreakNic,Drunk Texting Nobody Love In This Club Superhuman End Of Time Lyrics,Mila J,Ar'mon & Trey,2015,2017,rb,rb
