query_index,recall@5,ndcg@5,ec@5,ild@5,recall@10,ndcg@10,ec@10,ild@10,recall@20,ndcg@20,ec@20,ild@20
2256,1.354673963843752e-05,0.5087403079104241,0.9991458504515436,0.002003424803135323,3.38668490960938e-05,0.5333765831998211,0.9991612535446548,0.001744149371775605,5.418695855375008e-05,0.4428645843309027,0.9991021254592116,0.001706547398417486
2430,0.0,0.0,1.0000000000000002,-8.881784197001253e-17,9.511128019783147e-05,0.07839826897867533,1.0,5.427757009278543e-17,0.00019022256039566293,0.08346065354219406,1.0,7.946859544685331e-17
2519,0.0,0.0,0.9995479833461112,0.000946402153639947,0.0,0.0,0.9992410608345397,0.0015197944368416335,0.0,0.0,0.9988912207316292,0.0022922600386721466
2732,3.988194942968812e-05,0.16958010263680803,0.9980623726906594,0.004279555246101252,3.988194942968812e-05,0.11004588314904007,0.997834595101042,0.004743497038220232,7.976389885937624e-05,0.10445751120154215,0.9975142279677494,0.005049486110366471
2797,1.3024903615713243e-05,0.3156484524795145,0.9989632324968891,0.0022134998375978876,3.256225903928311e-05,0.41388361500911724,0.9985970168297923,0.00276074177018072,7.163696988642285e-05,0.4869633788492137,0.9979195628274846,0.003930775685941532
2820,1.56630563321821e-05,0.360054614577234,0.9964616842052157,0.007866079242066792,3.13261126643642e-05,0.3706355185414171,0.9956749441358899,0.00839151630009987,4.69891689965463e-05,0.3093677827801718,0.9944010279932268,0.010174756859868635
3352,1.9790876405976845e-05,0.6992148198508501,0.9993693575775897,0.0014617731291722501,3.2984794009961406e-05,0.6055047656192208,0.9993381228019231,0.0013335544808843098,7.25665468219151e-05,0.6088326722692692,0.9991717703664204,0.0017083835406976747
3644,0.0,0.0,0.9994908639018425,0.0011468067041490837,0.0,0.0,0.9990912516308557,0.001984631700611662,2.406352771316275e-05,0.1085685683489434,0.9986239785757599,0.002684830973130326
3771,0.0,0.0,0.9989359818926985,0.002408460111971067,0.0,0.0,0.9984741980020113,0.0031187070641986434,0.0,0.0,0.9981485663370311,0.0035391791877360406
4045,0.0,0.0,1.0,2.331468351712829e-16,0.0,0.0,0.9999629173615723,7.665728347754857e-05,0.0,0.0,0.9998387286335527,0.0003221626763344272
4406,2.5035049068696175e-05,0.6608397947263838,0.9991874118195249,0.0016878096222084139,5.6328860404566394e-05,0.7799082337019198,0.9989069305132766,0.0022876192273233527,0.0001001401962747847,0.7465167637604307,0.9984857653968711,0.0030652098859600277
5104,7.53289994049009e-06,0.33916020527361607,0.9985360906682483,0.003014011480413703,7.53289994049009e-06,0.22009176629808014,0.9977781159782309,0.004695639902032855,3.766449970245045e-05,0.27543096543313617,0.9967444895111871,0.006562662397031886
5530,6.441804736014842e-06,0.33916020527361607,0.999225329294352,0.001872007038015655,1.2883609472029684e-05,0.2895229882348574,0.9992905068320612,0.0014260345855914391,4.5092633152103895e-05,0.3572213778946157,0.9990720852126694,0.0018289049988780659
6229,0.0,0.0,0.9992971909656989,0.0013457994021512597,0.0,0.0,0.9975848418093964,0.004829536721572941,3.399163805703797e-05,0.0396210670558156,0.996014679855661,0.007446579312362514
6338,9.875177753199558e-06,0.16958010263680803,0.9981696144384387,0.004176463567303268,2.9625533259598674e-05,0.24573132854020638,0.9977917054741775,0.004521277043162946,4.937588876599779e-05,0.23371805289776187,0.997557778220461,0.004738555893406946
7169,1.427816725445122e-05,0.21398626473452753,1.0,8.881784197001253e-17,2.855633450890244e-05,0.21222636597291455,1.0,6.661338147750939e-17,5.711266901780488e-05,0.20533894755722054,1.0,1.2913646760113664e-16
7174,0.0,0.0,0.9987635082063135,0.0028673512616718246,0.0,0.0,0.9982279630836798,0.003694457389829189,0.0,0.0,0.9975593248408892,0.004680413900890445
7508,0.0,0.0,0.9989921419169633,0.002023563486095903,1.1830259437589466e-05,0.0636207881989517,0.9983253021142147,0.0033695424944134083,2.366051887517893e-05,0.07392374995446604,0.9978419115232684,0.004095765701377769
7568,0.0,0.0,0.9979998460984032,0.0042674730851327445,0.0,0.0,0.9979553157797078,0.003980495273101877,0.0,0.0,0.997542873714201,0.004530811416306934
7904,1.211401712922022e-05,0.21398626473452753,0.9985779958818327,0.0034446795392446216,2.422803425844044e-05,0.20829366581033176,0.9985317877295152,0.00305363985890055,6.05700856461011e-05,0.2370846807458445,0.9982835057927975,0.0032938307458767065
8116,3.3452200151203944e-05,1.0,0.9994437695036267,0.001142255769319833,6.690440030240789e-05,1.0,0.9993363820094704,0.0013392816656185857,0.00010704704048385262,0.8519657218903325,0.9992457530530678,0.0015168656269419767
9185,0.0,0.0,0.9991939530220776,0.001719808452007776,3.976459360585335e-05,0.06625422345438903,0.9987708440154537,0.0025844669757256818,7.95291872117067e-05,0.07682128477101408,0.9981741834356525,0.003648257363527941
9248,3.978832610512076e-05,0.16958010263680803,0.9989783725718311,0.0025278211561761466,3.978832610512076e-05,0.11004588314904007,0.9988672156668713,0.002444245017338674,3.978832610512076e-05,0.07102001981682865,0.9987431682640479,0.0025256809342170837
10049,0.0,0.0,0.9985241860916263,0.003483911259372319,0.0,0.0,0.9983074714143705,0.0035092265466214047,1.2809345698621714e-05,0.038384638165382894,0.9981138962217407,0.0035821628337105622
10891,0.0,0.0,0.9993961470193419,0.0014072247046812425,0.0,0.0,0.9992363480398814,0.001613455049740336,0.0,0.0,0.9988746291998691,0.0022695210222006515
11125,3.1318509238960225e-05,0.7860137352654724,0.9990160955331449,0.0015502604899628402,3.914813654870028e-05,0.5795003533950693,0.9986005031869938,0.0029858927958956133,8.612590040714062e-05,0.5842709225218874,0.9980394954349674,0.0039386629582955565
11312,1.9776916383197533e-05,0.6164336326286644,0.999145166153921,0.0020556174437615592,4.6146138227460905e-05,0.6816604510406281,0.9988904437065493,0.0024241044222601364,7.251536007172429e-05,0.5787876979089788,0.9985643035574752,0.002934106585315621
11385,7.67518612326349e-06,0.16958010263680803,0.9997917182379659,0.00020808415464934615,2.302555836979047e-05,0.24573132854020638,0.9995408228761722,0.0009424432558651095,6.140148898610792e-05,0.3341555464564025,0.9991864577202841,0.0016875716077419695
11688,0.0,0.0,0.9975301326455597,0.005861645600038568,0.0,0.0,0.9967482403869244,0.006527649248216466,0.0002039151712887439,0.10719778312023398,0.9955203884502076,0.00892553743647381
11738,0.0,0.0,0.9999999999999998,1.1102230246251565e-16,3.0398370647333303e-05,0.14201905717762703,0.9999514195720687,9.651559999745984e-05,7.599592661833326e-05,0.20190539842384214,0.99989942163277,0.00021160369588534348
12349,1.3027363978035865e-05,0.5531464700081437,0.9996508105575828,0.000529436380377224,3.256840994508966e-05,0.5704044892860389,0.9991780162551465,0.001582099623172242,8.467786585723312e-05,0.650696161274923,0.9988388764550564,0.002431427685565094
12799,0.0,0.0,1.0,-2.2204460492503132e-17,1.506579988098018e-05,0.13698471029831175,1.0,1.2335811384723961e-17,3.013159976196036e-05,0.15797844142917167,0.9999117021858401,0.00017747876409976933
12800,6.513554707345987e-06,0.14606834984270645,0.9990227321851325,0.0023172510050404214,1.954066412203796e-05,0.2344065099232999,0.9987350872530039,0.0025097175524311875,5.210843765876789e-05,0.330266136364414,0.998237701071036,0.0036285915492553808
12924,7.672889379953809e-06,0.33916020527361607,0.999421244971036,0.0013551914672029098,1.5345778759907617e-05,0.2984900352767555,0.9992110107547246,0.0016356779517541146,4.603733627972286e-05,0.3329529465238293,0.9988550497086217,0.00235262764775135
14943,2.579946079126946e-05,0.6608397947263838,0.9986510641934656,0.0029672566367157315,4.514905638472156e-05,0.6468562235661908,0.9984061716000001,0.0034140988736491825,7.739838237380839e-05,0.5943411376747498,0.9982652459514899,0.0035150702487533533
15858,0.0,0.0,1.0,2.2204460492503132e-17,0.0,0.0,0.9997890655975471,0.0004218685827430457,0.0,0.0,0.99855420823872,0.0029631182888436103
16429,2.509001041235432e-05,0.8687949224876581,0.999536787090171,0.0011126394368410897,5.018002082470864e-05,0.841492960259019,0.9993304114403567,0.0013649404660569817,8.781503644324012e-05,0.7519637696730171,0.9991385388235686,0.0017312715057727088
16682,2.4687294272547728e-05,0.49125969208957576,0.9948251456973752,0.011301098607807824,3.291639236339697e-05,0.38504814933911535,0.9932751504692104,0.013872270371104372,5.76036866359447e-05,0.3555767204706343,0.991974894259559,0.01387260801740676
17853,2.530076281799896e-05,0.8304198973631919,0.9990156815285527,0.002282813121489713,4.4276334931498186e-05,0.7479350596733328,0.9986405633549797,0.0027202518994098386,7.590228845399689e-05,0.6545885441359367,0.9983686635712015,0.00328217641792861
18104,2.0730687636908917e-05,0.6399453854227659,0.9987110380582518,0.002617760379725764,4.1461375273817834e-05,0.6235540477207573,0.9978457918233421,0.003536438591553099,8.292275054763567e-05,0.6109434251627183,0.9966053164202373,0.005997954991627943
18586,0.0,0.0,0.9990276763720273,0.0022928024719006458,0.0,0.0,0.9985137809604451,0.0031900133950463106,0.0,0.0,0.9983723159092708,0.0032203167452915303
18634,0.0,0.0,0.9971789100786997,0.0065689446545172505,1.4135374481408449e-05,0.1427951440361373,0.9965394000656872,0.00694036090677266,2.1203061722112674e-05,0.12621829573554,0.9957931670952472,0.008266410648632306
19174,7.531197987663898e-06,0.14606834984270645,0.998362788557037,0.003583879320116068,2.2593593962991694e-05,0.23177307466786254,0.9974815220921952,0.0047893573653685255,3.765598993831949e-05,0.2198389572500896,0.995883499843455,0.008146156067972423
19259,1.2913306516700134e-05,0.48522855511632257,0.999451224981598,0.0013213921004909478,3.228326629175033e-05,0.523153411299647,0.999373310654779,0.0013232626323875193,8.393649235855087e-05,0.6162814263839301,0.999166218160666,0.001735552373744014
20690,2.259342380744378e-05,0.49125969208957576,0.9966334381441617,0.008182417517221197,4.518684761488756e-05,0.5302442049991306,0.9952062258397054,0.010203416743257632,7.531141269147927e-05,0.4769785404968327,0.9938225936630845,0.011665456431670104
21115,0.0,0.0,0.9986840899813823,0.002617989992233927,0.0,0.0,0.9982593074015573,0.003439943500990592,0.0,0.0,0.9974450962180423,0.005152379368347432
21254,3.012229652388698e-05,0.8539316501572934,0.9989242936310129,0.0023486416984539126,3.765287065485873e-05,0.6235744328990729,0.9988750601147507,0.0021562958794532614,8.28363154406892e-05,0.6144356892626187,0.9986479769717402,0.0025397472060413777
21418,1.6022688126386964e-05,0.48522855511632257,0.9998854476458601,0.00021082463545892826,1.6022688126386964e-05,0.31488013066763093,0.9998752781268564,0.0001146406893472069,4.005672031596741e-05,0.312386403275087,0.9998701933673544,5.9263159751066804e-05
21477,3.893171377404033e-05,0.21398626473452753,0.9952362738273021,0.00948583681450299,3.893171377404033e-05,0.1388624438735545,0.9948294137362756,0.01080905010007569,7.786342754808066e-05,0.12800192536872637,0.9944855949321598,0.010753655498371893
21825,2.3657160431033462e-05,0.48522855511632257,0.9991141511424873,0.002071698079741502,5.914290107758366e-05,0.5328965452000554,0.9987789338845079,0.002107458220641953,0.00010645722193965058,0.483033252606373,0.9983897830984596,0.0032127688714239408
22269,2.0352919626320395e-05,0.5147714448836773,0.9987962273913842,0.0026132716294263838,4.070583925264079e-05,0.5494344239412027,0.99839976593336,0.003196380319510192,8.819598504738838e-05,0.6093809340825916,0.9979484111387744,0.004137419097612122
22390,0.0,0.0,0.9992261559805877,0.0014543691119989432,0.0,0.0,0.998869426997312,0.0021180433247762974,8.460236886632826e-05,0.035510009908414325,0.9982798146131266,0.0034170812523924114
22759,6.514318472001459e-06,0.14606834984270645,0.9992284891026856,0.0017681086209258901,2.6057273888005837e-05,0.3062386434839551,0.9991603955073325,0.0017312659902619554,3.9085910832008757e-05,0.2665839226343375,0.9989931315614392,0.002019972396864821
23019,0.0,0.0,0.9998929697198772,0.00021188806908544188,0.0,0.0,0.999821368788195,0.00031704482208467285,0.0,0.0,0.9990770644824533,0.0018685275994309966
23057,0.0,0.0,0.9990746364873935,0.002141745619142643,0.0,0.0,0.9987195244680469,0.00278437269408741,0.0,0.0,0.9984572595590621,0.0030856757079793804
23120,0.0,0.0,0.9992387196888842,0.0016739825632171913,0.0,0.0,0.9990781969908428,0.0019935907815158294,0.0,0.0,0.9988238951485178,0.0023425454598904895
25366,0.0,0.0,0.9986692460731394,0.0028588512248035824,2.3106962127689072e-05,0.15176219107803537,0.9984602926994466,0.0027643162502893745,3.4660443191533606e-05,0.13200533510848533,0.9980038315354831,0.003117689851849505
25832,8.481548391474347e-06,0.21398626473452753,0.9995626973582163,0.0010726169216062286,8.481548391474347e-06,0.1388624438735545,0.9994515813117888,0.001182055801715677,8.481548391474347e-06,0.08961728720334346,0.9993025436960989,0.0014003349801034704
26619,1.8783222825372377e-05,0.6992148198508501,0.9994428782944974,0.0013725730225642497,1.8783222825372377e-05,0.45374257454118544,0.9990985186877464,0.0019249714585801764,3.7566445650744754e-05,0.3962753940507599,0.9988307700413724,0.002303549586657675
26761,0.0,0.0,0.9994489774366171,0.0012114832338140703,0.0,0.0,0.9991838379525465,0.001744873521756084,7.963368504877563e-05,0.06630246195229049,0.9988027654235536,0.002408383279819553
27326,0.0,0.0,0.9986348645270826,0.0029044638357464737,3.549329768228766e-05,0.22119341301481263,0.9982832326369732,0.0033578984254717145,7.098659536457532e-05,0.24672243770915897,0.9978087023340146,0.004190358196317294
27491,1.913411740694441e-05,0.4468535299918563,0.9961928515129715,0.006175649484590706,1.913411740694441e-05,0.28997736516021183,0.9945519943948034,0.009166757708870652,3.826823481388882e-05,0.29702317292994496,0.9920895828591348,0.013812299521817064
28086,7.67041750082457e-06,0.16958010263680803,0.9986704460863223,0.0029375679373447095,1.534083500164914e-05,0.18340980524840012,0.9984184355659391,0.0033931843763002536,3.068167000329828e-05,0.1854551635419028,0.9976171735009711,0.004838854929611802
28527,6.063913649869626e-05,0.16958010263680803,0.999653238172208,0.0007449972920683834,6.063913649869626e-05,0.11004588314904007,0.999601976792437,0.0008069260600894869,0.00012127827299739251,0.10508299207281115,0.999502965985435,0.0009869045683227708
28643,2.7598007423863996e-05,0.7860137352654724,0.999547586020236,0.001013103776203106,4.8296512991762e-05,0.70937536504841,0.9993786241136693,0.0013422398826815791,0.00011729153155142199,0.8124403499441538,0.9992633080294621,0.0015332504112013509
28838,2.528189310815594e-05,0.7860137352654724,0.9990320241587943,0.0021257726079135343,5.056378621631188e-05,0.7917063341896682,0.9989173759043044,0.0023003741414420386,9.480709915558477e-05,0.7630640571126434,0.9987738139840951,0.0024418333591581334
29491,2.7517697319088337e-05,0.8687949224876581,0.9987793324296295,0.002552834662424219,6.191481896794876e-05,0.914856882358379,0.9984202710427494,0.003287538674141493,0.00011007078927635335,0.8370217322478668,0.9977923155860307,0.004376739495599256
29959,1.4470942347765686e-05,0.16958010263680803,0.9992125796497566,0.0017453714300007638,1.4470942347765686e-05,0.11004588314904007,0.9992217942454106,0.0016980862748105273,5.788376939106274e-05,0.17138545402510164,0.9991255207894174,0.0018098289182762334
30002,2.3482446870963955e-05,0.5296347172140421,0.9998847415610458,0.0002190968615833566,3.913741145160659e-05,0.48571574856977245,0.9995686575485696,0.0009174206786273059,7.044734061289187e-05,0.45405606593825304,0.9991888802972395,0.001492586151693588
31487,0.0,0.0,0.9985470408561709,0.0034950988583039464,1.7297446896838028e-05,0.15176219107803537,0.997997166334504,0.0038190988690637185,5.189234069051408e-05,0.2380066646117886,0.9973976228082695,0.005379011653819521
33434,0.0,0.0,1.0000000000000002,4.4408920985006264e-17,0.0,0.0,0.9996483581880845,0.0007653585352245498,0.0,0.0,0.9990905081371766,0.0018253688454849678
34275,2.7082472900600555e-05,0.8304198973631919,0.9994547018345188,0.0012095877262189637,4.0623709350900834e-05,0.6687607038361472,0.9994107437396105,0.0012859877783742682,6.770618225150138e-05,0.568318044385751,0.9993288230639857,0.00136895878366751
34300,1.3700694625217498e-05,0.13120507751234178,0.9971855278352664,0.006350907752902113,4.11020838756525e-05,0.21819512777734992,0.9967879937804541,0.007001632731865455,0.00010960555700173998,0.31631252223304956,0.9967134368469986,0.0063817226249144165
34824,1.2655024044545685e-05,0.3451913422468693,0.9983762789660169,0.0036368501168866805,3.7965072133637056e-05,0.5017100640839688,0.9979419739825719,0.004079529012928565,7.593014426727411e-05,0.5367510763161153,0.9973897771544357,0.0051656679072034795
36177,0.0,0.0,0.9991676140909913,0.0018596636515899934,1.8189424668497736e-05,0.06625422345438903,0.9989675964239606,0.0021081964168795523,5.4568274005493205e-05,0.11317757275955291,0.9987365179508423,0.0021877125039020903
37143,1.2881369031900711e-05,0.30078518014914984,0.9989781597517011,0.0023283637218050935,2.5762738063801422e-05,0.33480714634441017,0.9987356984976486,0.002677420683892436,5.1525476127602845e-05,0.3593096208011122,0.9984254195466595,0.0031953864959896987
37327,0.0,0.0,0.9996810313288622,0.0006160727395651877,0.0,0.0,0.9995477426789122,0.0010003307333831973,0.00033149171270718233,0.10625425165957245,0.9993644241666567,0.0012913404528517851
38177,1.3552339133734482e-05,0.5087403079104241,0.9995631398050797,0.0009855576701071512,2.7104678267468964e-05,0.467122359745432,0.9995031842161867,0.0010202568804696622,4.743318696807069e-05,0.4090714154367595,0.9993232588340071,0.0013400614879433097
38250,4.019615724736715e-05,0.14606834984270645,0.9991319359734355,0.0021213844744067513,4.019615724736715e-05,0.09478836436955078,0.9989193162688288,0.0021856752114192135,4.019615724736715e-05,0.06117331537803187,0.9986810254906453,0.0025178431136605875
39492,0.0,0.0,0.9985053092409242,0.0031683555905420713,2.4226860320036824e-05,0.1427951440361373,0.9975730359540688,0.00510902616658388,6.0567150800092064e-05,0.20095922188946172,0.9970635372862418,0.005576996428971971
40023,2.0322724870950698e-05,0.49125969208957576,0.9994168169524513,0.0012044560044224273,4.0645449741901396e-05,0.5302442049991306,0.9992539543481922,0.0015383896722520433,8.129089948380279e-05,0.5558305237981557,0.9990801051717053,0.0018324592902937127
40752,1.3353452535152964e-05,0.47036528278595785,0.9980473529089956,0.004373257473860093,2.6706905070305927e-05,0.44803002797583846,0.9976569418964653,0.004881878373974022,4.673708387303537e-05,0.40058714779111276,0.9968677644174397,0.00623527869499798
40788,1.1824943535894617e-05,0.21398626473452753,0.9991385072356783,0.0020081513680589636,2.3649887071789234e-05,0.21726071285222984,0.9989444660364961,0.0022470100990796184,3.547483060768385e-05,0.17255126132628032,0.9987676231231442,0.002484297795676088
41268,0.0,0.0,0.9993865212729818,0.0013367355623274957,0.0,0.0,0.9991963471876038,0.0017551191300119123,0.0,0.0,0.999051423132002,0.0019369760911218546
41637,2.3013547308182083e-05,0.49125969208957576,1.0,0.0,4.602709461636417e-05,0.5368103404171507,1.0,0.0,6.904064192454625e-05,0.44508061912150587,1.0,0.0
42582,2.560360498758225e-05,0.5087403079104241,1.0,1.1102230246251565e-16,2.560360498758225e-05,0.3301376494471202,0.9998739933235512,0.00024814000029340397,3.840540748137338e-05,0.2478102321493545,0.9994504005948782,0.0010827294299719445
43366,0.0,0.0,0.999563410105849,0.0009932207861927723,0.0,0.0,0.9989970864418465,0.0021072284039680643,1.64606343928495e-05,0.06818766408358207,0.9987151123172143,0.0026524993744606634
43448,1.3242226812860851e-05,0.14606834984270645,0.99979358150059,0.0004945971090684842,1.3242226812860851e-05,0.09478836436955078,0.9997139342880603,0.000610700558739774,2.6484453625721702e-05,0.09351160652635168,0.9994467755334815,0.0011212639296623971
43462,6.772544106193492e-06,0.13120507751234178,0.9993697062952606,0.001283542741000443,4.0635264637160946e-05,0.43621154230977444,0.9991822370132113,0.001750619928436037,6.0952896955741426e-05,0.3876365817493768,0.9989857480862039,0.002068269166117268
43523,0.0,0.0,0.9997017310029712,0.0005978739934817456,0.0,0.0,0.9996103044290964,0.0008099132389784004,0.0,0.0,0.9994782955691853,0.0010074633136159376
44330,2.3120050864111902e-05,0.5531464700081437,0.9995257069035262,0.001105470821602139,4.6240101728223804e-05,0.5009732673492617,0.9991519107010598,0.0017002572206351522,4.6240101728223804e-05,0.3233117891985069,0.9986949197162452,0.002143049492449745
44439,1.3188349412129325e-05,0.3156484524795145,0.9992338695852812,0.001804872249999323,3.297087353032331e-05,0.40807318127129166,0.9990993987614806,0.0019295343494691716,8.572427117884061e-05,0.5504892948740285,0.9987493926585229,0.002401238668508567
45107,0.0,0.0,0.9975241208200425,0.005693506376196622,0.0,0.0,0.9972462089551923,0.005853525607805361,1.1330674401740392e-05,0.03406297225598251,0.9968571425944368,0.00624364215270015
45184,7.670476336580502e-06,0.33916020527361607,0.9960163651398546,0.008642774952302668,7.670476336580502e-06,0.22009176629808014,0.9946991278178491,0.01105821703554945,1.5340952673161003e-05,0.1761030118896398,0.9926291057971113,0.013716096455141321
45255,1.6459550654267138e-05,0.3835663673713356,0.9996144433044802,0.0007711133910395018,1.6459550654267138e-05,0.24890832702259458,0.9983193982726997,0.003526266116865926,2.4689325981400707e-05,0.1953874797190407,0.9966723475625778,0.006845815781647964
46340,0.0,0.0,0.9993605220038727,0.0015713210334715288,6.968641114982578e-05,0.07839826897867533,0.9992419599250851,0.0015744245754329559,6.968641114982578e-05,0.05059568297461706,0.9990611408578557,0.001913140302971135
46417,0.0,0.0,1.0000000000000002,-2.220446049250313e-16,1.182648185817683e-05,0.06625422345438903,1.0000000000000002,-2.220446049250313e-16,3.547944557453049e-05,0.10915957591933388,1.0000000000000002,-2.220446049250313e-16
46601,3.385446641975476e-05,1.0,0.9994024417937195,0.0014012452333948989,5.416714627160761e-05,0.8521705090845474,0.9993907990885832,0.0012150004780521393,9.479250597531332e-05,0.7651568525356945,0.9992798650741097,0.0014608616342858278
46603,0.0,0.0,0.9988499681151026,0.0026935076790767787,0.0,0.0,0.9989990509821658,0.0018991356916031746,0.0,0.0,0.9990125047856324,0.0017090603956062417
46810,1.5863069979933215e-05,0.3156484524795145,0.9994817829667657,0.00043196923474364546,3.172613995986643e-05,0.34445239307233994,0.9988246973945778,0.0025113314447971404,7.931534989966608e-05,0.43891095713707984,0.9982848693427304,0.0035292465410265567
47269,3.4533725636456565e-05,1.0,0.9995416270288322,0.0011379925066262397,4.834721589103919e-05,0.800693766409882,0.9994938116774523,0.0010501112927832881,0.0001036011769093697,0.798888226873015,0.9993990261472874,0.0012115344425738736
48063,2.4208385784835866e-05,0.5531464700081437,0.9967598002932588,0.007166265465633048,3.63125786772538e-05,0.4323181322709947,0.9961680437947036,0.008225086340106647,6.052096446208967e-05,0.345306468667177,0.9957433126174738,0.008567462277090255
48143,7.317858501888007e-06,0.13120507751234178,0.9994453606658791,0.0012130432496655907,2.1953575505664024e-05,0.22212782793993271,0.9993333824114095,0.001384155744484936,5.122500951321605e-05,0.28279286822477745,0.9991946414034322,0.001590902658564688
48633,2.3796303640834458e-05,0.49125969208957576,0.9978886077725477,0.0044267718684507405,4.7592607281668916e-05,0.5181001594748442,0.9974538258211565,0.005448643756621115,9.518521456333783e-05,0.5482250745380247,0.9968513872619009,0.006550337184358518
48738,0.0,0.0,0.9982136142981121,0.0037268545422261988,0.0,0.0,0.9980774101567119,0.0036076219028466005,0.0,0.0,0.9975052676803486,0.0048875758319003
48964,1.1824244430780874e-05,0.21398626473452753,0.9996039555920001,0.0007841245406342012,3.547273329234262e-05,0.2745478892647208,0.9993141817573072,0.0014370408224925733,5.912122215390437e-05,0.25086828263184485,0.998971882751554,0.002071170326230996
48985,8.227676257394624e-06,0.33916020527361607,0.9967182991203168,0.0074669642981187835,2.4683028772183872e-05,0.3621108234757072,0.9965991389987359,0.006577823062709297,4.9366057544367744e-05,0.34226307034410686,0.9960344174879033,0.007123910150154064
49090,2.4224219374530657e-05,0.3451913422468693,0.9989388040784668,0.002416698191221989,3.6336329061795986e-05,0.29025978496956456,0.9988860701964042,0.0022758496797951376,4.8448438749061314e-05,0.22018915835793793,0.9987372247189075,0.0024403415851683053
49296,1.5255762864422036e-05,0.5531464700081437,0.9989078379272879,0.0020806459383734153,3.051152572884407e-05,0.5067837010870873,0.9987181142557162,0.002767958955830273,6.102305145768814e-05,0.471837771892284,0.9982992574910808,0.0034514870020997887
49609,0.0,0.0,0.9992651009429107,0.0016209058356810191,7.637902326505049e-06,0.06943122193677725,0.9991604369556614,0.0017032779408561848,3.0551609306020195e-05,0.15012122459061414,0.9990196440468168,0.0020065050499810467
51046,0.0,0.0,0.9990934926643236,0.002014541835112393,7.872775940796725e-05,0.06625422345438903,0.9985930771718726,0.0024966821252699715,7.872775940796725e-05,0.04275831251503158,0.9984337257203256,0.001556017251082458
51523,1.645575869275453e-05,0.3835663673713356,0.9994037517301348,0.001394999000010466,1.645575869275453e-05,0.24890832702259458,0.9993016262408052,0.0014799288042335595,1.645575869275453e-05,0.1606373070201721,0.9990813887921567,0.0018939495325639667
52363,2.713391264236825e-05,0.8687949224876581,0.9994387030672527,0.001319395230733611,5.42678252847365e-05,0.84860265890399,0.999286994699353,0.0014453734412268086,9.496869424828886e-05,0.764025538111727,0.999095476332359,0.0018278299115201757
53221,2.487283761767961e-05,0.30078518014914984,0.9993904405375702,0.0015003467567161976,2.487283761767961e-05,0.19518900079066107,0.999377781927216,0.001348336846492436,3.730925642651942e-05,0.16435324605419743,0.9992589577939649,0.0015072144268372329
54128,4.572891896835559e-05,0.14606834984270645,0.9998183915514118,0.00023722444108255082,4.572891896835559e-05,0.09478836436955078,0.9996138360090088,0.0008310500948927046,0.00013718675690506675,0.13485735468982998,0.999438946014877,0.0011356038945902309
54214,0.0,0.0,0.9999999999999998,1.7763568394002506e-16,0.0,0.0,1.0,7.401486830834377e-17,0.0,0.0,0.9998706079533433,0.000263647360763611
54527,3.814682713765283e-05,0.5087403079104241,0.9988070023444997,0.0027585474436752633,5.722024070647924e-05,0.39639187290150923,0.9986421168883062,0.0026873183276327523,0.0001335138949817849,0.40399579812073766,0.9983832015958278,0.0031280462096814243
54622,1.5340952673161003e-05,0.47036528278595785,1.0,1.1102230246251566e-17,2.3011429009741506e-05,0.3714891073940902,0.9992656476473967,0.0015411045626220025,5.369333435606351e-05,0.38212555866933157,0.9979832101096907,0.00389273809323498
54834,2.1219708865594364e-05,0.6992148198508501,0.9993280056233417,0.001468042538781167,4.243941773118873e-05,0.6627919420317118,0.9992482202793435,0.0015685810913995087,7.073236288531454e-05,0.5712983493183945,0.999126167450977,0.0017058045076863428
54975,3.159018682436488e-05,1.0,0.9992863657881177,0.0012329586699084904,5.0544298918983806e-05,0.8553475075669357,0.9990532142784639,0.0019264671982353585,0.00010740663520284058,0.8743077133620315,0.9987540098992262,0.0022127753021531455
55307,0.0,0.0,0.9991460993738475,0.0020867052918392194,2.2252386568459466e-05,0.20827328063201606,0.9989456862625143,0.0021577674020639977,5.933969751589191e-05,0.3094588590535058,0.998553167694871,0.0029704058113198036
55461,1.879817031142302e-05,0.4468535299918563,0.9996660856592119,0.0008023438927922788,4.3862397393320387e-05,0.5626475208496899,0.9995471195392716,0.0009439066726771935,0.00010025690832758945,0.6829968174895137,0.9994496717050341,0.0011386091944658326
55889,1.2812463964945099e-05,0.16958010263680803,0.9982046416910508,0.0043369237085050805,2.5624927929890198e-05,0.17366667134799177,0.997306799566523,0.005596631453087089,5.1249855859780396e-05,0.1810263004968455,0.9966114547353893,0.006724341399086153
56201,3.920338717265172e-05,0.16958010263680803,0.9990934084982029,0.0020826030420076245,3.920338717265172e-05,0.11004588314904007,0.9989755922074854,0.0020831758956743646,7.840677434530344e-05,0.10388499038440566,0.9987600876827578,0.0023819819768756876
56981,2.0703076477164508e-05,0.5147714448836773,0.9994198658010796,0.0012790171045804154,4.8307178446717184e-05,0.6067216003536936,0.9993844511867875,0.0012220798584067364,9.661435689343437e-05,0.6403058602076148,0.9991960630509364,0.001637091599099668
58564,0.0,0.0,1.0,6.661338147750939e-17,4.060583911966541e-05,0.07839826897867533,1.0,1.7270135938613546e-17,4.060583911966541e-05,0.05059568297461706,1.0,4.090295353882155e-18
58606,0.0,0.0,0.9996359547349325,0.0008977487575379195,3.561760934606069e-05,0.21538297927698707,0.999431230097105,0.0012331146208681254,8.310775514080828e-05,0.28163268284431775,0.9992377399662921,0.0015518478142895835
58838,1.9549195550603094e-05,0.4468535299918563,0.9992128920522566,0.0019007223360535618,4.561478961807388e-05,0.571614567891588,0.9989686108273104,0.002155550971222136,9.122957923614777e-05,0.6123326311210857,0.9985260300857682,0.002998809178026126
58933,0.0,0.0,0.999653476881457,0.0008609246167540996,0.0,0.0,0.9995120985417776,0.0009662668826230385,0.0,0.0,0.9994144595182037,0.0011827821625726767
59133,2.8272147693699552e-05,0.8687949224876581,0.9993299889247229,0.001485283676896021,4.9476258463974214e-05,0.7728378251807518,0.9991597464651141,0.001820884439340209,9.895251692794843e-05,0.74737461910639,0.998999331932899,0.0020408785145471023
59476,1.8789104824415816e-05,0.49125969208957576,0.998739560637599,0.0028399057147722616,1.8789104824415816e-05,0.31879392588472627,0.9987712068669007,0.0026661611383638206,3.757820964883163e-05,0.3061046248616342,0.998654254058424,0.0027485211064927325
59709,3.3422013074691516e-05,1.0,0.9995557889865131,0.0010623100829664223,6.684402614938303e-05,1.0,0.9995122350900004,0.0010370645565689956,0.00012031924706888945,0.9286302773775728,0.9994202988955397,0.001172700726177599
59721,0.0,0.0,1.0000000000000002,0.0,1.3237318648734512e-05,0.0636207881989517,1.0000000000000002,0.0,3.9711955946203536e-05,0.11028003794300488,1.0,0.0
60329,0.0,0.0,1.0,0.0,4.01429087551684e-05,0.0636207881989517,1.0,2.4671622769447924e-18,4.01429087551684e-05,0.04105877938688905,1.0,1.1686558153949016e-18
60731,2.0317632318580473e-05,0.4468535299918563,0.999388387711649,0.0014672154148345328,3.386272053096746e-05,0.4319964223378389,0.9993278991028888,0.001440454965835225,7.44979851681284e-05,0.48405360932478453,0.9991152279247142,0.0018223348001759965
61043,0.0,0.0,0.9983651070417789,0.0038337560647065507,6.776904310111141e-06,0.07839826897867533,0.9984123354025067,0.003153891624196212,2.0330712930333424e-05,0.11821082624106263,0.9977983305314272,0.004220776798068518
61192,6.4418877307806275e-06,0.14606834984270645,1.0,1.7763568394002506e-16,6.4418877307806275e-06,0.09478836436955078,1.0,2.960594732333751e-17,6.4418877307806275e-06,0.06117331537803187,1.0,3.0385051200267444e-17
61224,0.0,0.0,1.0,0.0,0.0,0.0,0.9996477165453614,0.0007526347065214613,0.0,0.0,0.9987228443467291,0.0026145399388318494
61444,3.244751614263928e-05,0.48522855511632257,1.0000000000000002,-6.661338147750939e-17,4.867127421395892e-05,0.38113435412201996,1.0,7.894919286223336e-17,6.489503228527856e-05,0.2807218402255893,0.9987765757224161,0.002360791960407807
61683,0.0,0.0,0.9994858675891793,0.0012596701960649105,0.0,0.0,0.9992737370879015,0.001426215199394185,0.0,0.0,0.9988791009009903,0.002242863616433637
61691,0.0,0.0,0.9968164984188095,0.004724163141757887,4.5587162654996354e-05,0.07336392209936005,0.9954774434260288,0.007197305278273543,4.5587162654996354e-05,0.04734667987788577,0.9945036245642717,0.007246043468614776
61956,0.0,0.0,0.9995523569183982,0.0010531924952233763,0.0,0.0,0.999432714448024,0.0012287554833649973,2.2252386568459466e-05,0.1025984737556027,0.9993128131895851,0.001398508435972564
61958,7.67006450524249e-06,0.33916020527361607,0.9973578081765764,0.005661611398706889,2.3010193515727468e-05,0.3557772116892464,0.9969884507670029,0.005133195004946324,3.068025802096996e-05,0.2679916339157435,0.9963354176300386,0.005598467953175784
62727,0.0,0.0,0.9995997955903915,0.0009454974819645523,5.6228738508251566e-05,0.27267015568947806,0.9995178627968728,0.001052380327295922,0.00012651466164356601,0.34691763085790134,0.9993974906702496,0.0012482742412163207
62818,0.0,0.0,0.999313050463728,0.001426303399299944,0.0,0.0,0.9992617399205093,0.0011131531877210104,0.0,0.0,0.9989580092860713,0.0018029017080082193
63200,0.0,0.0,0.9994822314803121,0.0012856815173033164,0.0,0.0,0.999393241325546,0.0012907089791369748,5.304195618734419e-05,0.03730675036644463,0.9992950373324089,0.0012597701732665922
63215,0.0,0.0,0.9987194731086267,0.0024767712340444835,0.0,0.0,0.9982917490974593,0.0033692417731391016,0.0,0.0,0.9975938500906553,0.004802884276258487
63241,1.3357555033126736e-05,0.48522855511632257,0.9966497037659938,0.007322283706813116,2.6715110066253472e-05,0.45056557605879727,0.996867997716844,0.00609515677369779,4.675144261594358e-05,0.40112430749791084,0.9965790151880721,0.00612857861932734
63720,4.052192235999676e-05,0.16958010263680803,0.9985692838254547,0.0034649701801413467,4.052192235999676e-05,0.11004588314904007,0.9984013217798611,0.0031502666993042617,4.052192235999676e-05,0.07102001981682865,0.9979588294951716,0.003944886676728725
63879,1.2431780603935901e-05,0.13120507751234178,0.9988439958939968,0.002365687100298208,1.2431780603935901e-05,0.08514311764162098,0.9988878888166333,0.001885243721263737,2.4863561207871803e-05,0.09456965512780147,0.9985455545725129,0.002331342048316591
64377,2.7092011243184664e-05,0.8304198973631919,0.9993384362875035,0.0015684132940777195,2.7092011243184664e-05,0.5388856921828065,0.9993687077283203,0.0009775104964707682,6.773002810796167e-05,0.5606587442496884,0.9990579074652299,0.0017657610369904665
64986,6.377306990803923e-06,0.14606834984270645,0.9989801705526746,0.0023121103407983457,2.5509227963215693e-05,0.2940945979596688,0.998716610416292,0.002344576003676788,5.739576291723531e-05,0.36212384329403263,0.998360340987914,0.0030899545772059825
65661,0.0,0.0,0.999061899622957,0.0019081873962709106,0.0,0.0,0.9986606109510368,0.0024915934454963306,0.0,0.0,0.9981719220266765,0.0028560402771498294
65907,2.7103576316895016e-05,0.6608397947263838,0.9995116447899084,0.0011210456876848073,4.743125855456627e-05,0.6352557412688553,0.9994123604571568,0.0012446531441457143,8.80866230299088e-05,0.629608923787545,0.9992634193986365,0.0015284202919878765
66117,0.0,0.0,0.9994538776415987,0.001288662906606386,0.0,0.0,0.9994146735952297,0.0012728008171997102,1.2800983115503271e-05,0.03343749138471349,0.999299172187037,0.0014474551781517703
66631,0.0,0.0,0.9987677481730307,0.0029894855497603844,3.131066441229883e-05,0.2777045025687933,0.998658898038497,0.002826419325819497,4.6965996618448245e-05,0.2461493613017689,0.9984065641180159,0.003190100689511121
66660,0.0,0.0,0.9975058126167969,0.005120733694542379,0.0,0.0,0.9965747557685463,0.0073525702991204525,4.0541636260439473e-05,0.0396210670558156,0.9959222910120393,0.008175015293024912
67480,4.0863027133050016e-05,0.16958010263680803,0.9990245605147546,0.0021996956042661052,4.0863027133050016e-05,0.11004588314904007,0.9987839084330028,0.002494511205298074,8.172605426610003e-05,0.10832677018327327,0.9984132457095812,0.003215920875418376
67871,7.929208030701894e-06,0.21398626473452753,0.998858843284048,0.00243040246119649,2.378762409210568e-05,0.2816575879096918,0.9986908786647934,0.0026734667259403024,2.378762409210568e-05,0.18177261068290093,0.9983256077684338,0.0034533565063908597
68049,1.340698235641122e-05,0.5531464700081437,0.9992467382224589,0.0017703636507236942,3.3517455891028044e-05,0.5672274908036508,0.998975550233394,0.0021915595234287496,6.703491178205609e-05,0.5511763366744339,0.9985226511433426,0.0030160036452112683
68078,8.262072954104185e-05,0.47036528278595785,0.9994813382106461,0.001133444018714691,8.262072954104185e-05,0.3052348839397011,0.9994249153584251,0.0012230796126173813,0.00012393109431156277,0.2342953780720878,0.9993269004182732,0.0013706357904137692
69113,1.3190958916758455e-05,0.48522855511632257,0.9993395226903884,0.0014257957870456028,3.957287675027536e-05,0.596517333399007,0.9992053627465127,0.0016271673637201771,9.233671241730918e-05,0.6707923163513192,0.9989713501529612,0.0021140507389134575
69302,2.3486123615297294e-05,0.6164336326286644,0.9996399777070127,0.0007061509839668024,5.480095510236036e-05,0.6816604510406281,0.9994373595895027,0.0011344336732918064,7.045837084589189e-05,0.5142926375927827,0.9993445979999974,0.0010907771624978375
70108,0.0,0.0,0.9989617550093577,0.0024361735330787225,0.0,0.0,0.9989235936476868,0.0022252024429418597,0.0,0.0,0.9988499417006714,0.0023934097714757453
70349,0.0,0.0,0.999272303553069,0.001434186813862992,0.0,0.0,0.9977242346280523,0.004619978715742709,6.590524144385203e-06,0.03635628798853883,0.9965271743814886,0.005868928557244754
70785,2.6362791555997864e-05,0.6608397947263838,0.9993332288578518,0.001354232626495333,5.272558311199573e-05,0.7136540102475307,0.999036635061684,0.001889830656207329,9.886046833499199e-05,0.7008396546415738,0.998753977199604,0.0024334768511448395
71680,6.51249422016138e-06,0.14606834984270645,1.0,5.551115123125783e-17,6.51249422016138e-06,0.09478836436955078,0.9997578477356068,0.0005034337620905783,1.302498844032276e-05,0.0966833252864462,0.9987773852084455,0.002498109595625321
71936,0.0,0.0,1.0,9.992007221626409e-17,1.6966262586846056e-05,0.13698471029831175,0.9997147486485373,0.0006049822580251687,5.089878776053817e-05,0.23318157774376916,0.9990635741488664,0.0019119124347762586
71992,3.336425087247516e-05,1.0,0.9994273122905787,0.0013373874326525926,6.672850174495032e-05,1.0,0.9994066251714553,0.001239970099578448,0.0001267841533154056,0.967135029432423,0.9992506501310187,0.0014595355138356835
72095,0.0,0.0,0.9984580801286717,0.00363033697123073,0.0,0.0,0.9982489902767318,0.00377748100482602,7.46175848775028e-05,0.2151953787235157,0.997944582545076,0.004185224387574339
72169,0.0,0.0,0.9988162199082609,0.0026028413786231774,0.0,0.0,0.9985316597049847,0.0031711593375493303,0.0,0.0,0.9982807992931262,0.0033913095990091304
72174,8.381878378944722e-05,0.3835663673713356,0.9992484500867926,0.001787666319611614,0.00012572817568417082,0.3125291152215463,0.9990069873455203,0.002154220554624432,0.00020954695947361803,0.2714898657803135,0.9988906977418985,0.0022762895405057312
72196,1.534071733194244e-05,0.360054614577234,0.9976717042335472,0.00487859714318094,3.068143466388488e-05,0.36352581989644606,0.9975486437120692,0.00516086346495424,4.602215199582732e-05,0.3038289530394118,0.9968020131657515,0.006086211193098062
72265,2.7600102120377845e-05,0.6608397947263838,0.999681752323783,0.00075140865055352,5.520020424075569e-05,0.716287445502968,0.9996024428415422,0.0007951586628094291,0.00011730043401160585,0.7840362104118767,0.9994722294273319,0.0010514550446419626
72721,0.0,0.0,0.9995186216693984,0.0009046438707486559,2.4138263976054843e-05,0.07336392209936005,0.9990917833439182,0.0018361644403491824,2.4138263976054843e-05,0.04734667987788577,0.9987733881393295,0.002215464694857306
73001,2.00182833654738e-05,0.5147714448836773,0.998211738247028,0.004265820933416387,3.3363805609122996e-05,0.4736695902179647,0.998277059149717,0.0037054988256002928,9.341865570554439e-05,0.6262605667691505,0.9980420826296184,0.0038318844542421654
73432,0.0,0.0,0.9993956925253571,0.0014311059335773036,1.5655454751821904e-05,0.12987501165334073,0.9993391405921963,0.0011108933179116963,3.913863687955476e-05,0.19114923136043133,0.9990488002584185,0.0018073278019738565
73699,2.4225686495391064e-05,0.48522855511632257,0.9971468907993474,0.00603777542740902,3.633852974308659e-05,0.38431135260440824,0.99684305920768,0.006199218418585047,6.0564216238477656e-05,0.31998135681749634,0.9964955780871076,0.006318076717325088
74089,0.0,0.0,0.9964869503405964,0.008424996727841371,0.0,0.0,0.9961735529233996,0.007795554987533903,0.0,0.0,0.9957198846229076,0.00787236844708003
74093,2.7394258163488934e-05,0.3451913422468693,0.9986306677229188,0.0032306873352237917,4.10913872452334e-05,0.30240383049385083,0.9982434017405929,0.0036934023010662532,4.10913872452334e-05,0.19516155824994638,0.9976616901052466,0.004508376332393909
74266,2.0315018215799665e-05,0.5296347172140421,0.9992540980588214,0.0018250156584360244,4.7401709170199224e-05,0.6163668470816234,0.9991828803521481,0.0017023804230885922,0.00011511843655619811,0.7524156893197398,0.9989586852041119,0.0020868582105435874
74390,0.0,0.0,0.9958939561635518,0.00869326087058917,0.0,0.0,0.9954630572925748,0.009937314113882137,0.0,0.0,0.9951538440796025,0.009877580815031857
74604,0.0,0.0,0.9993662260410181,0.001522078910067115,0.0,0.0,0.9991910561518276,0.0017231712897414382,0.0,0.0,0.9989022515719977,0.002283350048798094
74800,6.594348643212766e-06,0.14606834984270645,0.99925419457811,0.0016012812221012252,6.594348643212766e-06,0.09478836436955078,0.9992636211897438,0.0012469031029497207,3.95660918592766e-05,0.23566819117531893,0.9988717093952045,0.002222483724395989
75278,0.0,0.0,0.9989210567399247,0.002557650732347827,0.0,0.0,0.9987767313545817,0.002188633233649706,0.0,0.0,0.9983737613161179,0.0029189738611649606
76141,1.3050145182865159e-05,0.3835663673713356,0.9997704723913511,0.0005619905570815598,3.915043554859548e-05,0.5363559634917963,0.9996773518003655,0.0006445266102509469,8.482594368862353e-05,0.5915852283092234,0.9995677731662512,0.0008725899585167644
76247,0.0,0.0,0.9996964667806838,0.0007157043875505864,0.0,0.0,0.9992922057720912,0.0013839745694251787,0.0,0.0,0.9990134748035026,0.0019185645130779011
76317,6.813149378300119e-06,0.14606834984270645,0.9994684891881336,0.001263507703693678,6.813149378300119e-06,0.09478836436955078,0.9992780418549632,0.0013740222059797993,6.813149378300119e-06,0.06117331537803187,0.9988634707140023,0.0021507261987359755
76507,1.5663424337828736e-05,0.47036528278595785,0.9973902299587893,0.006179393799493648,3.132684867565747e-05,0.4422195942380129,0.996989214290595,0.006536883282515326,3.132684867565747e-05,0.285394086970418,0.9963701809734358,0.0072167763133246686
77683,0.0,0.0,0.9990069549167793,0.0023752260720507844,1.2302090125112256e-05,0.0636207881989517,0.9985903971665225,0.0030848660051133884,3.690627037533677e-05,0.11311570245220225,0.9980972153473383,0.003889593769729946
77983,0.0,0.0,1.0000000000000002,-2.220446049250313e-16,0.0,0.0,1.0000000000000002,-2.220446049250313e-16,0.0,0.0,1.0000000000000002,-2.220446049250313e-16
78017,0.0,0.0,0.999515810412538,0.0010707856790470815,0.0,0.0,0.9993141060915512,0.0015176321302861778,0.00010664391596459421,0.03635628798853883,0.9991726460937169,0.0016679813026432458
78388,6.5187348439414875e-06,0.33916020527361607,0.9989412811916379,0.002351979376167901,6.5187348439414875e-06,0.22009176629808014,0.9989831446518768,0.0019641163925022713,1.9556204531824464e-05,0.21221176056767893,0.9987118668491701,0.002602228021058632
78920,0.0,0.0,1.0,1.1102230246251565e-16,1.1550945444884663e-05,0.07839826897867533,0.9999190517713068,0.00016714608872092147,2.3101890889769326e-05,0.08790243334106168,0.9997819720491583,0.0004297069236001711
79090,1.4895803852054876e-05,0.21398626473452753,0.9999999999999998,4.4408920985006264e-17,2.979160770410975e-05,0.20829366581033176,0.9999999999999997,-2.2204460492503132e-17,8.937482311232926e-05,0.2803012495204032,0.9998369794881338,0.0003397771617377304
79112,2.4038076312879602e-05,0.6548086577531306,0.998649789020568,0.002834763674099572,4.0063460521466e-05,0.5645441593704201,0.9982177742995925,0.0038049949370999887,7.21142289386388e-05,0.5051609581187919,0.9977349311080417,0.004341550686505697
79190,7.827298486200473e-06,0.13120507751234178,0.9992234061464064,0.0017191065677290896,3.130919394480189e-05,0.284449351231739,0.9991965542495546,0.0017154876251230923,5.479108940340331e-05,0.2901023324981387,0.9988843792049593,0.00230377362188444
79424,0.0,0.0,0.9990172510043154,0.0021878969515947365,0.0,0.0,0.9985289221730437,0.002591742121614995,0.0,0.0,0.9973039122502929,0.005355682349383204
79989,8.013398402128358e-06,0.21398626473452753,0.9989530850214751,0.0022679679410479102,4.0066992010641796e-05,0.42049964660493067,0.9985270318204946,0.003161827048676106,5.609378881489851e-05,0.33899188522421253,0.9980739323805473,0.00400299306193694
80269,0.0,0.0,0.9994352929905477,0.001129414018904662,0.00011152001784320286,0.06943122193677725,0.9975608488812696,0.004731525261729954,0.00011152001784320286,0.04480864360167173,0.9953715005927979,0.008761097773382426
80557,0.0,0.0,0.9994381490681542,0.001232698349136696,0.0,0.0,0.9992597353031678,0.0015478652109941185,0.00010782833728703904,0.03475017269886857,0.9990449924723211,0.001885666299417222
81204,4.024711730022337e-05,0.3156484524795145,1.0000000000000002,-2.220446049250313e-16,6.037067595033506e-05,0.2832325164972662,1.0,-1.7270135938613546e-16,0.00010061779325055842,0.2571602579241618,1.0,-9.933574430856664e-17
81394,0.0,0.0,0.9994556285423023,0.001223849045519132,0.0,0.0,0.9994014503393048,0.001288145195662861,0.0,0.0,0.9991099139796956,0.0018016930928047576
82885,0.0,0.0,0.9980954796402821,0.00462166524404255,0.0,0.0,0.9975126443893053,0.005322746377266719,0.0,0.0,0.9969884324852597,0.005637237748766959
82998,0.0,0.0,0.9975703513919552,0.004518215838195949,0.0,0.0,0.9970050932758546,0.005946745695349505,0.0,0.0,0.9966375968037771,0.006677485831579794
84421,3.1591783608918994e-05,1.0,0.9995974081940003,0.0008563080837744374,5.0546853774270385e-05,0.8572048559638626,0.9995129267397278,0.0010103832967859351,0.00010741206427032457,0.8730945038215739,0.9994268366611625,0.0011384454977296378
84743,0.0,0.0,0.9981788699982023,0.0036502555288049354,0.0,0.0,0.9977675212656552,0.004521991161645319,0.0,0.0,0.9972002267884967,0.005772524665112702
85052,1.3346234693537086e-05,0.47036528278595785,0.9994691862260987,0.0010294013622618504,2.0019352040305628e-05,0.3746661058764784,0.9991990272233702,0.0017177500691430117,4.67118214273798e-05,0.3844288119122409,0.9989534242620601,0.002074570314071979
85249,1.4635717003776015e-05,0.3451913422468693,1.0000000000000002,-6.661338147750939e-17,2.927143400755203e-05,0.36099027181348725,0.999704864890381,0.0006343976271612477,6.586072651699207e-05,0.408214923556338,0.9987675326962544,0.002411697014999817
85326,0.0,0.0,0.9979457659041705,0.004811411007453426,0.0,0.0,0.9977140005313583,0.004799032879313532,0.0,0.0,0.9970060580357123,0.006082510591451723
85465,3.1610358082136354e-05,1.0,0.999672200412102,0.0007364247648192545,5.689864454784544e-05,0.9305687780632227,0.9995542083997023,0.0009765377749704157,8.850900262998179e-05,0.7767039892716325,0.9994466623509008,0.0011456261072398844
85533,0.0,0.0,1.0,-6.661338147750939e-17,0.0,0.0,0.9999066845963837,0.00018662620115396223,6.02663773880552e-05,0.038384638165382894,0.999433789811172,0.0011780956116100223
85544,2.21837703536093e-05,0.21398626473452753,0.999580938596728,0.0010341975869955667,2.21837703536093e-05,0.1388624438735545,0.9992913128682656,0.0014368771426844192,2.21837703536093e-05,0.08961728720334346,0.9990262011777402,0.0020063692360759297
85931,1.3427865506499087e-05,0.3451913422468693,0.9970835707607698,0.006330766087079276,3.356966376624772e-05,0.4420219760475999,0.9967742028757198,0.005848243248380344,6.713932753249544e-05,0.45716222849719285,0.9962044493461004,0.006983771685415851
86405,2.1682880642969687e-05,0.5296347172140421,0.9993363495236498,0.001648208436772769,5.059338816692927e-05,0.6253338941235215,0.998144563603206,0.0038866217923158625,6.504864192890907e-05,0.4754363750495806,0.9967416359989235,0.005752973392505151
87265,7.234947691328192e-06,0.14606834984270645,0.998468209260345,0.003583775751495777,2.8939790765312767e-05,0.31017134364653787,0.9977917765216123,0.004700275746907017,6.511452922195372e-05,0.37672785563205036,0.997316294681377,0.005164788982842686
87808,1.2807048999769473e-05,0.33916020527361607,0.9984625681616359,0.0038221687326754463,2.5614097999538947e-05,0.2934556883974402,0.9979292634393213,0.004350683227757125,5.1228195999077894e-05,0.2568871831522391,0.9968107018232966,0.006071222239814678
87810,0.0,0.0,0.9991595001634563,0.001965381201159988,1.3239596986667726e-05,0.0636207881989517,0.999056986803254,0.0019989876292835686,2.6479193973335453e-05,0.07512175164287156,0.9987952773296837,0.00243365798179637
88245,2.7080272698346074e-05,0.8687949224876581,0.9991807196699062,0.001985839232307085,4.062040904751911e-05,0.7007731679885373,0.9991059604329197,0.0018979341938159693,6.0930613571278665e-05,0.5539342368190642,0.9984604758046961,0.0031776902343515372
89179,6.778144550710688e-06,0.33916020527361607,0.9992458260053256,0.0017563745447685575,2.7112578202842753e-05,0.4291411337886065,0.9991818765086293,0.001772237724242973,6.778144550710688e-05,0.48478847794906915,0.9990471872223431,0.0019409940131892905
89226,1.1852273266012421e-05,0.14606834984270645,0.0,0.7797208251055042,3.5556819798037265e-05,0.23177307466786254,0.0,0.6210485108131252,4.7409093064049684e-05,0.18796341280818957,0.0,0.4963696460646179
89733,1.334498795614837e-05,0.30078518014914984,0.999105896196421,0.0020021669194378866,3.336246989037093e-05,0.41057198006764817,0.9988646173667268,0.002224492098639952,8.006992773689022e-05,0.5101113028154738,0.9984717833600556,0.003107560664521772
89943,0.0,0.0,0.9964731875019235,0.008230693478153394,0.0,0.0,0.9956577136243474,0.008491025135654638,0.0,0.0,0.9933197433873955,0.013402101322046988
90173,8.229775327133569e-06,0.33916020527361607,0.9991617883188685,0.001477828442489948,1.6459550654267138e-05,0.2934556883974402,0.9989425892846354,0.0022332844915904544,2.4689325981400707e-05,0.2266934698779877,0.9986949082626981,0.0026594870992864366
90680,1.2104192892417933e-05,0.33916020527361607,0.9987867362794546,0.0027613527940335892,1.2104192892417933e-05,0.22009176629808014,0.9982778779468177,0.003683195511962249,2.4208385784835866e-05,0.1749050102012343,0.9973194879968542,0.004688045635919349
90985,3.386661970495401e-05,1.0,0.9986054106682127,0.0030330961021176827,3.386661970495401e-05,0.6489315753318465,0.9981726710629486,0.0036529906780025695,5.418659152792641e-05,0.526795297635654,0.9974973849075726,0.0050845851520579695
91033,0.0,0.0,0.9988455516483812,0.0025735192621622717,8.195041999590248e-05,0.12987501165334073,0.9987546463821309,0.002524111641177678,8.195041999590248e-05,0.08381709190192063,0.9985557142970791,0.002851676140982155
91530,0.00010126582278481013,0.21398626473452753,0.99950739311461,0.001117451994644747,0.00010126582278481013,0.1388624438735545,0.9994170708405552,0.0012691386469469916,0.00010126582278481013,0.08961728720334346,0.9993630537885327,0.0012589009297030757
92298,1.3193917603984564e-05,0.48522855511632257,0.9989032234999117,0.0024160227403135725,3.2984794009961406e-05,0.5289638450374726,0.9988370290149617,0.0021532599006746115,8.576046442589967e-05,0.6228738347788157,0.9985042684329969,0.002854930222033173
92370,1.369412795793164e-05,0.33916020527361607,0.9997966222250991,0.00043633276466363834,1.369412795793164e-05,0.22009176629808014,0.9996726214595822,0.0006749049982767917,6.84706397896582e-05,0.2847436395889508,0.9994544125763548,0.0011075239043430599
93029,0.0,0.0,0.9993829166089073,0.0013968305683022986,0.0,0.0,0.9991640917681892,0.001700441836849525,3.690672440518662e-05,0.10917304826339778,0.9987089682546207,0.0024183593832374597
93281,0.0,0.0,0.998536262754841,0.0034426871852784703,2.8121089411003782e-05,0.13698471029831175,0.9984556494440431,0.003328081551111072,2.8121089411003782e-05,0.08840545926477482,0.9984656624598216,0.002854363692589408
93445,8.48644290745534e-06,0.21398626473452753,0.9986890480372927,0.0030387573633361086,1.697288581491068e-05,0.21726071285222984,0.9984866110893025,0.003146426959857091,1.697288581491068e-05,0.1402129701779605,0.9983080346592852,0.003420015107655465
93478,8.014104824491104e-06,0.13120507751234178,0.9985726747817983,0.003329116946511501,2.404231447347331e-05,0.23297260855707358,0.9982053793620743,0.003670304992285001,4.007052412245552e-05,0.21904749378513333,0.997840644669892,0.004465369404186655
93588,0.0,0.0,0.9990319518308468,0.002031156238046161,0.0,0.0,0.9985628744777271,0.0030575230415131067,0.0,0.0,0.9980947676660602,0.003865758485643463
94221,0.0,0.0,0.9998069181201128,0.0004429085467128724,1.1329647421372246e-05,0.07336392209936005,0.9996219068861112,0.0008006797151089367,1.1329647421372246e-05,0.04734667987788577,0.9993923336800478,0.001069357430118809
94590,1.2102581480629818e-05,0.33916020527361607,1.0,4.4408920985006264e-17,3.630774444188946e-05,0.3597099118518292,0.9999614548245894,7.709040400951907e-05,6.051290740314909e-05,0.29844749397886516,0.9992581122067687,0.0015487010371802456
96884,0.0,0.0,0.9979143153429011,0.004432792547165531,7.4742884477397756e-06,0.07839826897867533,0.9975552640145715,0.005030555020653909,1.4948576895479551e-05,0.09021675003043264,0.9971964405998615,0.005332873826159017
98487,0.0,0.0,0.9996536737299675,0.0007327109346875083,0.0,0.0,0.9995624051283851,0.0009376611116509473,0.0,0.0,0.9994742068875839,0.0010861575902735474
98801,0.0,0.0,0.9989773982894483,0.0021374435706092098,0.0,0.0,0.998723589290905,0.002473194548877975,0.0,0.0,0.9984136461778019,0.0032115509917524203
99035,0.0,0.0,0.9993356755547336,0.001484490866513677,0.0,0.0,0.9993161606646673,0.0014271225053318546,0.0,0.0,0.999191086996953,0.0015479894467259941
99282,1.5657048020166276e-05,0.3451913422468693,0.9992825154559357,0.00165365730125282,3.131409604033255e-05,0.35969100690634176,0.9979728245161453,0.0043730054976649085,5.479966807058197e-05,0.33901256392287404,0.9957524078957185,0.008598959910790769
99487,2.0028707814534166e-05,0.6548086577531306,0.9993189460892591,0.0015985662435374804,3.338117969089028e-05,0.5766882048947064,0.9991809533277571,0.0016846304707871123,6.676235938178056e-05,0.5432641012029964,0.9989236549304806,0.0021429559092044437
100224,0.0,0.0,0.9995609613609424,0.0010321938843693256,0.0,0.0,0.999478241711359,0.0011315158959078382,0.0,0.0,0.9993282565716974,0.0013697150972859682
100337,2.8562043899861474e-05,0.3156484524795145,0.9985851380895407,0.0023467590555143135,2.8562043899861474e-05,0.20483424751859086,0.9980376892527157,0.003821714634814592,7.140510974965369e-05,0.2408381559675263,0.9976195843189245,0.004345193520885021
101139,0.0,0.0,1.0,-3.3306690738754695e-17,0.0,0.0,1.0,9.86864910777917e-18,3.387763398604242e-05,0.03406297225598251,1.0,1.8698493046318425e-16
101533,6.590176682636861e-06,0.14606834984270645,0.9992935994641016,0.0016738692584498782,6.590176682636861e-06,0.09478836436955078,0.9991329659998073,0.0016640604663298456,3.295088341318431e-05,0.19628892228517342,0.9987780798617202,0.002183487279014104
102137,1.1559357299734135e-05,0.33916020527361607,1.0,-1.9984014443252818e-16,2.311871459946827e-05,0.2934556883974402,1.0,-1.1842378929335003e-16,4.623742919893654e-05,0.26375795926622725,0.9949133780345738,0.009826846391363908
102865,2.5453712423957035e-05,0.6164336326286644,0.9984192201056473,0.003871731055146066,3.3938283231942714e-05,0.4636440365082036,0.9980932404034946,0.004111471926624002,5.090742484791407e-05,0.3728837608255476,0.9975427463470752,0.005099779418635569
103360,0.0,0.0,0.9977331728504468,0.0054393476586352294,0.0,0.0,0.9969411486516521,0.006003720372463007,0.0,0.0,0.9958318110839007,0.007738876872337191
103988,0.0,0.0,0.9991241683113818,0.0016321516810235636,0.0,0.0,0.99891948770602,0.001826811823899832,0.00022011886418666079,0.032864970567577,0.9985949386667237,0.002699714507078325
104156,2.301884476091093e-05,0.5296347172140421,0.9989745765784506,0.002432217257329983,3.836474126818489e-05,0.4915261823075979,0.9988550441306095,0.002379821363115031,5.371063777545884e-05,0.3876342092190141,0.9986231177338081,0.002733893059785605
104239,7.830730920424112e-06,0.21398626473452753,0.9985871629488677,0.0032830220405172805,7.830730920424112e-06,0.1388624438735545,0.998204972010192,0.003798709882150544,3.9153654602120565e-05,0.2237680502123681,0.9974154711005762,0.00536845943641645
104266,1.977326654363301e-05,0.6992148198508501,0.9994394101645195,0.0012499386979872074,5.2728710783021356e-05,0.804810999209339,0.9992555095454859,0.0015768124555861555,8.56841550224097e-05,0.6972648198999095,0.9991277130262995,0.0017657081963905405
104372,3.1584200319632106e-05,1.0,0.999609218739694,0.000885593689469244,4.421788044748495e-05,0.7885497208855956,0.9994843372422467,0.0010998174265492125,8.211892083104348e-05,0.7182340961385707,0.9993925674908921,0.0011636767929004243
106952,2.3016902078426257e-05,0.6399453854227659,0.9999999999999997,1.3322676295501878e-16,3.068920277123501e-05,0.4847119890255185,0.9996878859610936,0.0006744725099322841,3.068920277123501e-05,0.3128172911241436,0.9993372084689108,0.0013720823239343543
107301,2.5270393207318306e-05,0.7860137352654724,0.999555726056777,0.00100369346703032,4.4223188112807036e-05,0.7241528458281337,0.9994964804901713,0.0009755228808630889,8.844637622561407e-05,0.7120960038687834,0.9993043263897979,0.0014009320715220822
107780,7.670770528899628e-06,0.13120507751234178,0.9986170754788498,0.003345307498039207,1.5341541057799256e-05,0.14876390584057267,0.9981753984266563,0.0039632401646537176,1.5341541057799256e-05,0.09600736745887493,0.9977067374453501,0.0044561805760634735
110429,1.5859925141153333e-05,0.48522855511632257,0.9972916206314071,0.006130801479491554,2.378988771173e-05,0.38431135260440824,0.9961325155532033,0.008170889021824104,6.343970056461333e-05,0.42846565656653324,0.9948113073396453,0.010241950968218044
112174,1.5342953365093247e-05,0.5087403079104241,0.9981540334745027,0.004217638071658402,3.0685906730186494e-05,0.46001266110046096,0.9975025573135845,0.004937347842589911,3.8357383412733114e-05,0.32921544250072643,0.9969572568281967,0.005837705044119076
112938,7.272462819533835e-05,0.3156484524795145,0.9993911333555451,0.0014656120750375589,0.00010908694229300753,0.2742654694553681,0.9991249957731789,0.0018687007967449216,0.00018181157048834587,0.2508966268703295,0.9987250481283543,0.0026023831843219537
115024,0.0,0.0,0.9984768892309852,0.003683255221602055,0.0,0.0,0.9982760065541518,0.0035528116289985203,6.594305158065494e-06,0.038384638165382894,0.997960417079416,0.0037642655362015985
115669,3.643252696006995e-05,0.21398626473452753,0.9998790943669101,0.0002611696532517138,3.643252696006995e-05,0.1388624438735545,0.9998344238586714,0.00035931646525446916,3.643252696006995e-05,0.08961728720334346,0.9997544236295257,0.00043582858068750576
116283,2.550939064443098e-05,0.7860137352654724,0.9989725981711844,0.002037714317941808,4.4641433627754216e-05,0.7215194105726963,0.9986398072955496,0.0026540010881574414,9.566021491661618e-05,0.7472191619632101,0.9982774447362528,0.0035210528682569375
117466,1.2957060302158647e-05,0.27727342735504823,0.9995035531160866,0.0011013328960071123,3.887118090647594e-05,0.4576359845799652,0.9993919266589495,0.001245078935392595,9.717795226618985e-05,0.6144659635598706,0.9990482193438114,0.0019370219490411125
118247,1.979009307940445e-05,0.6992148198508501,0.9987096719949475,0.002955257488930119,1.979009307940445e-05,0.45374257454118544,0.9986921918740613,0.0025707927931156826,3.95801861588089e-05,0.3954291159706354,0.9983945393098894,0.0031618244417987392
118515,0.0,0.0,1.0000000000000002,-2.220446049250313e-16,0.0,0.0,1.0000000000000002,-2.713878504639272e-16,0.0,0.0,1.0000000000000002,-3.4475346554149597e-16
119797,0.0,0.0,0.9989003284072607,0.0025708578854593766,4.108407170539982e-05,0.21538297927698707,0.9987685986813222,0.002719293572667358,8.216814341079964e-05,0.25048850719216065,0.9985492035024454,0.0030102532601354514
119801,2.5977849553613953e-05,0.6548086577531306,0.9996024674292565,0.0007344306679104128,3.463713273815194e-05,0.49828993591603105,0.999343893765017,0.001433340644662927,8.659283184537984e-05,0.5286340188608659,0.9990520508335339,0.0019334732876068713
120056,0.0,0.0,0.9997174415983677,0.0006364367625808053,0.0,0.0,0.9995859207095419,0.0008461580902044346,0.0,0.0,0.9993763401532011,0.0012782487092766947
120391,1.6028338101763918e-05,0.3156484524795145,0.9995870652915212,0.0009132521529365611,2.404250715264588e-05,0.2742654694553681,0.9994976344525248,0.0009968159986021594,4.808501430529176e-05,0.2832562304561047,0.9989967694167309,0.0020532088776999582
121281,0.0,0.0,0.9988292495339118,0.002893851840751649,2.419491422902906e-05,0.06943122193677725,0.9975570378095917,0.0050571495384909605,2.419491422902906e-05,0.04480864360167173,0.9967852408033352,0.005953864168266245
121436,6.898121641477026e-06,0.21398626473452753,0.9997987421162648,0.00040251580320188607,2.7592486565908105e-05,0.3452783761086435,0.9993130001843895,0.0015018604249597074,7.587933805624728e-05,0.46889547326090425,0.9986957960709126,0.0026367880994302676
121728,0.0,0.0,0.999400181078604,0.0012071756281651913,0.0,0.0,0.9991077779090102,0.0019454259235117727,4.138216428719222e-05,0.03635628798853883,0.9986467691428661,0.002780889423657846
121878,0.0,0.0,0.9989928535026497,0.002212229129067167,0.0,0.0,0.9990247238556178,0.0021064450596590405,0.0,0.0,0.9988296085278657,0.0023899879817141424
121933,6.507620423515937e-06,0.14606834984270645,0.9995180114210547,0.0011383159787309084,6.507620423515937e-06,0.09478836436955078,0.9992613153775463,0.001550974590041787,5.20609633881275e-05,0.3057656396177526,0.9990169857405531,0.0019984126655607543
122884,1.1325926177613174e-05,0.13120507751234178,1.0000000000000004,-2.220446049250313e-16,3.3977778532839525e-05,0.22476126319537007,1.0000000000000004,-2.220446049250313e-16,4.5303704710452695e-05,0.17739187161322303,1.0000000000000004,-2.220446049250313e-16
122933,0.0,0.0,0.9980187619364574,0.004774886610349982,3.8969642648376916e-05,0.06625422345438903,0.9980705276432689,0.004225188860838938,3.8969642648376916e-05,0.04275831251503158,0.9980108662218455,0.0038960256319466647
123427,2.4689732363301182e-05,0.6399453854227659,0.9998109167218789,0.0003781663796762813,3.2919643151068245e-05,0.4847119890255185,0.9992358006538552,0.001607217952236617,4.11495539388353e-05,0.35243835817995917,0.9987049935193951,0.0026229802458712682
123553,1.943559045323797e-05,0.6992148198508501,0.9995057157948455,0.0011022400861557923,3.887118090647594e-05,0.6601585067762744,0.999348770918225,0.0012866108012460453,7.774236181295187e-05,0.647973671264944,0.9991869234920285,0.0016465049996360844
124066,0.0,0.0,0.9995146756096203,0.001092999116986393,7.317537209676711e-06,0.07336392209936005,0.9994983256184355,0.0006694558359301907,7.317537209676711e-06,0.04734667987788577,0.9994218157090569,0.0008026774914809643
124100,0.0,0.0,0.999093897207261,0.002114076953126576,0.0,0.0,0.9990590400673618,0.0020191214859800193,0.0,0.0,0.9989064399679922,0.0021848826486330904
124760,1.483294396855416e-05,0.27727342735504823,1.0000000000000002,-2.220446049250313e-16,2.966588793710832e-05,0.3227266260473091,1.0000000000000002,-2.220446049250313e-16,3.7082359921385395e-05,0.24171471831428876,1.0000000000000002,-2.220446049250313e-16
125543,6.2639372604044e-06,0.16958010263680803,0.9983399593498419,0.003683998249360998,1.87918117812132e-05,0.24573132854020638,0.998347043219953,0.003300826261248714,2.50557490416176e-05,0.19333714863240054,0.9979435547226239,0.004046421340765395
125634,1.1825642723682032e-05,0.21398626473452753,0.9995003149746354,0.0010988340130100194,2.3651285447364064e-05,0.21222636597291455,0.999385744693458,0.0011441824534396696,3.5476928171046095e-05,0.17102693933721172,0.9990781464570226,0.0017548161778770726
125845,2.716357907317868e-05,0.8687949224876581,0.9991391532897813,0.001996546991791548,4.753626337806269e-05,0.7720617383222417,0.9991136372403581,0.0019320531707082737,0.00010186342152442006,0.7840829434936055,0.9990191437697333,0.0019337093431022738
126196,2.7396884974178435e-05,0.3835663673713356,0.9993999417720305,0.0012018864825118936,5.479376994835687e-05,0.39356081945565896,0.9990871715635279,0.0019490236774565468,6.849221243544609e-05,0.28805427476580325,0.9987619551656397,0.0025679481009171974
126323,0.0002585315408479835,0.13120507751234178,0.9997543912216559,0.0005240456938866323,0.000517063081695967,0.14876390584057267,0.9996612882862304,0.0006899500938552504,0.000517063081695967,0.09600736745887493,0.9995362260002805,0.000951501517666802
126722,1.2527796047480347e-05,0.3156484524795145,0.9993766228277808,0.0013891071628937767,3.758338814244104e-05,0.486471450249967,0.9991560716955086,0.0017768613045975718,6.890287826114191e-05,0.49485203862652866,0.9989114813585591,0.0021455401758721346
126769,0.0,0.0,0.9992381654729842,0.0017497249000858362,0.0,0.0,0.9990436497884089,0.0019843875995865356,0.0,0.0,0.9986380549634213,0.0028263582739471984
126950,7.67006450524249e-06,0.16958010263680803,1.0,0.0,3.068025802096996e-05,0.32412959751888165,1.0,0.0,6.136051604193992e-05,0.35324902791596785,1.0,0.0
127633,5.5023660173874766e-05,0.33916020527361607,0.9980679338434759,0.004422947821298695,5.5023660173874766e-05,0.22009176629808014,0.9980570774866525,0.003579028908381137,5.5023660173874766e-05,0.1420400396336573,0.9974348410342209,0.004868401590672585
127968,1.8786633936175543e-05,0.6164336326286644,0.9987922132665389,0.0027563169197553196,4.3835479184409596e-05,0.6777277508780453,0.9987063233743069,0.0023891202892648913,0.00010019538099293623,0.7591510425343652,0.9983909258140624,0.002635635131768335
128445,3.158659464923087e-05,1.0,0.9993999266782042,0.0014007456472760027,6.317318929846174e-05,1.0,0.9993027406841947,0.0012887722713809113,0.0001200290596670773,0.9652498273011314,0.9989676605019884,0.002040685199015683
128669,0.0,0.0,0.9998383519845853,0.00033314670772127686,0.0,0.0,0.999492116346541,0.0009502069161750325,0.0,0.0,0.9991135599957724,0.0018072792304927292
129003,6.902692740438045e-06,0.14606834984270645,0.9995540907834346,0.0010520469709000447,1.380538548087609e-05,0.1584091525685025,0.9994476017843466,0.0011731703865884107,4.831884918306631e-05,0.2845609548493848,0.9991015123775402,0.0018470664238242963
130535,0.0,0.0,1.0,2.220446049250313e-16,7.005253940455341e-05,0.06943122193677725,1.0,2.565848768022584e-16,7.005253940455341e-05,0.04480864360167173,0.9998250372729748,0.0003557179880758175
131158,3.2212966363220527e-05,1.0,0.9986636878486832,0.0031727727379834646,5.1540746181152834e-05,0.8603818544462509,0.9987700308481274,0.002655961711883539,0.00010952408563494978,0.8764575162223691,0.9986323304846044,0.0027880381678412358
131775,0.0,0.0,0.9995106618908336,0.0011827346645984615,0.0,0.0,0.9993611727825152,0.0012849342012074155,2.2179342160711513e-05,0.0396210670558156,0.999078066454975,0.0018823006152864194
132713,6.770618225150139e-06,0.16958010263680803,0.9988600176080012,0.0026350270818666253,1.3541236450300277e-05,0.17630010660342912,0.9988603252735831,0.001978896723063671,2.0311854675450417e-05,0.14721582371657374,0.9986550789733977,0.002414944954678382
133640,1.4136873206384212e-05,0.3156484524795145,0.9993961254170507,0.001401043628697296,3.534218301596053e-05,0.41125017975367995,0.9993006749413565,0.0014996995996783156,9.188967584149738e-05,0.5469052787371134,0.9991202636208916,0.0018334854352496563
134404,0.0,0.0,0.9987994007615677,0.00267125116062823,0.0,0.0,0.9985666575152331,0.003046304463119287,7.531254707034192e-06,0.0396210670558156,0.9983050116743085,0.003345591289197164
135128,2.637861222121104e-05,0.8687949224876581,0.9992970091148532,0.0014251505163811796,5.275722444242208e-05,0.841492960259019,0.9992519681273452,0.00156374543633392,9.232514277423865e-05,0.763115804562244,0.9992079455359427,0.0014767092756517559
135317,0.0,0.0,0.9995274346209619,0.0011387576277521849,0.0,0.0,0.9994944906620467,0.0010614008741722087,6.579380222383051e-05,0.03730675036644463,0.9993425395485975,0.0013529094235250943
135632,0.0,0.0,1.0,1.7763568394002506e-16,3.549329768228766e-05,0.19930623359011798,1.0,1.4062824978585316e-16,4.732439690971688e-05,0.16149070607116936,0.9998275739985969,0.00034888501320101743
136041,0.0,0.0,0.9999840580021429,3.188399623595961e-05,0.0,0.0,0.9999056683990775,0.00019471896730294751,0.0,0.0,0.999799117718886,0.00035188634899740475
136839,0.0,0.0,0.9991507984224786,0.0017597190507683935,0.0,0.0,0.9990400238144511,0.0018330875172922114,0.0,0.0,0.998901065570203,0.0021279908571100064
137149,0.0,0.0,0.998508373327758,0.002515055407933886,1.4190234280767976e-05,0.06943122193677725,0.9978132841895944,0.004519091152320525,5.6760937123071904e-05,0.1516883761325132,0.9969165103881581,0.006169180397592515
137255,1.3694503026485169e-05,0.16958010263680803,0.9937008417859235,0.014358532889027243,2.7389006052970338e-05,0.17947710508581732,0.992489024491514,0.015022690231872148,5.4778012105940677e-05,0.19275648084076058,0.9908949819474169,0.015980213754303578
137432,1.6463073326528597e-05,0.48522855511632257,0.9982359363953975,0.002991743520533352,1.6463073326528597e-05,0.31488013066763093,0.9970552335640835,0.005587563635054351,1.6463073326528597e-05,0.2032133550116892,0.9958815058618488,0.007278008812407642
138374,0.0,0.0,0.9974341638535401,0.006053118637626931,0.0,0.0,0.9966797706360001,0.006257043833839892,0.0,0.0,0.995288136201094,0.009330107424072481
138546,2.3010370006749708e-05,0.5296347172140421,0.9977693066614105,0.0050274836311515305,4.6020740013499416e-05,0.5551469705065496,0.9972304593902057,0.005909427140633963,7.670123335583236e-05,0.4977110011779237,0.99657789732346,0.00611268831182583
138632,8.481260654583697e-06,0.13120507751234178,0.9980780559263108,0.004472923709286536,1.6962521309167395e-05,0.15139734109601002,0.9979540796190095,0.0038028718670233496,5.936882458208588e-05,0.2799472989982201,0.9974726805899575,0.0050004251237159795
139386,3.1584200319632106e-05,1.0,0.9995356853944362,0.0011019247480621775,6.316840063926421e-05,1.0,0.9993507339123067,0.001323119383800421,0.000120019961214602,0.967135029432423,0.9991322717089396,0.0016998221005874996
139541,8.72516599628308e-06,0.33916020527361607,0.9984844431222168,0.0034613979362073553,1.745033199256616e-05,0.2837125544970318,0.9983277136835026,0.003544691058478566,5.235099597769847e-05,0.3255750023303809,0.9982368608970191,0.0033950692612263024
139618,6.378527325611063e-06,0.14606834984270645,0.9972793716640472,0.005344089932968676,1.2757054651222126e-05,0.1610425878239398,0.9972688573818956,0.004783521846534519,5.1028218604888504e-05,0.31439926030518456,0.996149601839407,0.007502133004663599
140122,2.8270948773040823e-05,0.8539316501572934,0.9996802377474643,0.0007574304843006585,6.360963473934185e-05,0.9052116356304492,0.9995849592720358,0.0008714422588678383,0.00011308379509216329,0.8346662639235519,0.999494338793214,0.0010193762970382454
141145,0.0,0.0,0.9993727228063068,0.0014752523409307216,8.481908090043937e-06,0.0636207881989517,0.9991698252709791,0.001808156897724299,2.544572427013181e-05,0.11906448460808755,0.9989304458810434,0.002166997125669474
141995,3.2029723583485475e-05,0.13120507751234178,0.9932077707760566,0.012205395583019007,6.405944716697095e-05,0.15457433957839825,0.9927899478214766,0.006860586036646901,0.0001281188943339419,0.16955101104690992,0.9890767804996526,0.01755943150779828
142318,2.668997591229674e-05,0.8687949224876581,0.9992399048848112,0.0017294671440013065,5.337995182459348e-05,0.841492960259019,0.9991457885829009,0.0017574627233950906,0.00010675990364918696,0.8281317498857315,0.9989236744510661,0.0021575100283904693
143170,0.0003527336860670194,0.33916020527361607,0.9997629898373182,0.00018095461813384396,0.0007054673721340388,0.28634598975246917,0.9996199828957545,0.0007462699025662545,0.0007054673721340388,0.1847983521486889,0.9991516180379625,0.0016710806795258387
143329,1.954817648093727e-05,0.4468535299918563,0.9997095762379103,0.0006835839309797698,4.561241178885363e-05,0.5626475208496899,0.9996479321951796,0.000730643538327036,9.122482357770726e-05,0.6118234611802762,0.9995290966721253,0.0009411492420851837
143369,1.2805900959161982e-05,0.14606834984270645,0.9966367235573305,0.008269163687443116,2.5611801918323964e-05,0.16815228646891084,0.9960587859715616,0.008496294530501743,6.402950479580991e-05,0.21249142651090203,0.9950115361230492,0.00972332586389895
143809,1.2889255516601362e-05,0.5531464700081437,0.9990514185716887,0.0022274794390859443,3.866776654980408e-05,0.6405914129030107,0.9987113175116837,0.0027662747682726326,7.733553309960816e-05,0.6300150296205149,0.9984588387878508,0.0029129056759790587
144429,1.3803670395958285e-05,0.5087403079104241,0.9982861378279303,0.003701756061305872,3.4509175989895716e-05,0.5415879285615246,0.9980189769004897,0.003754272217343287,7.592018717777058e-05,0.5682083134866666,0.9973925629363526,0.005201260347855638
144658,6.443132908945646e-06,0.33916020527361607,1.0000000000000002,-2.220446049250313e-16,6.443132908945646e-06,0.22009176629808014,1.0000000000000002,-2.220446049250313e-16,6.443132908945646e-06,0.1420400396336573,1.0000000000000002,-2.220446049250313e-16
144778,0.0,0.0,0.9999741166305988,6.426628876723405e-05,1.565447444015686e-05,0.14465249243306438,0.999895614166104,0.00022612510091541232,3.913618610039214e-05,0.20138367516979597,0.9997970323978264,0.00037511135483456746
144810,3.820293398533007e-05,0.33916020527361607,0.9991923603741251,0.0015086142850300964,3.820293398533007e-05,0.22009176629808014,0.9986901973686507,0.0026413279520882335,3.820293398533007e-05,0.1420400396336573,0.9979617676823844,0.003819429024705975
145389,0.0,0.0,1.0000000000000002,0.0,0.0,0.0,1.0,9.868649107779169e-17,0.0,0.0,0.9980261039372469,0.003960248430287829
146297,0.0,0.0,0.9993817250883966,0.0012757288579467452,0.0,0.0,0.999138563821688,0.001814916282543676,0.0,0.0,0.9989428893401525,0.0022063317854971063
146485,3.138485680659082e-05,0.3451913422468693,0.9992613184614637,0.0017474327893988394,3.138485680659082e-05,0.2240055615151755,0.999037771505902,0.002094951519541782,6.276971361318164e-05,0.21351337656845715,0.9986817868870734,0.0026383883715318775
146635,4.8351223285949136e-05,0.30078518014914984,0.9954467623466939,0.009062754050164656,9.670244657189827e-05,0.3398414932237254,0.9948556793456669,0.009807612544421418,0.00016922928150082196,0.32244775655332303,0.994530534892756,0.00986571286481342
146833,2.6690866385522874e-05,0.8687949224876581,0.9989179087335408,0.002372146011276721,3.3363582981903595e-05,0.6274092458891771,0.9988815818811903,0.002231256740510111,5.338173277104575e-05,0.5086174551894973,0.9985498546867604,0.0029626227434705115
147500,1.877663935708787e-05,0.4468535299918563,0.9993338528871119,0.0015347618106080652,3.755327871417574e-05,0.49825064579222794,0.9993199603149014,0.0013851379124423665,8.762431699974339e-05,0.6054431079322836,0.9991431523570311,0.0016953160677221552
148274,1.3160665403242788e-05,0.21398626473452753,0.999298141856479,0.001612468381322596,1.3160665403242788e-05,0.1388624438735545,0.9992321841890369,0.001623714851198151,3.948199620972836e-05,0.15856478849647127,0.999101231145986,0.0017945854276788151
148313,1.9320684725066656e-05,0.6548086577531306,0.9991715880322785,0.0019494568901893272,5.152182593351108e-05,0.7759944384848244,0.9990027703619285,0.002153251794654139,9.660342362533328e-05,0.7479647566121209,0.998858850799562,0.002236909086661829
148441,8.727907484180667e-06,0.33916020527361607,0.9995286865156793,0.0009868202366875134,3.491162993672267e-05,0.4291411337886065,0.9990234507091209,0.0018963369119866858,6.109535238926467e-05,0.3922661312158896,0.9982655760720149,0.003214815158302643
148642,0.0,0.0,0.999201839621823,0.0017909029233560193,7.228201551172053e-06,0.07336392209936005,0.9988706307469677,0.0024674914794830466,2.891280620468821e-05,0.1583374695561285,0.9984892441821686,0.00311359896805331
148881,0.0,0.0,0.9977708004015691,0.0051626288822459124,0.0,0.0,0.9976250973592323,0.0049445975774203765,1.602255976414792e-05,0.07437123975468417,0.9970118593598205,0.006105245488246801
149269,0.0,0.0,0.998894046350069,0.0026705298549583147,0.0,0.0,0.9988768709429646,0.002442999615915547,0.0,0.0,0.9986866706553238,0.002633409984978727
149771,7.415152121845779e-06,0.13120507751234178,1.0,0.0,2.9660608487383117e-05,0.284449351231739,1.0,-2.4671622769447922e-17,5.9321216974766235e-05,0.32013696813515163,1.0,-4.9083544246585867e-17
150584,0.0,0.0,0.9984584765126291,0.0032854990598669143,0.0,0.0,0.9983113896121303,0.0036149263109961876,1.5691197238349286e-05,0.03343749138471349,0.9979206152421464,0.004238361836423075
151093,1.4311782174675302e-05,0.5531464700081437,0.9996674280659992,0.0006807163930558468,1.4311782174675302e-05,0.35895421017163465,0.9993451696992205,0.0012495595749329594,2.1467673262012953e-05,0.2645222974045778,0.9989977051000508,0.001978558506900744
151724,1.3357555033126736e-05,0.5087403079104241,0.999326545246206,0.0014821851125337183,2.0036332549690106e-05,0.40853591842579556,0.9989228433881238,0.0022892398301187227,2.6715110066253472e-05,0.30204038059048594,0.9986394016529611,0.002754083290794037
152191,2.606287669001466e-05,0.8687949224876581,0.9989525446229252,0.002490887301990008,5.864147255253299e-05,0.914856882358379,0.9988865522390125,0.0023021223081860203,0.00010425150676005864,0.8374844789542867,0.9985428282719155,0.0030453643093368474
152685,2.2844436998850162e-05,0.4468535299918563,0.9995646627093077,0.0010200268742813102,5.330368633065038e-05,0.571614567891588,0.9995100559382273,0.000996689579809298,0.00010660737266130076,0.6153556120226923,0.9993714651264758,0.0012861667257596217
152926,3.3365586733842714e-05,1.0,0.9994450181782668,0.0010662962477923643,6.005805612091689e-05,0.92663607790064,0.999332232537461,0.001368951986853749,0.00010009676020152815,0.8083009846017685,0.9991189599325846,0.001801744825465116
153569,0.0,0.0,0.9982447226759099,0.004115019898545913,0.0,0.0,0.9978243483917704,0.004436681659851052,0.00010628122010840685,0.038384638165382894,0.9973468885662466,0.00548746762236403
153831,0.0,0.0,0.9995811617176237,0.0010015651539021398,0.0,0.0,0.9995006521743243,0.001016152703610117,1.4940871501034656e-05,0.06761514326644558,0.9993651709603005,0.0012718856963589917
153950,6.033182503770739e-05,0.21398626473452753,0.9992017205847527,0.0019138021342963607,6.033182503770739e-05,0.1388624438735545,0.9990378179058779,0.001979886253685649,6.033182503770739e-05,0.08961728720334346,0.9987471562126812,0.002425083222682429
154419,0.0,0.0,0.9995399120424573,0.0009201759154692901,8.726155779332973e-06,0.0636207881989517,0.9978363885606575,0.004471928172504752,8.726155779332973e-06,0.04105877938688905,0.9964695370022619,0.006551255680623909
154965,4.981816370248592e-05,0.21398626473452753,0.9989110759093066,0.00255363757656083,4.981816370248592e-05,0.1388624438735545,0.998669130895798,0.0024867420238438094,4.981816370248592e-05,0.08961728720334346,0.9983179038451977,0.002561541914714818
155179,0.0,0.0,0.9996887053715717,0.0005029021913282472,0.0,0.0,0.9994207174136873,0.001264727675355062,0.0,0.0,0.9991860913435765,0.001649546525781288
155314,2.7595913045277994e-05,0.8687949224876581,0.9995425120811907,0.0010264583210602529,5.519182609055599e-05,0.8454256604216017,0.9994469789344199,0.0012068699393578304,0.00010348467391979248,0.7995294967020312,0.9993469570179929,0.001315101238472944
155557,1.2427145857410929e-05,0.33916020527361607,0.9986372274798221,0.0028789681187039507,3.7281437572232786e-05,0.3499667779514209,0.9981915776132778,0.003786899547182422,0.00011184431271669836,0.4398103402238314,0.9977503673397085,0.0046194290695114265
155577,1.3066771200836273e-05,0.47036528278595785,0.9984449232652961,0.0035819157884082074,2.6133542401672546e-05,0.4422195942380129,0.9982892671776163,0.003598564620964008,5.226708480334509e-05,0.4253595872776919,0.997979838172915,0.004011744978236705
156417,0.0,0.0,0.9962280519584044,0.008886810273443513,0.0,0.0,0.9963127328573833,0.007927768459987074,0.0,0.0,0.9962326411522353,0.00748626832483684
156900,2.7594199699223223e-05,0.8539316501572934,0.9996632191525553,0.0007152742224242337,5.5188399398446445e-05,0.835780413693672,0.9995587545472615,0.0008658471576795989,0.00010347824887208708,0.7934920857883945,0.9994401826780868,0.0011132254338152617
157055,7.154201662636466e-06,0.21398626473452753,0.9995876056368775,0.0007925712283405884,1.4308403325272932e-05,0.2024832320725062,0.9995342981260542,0.0008809245261300792,2.1462604987909398e-05,0.16906070475561538,0.9994133272295935,0.001160773967297944
157259,1.6455352514789248e-05,0.360054614577234,0.9996688301251065,0.0006897665219173787,4.113838128697312e-05,0.44903378752009243,0.9993704290205697,0.001295015876431438,6.582141005915699e-05,0.397397641542266,0.9988503569408902,0.0023397781472976275
157478,2.0027638140634075e-05,0.6164336326286644,0.9966079463296367,0.008257645454463291,2.6703517520845434e-05,0.47842151728792726,0.9964076196733499,0.007470418655186285,4.6731155661479505e-05,0.41234552593957186,0.9956757151277283,0.008824330995568966
157947,1.210946960523129e-05,0.13120507751234178,0.994758787107707,0.011145909111829033,1.210946960523129e-05,0.08514311764162098,0.9936330926603386,0.01361181397453121,3.632840881569387e-05,0.1296895142259076,0.9930439767274972,0.012626774931267395
158586,0.0,0.0,0.9992068229579433,0.0019175203400809693,0.0,0.0,0.9991898813013961,0.0016298810593781971,0.0,0.0,0.9991250128525326,0.001652981533947851
158877,1.3689441333899163e-05,0.16958010263680803,0.9981514960648428,0.004356123146203828,5.475776533559665e-05,0.31328481690174087,0.9975604565906355,0.004663783187421121,0.00012320497200509248,0.37978645344117923,0.9965774769573997,0.006922360144435742
159320,0.0,0.0,0.9996829803825482,0.0004755295914030233,0.0,0.0,0.9991169022395671,0.0017100976008436655,0.0,0.0,0.9979428176842691,0.004077400736430608
159570,0.0,0.0,1.0,0.0,2.9887548100272725e-05,0.27267015568947806,1.0,0.0,7.47188702506818e-05,0.3825707888118682,1.0,0.0
159781,0.0,0.0,1.0000000000000002,-2.220446049250313e-16,5.2249333820993784e-05,0.14465249243306438,1.0000000000000002,-2.220446049250313e-16,5.2249333820993784e-05,0.09335399548964864,1.0000000000000002,-2.220446049250313e-16
159825,0.0,0.0,0.9999481055153889,0.00012945456847418546,4.013646397752358e-05,0.0636207881989517,0.9999186603750999,0.00012304354956757093,0.00012040939193257074,0.11419359025114052,0.9998906717362169,0.00023011032470267385
160314,6.672850174495032e-06,0.21398626473452753,0.9988117086492829,0.0024896411068200397,1.3345700348990065e-05,0.20511666732794356,0.9985060558663355,0.003122786427283685,5.338280139596026e-05,0.3425799701954765,0.9978503518037967,0.004204158382571829
161276,1.9780045889706464e-05,0.6843515475204854,0.9971621430848456,0.006614480975402404,3.2966743149510776e-05,0.579782773204422,0.9968575596809073,0.0065279696366107726,6.593348629902155e-05,0.5577171590437718,0.9962897082911815,0.007447845335394008
161553,3.069061557702194e-05,0.8304198973631919,1.0000000000000002,-2.220446049250313e-16,3.069061557702194e-05,0.5388856921828065,1.0000000000000002,-2.220446049250313e-16,4.60359233655329e-05,0.4159668943706006,1.0000000000000002,-2.220446049250313e-16
161817,0.0,0.0,0.9992472378212092,0.0017186020702188109,0.0,0.0,0.9990202020044443,0.002013396196485055,0.0,0.0,0.9987821237353167,0.0024506479596066322
162009,7.2275224053194565e-06,0.13120507751234178,0.9996641366843552,0.0007423437856090675,1.4455044810638913e-05,0.16354138662029633,0.9994204352309192,0.0012645619005026364,2.168256721595837e-05,0.13788256219492273,0.9992644351938544,0.001453276827858911
162098,2.486696175461282e-05,0.27727342735504823,0.9985530683157396,0.0034632781859319285,3.7300442631919235e-05,0.24618570546556082,0.9983822691012826,0.0033972699609298115,6.216740438653205e-05,0.22960314527875206,0.9980103537950564,0.004087884628145369
162514,1.60253842085864e-05,0.3451913422468693,0.999831952834621,0.0003360942107762166,4.0063460521466e-05,0.4420219760475999,0.9992571176259283,0.0015215505522443021,8.81396131472252e-05,0.4923205147973261,0.998751299743074,0.0023748281206381074
162516,0.0,0.0,0.9987623310577816,0.0025352707572733556,0.0,0.0,0.9984601537919511,0.0031250516739451894,1.69711575177985e-05,0.07186629789695316,0.9981199924203376,0.0035898951185627343
162656,2.4857689726316835e-05,0.3835663673713356,0.9998427942961824,0.0002949871778219149,2.4857689726316835e-05,0.24890832702259458,0.9995096388540498,0.0010102012453464437,2.4857689726316835e-05,0.1606373070201721,0.9992738322578603,0.0013690521506199082
162999,1.3797575765937925e-05,0.3156484524795145,0.9993493544659533,0.0015835249256259231,2.069636364890689e-05,0.2781981696179509,0.9992175473765451,0.00159999824644793,4.139272729781378e-05,0.28554134457604957,0.9989896705406339,0.0019655177923206426
163190,2.636053300997746e-05,0.7860137352654724,0.9992309091863361,0.0016264644402499639,5.931119927244929e-05,0.8611375561264454,0.9990659477165457,0.0020408469766765125,9.885199878741548e-05,0.7610072849530309,0.998903752947933,0.002169608543488732
163270,2.6090416337818712e-05,0.6608397947263838,0.9997192707655614,0.0006645599314991313,4.565822859118274e-05,0.6468562235661908,0.9995844858549716,0.0008695556622600946,9.131645718236548e-05,0.6710399027266228,0.9993899367253588,0.0012580414071810418
163419,0.0,0.0,0.9904068777012448,0.02077521528957089,0.0,0.0,0.9895270531779736,0.02093646769331602,1.1511321384581735e-05,0.035510009908414325,0.9879799791118631,0.02450886926366326
163777,1.4830524184877315e-05,0.47036528278595785,1.0,0.0,2.966104836975463e-05,0.4472539411173282,1.0,0.0,5.19068346470706e-05,0.39115310214949073,1.0,0.0
164145,2.301743186840167e-05,0.6992148198508501,0.9999765475702056,4.690485958868118e-05,3.068990915786889e-05,0.5173633627401372,0.9999086823227655,0.00018982873757747123,6.137981831573779e-05,0.4727767226296167,0.9997264999182119,0.000475717191022374
164978,0.0,0.0,1.0,0.0,3.872816699585609e-05,0.0636207881989517,1.0,4.194175870806147e-17,3.872816699585609e-05,0.04105877938688905,1.0,5.843279076974508e-18
165087,0.0,0.0,0.9989683764458951,0.002197537658811566,0.0,0.0,0.9983422040725995,0.0033307494694029024,0.0,0.0,0.9977046544718824,0.004562934293185475
165183,0.0,0.0,1.0000000000000004,-2.220446049250313e-16,0.0,0.0,1.0000000000000004,-2.220446049250313e-16,0.0,0.0,1.0000000000000004,-2.220446049250313e-16
165313,3.0138940515777735e-05,0.6548086577531306,0.9995221763076254,0.0010245344796971589,6.027788103155547e-05,0.6403089930936581,0.9994914865587499,0.0010432244155465472,0.00011050944855785169,0.593052694149813,0.9992108923314331,0.0016090775268649139
166416,3.9022867400296575e-05,0.5531464700081437,0.9993544118171955,0.0015066742156803815,5.853430110044486e-05,0.4225749983705864,0.9993723352703039,0.001319820606457616,5.853430110044486e-05,0.2727161062238898,0.9992335417653877,0.001456902844948841
167746,1.951638400437167e-05,0.6548086577531306,0.9992923809384235,0.0014343932913377544,3.903276800874334e-05,0.6313419460517601,0.9989853948955438,0.002187488390868242,7.156007468269613e-05,0.5803664102430766,0.9986887669191594,0.0027275468443208337
168697,6.376127777600663e-06,0.13120507751234178,0.9985231472175364,0.0034573733052813416,3.825676666560398e-05,0.43621154230977444,0.9984982710273547,0.0032004653516953686,7.651353333120796e-05,0.49003868919178994,0.9978710570760153,0.0043033255367911265
169147,0.0,0.0,0.999725579438117,0.0005143109673400259,0.0,0.0,0.999698074124252,0.0006034865847679477,0.00010152971436307025,0.10756693297372752,0.9995622765290196,0.0008319427806335544
169414,0.0,0.0,0.9980846225981324,0.0038104976558429927,0.0,0.0,0.9963975906900562,0.007585919826025291,0.0,0.0,0.9950746349348089,0.009971187288598487
169791,2.2245951236874887e-05,0.5296347172140421,0.9992152269175293,0.0016122366081938843,5.1907219552708075e-05,0.6163668470816234,0.9988526911516722,0.002433287899546557,7.415317078958296e-05,0.5058127174598295,0.9985582294345152,0.003011374827979721
170683,8.01166498421702e-06,0.21398626473452753,0.9973948872724945,0.005921847998128038,3.204665993686808e-05,0.3542454231505416,0.997345247964281,0.005397320161028846,4.806998990530212e-05,0.30106603986410074,0.9970994506067734,0.004806105066359064
170727,0.0,0.0,0.9991084699170454,0.0020621085833422035,8.481188723411473e-06,0.07839826897867533,0.9990122460330154,0.0020386137327627015,8.481188723411473e-06,0.05059568297461706,0.9987150813616645,0.002547371970984159
171896,3.281216675143143e-05,0.3156484524795145,0.9996396303883666,0.0008749237021234868,8.203041687857857e-05,0.4260276605334035,0.9995752691737108,0.000910549292558565,0.00018046691713287288,0.4919261210518305,0.999352797334565,0.0013383684495383728
172002,4.986785019697801e-05,0.13120507751234178,0.9987842691317773,0.002860370158797698,9.973570039395601e-05,0.15457433957839825,0.9986781257954295,0.0027862473962216344,0.00014960355059093404,0.1393782987294732,0.9983221573765139,0.003299081195702806
172043,0.0,0.0,0.9988488049929914,0.002305323986909513,0.0,0.0,0.9985148040100199,0.0027437600488916573,0.0,0.0,0.99827991757238,0.0030580088367587674
172124,0.0,0.0,0.9995624492077395,0.0008557784199557771,0.0,0.0,0.9991740567415406,0.0016717125324252524,0.0,0.0,0.9985907508502947,0.002809948435650031
172126,0.0,0.0,0.9993617968808438,0.0013088635980303299,0.0,0.0,0.9989567272831922,0.001580561906179703,0.0,0.0,0.9986288235806914,0.002163407630318358
172248,0.0,0.0,0.9989771554742621,0.0022886328537788823,0.0,0.0,0.9986922611771307,0.0027550617864862867,0.0,0.0,0.9987776253566567,0.0017445487095545918
172776,0.0,0.0,0.9978238421606909,0.005088972843090967,0.0,0.0,0.997437942278142,0.005354955336392668,4.015902975784105e-05,0.035510009908414325,0.9968388264494659,0.006543597509936597
174229,0.0,0.0,0.9988162635904135,0.002525344684558406,0.0,0.0,0.9986268286400668,0.002746200368356296,0.0,0.0,0.9982611169455498,0.0032391588450366464
174448,0.0,0.0,0.9990245975149199,0.0023050881984174043,4.172229639519359e-05,0.07839826897867533,0.9984952239431527,0.00312013688964154,4.172229639519359e-05,0.05059568297461706,0.9981078774651551,0.003701285609490099
174516,1.9125212767992045e-05,0.6164336326286644,0.9989014364709803,0.0024330029353644587,4.4625496458648104e-05,0.6848374495230163,0.9988292325287308,0.0023544492132250247,8.925099291729621e-05,0.691780051693084,0.9985594024199382,0.0029298763796007372
174733,1.9538118869915205e-05,0.4468535299918563,0.9997208298035247,0.0006097563789491445,4.558894402980214e-05,0.5774250016294136,0.9996087399583347,0.0007834716421843894,0.00010420330063954775,0.6917738838676959,0.9994715862570589,0.001007227208653296
175623,2.605014653207424e-05,0.7860137352654724,0.9994667018836498,0.001164211388502423,4.558775643112993e-05,0.7241528458281337,0.9992988981060836,0.0014872117133554112,7.163790296320417e-05,0.614142451211059,0.9991299841710731,0.0017639731108871205
176324,1.6206142127866463e-05,0.33916020527361607,0.9984982151638817,0.003459022856827587,4.861842638359938e-05,0.3597099118518292,0.9983648418494735,0.0032147152824599863,8.103071063933231e-05,0.3052798428908261,0.9978733960633528,0.004048839946538034
176653,0.0,0.0,0.9993765162931302,0.0013520416588403527,0.0,0.0,0.999134559024202,0.0017161650551614856,1.3389390247168144e-05,0.03343749138471349,0.9988765660233536,0.002125416633534838
178551,0.0,0.0,0.9992445567338697,0.001850762965310937,7.228149304652037e-06,0.0636207881989517,0.9991847292803359,0.0015690017719463755,1.4456298609304074e-05,0.07580895208575762,0.9988812377690885,0.0022799254132524253
178692,0.0,0.0,0.998724493205564,0.0027995959362441592,0.0,0.0,0.9985346140236864,0.003048036541170982,0.0,0.0,0.9981792314986437,0.003715644117289163
178830,0.0,0.0,0.9989015244771338,0.0019140392859933741,0.0,0.0,0.9984966217748452,0.0028780813168040585,0.0,0.0,0.9981055685808837,0.00366030708960509
179032,1.2919646260085398e-05,0.3451913422468693,0.9991714941043792,0.0016389007907366415,1.2919646260085398e-05,0.2240055615151755,0.9989891520738542,0.001948627450478001,3.875893878025619e-05,0.2853383784343158,0.9988246396907059,0.0020406370304299182
180859,1.534083500164914e-05,0.27727342735504823,0.9993334966911049,0.0011796029169134248,3.068167000329828e-05,0.3195496275649209,0.9989251925706517,0.002094059828914806,6.136334000659656e-05,0.3471215460906594,0.9982753766469511,0.0035094091449468685
184299,0.0,0.0,1.0,6.661338147750939e-17,0.0,0.0,1.0,2.4671622769447922e-17,0.0,0.0,1.0,-1.9867148861713328e-17
185892,0.0,0.0,0.9981437276203075,0.004268633092310292,4.1399296211964395e-05,0.06625422345438903,0.9978355759191475,0.004445408340502942,4.1399296211964395e-05,0.04275831251503158,0.9973014395669327,0.005506145424114781
185911,1.566514192618585e-05,0.27727342735504823,1.0,0.0,2.3497712889278776e-05,0.24355227021012346,1.0,2.7138785046392715e-17,4.699542577855755e-05,0.26465005094945654,0.9993751946105262,0.001260544073442561
186216,8.481620328747603e-06,0.21398626473452753,0.9995875645806016,0.0009819820689345392,8.481620328747603e-06,0.1388624438735545,0.9994978696617945,0.0010176488797233021,5.088972197248562e-05,0.27006094515651574,0.9992266480700784,0.0015860139891486433
187215,0.0,0.0,0.9992218805140544,0.0018100365808635277,1.1827181227897956e-05,0.06625422345438903,0.9987551993433181,0.0026451364084763844,2.365436245579591e-05,0.08114295068041447,0.9982361669734754,0.0036892468989266933
187594,0.0,0.0,0.9977095977305858,0.004971150372901878,0.0,0.0,0.9974058819537228,0.00543678290954351,0.0,0.0,0.997322750546003,0.005026118642102829
187642,3.392561808235444e-05,0.8539316501572934,0.9999373955991994,0.00015291389628503406,5.088842712353166e-05,0.6961622681399229,0.9999090608159769,0.00016757804754393826,6.785123616470888e-05,0.5196996573318429,0.999840466259276,0.0002570217943928234
188129,8.01127988207396e-06,0.21398626473452753,0.9989352635686208,0.002300351571871362,2.403383964622188e-05,0.2835149363066189,0.9985280492452097,0.0029260010292768974,4.00563994103698e-05,0.2511589467765742,0.9979209936117585,0.004024547513333937
188510,2.4633272160707466e-05,0.5531464700081437,0.999450764279568,0.001082158012134804,4.926654432141493e-05,0.5009732673492617,0.9991909398276462,0.0016692424772492861,6.158318040176867e-05,0.35565008034682666,0.9988774340188957,0.0021994401409252185
188733,1.1828580215516731e-05,0.33916020527361607,0.9980708738038967,0.004484751848740975,2.3657160431033462e-05,0.2895229882348574,0.9976582592657376,0.004816477235643594,7.09714812931004e-05,0.3310137023632655,0.9969943630698015,0.005977899961638731
189031,1.2428535918468805e-05,0.21398626473452753,0.9996578970185389,0.0006667741515033798,1.2428535918468805e-05,0.1388624438735545,0.9991630247515628,0.001626799820593641,2.485707183693761e-05,0.12368025945932595,0.9985691093391613,0.00290427690717346
189067,0.0,0.0,1.0,-1.1102230246251566e-17,0.0,0.0,0.9999213772407775,0.00016971447692756147,7.044734061289187e-05,0.03343749138471349,0.9997965857250157,0.0004173215917598432
189309,2.2411139830571783e-05,0.6548086577531306,0.9984342631637217,0.0037163031439135684,2.2411139830571783e-05,0.424926013816671,0.9983091139485708,0.0036574539411535325,5.976303954819142e-05,0.4564737732397205,0.9982211137853332,0.0035161183012712063
190716,0.0,0.0,0.9995544920627857,0.0009827598173516195,7.670829370071492e-06,0.0636207881989517,0.9992161061743495,0.001501233108497524,1.5341658740142984e-05,0.07656878929530338,0.9988626053074021,0.0021570349501116265
190956,0.0,0.0,0.9999887303388517,2.165916570654458e-05,0.0,0.0,0.9999526171907078,8.373514390190234e-05,4.730368968779565e-05,0.14323602051938028,0.9998718540630869,0.00017892148655997275
191291,6.513172892174423e-06,0.33916020527361607,0.9987863818205851,0.002852873555238078,3.256586446087211e-05,0.4977962688668735,0.9987524714645598,0.0026209852653953022,5.210538313739538e-05,0.4319889858550897,0.9984175703385392,0.0030428431653513398
191911,1.2430698853889566e-05,0.14606834984270645,0.9982055608292131,0.0042087721702780525,1.2430698853889566e-05,0.09478836436955078,0.9978053272272819,0.004700308722525652,3.7292096561668697e-05,0.1350679634518291,0.9971540234755647,0.005654291386834106
192380,1.3232414121632351e-05,0.16958010263680803,0.9970334067584083,0.006275210653817964,5.2929656486529405e-05,0.31646181538412904,0.9960720902959947,0.008240372574591717,6.616207060816175e-05,0.24385518973909082,0.994994567949622,0.009738583569562233
192433,2.0715370805137413e-05,0.5296347172140421,0.9996849590086591,0.0006580616664226602,4.833586521198729e-05,0.631144327861347,0.9994780269224528,0.0010987123484448031,8.976660682226212e-05,0.6233456685793644,0.9992910423457335,0.0014721113096078148
192697,0.0,0.0,0.9995002261216394,0.0010428822418846128,0.0,0.0,0.9993677890280956,0.0013230565573593687,0.0,0.0,0.9991512322877985,0.0017450225329406258
193920,0.0,0.0,0.9995338278476165,0.000785431944821735,0.0,0.0,0.9994097152553408,0.0011340029207216058,0.0,0.0,0.9992263143147172,0.0015828667369112604
193983,3.8139552623047734e-05,0.3156484524795145,0.9993088236287793,0.0016509666427794389,9.534888155761933e-05,0.4260276605334035,0.9991107198396311,0.0019270386350891473,0.0001716279868037148,0.4127770472473816,0.9988983447187716,0.002228921996118246
195468,0.0,0.0,1.0,2.331468351712829e-16,4.0997048212528697e-05,0.06625422345438903,0.9999949786607548,1.0769052987439724e-05,4.0997048212528697e-05,0.04275831251503158,0.9999825068528667,3.0508949403125557e-05
195642,1.4957520641378486e-05,0.3835663673713356,0.9996964452405891,0.000688134331962742,2.991504128275697e-05,0.39673781793804713,0.9996289695077287,0.0007051123380043409,5.23513222448247e-05,0.3642200511350961,0.9995366268911082,0.0008403084777085676
196100,2.4191402375595712e-05,0.13120507751234178,1.0000000000000002,3.3306690738754695e-17,4.8382804751191425e-05,0.14876390584057267,1.0000000000000002,-2.960594732333751e-17,7.257420712678714e-05,0.13151737736728925,1.0,8.823351406231508e-17
197501,0.0,0.0,0.9985499494391217,0.0034637933901299767,0.0,0.0,0.9983438160916043,0.0034021041809823905,6.315164604765423e-06,0.03635628798853883,0.9979148294245184,0.004237958207637917
197913,0.0,0.0,0.9990042095482667,0.0022513347575954133,2.366415826589048e-05,0.1356854453911663,0.9988604856858132,0.002405946781808257,5.9160395664726205e-05,0.18924507163913137,0.9985339405943368,0.0030086728538841626
198118,9.873910167165299e-06,0.13120507751234178,0.9999674356498977,8.118073405640746e-05,9.873910167165299e-06,0.08514311764162098,0.9999041795044628,0.00019579714485219076,9.873910167165299e-06,0.05494858807198588,0.9997219535660851,0.0005780247243564647
198357,1.8950161076369148e-05,0.6548086577531306,0.9993954348764366,0.0015044163473832972,5.053376287031773e-05,0.7759944384848244,0.9992859392579927,0.0015473527464296138,0.00010738424609942518,0.8199241148162564,0.9990069532502472,0.002027063433021232
199663,0.0,0.0,0.9957150652051799,0.010292634326942118,4.101218061764344e-05,0.06625422345438903,0.9956767347626014,0.008866604625899357,4.101218061764344e-05,0.04275831251503158,0.9946276434358723,0.010469756249796347
199951,0.0,0.0,0.9966430919622274,0.007714247473007052,1.3387060067738524e-05,0.06943122193677725,0.9960409630240742,0.008356251803654693,5.3548240270954096e-05,0.1513366525242322,0.9949815764008486,0.009963866783262942
201441,1.4830524184877315e-05,0.3451913422468693,0.9983628125709402,0.0037805661069806873,2.2245786277315973e-05,0.2876263497141272,0.9981773265332302,0.0036351913661873047,4.4491572554631945e-05,0.2918575938843354,0.9977900821024489,0.004621795808026928
201881,0.0,0.0,0.9993351679927658,0.0014264447614844799,0.0,0.0,0.9990681058284144,0.0019461892582104548,1.155615133935794e-05,0.035510009908414325,0.9986547963872878,0.0027959423334782177
202401,3.256565235514798e-05,1.0,0.9995355049970833,0.0009278041391105329,5.2105043768236766e-05,0.8521705090845474,0.9994587624532626,0.001040851672125245,8.467069612338474e-05,0.7299013128550241,0.9992347133535118,0.00146957139219938
202730,0.0,0.0,0.9989617501300632,0.00230482110008412,0.0,0.0,0.9987326430835199,0.0025225749746906117,0.0,0.0,0.9983898558375645,0.0032888558298539445
202734,0.0,0.0,0.9964866065103539,0.008108161753285081,0.0,0.0,0.996194468220992,0.008196514669932327,0.0,0.0,0.9958922586495522,0.008465402149745165
204722,2.259223279036667e-05,0.49125969208957576,0.9998097433816842,0.00035839627647464843,3.7653721317277785e-05,0.4705561169627617,0.9996011795810855,0.0007961621547389269,5.27152098441889e-05,0.37564091170999947,0.9993363337557586,0.0012771944007133802
205514,2.0699219639419594e-05,0.5296347172140421,0.9985642754638022,0.003090249361230124,3.4498699399032654e-05,0.48331483694589444,0.9985840504109753,0.0027644032694332946,8.279687855767837e-05,0.5598387354281751,0.9983754604488745,0.003220996108323193
206580,7.153536350694966e-06,0.14606834984270645,0.9989061065933148,2.7755575615628914e-16,1.4307072701389932e-05,0.17318663334822612,0.9976350766612974,0.004051185070119283,2.8614145402779864e-05,0.18156277772590126,0.9960121945099092,0.006748894729945665
208135,0.0,0.0,0.998962290108893,0.0021460207106059337,0.0,0.0,0.9979991569187951,0.0040065930241665396,0.0002256317689530686,0.035510009908414325,0.9969266865981178,0.006057873732719057
208249,6.642458595341422e-05,0.6399453854227659,0.9999999999999998,2.331468351712829e-16,6.642458595341422e-05,0.4152807670887412,0.9998901187577133,0.0002216884134047476,0.00011070764325569037,0.33440991092677413,0.9997006456488622,0.0005372346781854772
209146,7.530744263455557e-06,0.33916020527361607,1.0,0.0,1.5061488526911114e-05,0.28634598975246917,1.0,0.0,3.012297705382223e-05,0.25437133431308573,1.0,0.0
209528,1.2104778966736068e-05,0.21398626473452753,0.999798238439506,0.0004075977389201402,1.2104778966736068e-05,0.1388624438735545,0.9994017445958754,0.001297105258880012,2.4209557933472136e-05,0.1259735751918823,0.9990567459610377,0.001924048655175693
209755,0.0,0.0,0.9995601250336597,0.0009928970269548088,0.0,0.0,0.9993168644255903,0.0014855470849388281,0.0,0.0,0.9991519883245326,0.001700961595510392
210239,2.2245621320203472e-05,0.5296347172140421,1.0,0.0,5.190644974714144e-05,0.6214011939609387,1.0,-1.4802973661668754e-17,8.15672781740794e-05,0.5413663795565401,0.9998163306526167,0.00037576884186750936
210586,0.0,0.0,0.9953565367158568,0.010058797647843476,0.0,0.0,0.9932681155496736,0.012209910472739921,0.0,0.0,0.9911469349329703,0.016170487529765364
210705,1.5654719506563243e-05,0.47036528278595785,0.9988853519396745,0.0025163560241930004,2.3482079259844862e-05,0.36885567213865283,0.9987501302746733,0.002607896381469612,5.4791518272971344e-05,0.37408337223284843,0.9984582916683971,0.003199178125494681
211204,2.422803425844044e-05,0.3835663673713356,0.998600767761738,0.0028939246014103026,4.845606851688088e-05,0.38852647257634365,0.9981584678356314,0.003788053479372095,0.0001211401712922022,0.46168652350609757,0.9977081521952391,0.004678787357372085
212115,1.5667350807651934e-05,0.47036528278595785,0.9986096894726734,0.0033065019253436523,1.5667350807651934e-05,0.3052348839397011,0.9979333953100277,0.0043419214897896016,2.35010262114779e-05,0.2310515999616257,0.9971725236487394,0.005703689120402133
212264,2.4034609838166962e-05,0.49125969208957576,0.9982839258596332,0.003999978317259001,2.4034609838166962e-05,0.31879392588472627,0.9978809789040917,0.0045448074803661745,4.8069219676333924e-05,0.31235566124918296,0.9976152237283726,0.004583230118902628
212465,0.0,0.0,0.9997523144096142,0.0005058578491564325,0.0,0.0,0.9995185728904394,0.001057441526622095,6.590393841935994e-06,0.03406297225598251,0.9993261839160554,0.0013163804115954713
213952,7.827849924461248e-06,0.14606834984270645,0.9980634888468669,0.004507268342385728,2.3483549773383745e-05,0.23047380976071705,0.9977196436771599,0.004487103737390682,5.4794949471228735e-05,0.2881775443112772,0.9974254783723019,0.0051130844131992955
214029,1.6208768943998703e-05,0.13120507751234178,0.9991523194073008,0.0016914342697987195,4.862630683199611e-05,0.22979561007468535,0.9988175404128364,0.002027577576887306,4.862630683199611e-05,0.14830258356163453,0.9984275718513894,0.0030805082604967943
214052,0.0,0.0,1.0,-2.2204460492503132e-17,0.0,0.0,0.9999162069876328,0.00016068384001129607,5.00575662011313e-05,0.03475017269886857,0.9996194852782591,0.0007509277472289788
214274,7.31651997044126e-06,0.16958010263680803,0.9966325561134932,0.00794933314930053,2.926607988176504e-05,0.3190952506395664,0.9951179852348971,0.009280522019657539,4.389911982264755e-05,0.28286147323367794,0.9929499575280296,0.011909568574760707
214398,0.0,0.0,0.9987081609297768,0.003062657225493659,6.904027119018524e-06,0.06625422345438903,0.9984062612270588,0.00340114329792968,3.452013559509262e-05,0.18079271602599847,0.9979095023693583,0.004262339364915116
214735,7.31651997044126e-06,0.21398626473452753,0.9999999999999989,6.661338147750939e-17,2.1949559911323776e-05,0.2906246349515899,0.9997125305060042,0.0005327837977601391,6.584867973397134e-05,0.40068251025566115,0.9991898745437855,0.0016458321641115573
214743,0.0,0.0,0.999425669442847,0.001302281976486408,0.0,0.0,0.9991971977807209,0.0016889556425234856,0.0,0.0,0.9989752618915138,0.002084619868716692
214970,0.0,0.0,1.0,6.661338147750939e-17,0.0,0.0,0.999217488816415,0.0016537762359339803,0.0,0.0,0.9984462241093567,0.0031189192658168073
215102,7.928705083885699e-06,0.14606834984270645,0.9993840411638603,0.000985510602637274,1.5857410167771398e-05,0.1610425878239398,0.9988460180482702,0.002418380743957978,3.96435254194285e-05,0.21273552630296766,0.9983252018686226,0.0033392514745102285
215249,2.7392382178516154e-05,0.3835663673713356,0.998907571647122,0.002275041567172631,5.478476435703231e-05,0.38852647257634365,0.9987233156901641,0.002373781647038372,8.217714653554846e-05,0.3244053377680729,0.998272377276886,0.0033169696569595795
215378,8.23113013416742e-06,0.21398626473452753,0.9986237986544249,0.003055840753388728,8.23113013416742e-06,0.1388624438735545,0.9986157448511855,0.0028259113651979318,1.646226026833484e-05,0.12692403756978807,0.998301925910736,0.0034326618515183875
215632,0.0,0.0,0.9978101920749116,0.0051222389017366535,0.0,0.0,0.9972448771975104,0.005933166169748623,0.0,0.0,0.9965434219187561,0.0065584526312262295
215666,2.4683028772183872e-05,0.6548086577531306,1.0,0.0,4.9366057544367744e-05,0.6242322474067891,1.0,0.0,7.404908631655161e-05,0.5032245445403832,1.0,0.0
215673,4.5433893684688776e-05,0.21398626473452753,0.9993495399788367,0.0014539949878450754,4.5433893684688776e-05,0.1388624438735545,0.9993756984675386,0.0012673566509359062,9.086778736937755e-05,0.12195557835166326,0.9994553583674154,0.0007303456288315828
215822,0.0,0.0,0.9992197407824429,0.001619588864266508,0.0,0.0,0.9988624484959262,0.0024860680782494483,1.4274702372455535e-05,0.03343749138471349,0.9985149757430412,0.003050000880775845
216719,0.0,0.0,1.0000000000000002,-2.220446049250313e-16,2.738975623116954e-05,0.1396181455537491,1.0000000000000002,-2.220446049250313e-16,8.216926869350862e-05,0.23565532960166857,1.0000000000000002,-2.220446049250313e-16
218369,3.205847465777578e-05,0.8539316501572934,1.0000000000000002,-2.220446049250313e-16,4.808771198666367e-05,0.6969383549984329,1.0000000000000002,-2.220446049250313e-16,7.21315679799955e-05,0.5557810396372012,1.0000000000000002,-2.2905653981740074e-16
218832,1.933824524762623e-05,0.6399453854227659,0.999390250848428,0.0012840007470229398,5.156865399366995e-05,0.7663491917568946,0.9992580868129574,0.0015955730388563225,9.669122623813115e-05,0.7364535194985576,0.9990142961848166,0.0020125526027041196
219322,1.645575869275453e-05,0.3451913422468693,0.9979553402114825,0.004842918671737773,2.4683638039131793e-05,0.29025978496956456,0.9980427059277976,0.004322407244035823,4.9367276078263586e-05,0.2944247175300579,0.997705622143183,0.004815271782519471
220557,8.798247389120087e-06,0.33916020527361607,0.9992331983632043,0.0018051009059159683,1.7596494778240174e-05,0.2934556883974402,0.9991686158474078,0.001691086146540124,3.519298955648035e-05,0.26144364257685626,0.9988728906520181,0.002170931065421036
221081,6.38158020689083e-06,0.14606834984270645,0.998020999767381,0.004669014300395413,1.9144740620672492e-05,0.22784037450527972,0.9978865889594539,0.004464243826403866,5.105264165512664e-05,0.31946309564017883,0.9975930574420607,0.004849983827985757
222169,2.034822597383218e-05,0.5147714448836773,0.9990076627673222,0.0023509053307587567,4.747919393894175e-05,0.6188656458779799,0.9988755028323171,0.002474572233389168,8.817564588660612e-05,0.6180808290062243,0.9986110355892193,0.002824160461952433
222240,2.002429614599047e-05,0.6164336326286644,0.9994723738776893,0.001100413772881681,4.672335767397776e-05,0.6874708847784536,0.9991174355311182,0.0017920158206899985,0.00011347101149394598,0.7983039135929388,0.9988697605887046,0.0022047324033304086
222385,0.0,0.0,0.9988425313951323,0.0027154463368678438,0.0,0.0,0.9987908373878438,0.002424017928804546,0.0,0.0,0.9985538121083506,0.002852958328815617
222407,0.0,0.0,0.9985778577619756,0.0024770878687039198,0.0,0.0,0.9981356496401854,0.003520038104405433,0.0,0.0,0.9975174449054828,0.0044346853190739294
222501,0.0,0.0,0.9994700093883283,0.0010653129815092921,7.499456289419017e-06,0.07839826897867533,0.9993940637944764,0.0011863107354278682,2.2498368868257052e-05,0.11878334705819912,0.9994080341209166,0.0007884488555314738
223306,0.0,0.0,1.0000000000000002,1.1102230246251565e-16,2.403383964622188e-05,0.206415932235089,0.9954914417957621,0.009038939304029183,4.806767929244376e-05,0.23921543236974982,0.9880614865156238,0.020825351240618586
223358,3.2256191575973005e-05,1.0,0.999376513354154,0.0015196410241250069,5.8061144836751417e-05,0.92663607790064,0.9993872738236995,0.001280094177533702,0.00010967105135830823,0.8848050190653801,0.9993185596452492,0.0013798417317082247
223389,1.5202651342394114e-05,0.13120507751234178,0.9982426332261566,0.0036468950130406075,1.5202651342394114e-05,0.08514311764162098,0.9976890344445275,0.00443817961716778,4.560795402718234e-05,0.12279688912872001,0.9970885017855876,0.005453543794822303
223506,0.0,0.0,0.9992151432165063,0.001625766946756113,0.0,0.0,0.9990154419175916,0.0020699792538491648,0.0,0.0,0.9988950802759057,0.0022526837426821208
223515,4.08513419665836e-05,0.16958010263680803,1.0,0.0,4.08513419665836e-05,0.11004588314904007,1.0,0.0,0.0001225540258997508,0.14059300198122548,1.0,0.0
223648,0.0,0.0,1.0,0.0,0.00037313432835820896,0.06625422345438903,1.0,0.0,0.00037313432835820896,0.04275831251503158,0.9964148353532698,0.007326191100914887
224003,1.262953163381936e-05,0.47036528278595785,0.999338438441295,0.0013138071797019868,1.894429745072904e-05,0.37859880603906115,0.9989355419888805,0.0022341529637714148,3.15738290845484e-05,0.31063776953581945,0.9986226636816727,0.002796671358179593
224744,0.0,0.0,1.0,0.0,0.0,0.0,1.0,0.0,0.0,0.0,0.9994848519002936,0.0009603679341007658
225114,2.3100556723417033e-05,0.14606834984270645,0.9994108793837195,0.00132498678153109,4.620111344683407e-05,0.17318663334822612,0.999187931341288,0.0015667966397576827,6.93016701702511e-05,0.15015363651803185,0.9987713488216402,0.0025721618245978213
225624,1.2811479085260394e-05,0.21398626473452753,0.9994724885244859,0.0012216946780957416,3.843443725578118e-05,0.26873745552689526,0.9993465385431222,0.0014173297850981204,3.843443725578118e-05,0.17343437910526407,0.9992191654862138,0.00150066858918167
225706,0.0,0.0,0.9996837624451258,0.0007418675625614157,0.0,0.0,0.9995927321613859,0.000884000108549353,0.00010772379618657762,0.03730675036644463,0.9993584056434128,0.0013233622737496315
225943,3.86010962711341e-05,0.16958010263680803,0.998668822535228,0.002972336789452179,7.72021925422682e-05,0.1884441521277154,0.9984809217799817,0.0032209853597376195,0.0001158032888134023,0.1600003409568286,0.9984235887929463,0.0025063572002708263
226227,3.385148675729838e-05,1.0,0.9996126836814128,0.000892584271817276,6.770297351459676e-05,1.0,0.9995739879943952,0.0008986551377274122,0.00010832475762335481,0.8532784032044874,0.9994514807892093,0.001122364529092379
226955,2.761725249763527e-05,0.7860137352654724,0.9940167232798345,0.01145090496015334,5.523450499527054e-05,0.7877736340270853,0.9934038272704621,0.011600115195735939,8.285175749290581e-05,0.647939455647267,0.9926027680399585,0.013579504801742567
227099,1.3540503029687553e-05,0.5531464700081437,0.9991919799505613,0.001802668531263607,3.385125757421888e-05,0.5743371894486218,0.9989304183376312,0.002177570952859425,8.124301817812531e-05,0.6199873313347837,0.9985547457777635,0.002905651086960004
227917,0.0,0.0,1.0,-8.881784197001253e-17,0.0,0.0,1.0,-1.282924384011292e-16,4.10711352061771e-05,0.03406297225598251,1.0,-7.01193489236941e-18
228164,3.840688251334639e-05,0.5296347172140421,0.9953723895902786,0.011349462352285655,6.401147085557731e-05,0.4735717030454861,0.994772775316126,0.009973044499006321,0.00010241835336892372,0.4164983900889001,0.991965510111044,0.016170633076778813
229347,1.9323795966479656e-05,0.7227265726449517,0.9990096931535216,0.001930219305626435,5.153012257727908e-05,0.8200685179888281,0.9988916814060532,0.002070058012174964,9.01777145102384e-05,0.7394711279244813,0.9986133674180426,0.00258789431848071
229622,2.5901367592208867e-05,0.8687949224876581,0.9995926806639173,0.0009383725989181357,5.827807708246996e-05,0.914856882358379,0.9995223286501063,0.0010471226035550297,0.00011008081226688769,0.8758301533718983,0.9994143284210676,0.0011987241338773707
230083,0.0,0.0,0.9985871577965151,0.0032220019370859053,0.0,0.0,0.9982961764110586,0.0029952299789659173,4.5599635202918376e-05,0.038384638165382894,0.9976120783370153,0.004539869423603163
230112,2.0313642642398633e-05,0.6164336326286644,0.9993697642708657,0.0015256026262600807,4.0627285284797267e-05,0.6114735274236562,0.9992563146021647,0.0016168812509880005,7.448335635546166e-05,0.5672805641107278,0.9991273795253276,0.0017802877893529996
230130,0.0,0.0,0.9997757607243697,0.0005343099716135447,0.0,0.0,0.9997486037369138,0.0005288816431710271,2.1952129722451906e-05,0.10602233046011791,0.999565489113294,0.0008475820967342492
230149,2.2592573068146732e-05,0.6164336326286644,0.9988273882880246,0.0026078551060916945,3.0123430757528974e-05,0.47842151728792726,0.9984253941117304,0.0033811629736125947,4.5185146136293464e-05,0.3756855688818516,0.9978220544751052,0.0044333596096169225
231104,0.0,0.0,0.9994778167154541,0.0011882965638814746,2.2649287113688096e-05,0.15176219107803537,0.9991717429481284,0.0017571047619756091,3.3973930670532144e-05,0.13028065400082264,0.9988405374741548,0.0023853914702487338
231125,1.2102581480629818e-05,0.13120507751234178,1.0,8.881784197001253e-17,1.2102581480629818e-05,0.08514311764162098,1.0,6.41462192005646e-17,2.4205162961259636e-05,0.09333322623736878,0.9996890944150885,0.0006102795410566529
231284,2.1208757803055476e-05,0.5147714448836773,0.9987546653274693,0.0023548387122107493,3.534792967175912e-05,0.46392645631755636,0.9983607856054263,0.0030672451496666702,7.069585934351825e-05,0.4778182947704069,0.9977144570412071,0.004420457979629189
231286,0.0,0.0,0.9996781824858573,0.000599107184820713,5.440992437020512e-05,0.06943122193677725,0.9995575068031191,0.0009601351336973756,0.00016322977311061538,0.1178672020422008,0.9993934317584786,0.0012516404521411993
231775,3.463523326829606e-05,0.6164336326286644,0.9996385545571733,0.0008655282796756869,5.7725388780493436e-05,0.5330752584449809,0.999495202524813,0.0010734588246678648,8.081554429269081e-05,0.4129768673653637,0.9993538798302065,0.0013330479000753658
233588,4.777602599015814e-05,0.21398626473452753,1.0000000000000002,-5.551115123125783e-17,4.777602599015814e-05,0.1388624438735545,1.0000000000000002,-5.921189464667501e-17,4.777602599015814e-05,0.08961728720334346,1.0000000000000002,-2.6294755846385285e-17
233751,1.602255976414792e-05,0.3156484524795145,0.999042298037588,0.0009577022889311837,2.403383964622188e-05,0.2710884709729799,0.99630717130114,0.007744463258033092,7.210151893866565e-05,0.38599180093914975,0.9936174117767935,0.012112127999194276
234098,0.00010896807235480004,0.13120507751234178,0.9995271864780259,0.0011399363055554668,0.00010896807235480004,0.08514311764162098,0.9994668670841221,0.0011264001485618235,0.00021793614470960008,0.09130487606052472,0.9992411163164509,0.0015656874436188765
234589,0.0,0.0,0.9990104095958529,0.0019337391181617925,4.5599635202918376e-05,0.07839826897867533,0.9986869765208806,0.0026460534146450334,4.5599635202918376e-05,0.05059568297461706,0.9983390010676156,0.0031049520229600443
234672,2.9475918174851147e-05,0.16958010263680803,0.9993539079763615,0.001430227277668794,2.9475918174851147e-05,0.11004588314904007,0.9991658107499299,0.001536818994863561,8.842775452455344e-05,0.14297937802096405,0.9984340682048278,0.0030791090408106817
235101,2.5613441934327136e-05,0.48522855511632257,0.9972325711082913,0.006325046199406559,3.84201629014907e-05,0.37850091886658266,0.9944264722934404,0.010888181695773352,8.964704677014497e-05,0.38760121522514085,0.9905469470137707,0.016935767031934234
235426,0.0,0.0,0.9992773148091366,0.0015182085108439325,0.0,0.0,0.9989952385045721,0.0016395682882985973,0.0,0.0,0.9983315963576949,0.003255429314884977
236280,0.0,0.0,0.998425261423252,0.0037154540439489183,0.0,0.0,0.9979903353182603,0.003931397180558966,0.0,0.0,0.9971679543929973,0.0051009766212650525
236341,0.0,0.0,1.0000000000000002,-2.220446049250313e-16,0.0,0.0,1.0000000000000002,-2.220446049250313e-16,0.0,0.0,1.0000000000000002,-2.220446049250313e-16
236526,0.0,0.0,0.998747421871854,0.0029869714918365985,1.2427454732996136e-05,0.0636207881989517,0.9984786732363717,0.0031859090104269833,3.7282364198988404e-05,0.10626204110278586,0.9980863400235693,0.003880017874224805
236832,6.764526821348847e-05,0.5087403079104241,0.9995018978218105,0.0012187275518782848,0.0001014679023202327,0.40350157154648025,0.9994421524274932,0.001124043058757033,0.00016911317053372116,0.3267092012806622,0.999317748066564,0.001398271717605274
237215,1.1828720132481666e-05,0.21398626473452753,0.9994976803279171,0.0011210799538974524,1.1828720132481666e-05,0.1388624438735545,0.9993179825300025,0.001466917262326121,2.365744026496333e-05,0.12248225777092045,0.9992686493694214,0.0013923209272575737
237599,1.275249948990002e-05,0.3156484524795145,0.9988503041257735,0.002750455489665238,3.1881248724750054e-05,0.40414048110870887,0.9985456288866705,0.0029610104946889613,5.738624770455009e-05,0.4081661483652345,0.9982426633267562,0.0034957705739243785
237708,0.0,0.0,0.0,0.7797208251055042,0.0,0.0,0.0,0.6210485108131252,3.224870198974491e-05,0.03635628798853883,0.0,0.4963696460646179
237948,0.0,0.0,0.9986594630706171,0.002966579618232423,8.011344063193482e-06,0.06943122193677725,0.9982014971995131,0.0038128253172405374,8.011344063193482e-06,0.04480864360167173,0.997932113574513,0.004057911877907895
238384,8.01153661272232e-06,0.21398626473452753,0.9985805836750717,0.0031957804938233967,1.602307322544464e-05,0.21726071285222984,0.9981756730130588,0.003857298731424357,4.00576830636116e-05,0.24613649918606662,0.9978679132010877,0.004444291567486673
238417,1.5654964580642637e-05,0.5531464700081437,0.9994522413472596,0.0011443045895020432,3.1309929161285274e-05,0.51071640124967,0.999181860820974,0.0017012938444388127,4.696489374192791e-05,0.4014659875864567,0.9988527912949005,0.002307319645650272
238433,2.6046584316049255e-05,0.8304198973631919,0.9995092661295718,0.0011188523439796816,4.558152255308619e-05,0.7503359712972107,0.9993636451872974,0.0012426751605788718,9.116304510617239e-05,0.731148977179288,0.9991815180351503,0.0016867244619758854
239800,0.0,0.0,0.999892254481573,0.00021549084872592993,4.016548178495401e-05,0.21408371436984164,0.999318448066713,0.0014118691118463471,4.016548178495401e-05,0.13816263909132037,0.9985761328504136,0.00272585026649454
240071,7.2275224053194565e-06,0.13120507751234178,0.9994228430046197,0.001415014342291554,7.2275224053194565e-06,0.08514311764162098,0.9992187764410598,0.0016085041887928537,1.4455044810638913e-05,0.08781355863956289,0.9989598696976708,0.0021636522117763836
240447,8.383635144198524e-05,0.14606834984270645,1.0,0.0,8.383635144198524e-05,0.09478836436955078,1.0,0.0,8.383635144198524e-05,0.06117331537803187,1.0,0.0
240623,0.0,0.0,0.9988690904094181,0.002352349248519603,6.374420724516659e-06,0.07336392209936005,0.9985726111709139,0.002762627069688851,1.912326217354998e-05,0.12100971823286923,0.9977592620108382,0.004381463021529685
240680,6.770251514843776e-06,0.14606834984270645,0.9984455937498827,0.0034373103016376305,1.3540503029687553e-05,0.16421958630632802,0.99798712729835,0.003748183867691261,1.3540503029687553e-05,0.10598195897970358,0.99721206392554,0.005019325511481833
241744,6.590220113351786e-06,0.13120507751234178,0.9987879415927645,0.002989299018314129,6.590220113351786e-06,0.08514311764162098,0.9985539660363865,0.002997084592248515,2.6360880453407144e-05,0.16063031891442184,0.9982046981832049,0.003651328243995498
241976,0.0,0.0,0.9998158828994222,0.0003244554664064925,0.0,0.0,0.9995012367682617,0.0010885654565267998,0.0,0.0,0.9992072421843463,0.0015797764913543244
242428,1.4309324671422132e-05,0.47036528278595785,1.0,0.0,2.8618649342844264e-05,0.4351098955930419,0.9996228756023479,0.0007572982863722223,5.0082636349977465e-05,0.39084604690790076,0.9990387001085764,0.0019455448683939195
243738,1.3232589220732821e-05,0.16958010263680803,0.9995896692480326,0.0007809874637750736,3.969776766219846e-05,0.24703059344735182,0.9994687409609171,0.0011255604583731563,3.969776766219846e-05,0.15942547908160346,0.9993181303719861,0.0013465970154916363
244393,1.5340246671166473e-05,0.5087403079104241,0.9968706358806001,0.00647886850227426,2.3010370006749708e-05,0.3995688713838975,0.9967643506315476,0.005799679213587678,7.670123335583236e-05,0.4992172491814163,0.9957445554972901,0.008536241858750541
244397,0.0,0.0,0.9993075687194087,0.001330059209497536,0.0,0.0,0.9989057739464886,0.002107097825463317,0.0,0.0,0.9985183812738521,0.0030446319644622925
244841,0.0,0.0,0.9990971639264007,0.0021290658856450095,0.0,0.0,0.9987460439337873,0.0026518285377163005,0.0,0.0,0.9982182653807117,0.003610711048904103
245192,0.0,0.0,0.9975860303640409,0.005340991956627872,0.0,0.0,0.9972061467390839,0.005637876604579025,0.0,0.0,0.9967954704552948,0.006445194359749313
246012,7.31651997044126e-06,0.13120507751234178,0.9990664727519718,0.002021581827281438,1.463303994088252e-05,0.14876390584057267,0.9987321349562418,0.0027475293205221625,6.584867973397134e-05,0.33943862055869073,0.9976070273958962,0.004954738348667989
246155,0.0,0.0,0.9978906179772732,0.004707483490283204,0.0,0.0,0.9979750043578519,0.00443252734799289,1.6964103956029043e-05,0.06957298216439683,0.9974376679827521,0.005223372946978682
246240,0.0,0.0,0.9993771052923144,0.0015002393431457262,0.0,0.0,0.9993050766132914,0.0014044652350356914,5.731096931952776e-05,0.10623293922211705,0.9991832704589397,0.0016902066000407498
246385,0.0,0.0,0.998419939637996,0.003671683878812104,3.9818427968463806e-05,0.07336392209936005,0.9982308217559396,0.0033270095383095923,7.963685593692761e-05,0.08078417126259926,0.9975886148232656,0.004172962565533387
246993,7.415152121845779e-06,0.21398626473452753,0.999922565701007,0.00015486857919736475,2.9660608487383117e-05,0.3542454231505416,0.9996815441650666,0.0006836974711614029,8.156667334030357e-05,0.47793849999385063,0.9992303714381379,0.0013883773771987947
247333,0.0,0.0,0.9992606995292297,0.001572844025972331,8.231739942871725e-06,0.07336392209936005,0.9990545115075117,0.0018620140247720901,2.4695219828615174e-05,0.11930603808202117,0.9988806590432822,0.002203970801363497
247728,1.1828580215516731e-05,0.13120507751234178,0.9995720386833981,0.0009591887767299246,1.1828580215516731e-05,0.08514311764162098,0.9994049045810488,0.001176178387964999,3.54857406465502e-05,0.12072437060501919,0.999190877573352,0.0015419230314877954
248268,2.403383964622188e-05,0.5296347172140421,0.9968186193596947,0.006643831535107403,3.204511952829584e-05,0.4170606134915054,0.9961945016702053,0.007237891460242173,4.806767929244376e-05,0.34164333989948237,0.9952370645764924,0.008602538922012066
248826,3.399972800217598e-05,0.33916020527361607,0.9984086620563023,0.0037693673066110157,3.399972800217598e-05,0.22009176629808014,0.998147786991128,0.004085834687088899,3.399972800217598e-05,0.1420400396336573,0.9976213014912526,0.004894880243432058
250512,1.445525376197979e-05,0.30078518014914984,0.9974883071603863,0.0046635775850227155,2.1682880642969687e-05,0.2646202227274383,0.9964240308916548,0.00735172786278618,2.891050752395958e-05,0.20552742418935482,0.9954854521659806,0.008918715163685873
251212,0.0,0.0,0.9997465370354531,0.000633155088170434,0.0,0.0,0.999545676903781,0.0007960064801870207,0.0,0.0,0.9993290749809176,0.001050514404069379
251342,0.0,0.0,0.9993879546942498,0.0010112516567014284,2.4169184290030212e-05,0.06625422345438903,0.9990268988992502,0.0018828673583919894,2.4169184290030212e-05,0.04275831251503158,0.998659614439722,0.0025710766744883734
251521,7.316787637555608e-06,0.33916020527361607,0.9992478362749855,0.0016292310855541947,1.4633575275111216e-05,0.2984900352767555,0.9989599765752173,0.0021929568821215106,2.926715055022243e-05,0.2614488675631254,0.9987220277728943,0.0024495455925136024
251583,7.530460713586457e-06,0.14606834984270645,0.9928745004159639,0.015867394251056953,2.2591382140759372e-05,0.23944085680261518,0.992209185831199,0.01625582747591541,6.0243685708691657e-05,0.3311737691894893,0.9910982241259305,0.016846770052496886
252029,0.0,0.0,0.9989921918333675,0.0019481218972177028,1.3687942291635298e-05,0.07839826897867533,0.9987589185745487,0.0024100431207564827,4.10638268749059e-05,0.11878334705819912,0.9983694041091121,0.003263432346475832
252549,1.2427300293284288e-05,0.13120507751234178,1.0000000000000002,-2.220446049250313e-16,1.2427300293284288e-05,0.08514311764162098,1.0000000000000002,-2.220446049250313e-16,3.728190087985286e-05,0.1318764054942461,1.0000000000000002,-2.220446049250313e-16
252598,1.9572791210511894e-05,0.6164336326286644,0.9990244193990201,0.0019697736193614256,2.6097054947349192e-05,0.47842151728792726,0.998985626409038,0.0015253454942971997,3.914558242102379e-05,0.3763727693247377,0.9989662296994967,0.0008764535865118185
252743,1.2428535918468805e-05,0.16958010263680803,1.0,1.7763568394002506e-16,4.971414367387522e-05,0.3093521167391581,1.0,1.8750433304780422e-16,6.214267959234402e-05,0.23926682237623662,0.9996524115383126,0.0006844149752423891
253556,0.0,0.0,0.9983172593022474,0.0036102296115180788,0.0,0.0,0.9982602828398344,0.0034049289129589352,0.0,0.0,0.9974576442433019,0.0045905009483255725
253632,0.0,0.0,0.9994247719782529,0.0012861401753698986,0.0,0.0,0.9991636736764947,0.001805271241974535,4.435966818968194e-05,0.0720569230653132,0.9988799301644027,0.002291187463916796
253959,0.0,0.0,0.9989308647377445,0.002325249757730308,0.0,0.0,0.9986022422696271,0.003016830343977365,1.906795820303562e-05,0.03475017269886857,0.9983707708956304,0.0031887634368823518
254136,0.0,0.0,0.9993262902109528,0.001390511239352943,0.0,0.0,0.9991857147273452,0.0015608396906650526,0.0,0.0,0.9989540477649893,0.0021655618600938792
254273,0.0,0.0,0.9975936462579671,0.005779996391160236,0.0,0.0,0.9976091645942663,0.005127324425564719,8.023750300890636e-05,0.07072292931370272,0.9974256616475607,0.005300257467044599
254341,0.0,0.0,0.9969611484576278,0.005645911648372637,0.0,0.0,0.9959766849534963,0.007982712150644642,4.088808929958703e-05,0.03343749138471349,0.9945851814828799,0.00999558881577527
254729,4.0973531098910105e-05,0.14606834984270645,0.9947382683774941,0.01107883865220698,8.194706219782021e-05,0.16815228646891084,0.9948401035717007,0.009747891215421932,8.194706219782021e-05,0.10851999525591764,0.9943516369104571,0.010223451773098493
254802,0.00015039855617386073,0.13120507751234178,1.0000000000000002,-2.2204460492503132e-17,0.00015039855617386073,0.08514311764162098,1.0000000000000002,-2.4671622769447924e-18,0.0006015942246954429,0.1567610599326907,1.0000000000000002,-9.641410477007939e-17
255082,0.0,0.0,1.0,0.0,1.8188432157148055e-05,0.07336392209936005,1.0,0.0,3.637686431429611e-05,0.08140965213386828,1.0,0.0
255958,0.0,0.0,0.9993831104612376,0.0014689778494551664,0.0,0.0,0.999413084927322,0.0012495918097293766,0.0,0.0,0.9994211263527261,0.001156111204685274
257036,0.0,0.0,0.999576105122449,0.0009634270402374412,7.006235549639179e-05,0.07839826897867533,0.9992796911613017,0.00152519333937272,7.006235549639179e-05,0.05059568297461706,0.9990133310226872,0.0020151232352540785
257086,0.0,0.0,0.9995056507592125,0.0010444364598757416,0.0,0.0,0.9992882932898896,0.0014308996319949171,0.00011092623405435385,0.0396210670558156,0.999124807959084,0.0017808050676722238
257178,0.0,0.0,0.9966671586559397,0.0059669673586914,0.0,0.0,0.9957352235720093,0.008491439460449097,0.0,0.0,0.9943084143433989,0.009741551832595563
257212,2.4613264088017032e-05,0.360054614577234,0.9989377894338203,0.0023460805031659928,3.691989613202555e-05,0.29727159644205703,0.99853760365793,0.0031201700165693507,8.614642430805962e-05,0.32935710605997415,0.9981191817663081,0.003682447243119789
257826,0.0,0.0,0.9997146707865202,0.0007057758632501576,0.0,0.0,0.9995722150304056,0.0009177376892146346,8.236757353365127e-06,0.03475017269886857,0.9993940255200423,0.0012063158766938262
257869,0.0,0.0,0.998652982837769,0.0032463570648215033,0.0,0.0,0.9984433732349307,0.0032774351342450916,4.051863857374392e-05,0.03233829114831981,0.9982088523443844,0.0034793888113387314
258667,1.3010160935690775e-05,0.30078518014914984,0.9988347935975043,0.0022161313571595342,1.3010160935690775e-05,0.19518900079066107,0.998411040475801,0.0030597999817427524,5.20406437427631e-05,0.3379819280734851,0.9980218444518485,0.0037330340108788335
259277,1.336898395721925e-05,0.360054614577234,0.9992955142049235,0.0016770610892651305,1.336898395721925e-05,0.2336508082431053,0.9987458744506925,0.0024295285646292798,4.679144385026738e-05,0.33141609399563193,0.9979522499092927,0.0038362525829918536
259283,8.014297506752046e-06,0.33916020527361607,0.9983798441897885,0.003668411168400909,1.602859501350409e-05,0.2895229882348574,0.9978824189395628,0.004427157436493401,4.0071487533760226e-05,0.28866115509603385,0.9974682491762896,0.005171734136997642
259618,0.0,0.0,1.0,0.0,1.4637109463623123e-05,0.13305201013572895,1.0,-9.868649107779169e-17,3.659277365905781e-05,0.19428063404241283,0.9997931938504114,0.0004242825339332068
259850,3.5340933990203493e-05,1.0,0.9983404497332764,0.003634166131933825,7.068186798040699e-05,1.0,0.9982214348921433,0.0032155949020112673,0.00011309098876865117,0.8594090188214569,0.9977568806132172,0.004509705491168164
259901,1.8805476154656235e-05,0.6164336326286644,0.9994635873715655,0.0012899161706604767,3.761095230931247e-05,0.6114735274236562,0.9993100544350977,0.0014293443911533668,9.402738077328118e-05,0.7158202092021971,0.9990765319319159,0.0018570174951936364
260014,0.0,0.0,0.9996128413157267,0.0009229532555844577,0.0,0.0,0.9993712767144846,0.0013323041276236353,6.672048786020723e-06,0.038384638165382894,0.9991169727955519,0.0015782618235907157
260159,0.0,0.0,0.9998848629539829,0.00016114954132731007,0.0,0.0,0.9997011090781509,0.0006063889450622639,0.0,0.0,0.999323944541324,0.0014067936844595584
260183,3.136615278453022e-05,0.47036528278595785,0.9975779266861459,0.005199162781464805,4.704922917679532e-05,0.3746661058764784,0.9966368358777492,0.007076773455532711,4.704922917679532e-05,0.24179727130731493,0.9959011217113259,0.008244934525293027
260287,8.48629887047362e-06,0.33916020527361607,0.9995105764066767,0.0008858881624793314,3.394519548189448e-05,0.4291411337886065,0.9986970767951757,0.002798653688233456,5.9404092093315344e-05,0.38320792728781883,0.9980035201813401,0.004162226591089252
260710,6.967184560719014e-05,0.13120507751234178,0.9996879202217638,0.0005776470486642205,6.967184560719014e-05,0.08514311764162098,0.9993958659365735,0.001163878994648357,0.00013934369121438027,0.08969876077085445,0.9991585915142662,0.0015728963448132921
261519,7.670123335583236e-06,0.21398626473452753,0.9926479304704829,0.013297879991521211,1.5340246671166473e-05,0.21222636597291455,0.9909681928130428,0.016952731931541072,3.835061667791618e-05,0.24213340002461914,0.9882131628876676,0.019148221653806596
261620,2.3013723850656276e-05,0.5147714448836773,0.0,0.7797208251055042,3.835620641776046e-05,0.47870393709727993,0.0,0.6210485108131252,9.20548954026251e-05,0.5533216060595283,0.0,0.4963696460646179
261775,2.6690510189102266e-05,0.7860137352654724,0.9991051331047665,0.0019699563850276492,5.338102037820453e-05,0.7827392871477701,0.9990630241545485,0.001986005690455602,8.674415811458236e-05,0.6848381990256084,0.9989733615420967,0.0020083163316257516
262017,0.0,0.0,0.9999249107692044,0.0001501783738792395,0.0,0.0,0.9994416168117392,0.0011275818638168313,2.672796279467579e-05,0.032864970567577,0.9989742913847826,0.002056490094501903
262051,0.0,0.0,0.9996161208249432,0.0007658850068401723,0.0,0.0,0.9994547677622492,0.001157130454236177,0.0,0.0,0.9992765538199582,0.001509840922142067
262080,2.7091277285995843e-05,0.8539316501572934,0.9993918786124374,0.001399739644226461,5.4182554571991686e-05,0.8389574121760601,0.9993949107456673,0.0011639393141805116,8.804665117948649e-05,0.7216710611708274,0.9992885980347488,0.0014817035729947088
262490,0.0,0.0,0.9983205160406629,0.003580168354682578,4.0125190594655326e-05,0.06625422345438903,0.9982999397652529,0.0033191092965374727,0.00012037557178396597,0.11581687095556066,0.9981529057822224,0.0034807253565321177
264308,7.670652849264001e-06,0.21398626473452753,0.9999042161695803,0.00019312209026972615,2.3011958547792003e-05,0.2784805894273036,0.9997601214004576,0.0005010075142438922,3.0682611397056005e-05,0.21378525185224329,0.9996100641378263,0.0007877123964800652
264871,0.0,0.0,1.0000000000000002,-2.220446049250313e-16,0.0,0.0,1.0000000000000002,-2.220446049250313e-16,0.0,0.0,1.0000000000000002,-2.220446049250313e-16
265165,0.0,0.0,0.9923528833500359,0.015067776591045468,0.0,0.0,0.990289631803658,0.018564286504268633,4.057947490159477e-05,0.032864970567577,0.9888069132880297,0.019296405274788528
265621,2.526017985248055e-05,0.8539316501572934,0.9992213484091481,0.0017881350354065906,4.420531474184096e-05,0.7721596254947202,0.9992027188925323,0.001642221763646819,8.841062948368192e-05,0.7429189343330704,0.9990687522554401,0.0019489174939980568
265658,1.8950520191779263e-05,0.49125969208957576,0.9995452881934879,0.0010420352008023714,4.421788044748495e-05,0.5964984284535196,0.9993370297114474,0.0014519001245415276,0.00010106944102282274,0.7032369726830895,0.9992053770169076,0.001655352051509183
265754,0.0,0.0,1.0,0.0,0.0,0.0,1.0,0.0,2.613559144843448e-05,0.03233829114831981,1.0,0.0
266587,0.0,0.0,1.0000000000000002,-5.551115123125783e-17,2.9811590746482232e-05,0.06625422345438903,0.9993334675764466,0.0013947243754293052,8.94347722394467e-05,0.11458044206512796,0.9980258365249565,0.003839829412877944
266722,1.9322053547851065e-05,0.6843515475204854,0.9986678032477656,0.003076588338314712,4.508479161165249e-05,0.7315449642824574,0.9985834704959731,0.0030164713801664623,9.016958322330497e-05,0.7174817768476704,0.9981892750044471,0.003707296210776197
267133,1.3348996155489107e-05,0.30078518014914984,0.9969252726135889,0.006555387072543395,1.3348996155489107e-05,0.19518900079066107,0.9960780644765392,0.008328452384110209,2.0023494233233662e-05,0.16558967494463012,0.9951807207070786,0.009566970001589268
267693,0.0,0.0,0.9990199495834344,0.0021309962716495436,0.0,0.0,0.9989291647930413,0.0023163284896658433,0.0,0.0,0.9986904224324789,0.0026551459930198315
268031,0.0,0.0,0.9993787474269693,0.001308632369400886,0.0,0.0,0.9992184108809818,0.0015767489534477634,0.00010788650339842486,0.0396210670558156,0.9989885356142011,0.0020852358938862423
268053,0.0,0.0,1.0000000000000002,-2.220446049250313e-16,0.0,0.0,1.0000000000000002,-2.220446049250313e-16,0.0,0.0,1.0000000000000002,-2.220446049250313e-16
268178,0.0,0.0,1.0,0.0,1.565741574353153e-05,0.14465249243306438,1.0,0.0,5.480095510236036e-05,0.275013081376439,1.0,0.0
268199,3.859364748562387e-05,0.16958010263680803,0.999617612261941,0.0008619714991619176,7.718729497124774e-05,0.17630010660342912,0.9993368628093773,0.0013028266545949253,0.00015437458994249547,0.18342337384662466,0.998913845392974,0.002102591637731038
268292,0.0,0.0,0.9996018979207681,0.000919276338646291,0.0,0.0,0.9990126624837096,0.001981017073043809,0.0,0.0,0.9980732433075037,0.004001392767771725
269258,0.0,0.0,0.9999126498910131,0.00017470018568797042,1.2806064952361439e-05,0.0636207881989517,0.999575212355156,0.0008795753059849204,1.2806064952361439e-05,0.04105877938688905,0.9992746584030924,0.0014594784177142854
269312,3.295761650517435e-05,1.0,0.9997202918437014,0.0005380440469710202,5.273218640827895e-05,0.8701249883466592,0.9995460361354331,0.0009647265842303218,7.250675631138356e-05,0.6646327894574997,0.9993954140656225,0.001245355829007153
269547,0.0,0.0,0.0,0.7797208251055042,0.0,0.0,0.0,0.6210485108131252,0.0,0.0,0.0,0.4963696460646179
269765,1.319087191663369e-05,0.3451913422468693,0.9985753631374706,0.002724995576413214,3.9572615749901066e-05,0.5114531979843772,0.9979681957628379,0.003774693797053241,7.25497955414853e-05,0.5032573887276673,0.9973553331414964,0.005125806290332089
270713,2.6373742302163967e-05,0.7860137352654724,0.9991218070726056,0.00194650098499497,5.2747484604327934e-05,0.7827392871477701,0.9988955885453507,0.002200573041126345,7.912122690649189e-05,0.6478621713106302,0.9986246713240566,0.002640832136071876
271157,8.011729171507086e-06,0.14606834984270645,0.9992946340071909,0.0015229769393146464,8.011729171507086e-06,0.09478836436955078,0.9992190688441391,0.0015687469488415953,4.005864585753543e-05,0.20280322060774192,0.9991079165326152,0.0017533912721238224
271337,2.601998334721066e-05,0.8304198973631919,0.9993026113277359,0.0016305246845508936,5.203996669442132e-05,0.8205228949141825,0.9992295355187659,0.0016692577692458761,8.456494587843464e-05,0.7031761587680054,0.9989336752727365,0.0022029389287426208
273030,1.953900963273175e-05,0.5296347172140421,0.9975681661563789,0.004951975926539754,3.90780192654635e-05,0.5469356251448462,0.9968602598780553,0.006532907166634293,8.466904174183758e-05,0.6002749062595574,0.996155280351811,0.0073120055428781226
273331,0.0,0.0,0.9991693987772748,0.00184865284412582,0.0,0.0,0.9989185090281293,0.002350802517903978,0.0,0.0,0.9987239138022526,0.0025200485902818087
273468,0.0,0.0,1.0000000000000002,-2.220446049250313e-16,0.0,0.0,1.0000000000000002,-2.220446049250313e-16,1.231238995801475e-05,0.0396210670558156,1.0,-2.197072932942415e-16
273979,0.0,0.0,0.9994383009853521,0.0012020411589223957,0.0,0.0,0.9991075726808448,0.0018282659358894184,0.0,0.0,0.9989457083383078,0.0018054939187739857
274020,0.0,0.0,0.9994632583075946,0.001274968960680889,0.0,0.0,0.999358212200927,0.001161018763144887,7.892971309049292e-05,0.0712496087329599,0.9992144853183259,0.001483542727537451
274203,2.2247271001423825e-05,0.6843515475204854,0.9997609695545566,0.000503212696704558,3.707878500237304e-05,0.5887498202463199,0.9996162134268494,0.0008235915335498772,6.674181300427148e-05,0.517467634490345,0.9994399791897081,0.001115119912403638
274350,0.0,0.0,0.9993992172033357,0.001452104973247026,0.0,0.0,0.9992234043259085,0.001669653666232255,0.00014749262536873156,0.03406297225598251,0.9990414102581824,0.0020124335653211338
274427,6.674988151896031e-06,0.21398626473452753,0.9994049487016399,0.0010920682580690898,2.6699952607584123e-05,0.34791181136408084,0.9992404715870222,0.001590395589045146,6.67498815189603e-05,0.4291009464514785,0.9991294800923024,0.001763037832867991
274488,2.4205162961259636e-05,0.5531464700081437,1.0,-2.2204460492503132e-17,2.4205162961259636e-05,0.35895421017163465,1.0,1.0362081563168128e-16,6.051290740314909e-05,0.33634442695467415,0.9984170846740723,0.0032580574171415092
275820,0.0,0.0,0.9996714170606434,0.0006914143485938995,0.0,0.0,0.9992419888886195,0.001588165280878822,8.602150537634408e-05,0.06922125855611583,0.9989668778420736,0.002113008385102203
276123,2.6100120060552277e-05,0.6608397947263838,0.9996279864335808,0.0007805054435442882,5.2200240121104554e-05,0.7104770117651424,0.9996104648344554,0.0007468020074690903,0.00011092551025734718,0.7758445663982263,0.9994326188482094,0.0011753428102077486
276329,1.2636473918317832e-05,0.5531464700081437,0.9995391663094992,0.0010323882422612397,2.5272947836635664e-05,0.5017493542077719,0.9993478657051403,0.0013843892400972108,5.686413263243025e-05,0.49754605317937134,0.9990762261714619,0.0018689919607447836
277060,1.569095102854184e-05,0.21398626473452753,0.9992894840322908,0.0016305807909378412,1.569095102854184e-05,0.1388624438735545,0.9989816105466385,0.0021744862668823693,1.569095102854184e-05,0.08961728720334346,0.998678316002229,0.002620172893069672
278193,0.0,0.0,0.9978611922170042,0.0031823017737894975,0.0,0.0,0.9965130762838598,0.0073343833931690874,0.0,0.0,0.995209268983222,0.009153261188765237
278212,1.2901977228010192e-05,0.3835663673713356,0.9992317188240547,0.001703654349806838,1.935296584201529e-05,0.31833954895937183,0.9990159514105523,0.0020704485836644158,5.805889752604587e-05,0.42243652173191504,0.9987760591083463,0.0024038621991309033
278258,1.3183133499001378e-05,0.5531464700081437,0.9993691214173712,0.00148415559272137,3.9549400497004135e-05,0.636658712740428,0.999274909546609,0.0016078870049706958,7.909880099400827e-05,0.6232918560438495,0.9991597044937819,0.0017217626393851591
278971,1.3238720610040246e-05,0.14606834984270645,0.9992708711452284,0.001602238986224902,2.6477441220080492e-05,0.16421958630632802,0.9989593456132333,0.0022257291698730424,2.6477441220080492e-05,0.10598195897970358,0.9985359548807216,0.0028071832158938674
279133,9.931472837421789e-05,0.5087403079104241,0.9991090774850049,0.002022561773296805,9.931472837421789e-05,0.3301376494471202,0.9990018654305833,0.0020754082576600486,0.00019862945674843578,0.27998800227404547,0.9988265797261116,0.002400632851905774
279441,0.0,0.0,0.9990396964291044,0.0021994214864069273,5.595344673231871e-05,0.12987501165334073,0.9990089413477259,0.002088581875248146,0.00011190689346463742,0.15074503472548015,0.9988841293063221,0.0022978422420360744
279869,0.0,0.0,0.9923764876549684,0.016145943827591304,0.0,0.0,0.9912929642180253,0.017507388500231195,3.5477767265846736e-05,0.10795762032977974,0.9899570552493324,0.016742355479149616
280556,0.0,0.0,0.9995943832468288,0.0009927562636022236,0.0,0.0,0.999526497728161,0.0009197523175738828,0.0,0.0,0.9992983357327848,0.0014293061130069948
280571,0.0,0.0,0.998958133897738,0.0024118150022974126,0.0,0.0,0.9989722842968247,0.002175366206706027,1.3233464785750204e-05,0.03730675036644463,0.9987662339346353,0.0023745107076858993
280782,2.4209264885671748e-05,0.3451913422468693,0.9997338654842404,0.0005322690315193501,2.4209264885671748e-05,0.2240055615151755,0.998495595295642,0.0029767087980402396,6.052316221417937e-05,0.24561850992648843,0.9974069042786045,0.0050581862844023915
281500,0.0,0.0,0.9971768486977195,0.005838563907821281,1.696338453448232e-05,0.1396181455537491,0.9970192271817874,0.005121916513167616,1.696338453448232e-05,0.09010499239291735,0.9966355968177905,0.00556964966149203
281502,0.0,0.0,0.9996581553373989,0.0007846814217874587,0.0,0.0,0.9994516895251113,0.001169679818324513,0.0,0.0,0.9992767594935735,0.0014657141139932824
281978,7.153434005994578e-06,0.13120507751234178,0.9991470115524846,0.0018456116288548597,7.153434005994578e-06,0.08514311764162098,0.9990127614618322,0.002155605621054203,1.4306868011989156e-05,0.09456965512780147,0.9989824437165534,0.001963527573438938
282556,3.2919643151068245e-05,0.7860137352654724,0.999976374692061,4.725059334134141e-05,4.9379464726602364e-05,0.643121141594021,0.9999162363755822,0.00018011942635722317,8.22991078776706e-05,0.5538436266095772,0.9997368241866124,0.0005455723799947819
283070,8.012114316847073e-06,0.16958010263680803,0.9988184167158123,0.0022848628393460245,3.204845726738829e-05,0.32412959751888165,0.9981998335822313,0.003537483002487347,4.0060571584235366e-05,0.2439328316070176,0.9976590860845453,0.004423275132373766
284880,0.0,0.0,0.9999999999999994,4.773959005888173e-16,0.0,0.0,0.9995935937364788,0.0007731012467902692,0.0,0.0,0.9990637907542448,0.0018817203532837802
284890,0.0,0.0,0.9985097739668889,0.0034407507480268217,0.0,0.0,0.998633051271524,0.0022069052808576543,0.0,0.0,0.9980855982141614,0.003716568027616615
284926,4.107225979573396e-05,0.6164336326286644,0.9989626199981156,0.002363850050836691,4.107225979573396e-05,0.4000232483092519,0.9987818054122919,0.0026206086770801285,8.214451959146792e-05,0.3629478446533603,0.9984106952633637,0.0031461931800720166
285212,1.5655944953697544e-05,0.5531464700081437,0.9997159291023063,0.0006670603137586383,1.5655944953697544e-05,0.35895421017163465,0.9995884239451867,0.0008405013833825662,3.131188990739509e-05,0.3000323073129921,0.9994624151288478,0.0010795540326349721
285238,3.8199285673357906e-05,0.3451913422468693,0.9991607147374871,0.0018200539758322586,5.729892851003686e-05,0.2973694836145355,0.999027604948503,0.002134128657616806,0.00013369749985675267,0.3343887384630497,0.9987912482471515,0.0024103620288897843
285645,2.1684761395342114e-05,0.4468535299918563,1.0000000000000002,1.1102230246251566e-17,2.1684761395342114e-05,0.28997736516021183,1.0000000000000002,3.700743415417188e-17,5.05977765891316e-05,0.3284411058450901,1.0000000000000002,3.56440023695445e-17
285893,1.5200109440787973e-05,0.13120507751234178,0.9980112301031021,0.004516500496487386,4.560032832236392e-05,0.2279382616777583,0.9978789036242999,0.004551577400191367,6.0800437763151894e-05,0.1826139214599577,0.9974867994232767,0.004839557776794835
285963,7.416196974191635e-06,0.16958010263680803,0.9993834458313785,0.0013672296193435796,1.483239394838327e-05,0.18340980524840012,0.9991143858774267,0.0018416866455401662,6.674577276772471e-05,0.3693016772427757,0.998833100095706,0.002420514593543309
286639,0.0,0.0,0.9979925937916232,0.004387785068856231,0.0,0.0,0.9974887140433406,0.004633937284215456,0.0,0.0,0.9970204322569618,0.005350387205390569
286671,2.0310892054379028e-05,0.6399453854227659,0.9957877870604765,0.008061615876535432,2.7081189405838704e-05,0.4886446891881012,0.995659143498413,0.008655920965313379,5.416237881167741e-05,0.4581351797793735,0.9949049180260745,0.010239399527763367
286769,1.2804753124359762e-05,0.13120507751234178,1.0,2.2204460492503132e-17,2.5609506248719525e-05,0.15139734109601002,0.9994173149525647,0.0011075604434950086,3.8414259373079284e-05,0.1332169104954318,0.99781179385208,0.004430134841728375
287777,1.4832063955859778e-05,0.30078518014914984,0.999513170850016,0.0010034451514160715,1.4832063955859778e-05,0.19518900079066107,0.9993708881374379,0.0012561585005417338,2.2248095933789668e-05,0.15830689903713435,0.9990628300752549,0.0018632472562688373
287804,0.0,0.0,0.9993769990155108,0.0013331457373317757,0.0,0.0,0.9992457959612204,0.0015861931748794046,3.780575403576424e-05,0.03730675036644463,0.9990808705007769,0.0018026075433178865
290874,2.46834349468072e-05,0.5147714448836773,0.9980466310470772,0.004551125224001207,2.46834349468072e-05,0.33405144466421555,0.9973676314457413,0.005458128180929587,6.582249319148585e-05,0.3927146862396833,0.9964103512066046,0.007122405732596755
290948,8.732480461074968e-06,0.33916020527361607,0.9990700836509993,0.002027569191814327,2.6197441383224905e-05,0.3499667779514209,0.9986993972824287,0.0027616984846118124,4.366240230537484e-05,0.29225839493988026,0.9981869914505598,0.0035591161401252536
291055,1.3800431953520145e-05,0.3451913422468693,0.9993523512203488,0.0014638501180801345,4.830151183732051e-05,0.5750739861833288,0.9992242046901805,0.0015328215741313884,0.00011730367160492124,0.7257666251714822,0.9990680384964579,0.0018075819068754445
291415,0.0,0.0,0.9993356914126238,0.001257278365293646,0.0,0.0,0.9991223372182289,0.0015996885171501033,0.0,0.0,0.9988099739530556,0.002424600888089373
291633,1.2802785886208839e-05,0.13120507751234178,0.9999297944077632,8.540271777921494e-05,1.2802785886208839e-05,0.08514311764162098,0.9998335980837532,0.000267653139519476,1.2802785886208839e-05,0.05494858807198588,0.9996255445275072,0.0007348479808889349
292104,0.0,0.0,0.9967695794693932,0.005841517315821376,1.5061715378764487e-05,0.14201905717762703,0.9958190725899279,0.007364767430848541,3.7654288446911215e-05,0.20209602359220222,0.9942772763300105,0.009615936773633083
292139,2.8130186503136516e-05,0.360054614577234,0.9995393643896613,0.0009464479165107731,4.219527975470477e-05,0.29727159644205703,0.9994995356759586,0.0010059361154496202,9.84556527609778e-05,0.32857110416507623,0.9993380464613779,0.0013171200221198478
292672,0.0,0.0,0.9993952015829869,0.0012915971482946986,0.0,0.0,0.9990214393136274,0.00204971725398931,3.895597974289053e-05,0.03730675036644463,0.998653201024533,0.0022843310799338374
294214,8.016481886759177e-06,0.13120507751234178,1.0000000000000002,-2.220446049250313e-16,2.404944566027753e-05,0.2279382616777583,1.0000000000000002,-2.220446049250313e-16,3.206592754703671e-05,0.18054140293625687,1.0000000000000002,-2.220446049250313e-16
294308,0.0,0.0,0.9991181557143035,0.0016941160002391098,0.0,0.0,0.9988967146209029,0.0020398236442445193,0.0,0.0,0.9987334169485452,0.0023274015295241396
294909,1.4941876101963362e-05,0.5087403079104241,0.9980486751834284,0.004787038141430245,2.2412814152945044e-05,0.40350157154648025,0.9981254960344259,0.003962017147282901,8.21803185607985e-05,0.543932930181022,0.9975563857418297,0.004931664378530084
295023,1.4636680986219565e-05,0.3835663673713356,0.9987528430194612,0.0027500595142426754,2.927336197243913e-05,0.38852647257634365,0.9984983133096345,0.003010015270718077,5.122838345176848e-05,0.357821516715331,0.9981253166821513,0.0034547436457100975
295078,9.132420091324201e-05,0.27727342735504823,0.9995959143275854,0.0009381361343511529,0.000136986301369863,0.24618570546556082,0.9994725527708154,0.001136926978227214,0.00018264840182648402,0.19439022587346366,0.9993321794549731,0.0013822001108509852
295695,0.00011125945705384957,0.16958010263680803,0.9991284841942681,0.0018810337251089493,0.00011125945705384957,0.11004588314904007,0.9988773533528882,0.002178997170578624,0.00022251891410769915,0.10445751120154215,0.9986201904779479,0.0028312178000012692
297378,1.1825642723682032e-05,0.13120507751234178,0.9992353670487886,0.0017994273516613534,1.1825642723682032e-05,0.08514311764162098,0.9990083854738991,0.002058463460311589,4.730257089472813e-05,0.16662657819311466,0.9989579973472187,0.0014953735454271361
297916,1.4633468205131958e-05,0.47036528278595785,1.0,0.0,2.9266936410263916e-05,0.4472539411173282,1.0,0.0,5.121713871796185e-05,0.39115310214949073,1.0,0.0
298129,2.7130783944002063e-05,0.8304198973631919,0.9992894461943488,0.0017174213899924795,6.104426387400464e-05,0.8899541168509598,0.9991566424843518,0.0017887527573734858,0.00011530583176200876,0.8618915163359828,0.9989554881573822,0.0021487646698083
298417,2.2245621320203472e-05,0.6164336326286644,0.9982517750845469,0.0040792988644336005,4.4491242640406944e-05,0.6032621820619527,0.9981265352355472,0.004078146111617308,9.639769238754838e-05,0.6440049319887737,0.9979780919230924,0.003798340521039109
299099,0.0,0.0,1.0,0.0,2.4154005941885462e-05,0.0636207881989517,1.0,0.0,2.4154005941885462e-05,0.04105877938688905,1.0,0.0
299198,8.48219587086705e-06,0.33916020527361607,0.9997737729150493,0.0005090810636562803,1.69643917417341e-05,0.28634598975246917,0.999654477034458,0.0006788398055989766,4.241097935433525e-05,0.2926070832880866,0.9994160339430961,0.001222438549990321
299219,0.0,0.0,1.0000000000000002,-2.220446049250313e-16,0.0,0.0,1.0000000000000002,-2.220446049250313e-16,0.0,0.0,1.0000000000000002,-2.220446049250313e-16
300576,9.873910167165299e-06,0.16958010263680803,0.9996397503514775,0.0007680576948978501,9.873910167165299e-06,0.11004588314904007,0.9992156201430774,0.0016620889004256734,2.96217305014959e-05,0.14468305817181212,0.9988379863480155,0.0015118172042147744
300648,0.0,0.0,0.999293154054864,0.0015374762421101363,0.0,0.0,0.9991831430422671,0.0017079415450459853,4.7341760166643e-05,0.03475017269886857,0.9990645025489868,0.0018432364720787774
302369,4.137531548678059e-05,0.21398626473452753,0.9980654846889866,0.004571499979141136,8.275063097356118e-05,0.20511666732794356,0.9979225714495096,0.004283607614598892,0.00016550126194712236,0.20159685827449086,0.9973895460710784,0.004966205751684382
302484,0.0,0.0,1.0000000000000002,2.2204460492503132e-17,0.0,0.0,1.0,1.7023419710919068e-16,0.0,0.0,0.9998172253622014,0.0003536840800253428
302655,1.4280206206177617e-05,0.21398626473452753,0.9974486870088652,0.005391796685581563,4.2840618618532854e-05,0.2784805894273036,0.9970639189964643,0.006101549027805215,8.568123723706571e-05,0.2850348605852032,0.9969767461753556,0.004377386667075161
302742,0.0,0.0,0.0,0.7797208251055042,1.1826062276043946e-05,0.07336392209936005,0.0,0.6210485108131252,2.3652124552087892e-05,0.08573131804326867,0.0,0.4963696460646179
303109,4.136675767353355e-05,0.21398626473452753,0.9999242918524359,0.00015141637062193736,8.27335153470671e-05,0.20829366581033176,0.9996116548858376,0.0008099423026363351,0.0001654670306941342,0.2064828538703284,0.9992432537720196,0.001465268770011945
303239,0.0,0.0,0.9998047466161444,0.00039050678407240855,0.0,0.0,0.9993119304047049,0.0014267811611505094,0.0,0.0,0.9988594542756634,0.002356812420118909
303337,0.0,0.0,1.0000000000000002,1.1102230246251566e-17,0.0,0.0,0.9995208221945611,0.0009546337925137878,0.0,0.0,0.9982167952495887,0.0037160277193729525
303975,0.0,0.0,0.9975503294323544,0.005226520013539538,1.2802785886208839e-05,0.0636207881989517,0.9971530889074188,0.006027161416131661,3.840835765862652e-05,0.11387553966174802,0.9965494079788038,0.006497866520152449
303994,0.0,0.0,1.0,-2.2204460492503132e-17,0.0,0.0,0.9997875438384168,0.0004629399542217774,0.0,0.0,0.9995532580367128,0.0009078800082560299
304174,2.9493305019760514e-05,0.21398626473452753,0.9982995939470127,0.0036556715600035592,5.898661003952103e-05,0.20511666732794356,0.9980791075144907,0.0035786703392393193,0.00011797322007904206,0.20551041058262653,0.9976462282718142,0.004662261337409633
304456,1.469021998604429e-05,0.47036528278595785,1.0000000000000002,-2.220446049250313e-16,3.672554996511073e-05,0.5116508161747901,1.0000000000000002,-2.220446049250313e-16,7.345109993022146e-05,0.5089217074175993,0.9997013619243317,0.0005860279081802831
305095,0.0,0.0,1.0,0.0,0.0,0.0,1.0,0.0,8.21962847279303e-05,0.03406297225598251,1.0,3.622833027724195e-17
305846,3.22059117171548e-05,1.0,0.99964099167415,0.0007925594543879311,5.797064109087864e-05,0.933745776545611,0.999454469324192,0.0011584989026424304,0.00010950009983832632,0.8858719648625414,0.99928140265257,0.0014500032759072062
306133,0.0,0.0,1.0000000000000002,1.1102230246251565e-16,0.0,0.0,1.0000000000000002,1.1102230246251565e-16,4.604051565377532e-05,0.14274622023067549,1.0000000000000002,1.1102230246251565e-16
306931,2.3013547308182083e-05,0.4468535299918563,1.0000000000000002,1.1102230246251566e-17,2.3013547308182083e-05,0.28997736516021183,1.0000000000000002,3.700743415417188e-17,5.369827705242486e-05,0.3284411058450901,1.0000000000000002,3.56440023695445e-17
307383,2.0371300911276194e-05,0.49125969208957576,0.999526767865377,0.0009188727723177581,4.753303545964445e-05,0.6004311286161024,0.9993555161110615,0.001412414508369765,9.50660709192889e-05,0.6293754190277753,0.9991919447780789,0.0016166379996362383
307771,1.339602673846937e-05,0.14606834984270645,0.9990890946309419,0.0017408853506523324,2.679205347693874e-05,0.17318663334822612,0.9987256416964199,0.00259598451029393,4.018808021540811e-05,0.14812528634118777,0.9985088430621643,0.002880504682247778
308265,0.0,0.0,1.0000000000000002,-2.220446049250313e-16,0.0,0.0,1.0000000000000004,-2.220446049250313e-16,0.0,0.0,1.0000000000000004,-1.1686558153949016e-17
308606,2.7620303685239018e-05,0.8304198973631919,0.9986015000236581,0.0033073687059721247,4.143045552785853e-05,0.6835381846158708,0.9984681663925514,0.0033462594541172693,6.21456832917878e-05,0.5503272749968795,0.9980736313795726,0.004030944406328512
308615,0.0,0.0,0.9972792510650617,0.006319280995861642,6.31468606538226e-06,0.07336392209936005,0.9972160503540527,0.006072704764956395,1.8944058196146778e-05,0.11484714351858176,0.9967962736269007,0.006523277978404086
308910,0.0,0.0,0.9981924442354917,0.00439259418542699,0.0,0.0,0.9975639076801945,0.005247345048725939,0.0,0.0,0.9970433533953902,0.0059780375614597965
309750,2.0310067023221178e-05,0.5296347172140421,0.9989516168857089,0.002451015848638616,5.4160178728589806e-05,0.6947651160602988,0.9989426951665529,0.002320927372953927,0.00010155033511610589,0.7043706191937465,0.9988156757515169,0.0024329908257456237
310079,1.354380404824303e-05,0.48522855511632257,0.9983691958705336,0.003925303397011315,2.0315706072364545e-05,0.388244052766991,0.9976962584477709,0.0049389551371811545,3.3859510120607575e-05,0.3212829642032777,0.9970116462680245,0.006132601594912196
310230,0.0,0.0,0.9985898053481608,0.0030788931216828353,1.2816240740266066e-05,0.06625422345438903,0.9983083757467153,0.0034454366573925645,2.5632481480532132e-05,0.08114295068041447,0.9975875255371284,0.004675152197138156
310584,0.0,0.0,0.9995401465983328,0.001079909383896549,0.0,0.0,0.9994960410401699,0.0010327493269699382,0.0,0.0,0.9993642266075708,0.0013142211310503695
311214,0.0,0.0,0.9990743331022603,0.0020087974399297217,0.0,0.0,0.9988355519607864,0.0024749979956821795,4.1926963230053246e-05,0.03406297225598251,0.9986755727022189,0.0027159091856999965
312079,2.0316256391155658e-05,0.6399453854227659,0.9986659670734713,0.003061250416685879,2.7088341854874207e-05,0.49367903606741653,0.9984368468673793,0.003356948691414183,6.772085463718552e-05,0.5343706819662662,0.9979236714277586,0.004038588513577576
312251,1.3390645295196776e-05,0.21398626473452753,0.9987521791567326,0.0029494598463221887,1.3390645295196776e-05,0.1388624438735545,0.998524019344873,0.003188259801883972,2.678129059039355e-05,0.12195557835166326,0.9981764394524874,0.0036997969064948163
312507,0.0,0.0,0.9991967525460584,0.0018218826574539105,0.0,0.0,0.9991410647144102,0.0018226346162292313,0.0,0.0,0.9986994789086768,0.002597652151413977
313501,0.0,0.0,1.0000000000000002,-2.4424906541753446e-16,0.0,0.0,0.9992372124866898,0.0015255750266204293,0.0,0.0,0.9926093728317772,0.014533018413837246
314924,2.6774120135477048e-05,0.5531464700081437,0.9989676709898433,0.00236661389402647,4.0161180203215574e-05,0.4283854321084119,0.9986393651328742,0.0026484581612818943,4.0161180203215574e-05,0.27646597043867244,0.9982275170549284,0.003531733834824469
315174,1.4633468205131958e-05,0.3156484524795145,0.9989666538893338,0.002002537253533976,3.6583670512829896e-05,0.4189179618884325,0.9987202671857366,0.002164562544419393,8.048407512822577e-05,0.482285025870945,0.9986466700584213,0.001658733300822328
315258,6.314885447977974e-06,0.13120507751234178,0.9995452430305948,0.001061382565549851,2.5259541791911895e-05,0.293416398273637,0.9992882741930948,0.001558160167855581,6.314885447977974e-05,0.40283051249290175,0.9989919188862094,0.0020915387224044093
315678,6.4397305616732994e-06,0.13120507751234178,0.9993604414228402,0.0011887770751636828,1.2879461123346599e-05,0.15139734109601002,0.9991618442850235,0.0016832296347236437,4.5078113931713094e-05,0.2759967628744477,0.9989778558326451,0.0019410495392771082
316419,1.3822655332089295e-05,0.48522855511632257,0.9992744602509921,0.0016688210465377051,3.455663833022323e-05,0.530263109944618,0.9991401119440635,0.0017485610800027764,8.984725965858041e-05,0.6199193313688786,0.9989414631869821,0.002156921056347206
316498,8.227676257394624e-06,0.16958010263680803,0.9989912998441668,0.0024600121419164345,1.6455352514789248e-05,0.17630010660342912,0.9989327369393821,0.0023141731637347724,4.113838128697312e-05,0.22032734221123534,0.9987458503280067,0.0025834502222055336
316499,6.898311983057746e-06,0.33916020527361607,0.9990385891959657,0.0022047697533914,1.3796623966115492e-05,0.2984900352767555,0.9988962090680065,0.0021895297206004816,2.7593247932230984e-05,0.26545248288313333,0.9986790000676338,0.0025108419696442965
316835,0.0,0.0,1.0000000000000002,-2.220446049250313e-16,0.0,0.0,1.0000000000000002,-2.220446049250313e-16,0.0,0.0,0.9999753633914649,4.927321707022258e-05
317435,1.602255976414792e-05,0.360054614577234,0.9998073775439892,0.0003852453323709759,3.204511952829584e-05,0.3732689537968544,0.9986668648849644,0.0028800191760297183,4.806767929244376e-05,0.3133432053956581,0.9974153670181323,0.005088644545174173
317436,2.0018016214593135e-05,0.4468535299918563,0.9995750603666032,0.0009271795316684872,4.003603242918627e-05,0.5079937796926363,0.9994790524178931,0.0011508684487273305,4.003603242918627e-05,0.3278425986343808,0.9994856587076413,0.0008138585567124359
317632,1.9341736243190098e-05,0.5147714448836773,0.9992041809777579,0.001339242288622533,4.5130717900776894e-05,0.6214990811334172,0.9986259537039404,0.0028186425977945627,9.670868121595048e-05,0.685004936287719,0.9979821237365402,0.0039305655047868465
317858,0.0,0.0,0.9996105759021161,0.0008436790375706659,0.0,0.0,0.999142778922329,0.0016821418174032092,0.0,0.0,0.9985841584810025,0.0028457376686994336
319905,2.927164821333177e-05,0.6608397947263838,1.0,-2.2204460492503132e-17,5.854329642666354e-05,0.7136540102475307,0.9999999999999998,1.282924384011292e-16,8.049703258666237e-05,0.5706093236115904,0.9966777719033602,0.0066887776868011055
320146,1.5340364333652923e-05,0.47036528278595785,0.9988463564049264,0.002254859218210148,2.3010546500479387e-05,0.38363315291837646,0.9982868744936569,0.003467230404405957,6.136145733461169e-05,0.4210845557527847,0.9979233417115326,0.004047078854776888
320359,1.2810658467845248e-05,0.14606834984270645,0.9992429219685253,0.0015277122223141925,2.5621316935690495e-05,0.17318663334822612,0.9986359285964038,0.0027811820407574375,6.405329233922624e-05,0.21505322916474726,0.9976048212859215,0.0048355037885186945
321196,0.0,0.0,1.0000000000000002,-2.220446049250313e-16,0.0,0.0,1.0,-2.220446049250313e-16,0.0,0.0,1.0,-2.220446049250313e-16
321463,3.386203253464086e-05,1.0,0.9995523841684142,0.0009043219704841677,6.095165856235355e-05,0.92663607790064,0.9993565264452744,0.0013645572653308903,0.00010835850411085075,0.8484487310768413,0.9990640577040677,0.0019475596782529841
322693,0.0,0.0,0.9993445709279853,0.0014383024391421695,0.0,0.0,0.9992082013237121,0.0015646138196691128,0.0,0.0,0.9988415650351066,0.002340396298378151
322887,2.5613769962731963e-05,0.3835663673713356,0.996673420867128,0.005914243068454161,5.1227539925463926e-05,0.3819603371583235,0.9950142171280412,0.00950059346610353,6.403442490682991e-05,0.2820147399171472,0.993236043093607,0.011907635064830379
323375,2.6175269605276935e-05,0.49125969208957576,1.0000000000000002,-1.7763568394002506e-16,4.362544934212823e-05,0.46158906992086357,1.0000000000000002,-1.8257000849391462e-16,6.107562907897951e-05,0.3697608120298718,1.0000000000000002,-1.7997299557081484e-16
323629,0.0,0.0,0.9993777096986202,0.0014409409037438147,4.056959714390036e-05,0.07839826897867533,0.9992158781049654,0.0014594083641135938,4.056959714390036e-05,0.05059568297461706,0.9989099254961582,0.0022059444591288582
323950,0.0,0.0,0.9995863576824755,0.0008109405384376211,0.0,0.0,0.9994143935792934,0.0012626101733719277,0.0,0.0,0.999150791458732,0.0017700963010494233
324333,0.0,0.0,0.9994279552428491,0.0012270669951706449,0.0,0.0,0.9993455718936707,0.0013408119833974903,2.6737253014625278e-05,0.03475017269886857,0.9991767069572942,0.0016306362575431376
324388,1.8795108259823576e-05,0.6399453854227659,0.9996899163651468,0.0006493085072675209,3.1325180433039294e-05,0.5580759111248785,0.9996195591926442,0.0008024913145297161,8.144546912590216e-05,0.6484941605897966,0.9995549445194779,0.0009155440249688553
324682,1.6962521309167395e-05,0.360054614577234,0.9979872969851777,0.004128460853822458,3.392504261833479e-05,0.3764459522792426,0.9974112349049784,0.004992053199861732,7.633134589125327e-05,0.4176402866296199,0.9966086035206775,0.006611643113337634
325080,4.012036108324975e-05,0.16958010263680803,1.0,-7.771561172376095e-17,8.02407221664995e-05,0.18340980524840012,0.9999743181862139,5.602794763001937e-05,0.00012036108324974925,0.15070499084303424,0.9999252339514426,0.0001447643208948734
325290,0.0,0.0,0.9992894605575238,0.0014581883586134326,7.073286319556929e-06,0.06625422345438903,0.9992249046991265,0.001522146205650279,1.4146572639113858e-05,0.08114295068041447,0.9989949921638577,0.002068028900527126
325901,0.0,0.0,0.999537038970528,0.0010284051692491247,0.0,0.0,0.9993634716146997,0.0013529167062732907,0.0,0.0,0.9992557462713668,0.0015253184905787817
326040,0.0006165228113440197,0.13120507751234178,0.9993172850522265,0.0014594171148599178,0.0006165228113440197,0.08514311764162098,0.9986504900307424,0.00258776886040711,0.0006165228113440197,0.05494858807198588,0.9978279430807774,0.0042008110695398
326458,0.0,0.0,0.9992283554756138,0.0017101236637566352,0.0,0.0,0.9990765852216313,0.001632338511365182,3.223103203764585e-05,0.0396210670558156,0.9988202844515055,0.0023149997472599534
326632,4.0181620926588175e-05,0.6399453854227659,0.999479647238956,0.0006925317115770047,4.0181620926588175e-05,0.4152807670887412,0.9989439418573042,0.002181186063519484,9.375711549537241e-05,0.4086439220274192,0.9985478296052127,0.002725118463220806
326636,2.2245456365537338e-05,0.4468535299918563,1.0,3.3306690738754695e-17,4.4490912731074676e-05,0.5079937796926363,1.0,2.960594732333751e-17,8.156667334030357e-05,0.502579272597338,1.0,-1.0517902338554115e-17
326791,2.5078527138101178e-05,0.6608397947263838,0.9996139459353082,0.0008866408334425535,5.0157054276202355e-05,0.7015099647232445,0.9995135792301527,0.0009963074664563365,0.00010031410855240471,0.7385511324368745,0.9993927544513331,0.0012122202023465028
326821,0.0,0.0,0.9999999999999998,1.7763568394002506e-16,0.0,0.0,0.9999999999999998,1.8503717077085943e-16,0.0,0.0,0.9996865905110918,0.0006238269577125225
326825,1.3025751911529093e-05,0.3156484524795145,0.9993906319148685,0.0014376080694961878,3.256437977882273e-05,0.413107528150607,0.9991752307398138,0.0017602549975246277,8.46673874249391e-05,0.5487911511900905,0.9988592512726427,0.0023221425570325934
326909,1.5070454374199383e-05,0.3451913422468693,0.9992505140400427,0.001484750600003515,1.5070454374199383e-05,0.2240055615151755,0.9988228738047844,0.0022161577997153177,5.274659030969784e-05,0.3215574377688157,0.9982492360694994,0.0035110755932513875
326965,0.0,0.0,0.9999143839654735,0.00012985184660545545,0.0,0.0,0.9998155564849218,0.00035120063329786936,0.0,0.0,0.9996429572582377,0.0006654023834504267
327114,2.3105627375547316e-05,0.360054614577234,0.9992787440516219,0.0014682223812097829,4.621125475109463e-05,0.3667028183788342,0.9991998107258742,0.001638107976829612,5.7764068438868286e-05,0.27140819826880463,0.9991043606828851,0.0017819546176129522
327752,2.7604292467478694e-05,0.6608397947263838,0.9992029761806902,0.0018891756402320548,2.7604292467478694e-05,0.42883980903376634,0.9989988985965452,0.0021244689731477083,5.520858493495739e-05,0.41175625155933904,0.9987080079947992,0.002617770247315314
328007,2.7593628631149067e-05,0.8539316501572934,0.9991192312582227,0.001844196063720127,4.13904429467236e-05,0.6871952210980247,0.9990874713835692,0.0018893777432652796,9.657770020902174e-05,0.7273817675032755,0.9989535201304875,0.002183586743045393
328262,8.484282865990753e-06,0.14606834984270645,0.998991304885676,0.0024832707538767094,1.6968565731981505e-05,0.1584091525685025,0.9989819876009776,0.002133749001177179,2.5452848597972256e-05,0.13566958614963442,0.9988061864311366,0.0023641661729334965
328517,0.0,0.0,0.9994551491143744,0.0012932221236303554,1.4056591838742779e-05,0.0636207881989517,0.9990936440335714,0.0019218593260341204,9.839614287119945e-05,0.2530598903220208,0.9989323913963781,0.002072700952462535
328748,0.0,0.0,0.9996203222271557,0.0008122141679737349,0.0,0.0,0.9994443620410352,0.0011103153275558873,0.0,0.0,0.999204445955562,0.0015770286002687098
329438,7.418782874481612e-06,0.21398626473452753,0.9995509923118725,0.0009979186474776247,1.4837565748963225e-05,0.20511666732794356,0.9994197001082187,0.0012105936864799326,4.451269724688968e-05,0.27013624596635394,0.9992639050342923,0.001426111897174328
330410,0.0,0.0,0.9970623111377968,0.007033930330667082,0.0,0.0,0.9966358953256149,0.007079572059429768,0.0,0.0,0.9955995805651533,0.008630075715350068
330932,0.0,0.0,0.9989707115336014,0.0023596477098879022,2.5606227434512072e-05,0.14465249243306438,0.9984762817786337,0.003178530206044414,8.962179602079225e-05,0.2707357087934431,0.9980955983145977,0.003754259174825947
330955,8.22882722754353e-06,0.16958010263680803,1.0,0.0,1.645765445508706e-05,0.17366667134799177,1.0,0.0,4.1144136137717654e-05,0.22125184746711551,1.0,0.0
333995,1.4941541219976841e-05,0.27727342735504823,0.9981171035818701,0.004415593840636134,2.241231182996526e-05,0.24936270394794904,0.9981390707319295,0.003913329287631916,6.723693548989579e-05,0.3717074383459274,0.9979829511094321,0.0038192432559121512
334493,0.0,0.0,0.9985980075551035,0.002806958861662623,0.00013167423793534794,0.14782949091545258,0.9983617954075592,0.0034050597755728336,0.00019751135690302193,0.1309143364847031,0.9980814828574831,0.003880357489376979
334625,2.3482998309224122e-05,0.5296347172140421,0.9998547421881581,0.00029051526683515627,3.131066441229883e-05,0.4073174795910971,0.9994401114235796,0.0012111298251723105,5.479366272152295e-05,0.3706781329244907,0.9991099933058164,0.0018165751211091838
334709,1.9538118869915205e-05,0.6992148198508501,0.9994158029780135,0.0012666246163592688,3.2563531449858675e-05,0.5933607200949345,0.9992667465010785,0.001463613021982329,8.466518176963255e-05,0.6686207848548797,0.9990265320197255,0.0019857927123687075
335013,0.0,0.0,0.9979129652475042,0.004021230532654718,0.0,0.0,0.9973700661813547,0.005622213920363158,0.00010012515644555694,0.06881314495485108,0.9971204668600897,0.005371269345784767
335038,3.6328848738783466e-05,0.6843515475204854,0.999113813790521,0.001937469109609602,4.843846498504462e-05,0.5174612499126157,0.9989841507697896,0.002139888912798164,0.0001089865462163504,0.5060355890336107,0.9987925045612602,0.0023032384748792913
335610,0.0,0.0,0.9999378089695075,0.00014864016110816003,0.0,0.0,0.9997872517353532,0.0004449007893981542,0.0,0.0,0.9987712943038007,0.0023573304299010934
335652,1.3689066542552463e-05,0.16958010263680803,0.9994965884386223,0.0008592270609071196,1.3689066542552463e-05,0.11004588314904007,0.9989012382086828,0.0020559437867333843,4.106719962765739e-05,0.14346763023819406,0.9982688355485321,0.003254708201705442
335734,0.00010368066355624676,0.33916020527361607,0.9983885931420341,0.003550307249408258,0.00010368066355624676,0.22009176629808014,0.9979028644947145,0.00421562365429259,0.00010368066355624676,0.1420400396336573,0.9973014311088327,0.005250519834437323
335902,1.6025512616084807e-05,0.27727342735504823,1.0,-3.3306690738754695e-17,1.6025512616084807e-05,0.1799314820111718,1.0,2.2204460492503132e-17,1.6025512616084807e-05,0.11612190345001776,0.9983141743834543,0.0032567056030483646
336170,2.8563267637817765e-05,0.30078518014914984,0.9991019520297824,0.0017064476361839608,2.8563267637817765e-05,0.19518900079066107,0.998543125285187,0.0031306228938911044,7.140816909454442e-05,0.23222285954838698,0.9979168367854996,0.004282120384674807
336308,1.3159106759833142e-05,0.14606834984270645,0.994969813134707,0.012087621200224241,3.947732027949943e-05,0.2344065099232999,0.9950941754713062,0.009469706051841451,7.895464055899886e-05,0.25608552177808985,0.9933360575150694,0.012938580258037942
336772,0.0,0.0,0.9975366829542296,0.00596684116223356,0.0,0.0,0.9973456171270805,0.0055285713518790774,0.0,0.0,0.9971430992384406,0.005783406322814251
337324,0.0,0.0,0.9980283197276172,0.004566602688030363,2.013368768623661e-05,0.06625422345438903,0.9977876741432047,0.004532968683137876,6.040106305870983e-05,0.11481523558034479,0.9970458287690744,0.005682120719716541
338191,0.0,0.0,0.9981935839159037,0.004164649948460985,0.0,0.0,0.9984441809169287,0.002921857763310314,0.0,0.0,0.9980414763702976,0.003640422331875616
338938,0.0,0.0,0.9986116407182408,0.0031298850785427155,0.0,0.0,0.9983092580810154,0.003499255584493175,2.7592867243817473e-05,0.14311590662991305,0.9977257014428578,0.0046803695836684835
339469,1.4894250819183795e-05,0.14606834984270645,0.9992296477517982,0.0017120907958937837,1.4894250819183795e-05,0.09478836436955078,0.9991513222520776,0.0016481381632592015,5.957700327673518e-05,0.1636112681100057,0.998966351766429,0.0020026377095872616
340034,0.0,0.0,0.9995460385595278,0.0011017688269467252,0.0,0.0,0.9993997610881316,0.0012449949041719143,0.0,0.0,0.9991426818877608,0.0017475926035969954
340646,1.4136873206384212e-05,0.47036528278595785,0.999620042825241,0.0008660400752846353,4.9479056222344744e-05,0.6563033086078546,0.9995520703129426,0.0009336232270350371,9.188967584149738e-05,0.6367942658873028,0.9993777303562885,0.0011710236336086926
340658,2.1957913998170175e-05,0.6399453854227659,0.9989590929545857,0.0025809957678507465,2.9277218664226897e-05,0.49367903606741653,0.9988179924289862,0.002490080930310275,4.391582799634035e-05,0.38839810987034123,0.9987115499491249,0.0025730907472277997
341326,0.0,0.0,0.9989754145728886,0.0022502863474948343,0.0,0.0,0.9989049756888237,0.0021378316617605094,0.0,0.0,0.9986733874236086,0.002420270776546565
341411,2.7080089364294903e-05,0.8687949224876581,0.9995145650999072,0.001105951873667721,4.0620134046442356e-05,0.7155506487682609,0.9994208223653178,0.0011849291736963524,0.00010155033511610589,0.7809156665160075,0.9992305608438068,0.0015129957897161784
341707,0.0,0.0,0.9984526169033117,0.0032945253378718563,0.0,0.0,0.9979971158859262,0.004309105588662058,0.0,0.0,0.9974685334046189,0.005145575973193723
341884,1.645589408986564e-05,0.3156484524795145,0.9981166816092042,0.0042117250082640886,2.4683841134798458e-05,0.2832325164972662,0.9972254362105755,0.0057934334895630765,3.291178817973128e-05,0.21622650955419107,0.9962971757377475,0.007614954472646047
342501,4.052520667855406e-05,0.33916020527361607,1.0000000000000002,6.661338147750939e-17,4.052520667855406e-05,0.22009176629808014,1.0,2.960594732333751e-17,0.00012157562003566218,0.20965518290010285,0.9995928788329081,0.0008099706509766471
342846,2.646868093328569e-05,0.3451913422468693,0.9995574202244215,0.000913775379647086,6.617170233321422e-05,0.4322788421471916,0.9992850271425449,0.0014737520299898054,7.940604279985707e-05,0.31304162240784955,0.9989861429780713,0.0020530039648252044
343030,1.3025158092856351e-05,0.3451913422468693,0.9958779644286546,0.00935691081396427,3.256289523214088e-05,0.4330549290057018,0.9951544598922684,0.009270145660297735,5.2100632371425406e-05,0.38791372328058515,0.9944218071210204,0.010428021408700574
343061,0.0,0.0,0.995633229407771,0.009918593558214816,1.6455352514789248e-05,0.15176219107803537,0.9951068756435923,0.010468553010815368,3.2910705029578496e-05,0.17042840047589541,0.9945228926681429,0.010430809906532192
343963,7.929585282689716e-06,0.16958010263680803,1.0,0.0,2.3788755848069145e-05,0.25469837558210445,0.9994202331540389,0.001145485112400081,5.5507096978828006e-05,0.31024933402186533,0.9982092171095387,0.0036809607700693573
344609,0.0,0.0,0.9990836901383042,0.001990650584563369,0.0,0.0,0.9990029579428841,0.0019058830650852245,0.0,0.0,0.9987091835396699,0.002580766749318552
344830,0.00011677241057179557,0.6843515475204854,0.9994023650420892,0.0013057517620494008,0.00011677241057179557,0.4440973278132556,0.9990981040826098,0.0018150217513829355,0.00015569654742906075,0.322115924817401,0.998875782504216,0.002153235336661414
345471,1.4634538975435926e-05,0.3156484524795145,0.9981577503811859,0.0042295516765342486,2.9269077950871852e-05,0.34051969290975714,0.9980083597990543,0.004070388263071497,3.658634743858982e-05,0.2570670416780084,0.997423596391015,0.005242513430097189
345566,1.3687942291635298e-05,0.16958010263680803,0.9994192939904364,0.0014258201329374054,4.10638268749059e-05,0.2578753740644927,0.9993139467482692,0.0014297400958558533,9.581559604144709e-05,0.3050312707212208,0.9991670450328162,0.001684111410919366
345830,1.565447444015686e-05,0.5087403079104241,0.9993409214694291,0.0013889725887593185,3.130894888031372e-05,0.467122359745432,0.9990769446339349,0.0016241047657626461,7.827237220078428e-05,0.510592001393424,0.9981560248031511,0.0036206572298684565
346065,9.874495166434617e-06,0.13120507751234178,0.9998984267133932,0.00022534800008802147,9.874495166434617e-06,0.08514311764162098,0.9997393979091328,0.0005116539039644867,5.92469709986077e-05,0.22932489805128048,0.999605240954655,0.000670987916687447
347977,1.2801638609742048e-05,0.13120507751234178,0.9989025498316684,0.002617235974717513,2.5603277219484095e-05,0.16354138662029633,0.9986638074514331,0.002907763435033285,6.400819304871024e-05,0.2104661646794931,0.9982733352131463,0.003435686673188763
348839,0.0,0.0,0.999489506666648,0.0011627051615375693,0.00043333814820164666,0.22119341301481263,0.9994898465773938,0.000656636592354006,0.0005777841976021956,0.18113564461955745,0.9991665868609344,0.0015485166756172303
348924,1.9124115509657678e-05,0.5147714448836773,0.9993363937149942,0.001573048709679481,3.187352584942946e-05,0.47684658870035285,0.9992936428518963,0.00151130360782368,7.649646203863071e-05,0.555614251470399,0.9991944456865791,0.0016831288130573225
349223,0.0,0.0,0.9983582093344188,0.0038053133431564913,2.9806259314456036e-05,0.07336392209936005,0.9983781674976526,0.0034489614651993343,2.9806259314456036e-05,0.04734667987788577,0.9982183629995219,0.0036623484968073606
349959,1.9627342196168744e-05,0.5296347172140421,0.9995327479634042,0.0007801364095913032,3.2712236993614574e-05,0.47938213678331165,0.9993361285703329,0.0013116740140847404,9.15942635821208e-05,0.631145259487388,0.9990462232393054,0.0017122277097808961
350590,0.0,0.0,1.0,0.0,0.0,0.0,1.0,0.0,0.0,0.0,1.0,0.0
350785,1.9125700478780036e-05,0.6548086577531306,0.9990091761428962,0.0017797457148178708,2.5500933971706712e-05,0.4943572357534483,0.9986858957535965,0.0024969975963012522,4.462663445048675e-05,0.4311106959073706,0.9980512615648258,0.0039286437480290145
351882,0.0,0.0,0.9986853814043817,0.002431056604875792,0.0,0.0,0.9984410271506222,0.0032404275905787133,0.0,0.0,0.9980557738307475,0.003740417876015482
352699,1.5061601951983614e-05,0.5531464700081437,0.9997442241278469,0.0005037667784071554,2.259240292797542e-05,0.4323181322709947,0.9996800108893626,0.0006952216045542267,3.7654004879959036e-05,0.345306468667177,0.9995992550646516,0.0008398969883017769
352718,2.0325065548336394e-05,0.6548086577531306,0.9995941392711988,0.0009433820863892772,4.742515294611825e-05,0.7123736502858727,0.9995711994033879,0.000793307196484304,0.00010840034959112743,0.7770685949713371,0.9994099065274862,0.0012014977008823777
353240,3.2958485491674686e-05,1.0,0.9996748080980066,0.0007639680037121899,5.932527388501444e-05,0.9216017310213247,0.9995824930557837,0.0009232583613111695,0.00011865054777002888,0.9120975666589383,0.9994772404503314,0.0010688010375759377
353443,0.0,0.0,0.9994499453445036,0.0011933542989312595,0.0,0.0,0.9992544440626636,0.0016136856473183661,0.0,0.0,0.9990396500796729,0.0018405331320387353
353526,1.4830304243691559e-05,0.3451913422468693,0.9998662262329665,0.00015561803321956225,2.9660608487383117e-05,0.37183505243062803,0.9997705712064784,0.00033166840455351024,8.898182546214935e-05,0.5221168157682832,0.9994851496803768,0.0009205558502267995
354522,0.0,0.0,1.0000000000000002,0.0,4.025035722192035e-05,0.13305201013572895,1.0000000000000002,-4.4408920985006264e-17,8.05007144438407e-05,0.1554404051529576,1.0,-6.077010240053489e-17
355081,0.0,0.0,0.9989760673439833,0.0022466930537298644,0.0,0.0,0.9988446941257164,0.002504731127781453,0.0,0.0,0.9984770692952166,0.003173190666685664
355351,8.48356309650053e-06,0.33916020527361607,0.9993325756218253,0.0015057370580263574,3.393425238600212e-05,0.43810818083050457,0.9987508304099288,0.0025653671582259482,8.48356309650053e-05,0.49531434675346,0.9982570930540209,0.0031939432376352616
356093,0.0,0.0,0.9997249974101539,0.0006253246066227569,0.0,0.0,0.9996100942582817,0.0007600503621725115,0.0,0.0,0.9994939972063698,0.0010059612919181625
356222,0.0,0.0,0.9983975811782017,0.00326036446960305,7.929396652208733e-06,0.06943122193677725,0.9977955399845466,0.004342423953508002,2.37881899566262e-05,0.11917988335635589,0.9971264645249296,0.005626041736255461
357479,7.415152121845779e-06,0.13120507751234178,0.9983911212495163,0.0035957289021196328,2.9660608487383117e-05,0.29659339675602525,0.9978570851614883,0.0041371397612985205,6.673636909661202e-05,0.37025078477014056,0.9971009126718382,0.005348536114616842
357924,6.513215313871846e-06,0.33916020527361607,0.999007115742032,0.002288025116382997,2.6052861255487383e-05,0.4315420454124845,0.998973500784985,0.0022103357456420792,5.861893782484662e-05,0.45538439743386083,0.9987263940307309,0.002625992667208564
358373,8.228420966016621e-06,0.14606834984270645,0.999004226213269,0.0022627831149831467,1.6456841932033242e-05,0.16421958630632802,0.9987863866268551,0.002304532010033782,1.6456841932033242e-05,0.10598195897970358,0.9984626755693602,0.0029708277622323676
358598,0.0,0.0,1.0,1.554312234475219e-16,0.0,0.0,1.0,8.388351741612294e-17,0.0,0.0,0.9995919320052309,0.0008448459514845221
359397,0.0,0.0,1.0,1.1102230246251565e-16,0.0,0.0,1.0,1.2335811384723962e-16,4.114075073641944e-05,0.1786059329446883,1.0,1.116066303702131e-16
359775,3.631609529343405e-05,0.4468535299918563,0.9966714182933474,0.007550442079027775,7.26321905868681e-05,0.4892835987503299,0.9958606417715448,0.008311615067423943,9.68429207824908e-05,0.38651190052159695,0.9949060955172483,0.009436637526947282
360129,1.6463615409944025e-05,0.3835663673713356,0.9996739542606446,0.0006184865436294262,1.6463615409944025e-05,0.24890832702259458,0.9992568041683313,0.0015169100638457802,4.115903852486006e-05,0.26656083602827824,0.9989187003913038,0.0022198852251316898
360674,0.0,0.0,0.9989475913254651,0.002584820368996543,0.0,0.0,0.99886960289639,0.002374855209200229,3.222376180195276e-05,0.03730675036644463,0.9985309520100059,0.003039567776983908
360909,0.0,0.0,0.9995723089482966,0.000987877640045909,0.0,0.0,0.9991436063771936,0.001637262208078933,0.0,0.0,0.9985531253464425,0.003016683885275385
361858,1.725982947288481e-05,0.3835663673713356,0.998137351884691,0.004435851762256226,3.451965894576962e-05,0.3917034710587319,0.9979421673524846,0.004185428286510192,7.766923262798163e-05,0.4302964908922619,0.9973002711571726,0.005409515872529954
362370,0.00010795055864414098,0.3835663673713356,0.9949703519873629,0.011793648316045091,0.00010795055864414098,0.24890832702259458,0.9945050201274622,0.011342279903538907,0.00010795055864414098,0.1606373070201721,0.9936827937665497,0.012160834053943321
362406,0.0,0.0,0.9993833805951547,0.0013906835375154358,0.0,0.0,0.999043075710883,0.002076289609855323,0.0,0.0,0.9986679051042723,0.002592394749578344
362539,7.415757000474609e-06,0.16958010263680803,0.9982905541123784,0.0040587051622824055,1.4831514000949217e-05,0.1884441521277154,0.9983932025562474,0.0029776053325988143,5.191029900332226e-05,0.29890895442197896,0.9982119493361775,0.003272258157504334
363325,6.783616210129296e-06,0.16958010263680803,1.0,0.0,6.783616210129296e-06,0.11004588314904007,1.0,0.0,6.783616210129296e-06,0.07102001981682865,1.0,0.0
363672,0.0,0.0,1.0,0.0,5.3253807647246777e-05,0.06625422345438903,1.0,0.0,5.3253807647246777e-05,0.04275831251503158,0.9996036456113264,0.000803882429630082
364047,0.0,0.0,0.9982048281943039,0.0038815254293714796,0.0,0.0,0.9977638408316215,0.004782812211948135,7.096728408203818e-05,0.035510009908414325,0.99713837071379,0.005720344883738669
365172,0.0,0.0,0.9996361803879074,0.0007055147198989697,0.0,0.0,0.9994055302839927,0.0011584807634717586,5.984082340973012e-05,0.03343749138471349,0.9991176176661881,0.0018252652049298912
365602,1.182648185817683e-05,0.21398626473452753,0.9979580898135272,0.004460045550157099,2.365296371635366e-05,0.2024832320725062,0.9973898122851661,0.005295041457326266,4.730592743270732e-05,0.2004698459634848,0.9967315323266666,0.006383613578602403
365711,1.1506685384208224e-05,0.33916020527361607,0.9978683076277859,0.0041739837354181405,3.452005615262467e-05,0.37185395737611554,0.9975503119586817,0.004844533233116177,4.60267415368329e-05,0.27728915285260475,0.9971449202564917,0.005642750387567949
365869,2.3010193515727468e-05,0.6164336326286644,1.0,0.0,3.068025802096996e-05,0.47842151728792726,1.0,1.4802973661668754e-17,4.6020387031454936e-05,0.3751588894625944,1.0,9.349246523159212e-17
366825,2.6476389679503304e-05,0.360054614577234,0.9984154321223363,0.003873010354706907,5.295277935900661e-05,0.38148029915855786,0.9983738873299594,0.0033824563992929818,9.266736387826156e-05,0.3537618621313916,0.9980456018629281,0.0038413802242240488
367930,0.0,0.0,1.0000000000000002,-2.220446049250313e-16,0.0,0.0,1.0000000000000002,-2.220446049250313e-16,2.926779298890019e-05,0.14435233552034576,1.0000000000000002,-2.220446049250313e-16
368374,0.0,0.0,0.9989100749474173,0.002211174212245015,2.6329993812451453e-05,0.14201905717762703,0.9986500055380331,0.0023732398985294566,3.949499071867718e-05,0.1245194329290831,0.9984214861488525,0.002291243110479582
368981,2.0134093059778122e-05,0.16958010263680803,0.9991888935835698,0.0019652747636190403,4.0268186119556244e-05,0.1884441521277154,0.999123007037195,0.0018627035852029688,8.053637223911249e-05,0.18946400384817985,0.9987585788273992,0.0025798932617785413
369043,0.0,0.0,0.9972625455138152,0.00664224597450287,0.0,0.0,0.9972673152630012,0.005930386194728086,0.0,0.0,0.9971788388416896,0.005711778008155147
369832,0.0,0.0,1.0000000000000002,-6.661338147750939e-17,0.0,0.0,1.0,1.973729821555834e-17,9.959663363378318e-05,0.0719593582041354,1.0,9.933574430856664e-18
370322,2.5259382281806298e-05,0.8539316501572934,0.9997068449369643,0.0006591956694119161,3.1574227852257874e-05,0.6275071330616557,0.999561256013686,0.0009602159812062386,5.0518764563612596e-05,0.511682145506705,0.9993746027832298,0.0012871318556438866
370676,1.6963240657495207e-05,0.3451913422468693,1.0,-2.2204460492503132e-17,1.6963240657495207e-05,0.2240055615151755,0.9999712849666551,5.743000969782555e-05,5.937134230123323e-05,0.3268062736865319,0.9993021631406738,0.001432191677743025
371423,1.4455149285554247e-05,0.5531464700081437,0.9988197403886374,0.0027366104050227436,1.4455149285554247e-05,0.35895421017163465,0.9985321020362357,0.0030977951009349474,2.8910298571108493e-05,0.29805859024130305,0.9981238718339812,0.0036658073094843853
371584,1.318026650498873e-05,0.3451913422468693,0.9965221638371912,0.008069196310069204,4.613093276746056e-05,0.5750739861833288,0.9963638313546497,0.0073576324400022285,9.885199878741548e-05,0.6605633634555853,0.9962068763495413,0.0064894081686059195
371658,1.2304663467454165e-05,0.21398626473452753,0.9993312852828163,0.0015500273163726597,2.460932693490833e-05,0.20511666732794356,0.999247513252716,0.0014888804381605286,7.382798080472499e-05,0.2714735095080691,0.9989980108163398,0.001981333991359186
371768,6.58457891617831e-05,0.16958010263680803,0.9993441028036203,0.0015746805472266812,6.58457891617831e-05,0.11004588314904007,0.999260927308088,0.0015120924394092924,6.58457891617831e-05,0.07102001981682865,0.9991080746769923,0.001777343531688334
371887,2.6724391351986957e-05,0.14606834984270645,0.9988681029112545,0.0022239365781153374,2.6724391351986957e-05,0.09478836436955078,0.9983639488686856,0.0034758913817044593,2.6724391351986957e-05,0.06117331537803187,0.9979301394262668,0.004231674301309303
372332,2.004690976885913e-05,0.6843515475204854,0.99844887088482,0.003704762059030131,2.672921302514551e-05,0.5174612499126157,0.9980980558249921,0.004023671495882938,5.345842605029102e-05,0.4774922843754342,0.9975988844981073,0.004693644900084945
372472,1.188297644794068e-05,0.14606834984270645,0.998579590283942,0.0033732776156235158,4.753190579176272e-05,0.3062386434839551,0.9982044745633301,0.003673549769175799,8.318083513558476e-05,0.29878785744438063,0.9978403008154535,0.004160318477218113
372679,3.449060820738513e-05,1.0,0.999735663097924,0.0005895792740788442,6.898121641477026e-05,1.0,0.9996012151877505,0.0008748335628857203,0.00011036994626363242,0.8526529223332184,0.9994742968770198,0.0010812207877557375
372907,0.0,0.0,0.9994601103401216,0.001145194011896622,1.4280002284800366e-05,0.0636207881989517,0.9991738680500735,0.001708255427945112,4.28400068544011e-05,0.1107038209016535,0.9988465107147227,0.0022827658096471956
373799,1.3688691771727377e-05,0.33916020527361607,0.998756971183435,0.003050491790567722,1.3688691771727377e-05,0.22009176629808014,0.998249345071007,0.0035238139042637804,5.4754767086909507e-05,0.24804136913696057,0.9977183017287112,0.004458247567770483
373860,0.0,0.0,0.9991533891977579,0.0016827827907042957,2.3090422092915857e-05,0.1396181455537491,0.9990879839516712,0.0019300797744382105,3.463563313937379e-05,0.12646128038145618,0.9989452189026313,0.0021500425845034504
374258,0.0,0.0,0.9989197946321189,0.002542181856705783,1.3688129653964082e-05,0.06943122193677725,0.998887356052362,0.0023863243306297692,4.106438896189225e-05,0.11553157291537444,0.9986949129684355,0.0026869389788357493
374934,0.0,0.0,1.0,0.0,0.0,0.0,1.0,0.0,0.0,0.0,1.0,0.0
375494,0.0,0.0,0.9985602307191703,0.003486423042850473,0.0,0.0,0.9983386298532515,0.00350240351661846,4.013646397752358e-05,0.03635628798853883,0.997948868465097,0.004172204151217758
375957,0.0,0.0,0.9992075017710297,0.0018666574101940392,9.986019572598362e-05,0.0636207881989517,0.9992108520465441,0.0017065733247036258,9.986019572598362e-05,0.04105877938688905,0.9991052381058104,0.0018090101991271356
375966,2.6690510189102266e-05,0.8304198973631919,0.9980345956166831,0.004682558566780237,4.670839283092896e-05,0.752969406552648,0.997965313827099,0.004397000848516145,7.339890302003123e-05,0.6297976296241585,0.9976210787846389,0.00477439620323586
376387,7.415152121845779e-06,0.16958010263680803,1.0,0.0,1.4830304243691559e-05,0.17366667134799177,1.0,0.0,3.70757606092289e-05,0.22125184746711551,1.0,0.0
376728,0.0,0.0,0.9993467061583935,0.001419183419425385,0.0,0.0,0.9991069056145033,0.0019292902569188314,5.958587814687919e-05,0.14500110876120462,0.9991025029571505,0.0015386707722794134
377707,3.519144144144144e-05,0.13120507751234178,0.9951425733174665,0.011493786922911453,3.519144144144144e-05,0.08514311764162098,0.995306344569248,0.008644942572247053,3.519144144144144e-05,0.05494858807198588,0.9936036537368977,0.012405817295980637
378058,2.2245621320203472e-05,0.7227265726449517,0.9986565216850478,0.0025635173009189494,2.9660828426937964e-05,0.5384313152574519,0.9981450644616343,0.0037165308975303114,4.4491242640406944e-05,0.4244138076777613,0.9976368291385329,0.004433421579709984
378408,1.3392259274139547e-05,0.13120507751234178,1.0,8.881784197001253e-17,2.6784518548279094e-05,0.14876390584057267,1.0,4.6876083261951054e-17,6.696129637069774e-05,0.2025796697078399,1.0,7.654695590836606e-17
378577,2.031061703654557e-05,0.6399453854227659,0.9990398044851764,0.0022473625481212677,2.031061703654557e-05,0.4152807670887412,0.9989124197214474,0.0021988987377366135,2.031061703654557e-05,0.26800864752247183,0.9986651205274022,0.00270417253882619
378601,2.8550219836692744e-05,0.3451913422468693,1.0000000000000002,0.0,5.710043967338549e-05,0.37183505243062803,0.9996989901449611,0.0005876092068661773,5.710043967338549e-05,0.2399702018516181,0.99909266790127,0.0018406134786164749
379077,0.0,0.0,0.9994064590374098,0.0010012215816505242,0.0,0.0,0.9991876649280826,0.0016964309632892343,2.4034032189580446e-05,0.10370801377074695,0.998991050516015,0.0019359563404935415
379255,0.0,0.0,0.9993402689925475,0.001403387868906225,0.0,0.0,0.9990925321705728,0.0019342716388203,0.0,0.0,0.9988994710486219,0.0022424107158072544
379291,2.0018016214593135e-05,0.7227265726449517,0.9995347285009322,0.0009001262974963397,4.003603242918627e-05,0.6870165078530991,0.9994497122423509,0.0011500926389411445,9.341740900143463e-05,0.7272664318102633,0.9992641176282302,0.0014452032202470757
379611,2.6774120135477048e-05,0.47036528278595785,0.9910537507147021,0.01943064816907695,2.6774120135477048e-05,0.3052348839397011,0.9900961967770314,0.019193408355206738,4.0161180203215574e-05,0.2342953780720878,0.9895400789911356,0.019264915821612282
379761,0.0,0.0,0.9991694134852753,0.0019521412203723054,3.975668906293484e-05,0.06943122193677725,0.9991611781657852,0.0018141050845813967,3.975668906293484e-05,0.04480864360167173,0.9990505218262117,0.001953514861141129
379985,0.0,0.0,0.9987114119957768,0.0028256782373046407,0.0,0.0,0.9987252317910738,0.002708251445813755,1.9500780031201248e-05,0.03406297225598251,0.9984333386230937,0.003082067153580366
380204,4.8317348343922885e-05,0.27727342735504823,0.9966042168594453,0.00804527161929507,9.663469668784577e-05,0.32195053918879885,0.9967482546229997,0.005575835992890769,0.0001691107192037301,0.320532243731591,0.9962623157289748,0.006098709463173174
380353,6.627344423089668e-05,0.33916020527361607,1.0000000000000002,-2.220446049250313e-16,6.627344423089668e-05,0.22009176629808014,1.0000000000000002,-2.220446049250313e-16,0.00013254688846179335,0.1804246777990402,1.0000000000000002,-2.220446049250313e-16
380364,0.0,0.0,0.9988113559082278,0.0028033542248898204,0.0,0.0,0.9984145317412219,0.0030449582282491973,0.0,0.0,0.9977600375180075,0.004311998415530481
380400,2.7084673460405593e-05,0.8304198973631919,0.9991214878094782,0.0020723135877026453,5.4169346920811186e-05,0.8205228949141825,0.9990491291293544,0.002101828178902496,0.00010156752547652098,0.7743785485916623,0.9988862656227984,0.0023107436497677367
380515,1.565447444015686e-05,0.3835663673713356,0.9990352651276172,0.0019781879358147236,3.130894888031372e-05,0.39356081945565896,0.9983228715222399,0.003371465923765952,5.4790660540549004e-05,0.3625476616092253,0.9980675798632858,0.0034522746127900955
380672,0.0,0.0,0.999630463229698,0.0008770611896420366,0.0,0.0,0.9995526247243884,0.0009521900213522777,5.617661929105106e-05,0.06708846384718838,0.9994427192532788,0.0011394055210934722
382873,1.6023586719651327e-05,0.3835663673713356,0.9994938198243897,0.0011004260388954412,2.403538007947699e-05,0.3222722491219546,0.9993787642895982,0.0013390818416405966,3.2047173439302654e-05,0.24273415959692646,0.999313638177615,0.00134334906445957
383452,2.2665457842248415e-05,0.3835663673713356,1.0,-1.3322676295501878e-16,3.399818676337262e-05,0.31833954895937183,0.9995144319483149,0.0009480344937896524,4.533091568449683e-05,0.24180223861038264,0.9978248954311283,0.0043069494911367875
384042,1.4274294849834417e-05,0.13120507751234178,1.0,4.4408920985006264e-17,4.2822884549503255e-05,0.22212782793993271,1.0,3.454027187722709e-17,5.709717939933767e-05,0.1762190179043377,1.0,3.7981314000334304e-17
384194,2.194988110481068e-05,0.4468535299918563,0.9987598819705162,0.0030001731748325543,4.389976220962136e-05,0.4892835987503299,0.9987497924146709,0.0026048284136386615,5.1216389244558256e-05,0.3512776686788531,0.9984460389176759,0.002804249342572833
384477,0.0,0.0,0.9986725263823326,0.0028191132827517394,7.827543560279913e-06,0.07336392209936005,0.9981403544482653,0.0038451032190407906,1.5655087120559825e-05,0.08021165044546277,0.9979120813491518,0.004135979255217917
384494,0.0,0.0,0.9998422316693307,0.0003805344894072138,0.0,0.0,0.9997442699516963,0.0005181463025795561,4.72455825380327e-05,0.03343749138471349,0.9996377343852831,0.00039730378707329516
384538,0.0,0.0,0.9994998103874349,0.0008193194480207944,0.0,0.0,0.9990451229195753,0.001823771084103587,9.461185486541464e-05,0.07513107696422992,0.9982673530213171,0.0034606753832357564
385417,2.031061703654557e-05,0.49125969208957576,0.9981511730615263,0.004318043579973252,4.7391439751939663e-05,0.5964984284535196,0.9979716765307319,0.004352702198590282,9.478287950387933e-05,0.6260775455420154,0.997941022744752,0.004174337234856955
385607,2.6804621116680515e-05,0.47036528278595785,0.9992453142035951,0.0017761704935453481,4.020693167502077e-05,0.38363315291837646,0.9991873220179887,0.001660333434342867,9.38161739083818e-05,0.3852351828175225,0.9989667743800293,0.0019750247495404984
386238,0.0001002104419280489,0.16958010263680803,0.9993299892175417,0.0016164587546739994,0.0001002104419280489,0.11004588314904007,0.9993209585950151,0.0014403695755989482,0.0001002104419280489,0.07102001981682865,0.9992416019193294,0.0015615984153374027
386781,1.2885518609910253e-05,0.47036528278595785,0.9993431948337104,0.0014874613758207645,2.5771037219820505e-05,0.43828689407543014,0.9992287445723023,0.0016068640265232087,6.442759304955127e-05,0.495450683403287,0.9987623870052742,0.002488757712766245
387960,0.0,0.0,0.9994251686243203,0.001195201141514246,2.857673567948333e-05,0.1427951440361373,0.9990262347073907,0.002064286453748696,7.144183919870834e-05,0.19764973792958418,0.9986798987324581,0.0026306444672840263
388249,0.0,0.0,0.9991129445221253,0.002111328010774205,0.0,0.0,0.998895173791051,0.0023447419009269424,2.9784065524944155e-05,0.03635628798853883,0.9986526613444561,0.0027464936551697267
389435,0.0,0.0,1.0,0.0,0.0,0.0,1.0,0.0,0.0,0.0,1.0,0.0
389903,0.0,0.0,1.0000000000000002,-2.220446049250313e-16,0.0,0.0,1.0000000000000002,-2.220446049250313e-16,0.0,0.0,1.0000000000000002,-2.162013258480568e-16
390033,1.6207718115366538e-05,0.13120507751234178,1.0,-1.1102230246251565e-16,4.8623154346099614e-05,0.22082856303278728,1.0,3.947459643111668e-17,4.8623154346099614e-05,0.1425155441886892,0.9997741337453432,0.00045309832409341793
390424,0.0,0.0,1.0,-8.881784197001253e-17,0.0,0.0,1.0,-6.41462192005646e-17,0.0,0.0,1.0,-1.5192525600133722e-17
391689,0.0,0.0,0.9971131884185102,0.005925811465838182,0.0,0.0,0.9965069935854839,0.006974684546872815,0.0,0.0,0.9958766745003877,0.008401360851994864
392663,0.0,0.0,0.998317725808049,0.0038706579926841124,0.0,0.0,0.9982975690459917,0.003373856839924658,0.0,0.0,0.9980500162945407,0.0033874045883961097
392877,8.227676257394624e-06,0.16958010263680803,0.9978708191430476,0.004815035117978028,8.227676257394624e-06,0.11004588314904007,0.9974408075306689,0.005431869430406544,3.2910705029578496e-05,0.17518044051524487,0.9968313341235421,0.00631218859734096
393343,2.6464478054331573e-05,0.3835663673713356,1.0,6.661338147750939e-17,5.292895610866315e-05,0.3917034710587319,1.0,1.973729821555834e-17,7.939343416299472e-05,0.3223656126641264,0.9999466010915146,0.00011023297161125126
393368,2.0695792545375527e-05,0.6843515475204854,0.9991406160129521,0.0020728288109882363,3.449298757562587e-05,0.5771493379489846,0.9990154069216732,0.002064462736811722,6.208737763612657e-05,0.5146928787089657,0.9988480628936717,0.0023251009517564055
393573,0.0,0.0,1.0000000000000002,1.1102230246251566e-17,0.0,0.0,1.0000000000000002,3.700743415417188e-17,0.0,0.0,1.0000000000000002,-9.933574430856664e-18
393678,0.0,0.0,0.9998220859090342,0.0004174137654581633,0.0,0.0,0.999720693065262,0.00046965691276070506,4.336701504835422e-05,0.10780873113939765,0.999602800338135,0.0007670677266374581
394031,0.0,0.0,1.0000000000000002,7.771561172376095e-17,0.0,0.0,1.0,9.128500424695731e-17,0.0,0.0,1.0,5.843279076974508e-17
394516,2.2665200983669724e-05,0.3835663673713356,0.997187392079659,0.006731183242170069,4.533040196733945e-05,0.40067051810063,0.9960945534191445,0.008332033278736935,9.06608039346789e-05,0.3933559137529686,0.9954468826558888,0.008892554510775912
394745,2.468851325773162e-05,0.4468535299918563,0.9972910208872378,0.005431623506297967,4.1147522096219364e-05,0.42302937529594087,0.9955901205797982,0.00957512162228702,8.229504419243873e-05,0.44566486131928207,0.9939839465033783,0.012476540014896235
395703,1.301464798630859e-05,0.3835663673713356,0.9991597152964389,0.002000551473430334,2.602929597261718e-05,0.38852647257634365,0.9990041463398256,0.002106768076654126,7.158056392469725e-05,0.4961088423825671,0.9988401188982504,0.0023522601183447013
396330,0.0,0.0,0.9991847703671708,0.0019059496300644519,1.3232063937332945e-05,0.06625422345438903,0.9986284284806345,0.0030280864841556354,3.9696191811998834e-05,0.11301849512231447,0.9980024602392475,0.00399707631933753
396799,2.3023614553994214e-05,0.5296347172140421,0.9993831819314287,0.0012317173323604825,3.069815273865895e-05,0.4220949603708207,0.9991320208916321,0.0017726573587291425,6.13963054773179e-05,0.4185553813511971,0.9989091042752511,0.0021453607095040183
396985,0.0,0.0,0.9995313640423253,0.0011043245608738594,0.0,0.0,0.9992972204760819,0.0015093499714157927,3.241280954233113e-05,0.07305855844052908,0.9990344831766601,0.0019563137614382396
397085,1.602307322544464e-05,0.360054614577234,1.0000000000000002,0.0,4.00576830636116e-05,0.4477345226129469,1.0000000000000002,0.0,8.01153661272232e-05,0.47613199515729204,1.0000000000000002,0.0
397279,2.2420016590812277e-05,0.49125969208957576,0.9993031860779105,0.001653056809584086,4.484003318162455e-05,0.5181001594748442,0.9991868911094312,0.0016036142867993646,7.473338863604093e-05,0.4728231126265691,0.9990929731129127,0.0010868821674219168
397474,2.0017481934222555e-05,0.6992148198508501,0.9996113804265694,0.0008928528891996134,2.0017481934222555e-05,0.45374257454118544,0.9994556631768734,0.001118048331578709,5.337995182459348e-05,0.4735938988290724,0.9991800450616131,0.0016536168678340968
397905,0.0,0.0,0.99967178309481,0.0005122491809719021,6.325470773162293e-06,0.07336392209936005,0.999547328390163,0.0007606962417618762,1.2650941546324586e-05,0.0837029678664246,0.9994638776865272,0.000767285502572919
398053,7.316787637555608e-06,0.21398626473452753,1.0000000000000002,1.1102230246251565e-16,2.926715055022243e-05,0.3381686774636725,1.0000000000000002,1.1102230246251565e-16,4.390072582533364e-05,0.2886622829514571,1.0000000000000002,1.1102230246251565e-16
398945,0.0,0.0,1.0000000000000002,-2.220446049250313e-16,4.0559724193875484e-05,0.07839826897867533,1.0000000000000002,-2.220446049250313e-16,0.00012167917258162645,0.11699694637891939,0.9999753633914649,4.927321707022258e-05
400275,1.182522320108792e-05,0.33916020527361607,1.0,-2.220446049250313e-16,4.730089280435168e-05,0.4412851793128928,1.0,-2.220446049250313e-16,7.095133920652752e-05,0.3511923094921342,1.0,-2.220446049250313e-16
400284,0.0,0.0,0.9985110125183333,0.0035911173496484873,0.0,0.0,0.9983653728243838,0.003468795396090226,0.0,0.0,0.9979154135225012,0.004255094564476865
400819,7.415482043410232e-06,0.16958010263680803,0.9995018975391815,0.0011448406981280467,1.4830964086820464e-05,0.1884441521277154,0.9994253060885822,0.0010840353440433276,2.966192817364093e-05,0.19357506099558114,0.9993526302020387,0.001210177967462128
400896,2.8271348401962032e-05,0.6608397947263838,0.9995309555222323,0.0010687319664655416,5.6542696803924065e-05,0.7015099647232445,0.9993953503829571,0.0013224597058962297,0.00010601755650735762,0.7036666033997293,0.9992658393503184,0.0015378532693197924
400897,1.6964247847661054e-05,0.3156484524795145,0.9980547112429488,0.004718633329861777,3.392849569532211e-05,0.3347092591719316,0.9976961891324978,0.0048420589530772055,4.241061961915263e-05,0.25236671508532,0.9971022667789093,0.005469589545697751
401250,2.2592062655320432e-05,0.6992148198508501,0.9980391833083606,0.004505220048139647,3.0122750207093906e-05,0.5271064966405455,0.9971628227944871,0.005658373945284108,6.777618796596129e-05,0.5227269793862378,0.9963539156792687,0.0072105988163046
401495,0.0,0.0,0.997439785197575,0.004688111193606415,0.0,0.0,0.9967366254386985,0.007139861460632206,0.0,0.0,0.9964207798437611,0.007233929049223378
402050,1.493975543620351e-05,0.47036528278595785,0.9991901219695304,0.001969346722772347,2.987951087240702e-05,0.4351098955930419,0.9990875654048545,0.001999395532004194,2.987951087240702e-05,0.28080571960756384,0.9988928329313127,0.0022904949991145603
402593,0.0,0.0,1.0,-2.2204460492503132e-17,0.0,0.0,0.9999999999999998,-4.9343245538895844e-17,5.3448782703973914e-05,0.06979377937325233,0.9978504044061006,0.004327977728854084
402922,0.0,0.0,0.999439666971565,0.0009579395083218478,6.590697888999466e-06,0.07336392209936005,0.9994895276061385,0.000496527566188666,6.590697888999466e-06,0.04734667987788577,0.9994022203018579,0.0007828436725632405
403187,2.6464478054331573e-05,0.3451913422468693,0.999260279046023,0.001690402481804798,3.969671708149736e-05,0.2973694836145355,0.9992545874602253,0.0014983946701413082,5.292895610866315e-05,0.2315336222090307,0.9991162115577122,0.0014604867021335117
403277,0.0,0.0,0.9994991056203363,0.000985425204252066,0.0,0.0,0.9991862126919567,0.0012127572021633293,0.0,0.0,0.9987064436844089,0.002420854808284345
403428,7.415262092438657e-06,0.14606834984270645,0.9964728057864536,0.006666305009621709,2.966104836975463e-05,0.31598177738436345,0.9956757630957898,0.008789926169817662,4.4491572554631945e-05,0.2758836800363419,0.9949490119201059,0.009931578938393583
403907,8.481908090043937e-06,0.13120507751234178,0.997705055144371,0.0044617499124441126,3.392763236017575e-05,0.28838205139432177,0.9970252388025065,0.005093681350121668,7.633717281039543e-05,0.36701160852903686,0.9960796168237035,0.00746823827189902
404117,0.0,0.0,0.9988956222824739,0.002441379661105203,0.0,0.0,0.9986778760744748,0.0022710224079878216,0.0,0.0,0.9981566802608006,0.0034803612981840625
404122,0.0,0.0,0.9995167621086658,0.0010827756627706186,7.153229325378942e-06,0.06943122193677725,0.9994052321028588,0.0012681595478197015,7.153229325378942e-06,0.04480864360167173,0.9991447967714624,0.0017307500354714815
404918,1.9545629271534396e-05,0.7227265726449517,0.9996303863709519,0.0008906612615367293,4.5606468300246925e-05,0.7564477297898764,0.9994370584363196,0.0011772081112489039,7.818251708613758e-05,0.6613475476687121,0.9992503834203855,0.0014902868894539302
404931,0.0,0.0,0.9993525905295764,0.0012205819759679604,0.0,0.0,0.99919316704419,0.0013852373782107612,1.5340481997944377e-05,0.07186629789695316,0.9989258305346642,0.002104255480855699
405036,0.0,0.0,0.9997984772134091,0.00044196921757708727,1.9500780031201248e-05,0.07839826897867533,0.999747849077318,0.0005065575910077822,5.850234009360375e-05,0.12860138819581554,0.9996773847462928,0.0005927285192598097
405900,3.295131772319575e-05,1.0,0.999685430018342,0.0005892204899984766,5.931237190175235e-05,0.92663607790064,0.9995194213661233,0.0010353937573504667,0.0001186247438035047,0.9197883495545373,0.999404426532412,0.0011006214607504482
406099,1.190206976993299e-05,0.14606834984270645,0.9986272808827732,0.003242620060393242,1.190206976993299e-05,0.09478836436955078,0.9981184268903134,0.00411773042353832,1.190206976993299e-05,0.06117331537803187,0.9975197252747238,0.0051339934367075945
406370,0.0,0.0,0.9980729626138907,0.004651635252574071,3.466364707785455e-05,0.20904936749052636,0.9977870682136635,0.0048746388535432575,5.777274512975759e-05,0.20739967361798167,0.9974698303305602,0.005096169425155327
408250,0.0,0.0,0.9989863901744013,0.0021586822214461733,0.00011257458065968704,0.06943122193677725,0.9987941000873256,0.002620303805239361,0.00033772374197906115,0.12281434882287022,0.9986801894619521,0.0024643997619199654
408365,8.011344063193482e-06,0.33916020527361607,0.9988105233526798,0.002426724286722981,8.011344063193482e-06,0.22009176629808014,0.9987182199407275,0.0026272070390683405,2.4034032189580446e-05,0.21340976225608443,0.9985035994631545,0.0030163326358070186
408442,2.949417490045716e-05,0.14606834984270645,0.993361473345791,0.01388409303854734,8.848252470137147e-05,0.23680742154717782,0.9935654192941519,0.012311952261473596,0.00011797669960182864,0.1891840657280768,0.9937001766175106,0.010188537531179728
409077,0.0,0.0,0.9993687254016332,0.00140193646929595,0.0,0.0,0.9992358332229208,0.001553160353899156,8.011344063193482e-06,0.03730675036644463,0.9990500159747745,0.0019205639762038618
409332,7.531141269147927e-06,0.21398626473452753,0.9981379834838264,0.004269220266493012,7.531141269147927e-06,0.1388624438735545,0.9976639079199254,0.004740693293463967,2.259342380744378e-05,0.16148358510029662,0.9974487915068606,0.005046316598726226
409624,4.012358062833527e-05,0.21398626473452753,0.9996528221836181,0.0008512556762455103,4.012358062833527e-05,0.1388624438735545,0.9994168566779384,0.001254328102801831,0.00012037074188500582,0.16148358510029662,0.9991084001512593,0.0018255854901612413
409628,3.130968408528758e-05,0.6608397947263838,0.9982874853649459,0.003862372709919559,3.913710510660947e-05,0.5022037311331264,0.997934815212839,0.00448411788630934,7.827421021321895e-05,0.4991904017270709,0.9973064008634598,0.005387139043427549
409722,2.176625939576864e-05,0.49125969208957576,0.9996021650006274,0.0008774330161525845,4.353251879153728e-05,0.5368103404171507,0.9994682873093705,0.001140204556049255,6.529877818730592e-05,0.4515949174440745,0.9993071544467043,0.0014068641775475206
410335,2.309308823869016e-05,0.30078518014914984,0.9990081923205028,0.0019160028167514165,3.463963235803524e-05,0.2685529228900211,0.9985593326828404,0.003116903535908524,5.77327205967254e-05,0.24537221083201347,0.998210184085127,0.003408358014184383
410457,1.4830854108888132e-05,0.3835663673713356,0.9995734830188372,0.0010259862563818944,3.707713527222033e-05,0.466924741555019,0.9993939365451034,0.0012499036401334553,8.156969759888472e-05,0.5155387303864597,0.9990698406422134,0.0018021967582695809
410596,3.638480570513753e-05,0.14606834984270645,0.9998049730904309,0.0003900539851910079,3.638480570513753e-05,0.09478836436955078,0.9984091878582101,0.0033414061104623466,7.276961141027506e-05,0.09461080676274536,0.9970682510075657,0.005832769348172167
411773,9.947774185525989e-05,0.3451913422468693,0.9969565015226648,0.007400784643478808,9.947774185525989e-05,0.2240055615151755,0.9963945639335083,0.007588494524537145,9.947774185525989e-05,0.14456587527532933,0.9959292389388313,0.00802598693844938
412332,0.0,0.0,1.0000000000000002,-2.220446049250313e-16,0.0,0.0,1.0000000000000002,-2.220446049250313e-16,0.0,0.0,1.0000000000000002,-2.220446049250313e-16
412421,1.1826062276043946e-05,0.16958010263680803,0.999338147285495,0.0015785748483495786,4.7304249104175783e-05,0.31646181538412904,0.9986627041797773,0.002451337329399377,7.095637365626368e-05,0.27208242374000935,0.9970498892222983,0.0053307637826471785
412593,4.127455836222553e-05,0.21398626473452753,0.9986479957574026,0.0030888687820367577,4.127455836222553e-05,0.1388624438735545,0.9982901234307757,0.003731961945863,8.254911672445105e-05,0.12195557835166326,0.9976751514153956,0.004595649076583983
412774,2.575859048992839e-05,0.8304198973631919,0.9994709086238759,0.0011585010125733986,5.795682860233888e-05,0.8899541168509598,0.9994091672089042,0.0012653889481650607,0.00011591365720467776,0.8893589131273557,0.9993044753498387,0.0014194367093521491
413034,1.7450484250937964e-05,0.47036528278595785,0.9977627102629111,0.004724972393752603,1.7450484250937964e-05,0.3052348839397011,0.9968327681694088,0.006643391586362172,4.362621062734491e-05,0.30291215671374927,0.9951333483571931,0.009646440075639867
413109,7.670535173239037e-06,0.14606834984270645,0.9968170986334568,0.007783727810331154,2.301160551971711e-05,0.2246633760228915,0.9968814436044481,0.006685035802395518,3.8352675866195185e-05,0.2145633894443493,0.9963633822643455,0.007563064945681698
413206,0.00010755001075500108,0.21398626473452753,0.9990855749992033,0.0017351935534326013,0.00010755001075500108,0.1388624438735545,0.998984712498107,0.001798690317461123,0.00021510002151000216,0.12800192536872637,0.9986651531927826,0.0025112098856457247
413300,8.227676257394624e-06,0.21398626473452753,0.9999999999999997,2.7755575615628914e-16,3.2910705029578496e-05,0.3600558568883671,0.9994635719263589,0.0010321672878693701,5.759373380176237e-05,0.3448061209881925,0.9985737302158867,0.0028499429554990716
413628,0.00010788650339842486,0.16958010263680803,0.9989525863373645,0.0023317200914167668,0.00010788650339842486,0.11004588314904007,0.9986898564077759,0.0028193257276830615,0.0005394325169921243,0.21360924702748452,0.998450915702468,0.003135533989871091
413634,0.0,0.0,0.9987397639071558,0.002898148806381462,0.0,0.0,0.998639630511672,0.002984151402312513,0.0,0.0,0.9984822771315548,0.003056199869701708
413975,0.0,0.0,0.9983171669028851,0.0038719757892508146,7.828340157036504e-06,0.06625422345438903,0.9979291766857958,0.004486479673060794,3.1313360628146015e-05,0.15443630263616037,0.9975963774204519,0.004936436818072441
414057,3.3890263327346056e-05,0.16958010263680803,1.0,0.0,6.778052665469211e-05,0.1884441521277154,1.0,0.0,0.00016945131663673028,0.23186663885378178,1.0,-1.1686558153949016e-17
414214,0.0,0.0,1.0000000000000002,1.1102230246251565e-16,0.0,0.0,1.0000000000000002,1.1102230246251565e-16,0.0,0.0,1.0000000000000002,1.1102230246251565e-16
414376,8.725775066970323e-06,0.14606834984270645,0.9998959766074804,0.00020804671427326893,1.7451550133940646e-05,0.16815228646891084,0.9995186737987307,0.0009297393439551123,4.3628875334851616e-05,0.21693320630976967,0.9988021740424273,0.0024735460924588154
415734,1.3025751911529093e-05,0.5531464700081437,0.998900681601738,0.00258377268097153,1.953862786729364e-05,0.4225749983705864,0.9987499613881052,0.0025846218263384834,2.6051503823058186e-05,0.30822611613230416,0.9985655763436114,0.002846471880513497
416107,0.0,0.0,1.0,-2.220446049250313e-16,0.0,0.0,0.9985103323583688,0.0030973626437439273,0.0,0.0,0.997087786510721,0.005505764067695879
416230,0.0,0.0,1.0,-4.4408920985006264e-17,8.227676257394624e-06,0.07336392209936005,0.9999999999999998,9.375216652390211e-17,2.4683028772183872e-05,0.11254994159378258,0.9998002684931864,0.0003975051868737338
416563,0.0,0.0,1.0,0.0,0.0,0.0,1.0,0.0,0.0,0.0,1.0,0.0
416670,8.01127988207396e-06,0.16958010263680803,0.9983821892856455,0.003790297231001405,2.403383964622188e-05,0.24309789328476902,0.997982683846604,0.004270653023223948,7.210151893866565e-05,0.3769311668575627,0.9973667713438475,0.005334424579207587
417320,6.883307291487414e-06,0.21398626473452753,0.999283975169809,0.0014806590116976381,2.064992187446224e-05,0.2835149363066189,0.9992644016524199,0.0014231169093354016,5.5066458331899314e-05,0.3606267532597746,0.9989317134455671,0.002104901248004722
417357,0.0,0.0,0.999292703128001,0.001625963337885572,0.0,0.0,0.9990932397186164,0.0019412199573532573,0.0,0.0,0.9986064729419122,0.0029083675483468083
418940,0.0,0.0,1.0000000000000002,1.2212453270876723e-16,6.315364017581973e-06,0.06943122193677725,0.9993758319532082,0.0013091670235177643,6.315364017581973e-06,0.04480864360167173,0.9988147370718007,0.0016740788311165188
419168,8.012371100979912e-06,0.13120507751234178,0.9984321606789571,0.0037080122164993568,1.6024742201959825e-05,0.15850703974098104,0.998149837180528,0.003990416512480192,2.4037113302939737e-05,0.13635824020585416,0.9977473999486941,0.004652953935595064
420535,1.230481487406022e-05,0.13120507751234178,0.9988462108195317,0.0022949765391775843,1.230481487406022e-05,0.08514311764162098,0.9985866775716424,0.0030162465180927677,3.691444462218066e-05,0.125692829823144,0.9984010534588836,0.0029988886149832066
421002,0.0,0.0,0.9980591706830648,0.003790075166111473,0.0,0.0,0.9974407671608116,0.005250161600866342,0.0,0.0,0.9966379684541635,0.00681182183772747
422488,0.0,0.0,1.0000000000000002,-2.220446049250313e-16,1.1826341994157787e-05,0.06943122193677725,1.0,-2.3684757858670006e-16,4.730536797663115e-05,0.15832435873128456,1.0,-3.131997585258336e-16
422567,2.0699933760211967e-05,0.5296347172140421,0.9986942769595236,0.003078547722952252,4.829984544049459e-05,0.6285108926059098,0.9987156231949068,0.002622462029064919,0.00010349966880105984,0.6938517963750228,0.998469386635587,0.0030127548881443344
422864,1.565484204264379e-05,0.5087403079104241,1.0,-2.2204460492503132e-17,3.130968408528758e-05,0.46001266110046096,1.0,1.603655480014115e-16,6.261936817057515e-05,0.4404696496632066,0.999757807269531,0.0004957912026703657
423648,1.645575869275453e-05,0.3156484524795145,0.9959873631562013,0.009069343753796467,3.291151738550906e-05,0.34445239307233994,0.9942389605517636,0.010839952632246167,4.113939673188632e-05,0.2619193946435935,0.9915711830273753,0.014614913443888428
423693,1.1325669630216886e-05,0.13120507751234178,0.9980663963766346,0.00399559144573638,2.2651339260433772e-05,0.14876390584057267,0.9976749170961983,0.0048539625627099766,3.397700889065066e-05,0.13439200562425782,0.9972534408717924,0.005287771871879911
424712,1.4446900417515422e-05,0.14606834984270645,0.999600939237526,0.0009111579278338388,1.4446900417515422e-05,0.09478836436955078,0.9994347852067437,0.0012451707216456448,1.4446900417515422e-05,0.06117331537803187,0.9992815506205612,0.001491036425084328
424938,1.210272795488103e-05,0.14606834984270645,0.9969338907577502,0.00687151512722175,2.420545590976206e-05,0.17318663334822612,0.9964579468014115,0.0072912345032113334,6.0513639774405154e-05,0.2163129504247698,0.9954126923882678,0.009293854424039332
425302,3.0134096730450506e-05,0.6399453854227659,0.9995770263804706,0.000983812680701357,5.022349455075084e-05,0.5631102580041938,0.999436322402735,0.0012026775198913943,0.00010044698910150168,0.5418619140234294,0.999280682115461,0.0014242879139477907
425315,3.397623928332786e-05,0.6992148198508501,0.9984678441817177,0.00338588479414943,4.5301652377770476e-05,0.5231737964779627,0.99828563541566,0.0033601340409531617,7.927789166109834e-05,0.43800472002497726,0.9974836847562564,0.004941988905002871
425368,0.0,0.0,0.9988233611381861,0.0026579658718161813,0.0,0.0,0.9987206583388006,0.0025666557155338845,0.0,0.0,0.998255371306301,0.003599000766293205
425496,0.0,0.0,0.9995782442052841,0.000803149358220534,0.0,0.0,0.9989742552555987,0.0021665120236346504,0.0,0.0,0.9984988332143395,0.0030923493594747237
426432,0.0,0.0,0.9992894362625864,0.0016180252786543781,0.00019777177137583228,0.22119341301481263,0.9992296967392672,0.0016583420371062048,0.00019777177137583228,0.14275100645417454,0.9990164246583335,0.0020581728268525526
426567,1.6964535638248242e-05,0.360054614577234,1.0,0.0,2.5446803457372363e-05,0.29727159644205703,0.9999051752468295,0.00018964950291342733,5.937587473386885e-05,0.34122480981189,0.9985264941176505,0.0028433076426259423
427132,6.444752360390551e-05,0.27727342735504823,0.999907901533214,0.00021686319430386236,6.444752360390551e-05,0.1799314820111718,0.9998496808266013,0.000309343882383205,0.00012889504720781103,0.193049720872278,0.9996401945857869,0.0006895910592538252
427195,1.3233639912657977e-05,0.33916020527361607,1.0,0.0,3.970091973797393e-05,0.3597099118518292,1.0,0.0,0.00010586911930126381,0.40515702488186917,1.0,0.0
427921,0.0,0.0,0.9993304894574176,0.0012987699673996489,0.0,0.0,0.9992475560769215,0.0015497343695036673,0.0,0.0,0.9991340223346832,0.001548317349088872
427990,1.2802949799633835e-05,0.16958010263680803,0.9993895029427188,0.001417755896935713,1.2802949799633835e-05,0.11004588314904007,0.9991540930115308,0.001699214800108284,2.560589959926767e-05,0.10388499038440566,0.9988538149118693,0.0022275920451241393
429290,0.0,0.0,1.0000000000000002,-2.220446049250313e-16,0.0,0.0,1.0000000000000002,-2.220446049250313e-16,0.0,0.0,1.0000000000000002,-2.220446049250313e-16
429438,0.0,0.0,0.9998021093815534,0.00042589661794192326,7.233848624483684e-06,0.07839826897867533,0.9996908185367236,0.0006600989666795171,2.8935394497934736e-05,0.16132321071784006,0.99957785268257,0.0006509622881217405
430749,2.265031314057917e-05,0.5531464700081437,0.9960503193082217,0.007884300120806431,2.265031314057917e-05,0.35895421017163465,0.9951572469120935,0.009611744757025293,5.662578285144792e-05,0.3309235608088801,0.9944485897466805,0.010521360946429933
431172,0.0,0.0,1.0,0.0,1.1825083366837736e-05,0.07839826897867533,1.0,0.0,3.547525010051321e-05,0.12572675993884697,1.0,4.090295353882155e-18
431187,1.5655699848922495e-05,0.30078518014914984,1.0,8.881784197001253e-17,3.131139969784499e-05,0.3398414932237254,0.9999999999999998,1.0115365335473648e-16,6.262279939568998e-05,0.36326682529754417,0.9995495558135297,0.0009159237037452939
431257,4.5612808076507885e-05,0.6992148198508501,0.9998763576663162,0.00030750751213359795,4.5612808076507885e-05,0.45374257454118544,0.9992765182882325,0.0012585873005952312,9.122561615301577e-05,0.3935439138393438,0.9987693312052268,0.0023865526523942195
431674,1.2804753124359762e-05,0.14606834984270645,0.0,0.7797208251055042,3.8414259373079284e-05,0.23177307466786254,0.0,0.6210485108131252,5.121901249743905e-05,0.18796341280818957,0.0,0.4963696460646179
431859,1.5342953365093247e-05,0.5531464700081437,0.9994985048985141,0.001085536971437462,2.301443004763987e-05,0.4323181322709947,0.998964254531851,0.002207714269162262,3.8357383412733114e-05,0.35374493286880826,0.9984819899349379,0.003092284353460172
432603,5.4650781506175536e-05,0.14606834984270645,0.9996161169175007,0.0009069531531837538,0.00010930156301235107,0.1610425878239398,0.9995220865651009,0.0010362422522494233,0.00010930156301235107,0.10393162789306344,0.9994066214558035,0.0009645247804332747
432964,0.0,0.0,1.0,1.554312234475219e-16,0.0,0.0,0.999924369714682,0.00016099092471421667,0.0,0.0,0.9996923094871836,0.0006302866992600918
433038,0.0,0.0,0.9998793545543547,0.0002568742531566137,0.0,0.0,0.9997255519358943,0.0005794465116913851,1.3232063937332945e-05,0.03343749138471349,0.9995588792019167,0.0009219420631143887
433042,2.0356095972207144e-05,0.6399453854227659,0.9996033382553475,0.0008244017829777683,4.071219194441429e-05,0.6332971816211657,0.9994257620402035,0.0012285298593236239,8.820974921289762e-05,0.6557750414563364,0.9992616689570877,0.0015216502063413032
433414,1.894393857112186e-05,0.6164336326286644,0.9995026073477942,0.0010203379370817278,2.5258584761495815e-05,0.4694544702460292,0.9992697795044997,0.001484175285401575,7.577575428448743e-05,0.5886557369322767,0.9989325606906915,0.0021173626813302563
434058,1.428306171710968e-05,0.14606834984270645,0.9997262149226133,0.0005475703865762349,2.856612343421936e-05,0.1610425878239398,0.9988917413228308,0.002202260210748487,4.284918515132904e-05,0.14028791588160228,0.997941423421026,0.004026046950667864
434507,7.531141269147927e-06,0.21398626473452753,1.0000000000000002,1.1102230246251565e-16,1.5062282538295854e-05,0.21222636597291455,1.0000000000000002,1.1102230246251565e-16,3.0124565076591708e-05,0.20591146837435703,0.9976402008639222,0.004764315147247561
434608,0.0,0.0,0.999852824429545,0.0002703255815992178,0.0,0.0,0.9996193829144534,0.0008286317151308046,0.0,0.0,0.9993674948305517,0.0012060655146326283
434966,3.5192679922576104e-05,0.16958010263680803,0.9995798496226094,0.0008291089922644934,7.038535984515221e-05,0.18340980524840012,0.9994601562145865,0.0009464972888069036,0.00014077071969030442,0.19405808822654194,0.9993162339447768,0.0011833261404247096
435376,7.670240998972189e-06,0.21398626473452753,0.9994663829677684,0.0011410734984543924,7.670240998972189e-06,0.1388624438735545,0.9993207468904313,0.0014117926835885875,3.0680963995888754e-05,0.19142975906404827,0.9991542330677478,0.0017611202966449971
435378,0.0,0.0,0.999862782736554,0.00027443443236851994,0.0,0.0,0.9993010424489729,0.001473086274061318,0.0,0.0,0.9988363398380844,0.002378087608926775
435440,1.4840648536341038e-05,0.5531464700081437,0.9992865112342433,0.0015821944831217905,4.4521945609023114e-05,0.6464018466408363,0.998952845340856,0.00217848884301027,8.16235669498757e-05,0.5958685078871447,0.9986420972973807,0.002639879686004506
436054,2.3484285099221104e-05,0.6164336326286644,1.0,5.551115123125783e-17,3.1312380132294804e-05,0.4636440365082036,1.0,1.973729821555834e-17,6.262476026458961e-05,0.4456014081677539,0.9994596652072476,0.001059396883027774
436086,2.120635908020952e-05,0.6399453854227659,0.9982910873608606,0.003660888724528333,3.53439318003492e-05,0.5483327772244702,0.997948762367059,0.004296791988675191,7.06878636006984e-05,0.532005411774834,0.997436077838216,0.005047389319710465
436165,1.4939420649267221e-05,0.27727342735504823,1.0000000000000002,-2.220446049250313e-16,2.9878841298534443e-05,0.3227266260473091,1.0000000000000002,-2.220446049250313e-16,3.734855162316805e-05,0.24171471831428876,1.0000000000000002,-2.220446049250313e-16
437125,1.6455352514789248e-05,0.27727342735504823,0.9998051643427368,0.0004220687272528667,4.113838128697312e-05,0.3882047626431879,0.999437915868173,0.0011655377338201421,9.050443883134087e-05,0.4578202521998316,0.9990843339550824,0.0017532367190230336
437260,1.9540027746839402e-05,0.5296347172140421,0.9986859545519087,0.0030849260301814784,3.9080055493678804e-05,0.5617131059245698,0.9985011049997612,0.0027554065712306415,9.11867961519172e-05,0.6519406875898993,0.997923298570389,0.0043044800669483005
437453,7.827298486200473e-06,0.13120507751234178,0.9997596316133757,0.0005459601941043668,7.827298486200473e-06,0.08514311764162098,0.9996432855809216,0.0007582233536688385,2.3481895458601418e-05,0.1245215702363827,0.9994391095288083,0.001078695797938467
437737,0.0,0.0,0.9997056775005007,0.000610941166586354,1.8146514961801586e-05,0.0636207881989517,0.9993462334195536,0.001290820348724359,3.629302992360317e-05,0.07836552975333369,0.9990363738555141,0.002012706947383918
438252,2.2245621320203472e-05,0.6843515475204854,0.9975906606885042,0.00588118503469931,3.7076035533672456e-05,0.579782773204422,0.9974280977766282,0.005186274646029846,5.932165685387593e-05,0.47849602588895535,0.9968179701874911,0.00623376152487006
438287,0.0,0.0,1.0000000000000002,-2.220446049250313e-16,0.0,0.0,1.0000000000000002,-2.220446049250313e-16,6.040227917933437e-05,0.1098812496630985,1.0000000000000002,-2.220446049250313e-16
438373,0.0,0.0,1.0000000000000002,-2.220446049250313e-16,1.6962521309167395e-05,0.14201905717762703,1.0000000000000002,-2.220446049250313e-16,3.392504261833479e-05,0.16734585089333362,1.0000000000000002,-2.220446049250313e-16
438440,2.6784518548279094e-05,0.3451913422468693,0.9991239692088912,0.0018169838278542239,5.356903709655819e-05,0.3757677525932109,0.9989862795093869,0.0021647898704937256,0.00013392259274139549,0.45551098443817983,0.9987803072202212,0.0022535179126858844
438647,6.446331070671128e-06,0.14606834984270645,0.9970840005082074,0.006413904859959918,6.446331070671128e-06,0.09478836436955078,0.9967153190217036,0.006274495513221114,5.157064856536902e-05,0.30923366466912455,0.9958539589546609,0.007569664329506044
439190,0.0,0.0,0.9990807598181164,0.0016580186146397335,0.0,0.0,0.9988460040374992,0.0021396788711874376,0.00010787486515641856,0.0396210670558156,0.9985467035909906,0.002778981851898989
439331,7.415207106734491e-06,0.21398626473452753,0.9976000221321284,0.005655098920597701,2.2245621320203472e-05,0.2745478892647208,0.9966040005598717,0.006259422102772138,3.7076035533672456e-05,0.251078891393844,0.9957881138540859,0.007747354910264808
440019,0.0,0.0,1.0,4.4408920985006264e-17,0.0,0.0,1.0,2.7138785046392715e-17,0.0,0.0,1.0,1.2270886061646467e-17
440035,0.0,0.0,0.9990197519070444,0.002344958984255885,0.0,0.0,0.9987506572815453,0.0024823155045575235,0.0,0.0,0.9987828797800746,0.0023853038230817426
440264,1.3344097572041446e-05,0.47036528278595785,0.9982890454923566,0.004033765975425529,3.3360243930103614e-05,0.5166851630541055,0.9978852335255188,0.004183067184845781,5.3376390288165784e-05,0.4360502074244238,0.9977618629202449,0.003806584425520856
440361,2.2245621320203472e-05,0.49125969208957576,0.9997035883419029,0.0005455033080004279,2.9660828426937964e-05,0.3882251478215035,0.9995331108808669,0.0008551851156473599,6.673686396061042e-05,0.4318377702883297,0.9991697730058393,0.0015484385320722464
440397,7.530744263455557e-06,0.21398626473452753,0.997143755686648,0.006313071368213597,7.530744263455557e-06,0.1388624438735545,0.99660016361734,0.006725465691392602,1.5061488526911114e-05,0.12800192536872637,0.9950964120695065,0.009669121272564578
440916,0.0,0.0,0.9985691480403766,0.00314308020436338,4.012036108324975e-05,0.06943122193677725,0.9984381157428333,0.003361427735817441,4.012036108324975e-05,0.04480864360167173,0.9981537270962308,0.003803246403873241
441575,0.0,0.0,1.0000000000000002,-2.220446049250313e-16,0.0,0.0,1.0,-1.7763568394002506e-16,0.0,0.0,1.0,-1.42576009478178e-16
441733,0.0,0.0,0.9981391541233577,0.004506662566379149,0.0,0.0,0.9979507773609493,0.004299534833473345,7.327080890973036e-05,0.032864970567577,0.9976481312168692,0.004628360356750687
443404,0.0,0.0,0.9989805067134994,0.0022710802686087494,1.6961802021846802e-05,0.1427951440361373,0.998889944528621,0.0023730423344203106,3.3923604043693604e-05,0.1611028247726853,0.9986208320496187,0.002757493350167826
443443,1.1872536448686898e-05,0.14606834984270645,0.9991046682340963,0.002197665960660511,4.749014579474759e-05,0.3062386434839551,0.9989897348314422,0.002175084570746789,8.310775514080828e-05,0.30122432122248943,0.9988602247482191,0.0022729737984261166
444946,1.242544731610338e-05,0.21398626473452753,1.0,-2.2204460492503132e-17,3.727634194831014e-05,0.28088150105118154,1.0,9.86864910777917e-18,9.940357852882704e-05,0.361644318822837,0.999077871692756,0.00191258377667645
445047,0.0,0.0,0.9987559105605278,0.003010533191218878,0.0,0.0,0.9983206002462742,0.003615543158512903,0.0,0.0,0.9979311173354182,0.004194038246112588
446749,5.475926458307665e-05,0.8304198973631919,0.9992095553586517,0.0016174737389926918,9.582871302038414e-05,0.7471589728148225,0.9988568131355132,0.002437059572926059,0.0001505879776034608,0.6256698238486066,0.9984541349427012,0.0031732241448691515
446867,0.0,0.0,1.0,0.0,0.0,0.0,1.0,0.0,0.0,0.0,1.0,0.0
447010,4.728803139925285e-05,0.33916020527361607,0.9987819497692623,0.002927449896221901,4.728803139925285e-05,0.22009176629808014,0.9981637398322583,0.003804955546974129,9.45760627985057e-05,0.18166110668947288,0.9976989466412295,0.004353564918738776
447730,0.00011377858686995108,0.14606834984270645,0.9995399515609575,0.0009819574512797357,0.00011377858686995108,0.09478836436955078,0.9994068010987534,0.0012286038062037763,0.00011377858686995108,0.06117331537803187,0.9992321605283518,0.0014971133422033139
449791,7.228097058887306e-06,0.21398626473452753,1.0000000000000004,-2.220446049250313e-16,1.4456194117774613e-05,0.21726071285222984,1.0000000000000004,-2.220446049250313e-16,3.6140485294436536e-05,0.24646722183753295,1.0000000000000004,-2.220446049250313e-16
450296,1.9553527782304057e-05,0.49125969208957576,0.999632589263751,0.0007121202822531703,4.562489815870947e-05,0.5964984284535196,0.9994225614894899,0.0011906936543741172,8.473195372331758e-05,0.5937179419562403,0.9991646192887927,0.001733486919739332
450666,0.0,0.0,0.99332387855723,0.013288211311037967,0.0,0.0,0.9924961182757276,0.014978151626642096,0.0,0.0,0.9907522262413565,0.016760800146640855
451267,3.2573502107505586e-05,1.0,0.9994289017367141,0.001200129640170644,6.514700421501117e-05,1.0,0.9993231384387201,0.0014953361494377932,0.000110749907165519,0.8891293242112246,0.9991617530518457,0.001678686587800219
452371,0.0,0.0,0.9995689209306894,0.0008314090006511843,1.4830634157916592e-05,0.1356854453911663,0.9994490100153948,0.0008932985362008199,3.707658539479148e-05,0.1996356335938843,0.9990742779910116,0.0018551125102518118
452802,0.0,0.0,0.9984336986467401,0.0038241239503137405,0.0,0.0,0.9977899606919948,0.0047464834323287025,0.0,0.0,0.9972656694990183,0.005410905978127465
453051,0.0,0.0,0.9977868304262596,0.004869234518783716,1.1562966132072199e-05,0.0636207881989517,0.9977187703763162,0.004625481324746988,1.1562966132072199e-05,0.04105877938688905,0.996948314219378,0.005989931090154767
453301,0.0,0.0,0.9919432431782355,0.01639545606177022,0.0,0.0,0.9891083931514759,0.022198479265602797,0.0,0.0,0.9847067925170363,0.02849535206987119
454044,1.534142337726094e-05,0.5087403079104241,0.9984285177118121,0.0034393989903595988,2.3012135065891413e-05,0.40350157154648025,0.998218956515877,0.0036603669438363424,4.6024270131782826e-05,0.3650938394460451,0.9978175395663416,0.004376407018897472
454364,3.2579657262005605e-05,1.0,0.9991405308789426,0.001939007290682071,5.2127451619208967e-05,0.8579809428223729,0.9988159676951313,0.0024061563267438702,9.773897178601681e-05,0.8028511231884673,0.9982187028215919,0.003612610883122384
455680,2.5497682898066637e-05,0.8304198973631919,0.9989507694942823,0.002354346995697432,4.462094507161662e-05,0.7453016244178956,0.9988882718745037,0.002319046218325665,8.286746941871658e-05,0.6946215603350818,0.9985236065701178,0.002953924281790774
456319,2.8907582458878962e-05,0.3451913422468693,0.9976932421955853,0.005426626392888956,2.8907582458878962e-05,0.2240055615151755,0.9974480241471909,0.005453433093247237,5.7815164917757925e-05,0.2225715804965278,0.997153808911546,0.005175767589492709
456932,2.6106934001670842e-05,0.14606834984270645,0.9970501020869567,0.007200523056019615,2.6106934001670842e-05,0.09478836436955078,0.9965080107621199,0.007489181439367711,2.6106934001670842e-05,0.06117331537803187,0.9960644693395075,0.008133230202942677
457940,0.0,0.0,0.9980929207865723,0.004227718423428351,1.9747625348051898e-05,0.1396181455537491,0.9980448932343006,0.003747995681140452,5.924287604415569e-05,0.23077869409989202,0.9978548936702614,0.0038086489319902796
458623,0.0,0.0,1.0,0.0,3.394778830159215e-05,0.0636207881989517,0.999909881806258,0.00018023639416267685,6.78955766031843e-05,0.07580895208575762,0.9992120275149894,0.0015902178285137187
459075,1.4455044810638913e-05,0.48522855511632257,0.9973871079250889,0.006000587817586356,2.8910089621277826e-05,0.46664232174566633,0.9965243818356798,0.007292766289083582,3.6137612026597286e-05,0.3395403560295749,0.9954164820396849,0.009493313389712947
459223,2.966324797733728e-05,0.7860137352654724,0.9985792525126082,0.0031965802774086894,4.4494871966005915e-05,0.6399441431116327,0.9981059434739243,0.0038182912531271396,8.898974393201183e-05,0.6302227837027842,0.997541007847573,0.0047588133226053085
459991,1.4831404014861067e-05,0.5087403079104241,0.998560061990605,0.0029152342585990866,2.9662808029722134e-05,0.467122359745432,0.9979840136677677,0.003946540514490005,6.67413180668748e-05,0.48112833850207265,0.9971771051650273,0.005600255389100253
460235,0.0,0.0,0.9991166928350415,0.0019337582654329831,0.0,0.0,0.9990886992772954,0.0019628100928500993,2.2657497932503315e-05,0.07186629789695316,0.9988583155427284,0.0022474918019450693
461273,6.260917474846764e-06,0.21398626473452753,0.9991437306280035,0.0020907857562563747,1.2521834949693527e-05,0.20829366581033176,0.998819560594692,0.002433527163485098,4.3826422323927345e-05,0.31542110861850936,0.9982867014254341,0.0034217103105868914
461335,0.0,0.0,1.0,0.0,0.0,0.0,1.0,0.0,7.038040609494317e-05,0.06640126340430233,1.0,0.0
462254,3.336091168699458e-05,1.0,0.9994595508167036,0.0010336727560136705,4.00330940243935e-05,0.7125523635307983,0.9993767411759178,0.0013484769538557669,8.673837038618591e-05,0.7059343219313894,0.9992567994812867,0.0015436607162320531
462862,2.6472534745201854e-05,0.3451913422468693,1.0,0.0,2.6472534745201854e-05,0.2240055615151755,1.0,0.0,3.970880211780278e-05,0.17800336666004282,1.0,0.0
463519,0.0,0.0,0.9979906917977139,0.003685183165364647,0.0,0.0,0.9966083523480407,0.007070614916403888,0.0,0.0,0.995806827858676,0.008560211064174712
464575,6.67663711141972e-06,0.21398626473452753,0.9968732551542752,0.007496866143162551,2.002991133425916e-05,0.2784805894273036,0.996062468893536,0.007508708310441437,8.011964533703664e-05,0.500291958880336,0.9946347842518397,0.009271350964950874
464937,1.7451093310995933e-05,0.48522855511632257,1.0000000000000002,-2.220446049250313e-16,2.61766399664939e-05,0.37850091886658266,1.0000000000000002,-2.220446049250313e-16,3.4902186621991866e-05,0.2790223070974468,1.0000000000000002,-2.220446049250313e-16
465189,0.0,0.0,0.9999999999999998,6.661338147750939e-17,0.0,0.0,0.9996439782246409,0.0007653793519433355,0.0,0.0,0.9990073312683322,0.0020134474235394577
465409,0.0,0.0,0.9991825719833549,0.0017360816565093029,0.0,0.0,0.9986978598900447,0.0027156683350451024,0.0,0.0,0.9982904372514898,0.0033432093928377703
465840,0.0,0.0,0.9874780924143838,0.02793502217603966,0.0,0.0,0.9862806273387716,0.02740674826934065,0.0,0.0,0.9826685422041036,0.031683893531044706
466197,0.0,0.0,0.9986857525472622,0.0029361869267330197,7.671241283552091e-06,0.07336392209936005,0.9981594576364351,0.003738258725703868,2.3013723850656276e-05,0.12103071918968387,0.9975908024206112,0.004514569634776621
467636,1.318026650498873e-05,0.3835663673713356,0.9993123602249956,0.0013573453836733585,4.613093276746056e-05,0.5999767516907479,0.9991335992980186,0.0018759564140115974,7.249146577743802e-05,0.5305119371745404,0.9989753440022611,0.0021307290773894465
467698,0.0,0.0,0.999990869779484,1.594281111225726e-05,0.0,0.0,0.9999911661247252,7.971430128921813e-06,0.0,0.0,0.9999885770325646,2.129104054094476e-05
468660,2.420604182804028e-05,0.360054614577234,0.9978817415395878,0.004937105069261549,2.420604182804028e-05,0.2336508082431053,0.9975304807375469,0.005310449288734611,3.6309062742060415e-05,0.19041166963719094,0.9972518013161629,0.0055256682141601315
469002,1.2632961924252761e-05,0.5087403079104241,0.9984253417478559,0.002976063365509163,2.5265923848505522e-05,0.4721567066247473,0.9976999060736784,0.004256399618693147,6.948129058339018e-05,0.5494659236889513,0.9971641902723288,0.005424206529859698
469276,1.5655087120559825e-05,0.3156484524795145,0.999719459913516,0.0006037253192568981,1.5655087120559825e-05,0.20483424751859086,0.9993097646935901,0.00135209296981835,3.9137717801399565e-05,0.23203208998387634,0.998886011826125,0.0022132471633527664
469585,0.0,0.0,0.9994909323318815,0.0011707665003506506,0.0,0.0,0.9994147146105761,0.0012010596280247724,0.0,0.0,0.9990687846811825,0.0018785600376265942
470957,1.9514098936481606e-05,0.6548086577531306,0.9993567094695027,0.0014732991384796446,3.902819787296321e-05,0.6363762929310753,0.9991235227809163,0.0017566115859692058,8.45610953914203e-05,0.6649636981234803,0.9988445194157857,0.0023113421818946813
471378,2.0715370805137413e-05,0.49125969208957576,0.9995530224413507,0.001010692513028788,4.833586521198729e-05,0.5964984284535196,0.9994739111338469,0.0011556886080986977,8.286148322054965e-05,0.5606176413277024,0.9993390399180553,0.0013822449145557707
471574,2.0310479530421712e-05,0.6992148198508501,0.9993621802683629,0.0013618365348376793,3.385079921736952e-05,0.5965377185773227,0.9992686811870325,0.0015155681584139331,6.0931438591265136e-05,0.5255026743815452,0.999052162213969,0.0019779281986897672
472038,1.6964535638248242e-05,0.3451913422468693,0.9993296442168015,0.0013723557014722499,3.3929071276496485e-05,0.37183505243062803,0.9988138559373179,0.0024744453039727337,5.937587473386885e-05,0.3465192117309932,0.9981893066984581,0.0036883596903528287
472127,0.0,0.0,0.9998174153435727,0.00045078920020683586,0.0,0.0,0.9995625650815043,0.0009572092689461798,0.0,0.0,0.9988414831677318,0.0023036312064532902
472262,0.0,0.0,0.9988116785630794,0.0026353812615261484,0.0,0.0,0.9986603414057965,0.0026854513156528734,0.00012516166715340648,0.1045439520721209,0.9983869252176747,0.003194164410538925
473033,0.0,0.0,0.9968012663402043,0.006989956832569921,2.3483182127732856e-05,0.21408371436984164,0.996906101881154,0.006737434241429585,3.913863687955476e-05,0.21385402762314787,0.9964388280307614,0.007361363765333981
473266,1.422940649145524e-05,0.30078518014914984,0.9991260112989206,0.0019939567352198705,2.845881298291048e-05,0.3250640124440018,0.9990658386158359,0.0019223482831406279,4.980292272009335e-05,0.31291085296559507,0.9989005193746154,0.0021956939584813983
473399,0.00020688941760628945,0.27727342735504823,0.9949826276652377,0.011983647413954013,0.00020688941760628945,0.1799314820111718,0.9947496032875642,0.010323218789301302,0.00020688941760628945,0.11612190345001776,0.9934047454820613,0.012476156237449352
473793,1.3231888852133642e-05,0.16958010263680803,0.9980455956874547,0.00444067723610686,5.292755540853457e-05,0.3280622976814645,0.9976855637801625,0.004748940218866979,7.939133311280185e-05,0.2769239569002599,0.9970051516144147,0.006131923767118682
474048,8.480972937215357e-06,0.21398626473452753,0.9990003599751137,0.0018594339023980666,2.544291881164607e-05,0.2758471541718662,0.9979322349853555,0.004361568429089894,4.2404864686076785e-05,0.25602845168931676,0.996809739466394,0.006069127633673973
474317,0.0,0.0,1.0000000000000002,-1.554312234475219e-16,0.0,0.0,1.0000000000000002,-1.0855514018557086e-16,0.00010258514567090685,0.07513107696422992,1.0,-1.636118141552862e-17
474456,0.0,0.0,1.0,-4.4408920985006264e-17,0.00011345586566825505,0.0636207881989517,1.0,-9.86864910777917e-18,0.00011345586566825505,0.04105877938688905,0.9998980082872551,0.00021288939357228502
474512,1.1565105762892202e-05,0.33916020527361607,0.9990177561242966,0.0023229766964384725,1.1565105762892202e-05,0.22009176629808014,0.9989099218832079,0.0022886829384804424,1.1565105762892202e-05,0.1420400396336573,0.9987581690999721,0.002458722327375981
474800,7.4157020074305335e-06,0.33916020527361607,0.999892264409409,0.00021547113365687486,2.22471060222916e-05,0.36792125721353275,0.9992975723797766,0.0014133563025302085,5.190991405201373e-05,0.3757119275112016,0.9983994912508896,0.0032089697784586637
474840,0.0,0.0,1.0,4.4408920985006264e-17,7.82723722007843e-06,0.0636207881989517,0.999884309892782,0.00023138025198795475,3.130894888031372e-05,0.1520495690651318,0.9989024001750655,0.0021783703670807293
475545,0.0,0.0,0.9997060420001367,0.0005588284600388738,3.819563805813376e-05,0.06943122193677725,0.9994355025983579,0.001226426703364525,7.639127611626753e-05,0.07767361416924873,0.9991112835132128,0.001844715201964848
476207,3.0125699481084826e-05,0.8539316501572934,0.9999999999999993,2.2204460492503132e-17,3.765712435135603e-05,0.6235744328990729,0.9999764678684542,4.885614952134305e-05,5.2719974091898446e-05,0.48044028354868545,0.9998851102916934,0.0002312187140169441
476221,6.259114835979896e-06,0.16958010263680803,0.9981339269684236,0.0043620598791713205,6.259114835979896e-06,0.11004588314904007,0.9977389201860014,0.004712810096031629,1.8777344507939686e-05,0.14119174075085028,0.9971102988029317,0.0054620811898462
476362,0.0,0.0,0.9991766552623875,0.0018782805662440837,0.0,0.0,0.9989192041679591,0.0021840714826889787,3.5484901174550227e-05,0.10975436078781003,0.9986006387237787,0.002640710082789372
476856,0.0,0.0,0.9967796500396646,0.007027951373707419,0.0,0.0,0.9957283484759186,0.008699687966914097,0.00010345541071798055,0.035510009908414325,0.9936061897978128,0.012500895492206846
477121,2.3482998309224122e-05,0.6548086577531306,1.0,-8.881784197001253e-17,3.131066441229883e-05,0.5033242827953464,1.0,-5.427757009278543e-17,3.913833051537354e-05,0.3582665491878484,1.0,8.823351406231508e-17
477223,2.195084474167514e-05,0.6548086577531306,1.0,4.4408920985006264e-17,2.926779298890019e-05,0.4943572357534483,1.0,5.674473236973022e-17,5.853558597780038e-05,0.46413618749857644,0.9992245980127388,0.0015770073312648032
477579,2.3518344308560677e-05,0.49125969208957576,1.0,0.0,4.7036688617121355e-05,0.5368103404171507,1.0,0.0,7.055503292568203e-05,0.44508061912150587,1.0,0.0
477626,1.6458060746702215e-05,0.47036528278595785,0.9974396013549072,0.005354506278655136,1.6458060746702215e-05,0.3052348839397011,0.9971428549570612,0.006082146413458021,3.291612149340443e-05,0.26276441023867647,0.9964600726131219,0.006474053669879538
478139,1.4830304243691559e-05,0.48522855511632257,0.9997549566726658,0.0005158392090337971,2.2245456365537338e-05,0.3932783996463063,0.9994824280572084,0.0011261175190858453,2.9660608487383117e-05,0.2921936761516891,0.9992151523645804,0.001612801841389572
478263,1.6456706519324287e-05,0.3156484524795145,1.0000000000000002,-2.220446049250313e-16,3.291341303864857e-05,0.34685330469621795,1.0000000000000002,-2.220446049250313e-16,7.40551793369593e-05,0.39881762930961245,1.0000000000000002,-2.220446049250313e-16
479074,4.011875150445318e-05,0.21398626473452753,0.9981672783364196,0.004381569157813991,4.011875150445318e-05,0.1388624438735545,0.9980601825547744,0.003923144387243961,4.011875150445318e-05,0.08961728720334346,0.9977470004452854,0.004502171109678848
479783,7.415262092438657e-06,0.14606834984270645,0.9987801597980674,0.0027320649754472683,7.415262092438657e-06,0.09478836436955078,0.998478329655249,0.0032750009725674716,2.966104836975463e-05,0.17121364267836883,0.9982066568193547,0.003414009454338251
479826,0.0,0.0,0.9989724286821501,0.0025149908231710373,0.0,0.0,0.9988753652414113,0.00241196508408429,0.0,0.0,0.9985509161568613,0.0030086166762228004
480256,6.512875955764546e-06,0.21398626473452753,0.999523588285643,0.000997728476521298,3.256437977882273e-05,0.42631008034275614,0.9994864318445362,0.0008780965073123943,3.907725573458728e-05,0.3098767788714181,0.9992957784968605,0.001293401171151886
480468,0.0,0.0,1.0,0.0,0.00014436263894903998,0.06943122193677725,1.0,0.0,0.00014436263894903998,0.04480864360167173,1.0,0.0
480591,0.0,0.0,1.0000000000000002,1.1102230246251565e-16,0.00010795638562020944,0.07336392209936005,1.0000000000000002,1.1102230246251565e-16,0.00021591277124041888,0.08140965213386828,0.9998908925334457,0.00022608556355827183
481106,1.3357019781746297e-05,0.30078518014914984,0.9995119638384227,0.0011084782589875996,2.6714039563492594e-05,0.3250640124440018,0.9993645176117333,0.0012964469846727723,6.0106589017858336e-05,0.38807556207816546,0.9991831672596447,0.0016039338311312633
481909,6.51253663301856e-06,0.33916020527361607,0.9996291748037903,0.0007827034934373755,6.51253663301856e-06,0.22009176629808014,0.9993598440404095,0.0013819897237125733,3.2562683165092806e-05,0.2898395242281081,0.9990428247103427,0.0019416572005775418
482167,7.317055324255307e-06,0.14606834984270645,0.9988836204560538,0.0023952642616567265,2.9268221297021227e-05,0.3038377318600771,0.9976560766177875,0.00462482444421798,7.317055324255307e-05,0.4072417842276282,0.9969170274813756,0.005968627596607038
482333,7.670182166826462e-06,0.14606834984270645,0.9987439994337082,0.0025406719316182435,7.670182166826462e-06,0.09478836436955078,0.9982728807980278,0.003593369704715937,1.5340364333652923e-05,0.09351160652635168,0.9978780853800024,0.0043665420101293715
482337,0.0,0.0,0.9992857030971809,0.0015263104102422153,3.54907783127684e-05,0.20904936749052636,0.9988688549352881,0.0022785420468387,7.09815566255368e-05,0.23960073611226246,0.9982361742890411,0.0036345826560941143
482348,2.891489623166615e-05,0.8687949224876581,0.9995235153362776,0.0011036053897950481,3.614362028958269e-05,0.6332196796270028,0.9992928668664964,0.0014989996377360439,5.78297924633323e-05,0.5207069821538993,0.999139920780215,0.001598420102039316
482769,2.2879281285510552e-05,0.5296347172140421,0.9982468409685075,0.0035093134244130408,5.3384989666191286e-05,0.6285108926059098,0.997798789159264,0.003962895325511193,9.151712514204221e-05,0.5795886046172974,0.996641513840216,0.006055677719379641
482786,1.4830304243691559e-05,0.48522855511632257,0.999586108240849,0.0009610233253508516,2.2245456365537338e-05,0.388244052766991,0.9992114781236798,0.0015704138824825205,3.70757606092289e-05,0.3197812934456908,0.9986376893347609,0.0026451484275996154
483281,2.6319598889312928e-05,0.30078518014914984,0.9996738917641685,0.0006826333815456498,3.947939833396939e-05,0.2685529228900211,0.9992734397016887,0.0014648741447454883,5.2639197778625856e-05,0.20967157575523912,0.9987672530139381,0.002578255084967828
484805,2.3728733122938568e-05,0.47036528278595785,0.9998081645438903,0.0003540822033017976,7.118619936881569e-05,0.5779050396291793,0.9996254977118347,0.0007289013246750686,0.00013050803217616212,0.5447807753988398,0.999357294181805,0.0013048395075847589
485034,5.484861781483107e-05,0.33916020527361607,1.0000000000000002,-2.220446049250313e-16,5.484861781483107e-05,0.22009176629808014,1.0000000000000002,-2.220446049250313e-16,0.00010969723562966213,0.1749050102012343,1.0000000000000002,-2.220446049250313e-16
487376,4.051863857374392e-05,0.21398626473452753,0.9961847776356232,0.008113775955993907,8.103727714748784e-05,0.21726071285222984,0.9954364480395717,0.008536163342982846,0.0002025931928687196,0.246212751609789,0.9946958103016197,0.009992110096358572
487594,0.00043308791684711995,0.6548086577531306,0.9987875562607087,0.002368547320219605,0.00043308791684711995,0.424926013816671,0.9983184546475042,0.003175326355121751,0.0005774505557961599,0.30657166597683766,0.9979147762930582,0.0038530327853290793
487959,9.526985185538037e-05,0.5531464700081437,1.0000000000000002,1.1102230246251565e-16,9.526985185538037e-05,0.35895421017163465,1.0000000000000002,1.1102230246251565e-16,0.00014290477778307055,0.2645222974045778,1.0000000000000002,1.1102230246251565e-16
488557,0.0,0.0,0.9996749126208732,0.0007950364910453312,8.481764206955047e-06,0.0636207881989517,0.9993653891470846,0.001334807159245287,2.544529262086514e-05,0.11495342746068628,0.999069379835636,0.0019136240794769505
488709,3.130894888031372e-05,0.8687949224876581,0.9976911331455034,0.005322867137912457,4.696342332047057e-05,0.7116179486056782,0.9973246645458136,0.004853584483626334,7.827237220078428e-05,0.5980050609818061,0.9972038944695989,0.0029767383468018408
488783,2.7544605044794413e-05,0.8687949224876581,0.9993749103120638,0.0014613499337693848,5.508921008958883e-05,0.8454256604216017,0.9992174615713904,0.0016997676533224112,0.00010329226891797906,0.7991901336751833,0.9989295839427728,0.002216010329089637
489007,2.461477871313937e-05,0.5531464700081437,0.998640357444387,0.0028026028191670107,3.692216806970905e-05,0.4323181322709947,0.9979860264144674,0.004326846886405996,4.922955742627874e-05,0.31186897728246354,0.9974666265109523,0.005082886408591735
489238,3.633852974308659e-05,0.21398626473452753,0.9976323701294992,0.005450774511414081,7.267705948617318e-05,0.20511666732794356,0.9975985969173948,0.0051675526749538426,7.267705948617318e-05,0.13237559971837504,0.9971269874477546,0.005719410926645801
490116,8.482699534299796e-06,0.13120507751234178,0.9989798145309194,0.0023260259855778067,1.696539906859959e-05,0.15850703974098104,0.9986219900719007,0.0028275005932155827,3.393079813719918e-05,0.17067024842586298,0.9983342782796176,0.003397767994735682
490579,0.0,0.0,0.9988194935976775,0.002798250476784292,0.0,0.0,0.998296315426009,0.003394441492430644,0.0,0.0,0.9979607821020668,0.004057917639370431
490694,2.002683596018665e-05,0.7227265726449517,0.9985473146008907,0.0033555639653407797,2.6702447946915532e-05,0.5326208815196265,0.9984823231909778,0.0031521454300178866,5.3404895893831064e-05,0.48403203751881807,0.9980717344686385,0.0035796197410156013
490983,2.544529262086514e-05,0.4468535299918563,0.9990244830608986,0.0021094137761486385,3.392705682782019e-05,0.3683756341388872,0.9987635576203486,0.0024311844647951406,4.240882103477523e-05,0.272487778940332,0.9983649940568948,0.003211248192274488
492084,8.227676257394624e-06,0.33916020527361607,1.0000000000000002,0.0,2.4683028772183872e-05,0.3647442587311445,1.0000000000000002,0.0,3.2910705029578496e-05,0.27501510217912156,1.0000000000000002,0.0
493429,2.4850585852561475e-05,0.48522855511632257,1.0,8.881784197001253e-17,4.970117170512295e-05,0.4518648409659427,1.0,5.181040781584064e-17,6.212646463140369e-05,0.3300034524418469,0.9998217652796942,0.00036394623728213933
493922,1.9792965580032857e-05,0.49125969208957576,0.9980557765982955,0.0044165584621302266,3.9585931160065715e-05,0.5399873388995389,0.9978953971449004,0.00443269662827297,7.917186232013143e-05,0.560376628416918,0.9972911907033826,0.005150073538829543
493936,0.0,0.0,0.9996856221114048,0.000785770976899125,0.0,0.0,0.9992159843891294,0.0016084239638234107,0.0,0.0,0.9982227260690317,0.0035687614099657473
493961,2.031446796408402e-05,0.7227265726449517,0.9993424872615029,0.0016218648213373599,3.3857446606806703e-05,0.6020521034564037,0.9992366041119581,0.001608860990988628,7.448638253497474e-05,0.6011394023514731,0.9990977644224172,0.0018189738965343494
493987,6.898597515125175e-06,0.14606834984270645,0.9995020701363553,0.0008041189404866756,4.139158509075105e-05,0.4458567890377042,0.9991731139481486,0.001672353992080322,7.588457266637693e-05,0.4623210946770647,0.9988638623099219,0.0022817382530533506
494110,7.469821919445441e-06,0.33916020527361607,0.99973930522699,0.0006260389028806101,2.9879287677781763e-05,0.43547474557506727,0.9988687913586161,0.002388673528483904,5.2288753436118086e-05,0.3881627125695608,0.997924886732914,0.004135953288181921
494487,0.0,0.0,1.0,0.0,0.0,0.0,1.0,1.949058198786386e-16,0.0,0.0,0.9998982098652961,0.00021175004936754575
494531,0.0,0.0,0.9990005434212239,0.002009841614726349,1.9749185346104472e-05,0.1396181455537491,0.9987611742188115,0.0026287970956943166,2.962377801915671e-05,0.12972605944873294,0.9985375523034643,0.0029984650774667284
494784,3.8205853136700544e-05,0.21398626473452753,0.999348953562933,0.0013827864983994797,7.641170627340109e-05,0.2024832320725062,0.9992072175270605,0.0015902730249781492,7.641170627340109e-05,0.1306760665902325,0.9989887902438636,0.0020423301929076623
495076,7.670299832020434e-06,0.13120507751234178,0.9994467980676879,0.0012361356110348275,1.5340599664040868e-05,0.16354138662029633,0.9992510970274042,0.0014676905521988242,4.6021798992122605e-05,0.2531019574753836,0.9989554166854058,0.0019775050605932614
495297,0.0,0.0,0.9994880229156072,0.0009595264783079039,0.0,0.0,0.9989555853095613,0.002105452885773119,0.0,0.0,0.9983593663614376,0.003141576662281421
495737,2.6466229091679018e-05,0.47036528278595785,0.996550658902423,0.006946520020515967,6.616557272919754e-05,0.508473817692402,0.9954536861544007,0.008675651719974444,7.939868727503705e-05,0.3665370376508325,0.9939382176459475,0.010252202213956391
495779,4.2831443990748406e-05,0.5147714448836773,0.9984794118406359,0.0028901683983515447,7.138573998458069e-05,0.4818809355796681,0.9974215763285976,0.005118941478649851,9.994003597841295e-05,0.37980336662329783,0.9971384275572348,0.004559510712380737
495867,3.196174817977844e-05,1.0,0.9993530970986221,0.0011713254990441957,5.753114672360119e-05,0.9216017310213247,0.9991377290421177,0.0017987295586716634,0.0001086699438112467,0.8786813877116803,0.9988475785672708,0.0022189553109400583
495884,1.1505891016200294e-05,0.13120507751234178,0.9999319112052838,0.00013067511250989262,4.602356406480118e-05,0.293416398273637,0.9996980834119986,0.0006247338917155392,8.054123711340206e-05,0.2941472645182088,0.999216639362575,0.001141509300737932
496369,1.5857032990557135e-05,0.3835663673713356,1.0,6.661338147750939e-17,1.5857032990557135e-05,0.24890832702259458,1.0,2.960594732333751e-17,4.757109897167141e-05,0.3010692105614767,1.0,-2.337311630789803e-18
496725,2.7592486565908105e-05,0.7860137352654724,0.9995749098656048,0.0009641701741207153,4.828685149033918e-05,0.725452110735279,0.999512258299087,0.0009321230019273713,8.277745969772431e-05,0.647731245300958,0.9994115367134718,0.0011918639314382113
496779,0.0,0.0,0.9977056767541921,0.004848249142215655,4.6029919447640965e-05,0.28481420121376433,0.9964224166429545,0.007339952608173022,6.904487917146145e-05,0.25453271515476633,0.9950597814622055,0.00974078984135438
497564,0.0,0.0,0.9981416018681397,0.00439067135472535,0.0,0.0,0.9981055174578286,0.00402116571383329,3.975668906293484e-05,0.035510009908414325,0.9977161217066672,0.00462987523120547
498089,7.670299832020434e-06,0.16958010263680803,0.9985508849874453,0.0032995287256227025,1.5340599664040868e-05,0.17947710508581732,0.9981009083607493,0.0040895069977055385,3.0681199328081737e-05,0.186000384352522,0.9978951103088356,0.004404114624855213
498830,2.224826092760416e-05,0.6399453854227659,1.0,-2.4424906541753446e-16,2.224826092760416e-05,0.4152807670887412,1.0,4.6876083261951054e-17,2.966434790347221e-05,0.30762971457828747,0.9999439549861343,0.0001110653715469794
498954,2.0111012790604135e-05,0.3451913422468693,0.999596449867892,0.0009554390726097984,3.0166519185906204e-05,0.30240383049385083,0.9994338759303234,0.0012003579429060026,7.038854476711447e-05,0.33404885927764133,0.9991863090309563,0.0015834936048101705
498957,1.0056416496545621e-05,0.13120507751234178,0.9992300349429015,0.0016393696170041716,4.0225665986182484e-05,0.28838205139432177,0.9987386345157269,0.0026429544100193677,0.00010056416496545621,0.4000655685400457,0.9984128541780437,0.0031356085945799025
499073,2.2245456365537338e-05,0.5296347172140421,0.9986031185397314,0.003086205962220967,4.4490912731074676e-05,0.5551469705065496,0.9981660163788971,0.0036586635613191595,5.190606485292046e-05,0.39302390106025037,0.9977196890437524,0.00403344096437731
499101,0.0,0.0,0.9988145013420333,0.0024914638980037653,1.3389928096086124e-05,0.07839826897867533,0.9978578440434817,0.004690520505743975,4.016978428825837e-05,0.11821082624106263,0.9971048115597823,0.005571951439710174
500146,2.221300793744817e-05,0.49125969208957576,0.9995090882770775,0.001130152917745364,4.442601587489634e-05,0.5368103404171507,0.9994800818224236,0.0010933742618052713,8.144769577064328e-05,0.5255423742401099,0.9993619475751829,0.0013209683989123572
500152,2.9612300949814552e-05,0.6608397947263838,0.997787804070453,0.00531694466432483,6.662767713708274e-05,0.7799082337019198,0.9978205900742285,0.004811016619779459,0.00011104612856180457,0.7146308795397801,0.9973133301041412,0.005439855367707263
500385,0.0,0.0,0.9997779937543749,0.0004946308014531553,0.0,0.0,0.9997185282725491,0.0006150349655890934,0.0,0.0,0.9996353590364249,0.0007171882599566552
500431,0.0,0.0,0.9989329814437244,0.0023623556035771154,0.0,0.0,0.998400411288209,0.0026724707477918663,0.0,0.0,0.9976576443372529,0.004212157489632674
500737,1.4820852940086702e-05,0.360054614577234,0.9994255287360094,0.0011646086376309484,3.7052132350216754e-05,0.4451010873575096,0.9990612565279784,0.001880600009159989,0.00010374597058060691,0.605530072096072,0.998757262998325,0.0024008952258813615
501087,3.7055702131443986e-05,1.0,0.9986589482885091,0.002932319685050433,3.7055702131443986e-05,0.6489315753318465,0.9982956452191665,0.0035154833166729516,7.411140426288797e-05,0.5917181826519594,0.9980883766442187,0.0037515344067576184
501727,0.0,0.0,0.9988573071041712,0.002734416588392874,0.0,0.0,0.9986687028763483,0.0027904108454684198,0.0,0.0,0.9983032591211967,0.003454053005597135
502022,8.795538902668566e-06,0.21398626473452753,0.9994431687063878,0.0012556905962614272,1.7591077805337133e-05,0.20829366581033176,0.9988379366097468,0.00244240869041295,3.5182155610674265e-05,0.2113537482272754,0.9981901945582348,0.003666059071066672
502900,8.798557036645991e-06,0.21398626473452753,0.9954529089141794,0.009734056158795634,3.5194228146583963e-05,0.3529461582433961,0.995615681873719,0.009363774409003156,4.399278518322995e-05,0.2650866766611084,0.9951196399232891,0.009819997284814409
504349,7.403075237453638e-06,0.21398626473452753,0.9963238522345408,0.008755793423682257,2.2209225712360915e-05,0.28088150105118154,0.9951729035245442,0.00986232234890374,5.182152666217547e-05,0.3268220867736008,0.9935556472681965,0.012667367624073004
504559,1.7592160933088216e-05,0.5087403079104241,0.9979347210692311,0.004932819191847948,2.6388241399632324e-05,0.3995688713838975,0.9978148931641385,0.004240624018884362,4.398040233272054e-05,0.32495716689934606,0.9967743100833308,0.006208363377443977
505056,7.403842594306445e-06,0.33916020527361607,0.9995718552717323,0.0010252460989112256,2.961537037722578e-05,0.4341754806679218,0.9995507342405963,0.0009445640487120919,6.663458334875801e-05,0.4621798152011605,0.9994724550555093,0.0010183458095059641
505108,8.797163794392687e-06,0.33916020527361607,0.9994805731437475,0.0012160939282530037,8.797163794392687e-06,0.22009176629808014,0.9991160641885566,0.001882697089440957,2.6391491383178063e-05,0.21278428138481542,0.9988330988130473,0.002416027917345275
505180,0.0,0.0,1.0000000000000002,-6.661338147750939e-17,0.0,0.0,1.0,-4.4408920985006264e-17,0.0,0.0,0.9999611314688119,7.72813058225811e-05
505745,0.0,0.0,0.9984649079378507,0.0037768417774425855,8.797163794392687e-06,0.06625422345438903,0.9982715887788697,0.0037168453738467234,2.6391491383178063e-05,0.1119795710711474,0.9979354893896385,0.0042156624877130785
506303,8.79654471723507e-06,0.13120507751234178,0.995190057179688,0.011101226406937748,2.638963415170521e-05,0.21501812929496172,0.9942734811523042,0.011836170747995374,3.518617886894028e-05,0.17163065054148352,0.9931554182209684,0.013487989877125958
507019,7.425724193751996e-06,0.21398626473452753,0.9978337058143062,0.004863204704880752,1.4851448387503991e-05,0.21726071285222984,0.9970324472571217,0.0064941299684539815,2.2277172581255988e-05,0.174275942433943,0.9966117926748067,0.0067709313956479025
507762,8.795693628399536e-06,0.33916020527361607,0.9994040255221623,0.0013433533021094402,1.759138725679907e-05,0.2895229882348574,0.9990655632078456,0.0019536263355203346,4.397846814199768e-05,0.291243897448962,0.9987314116491659,0.0026232900041343074
507835,8.797550761867896e-06,0.13120507751234178,1.0000000000000002,-2.220446049250313e-16,8.797550761867896e-06,0.08514311764162098,1.0000000000000002,-2.220446049250313e-16,1.7595101523735792e-05,0.08838607945669938,1.0000000000000002,-2.220446049250313e-16
508276,7.403842594306445e-06,0.21398626473452753,0.9991772693141826,0.0016706748540501692,7.403842594306445e-06,0.1388624438735545,0.9988787045676899,0.002365873421722821,7.403842594306445e-06,0.08961728720334346,0.9983919504879015,0.003327552151757641
508371,0.0,0.0,0.9969319737754402,0.007058896073865606,0.0,0.0,0.9943499047272171,0.011497222298458504,0.0,0.0,0.9915484447572996,0.01514337700688577
509442,0.0,0.0,0.9979018572774916,0.004418428068762426,0.0,0.0,0.9979296525603587,0.003925917261541387,0.0,0.0,0.9981692066873322,0.002841913021880771
509966,0.0,0.0,0.9993223415564568,0.0015481230258758804,1.480801409722942e-05,0.1356854453911663,0.9992305284968095,0.0016559307594464952,4.442404229168826e-05,0.23743895923485497,0.9991647366305496,0.001535093744661231
510398,3.702003524307355e-05,1.0,0.9995742413762088,0.0009662142122771056,7.40400704861471e-05,1.0,0.999448021142291,0.001044271736159192,0.00012586811982645007,0.8992867283756889,0.9992663967886329,0.00142696450740702
510585,1.4806808170396748e-05,0.27727342735504823,0.9993607524217643,0.001514071789724214,2.9613616340793495e-05,0.32458397444423615,0.99925461481097,0.0015027214389977499,5.182382859638862e-05,0.3136363196380826,0.9991214776813605,0.0018058077530344963
510857,7.406365030106874e-06,0.21398626473452753,0.9987503274450917,0.00259737020700066,2.2219095090320622e-05,0.2906246349515899,0.9988124109913142,0.002221194450656292,6.665728527096186e-05,0.3980272824679674,0.9986213014170332,0.002731471023823314
510918,2.9621511141390877e-05,0.6608397947263838,0.9995292796005332,0.0009028558901450712,4.443226671208632e-05,0.5806020001118017,0.9993893201293685,0.0013091305788320506,8.145915563882491e-05,0.5526607129586566,0.9992291318874893,0.0015658012158675525
512207,2.2209225712360915e-05,0.6843515475204854,0.9995901321317593,0.0009755497447508921,5.182152666217547e-05,0.7315449642824574,0.9995523931797573,0.0008608310537736042,0.00010364305332435094,0.7256952507670915,0.9993798957851754,0.001247991973493225
512644,8.796080466544108e-06,0.21398626473452753,0.999090635584882,0.001787495604854561,1.7592160933088216e-05,0.21222636597291455,0.9988770768188662,0.002345890071622341,2.6388241399632324e-05,0.1704014584659427,0.9987157472952051,0.002662669211375595
513205,7.403130043382342e-06,0.16958010263680803,0.9932958929332537,0.01623527352192472,1.4806260086764685e-05,0.18340980524840012,0.992258326157977,0.016317391005427447,1.4806260086764685e-05,0.11836669969471442,0.990135673831589,0.01817675798848063
513341,7.403075237453638e-06,0.14606834984270645,0.9994527494415953,0.0010894327877960185,2.9612300949814552e-05,0.3030616450015669,0.999215021791065,0.001598695904257948,6.662767713708274e-05,0.37671694865062805,0.9989423755049287,0.0020328308903772613
513457,0.0,0.0,0.9988895998234488,0.002598336219437958,8.796080466544108e-06,0.06625422345438903,0.9989077310613348,0.0020856884912168936,3.518432186617643e-05,0.14823141452760286,0.9987341705986974,0.00245029692014725
513769,1.4806588932074773e-05,0.48522855511632257,0.9994192194368171,0.0014121553247306018,2.9613177864149545e-05,0.46664232174566633,0.9993735718073792,0.0013102346888716366,7.403294466037386e-05,0.515454030724123,0.9991577533047666,0.0017167031997451958
513872,1.4806150474907276e-05,0.30078518014914984,0.9994724933205905,0.0012094717317414406,4.441845142472183e-05,0.4800032020044254,0.9992735334280048,0.0015829329965497266,0.00010364305332435094,0.5951897867138201,0.9991435928638334,0.0017717671039848904
514731,1.7591232529707195e-05,0.3835663673713356,1.0000000000000002,-2.220446049250313e-16,3.518246505941439e-05,0.38852647257634365,1.0000000000000002,-2.220446049250313e-16,6.156931385397518e-05,0.35255477127379425,1.0000000000000002,-2.220446049250313e-16
514845,1.7591077805337133e-05,0.3156484524795145,0.9989641289670672,0.0020732676765334523,2.63866167080057e-05,0.2832325164972662,0.9980605135409254,0.003735056808334979,5.27732334160114e-05,0.29483669468984397,0.9971700286270083,0.005531979001369628
515618,1.480735629460716e-05,0.5087403079104241,0.9986143061344771,0.0027804529961746316,1.480735629460716e-05,0.3301376494471202,0.9982035586641999,0.003927514162616297,2.961471258921432e-05,0.2858768197253449,0.997860521476216,0.004198252757972436
515738,2.2209225712360915e-05,0.49125969208957576,0.9997936762287545,0.000433896302572534,5.182152666217547e-05,0.5914640815742043,0.9997352283802894,0.0005513053265663117,9.623997808689729e-05,0.5931139782003464,0.9996566277917045,0.0006940432570233415
