query_index,query_song_id,rec_index,rec_song_id,rank,score,query_title,rec_title,query_artist,rec_artist,query_year,rec_year,query_genre,rec_genre
70108,e77b390101fe12212155793e5ae19c9210ace3c5,111886,91a595111140adf55df990dc231c82c26a329634,1,0.8532455563545227,The General Lee,Angel by Your Side,Johnny Cash,JT Music,1981,2015,country,rap
70108,e77b390101fe12212155793e5ae19c9210ace3c5,334376,b2b61ffc3bf39ab3eb2e54ea53a075147d8c2103,2,0.8484985828399658,The General Lee,Born to Bring It,Johnny Cash,def rebel,1981,2021,country,rap
70108,e77b390101fe12212155793e5ae19c9210ace3c5,99664,f196114cebbbacbe9d82763c1b11aa5eee96c6f6,3,0.830991268157959,The General Lee,King of New York,Johnny Cash,Newsies Ensemble (Film),1981,1992,country,pop
70108,e77b390101fe12212155793e5ae19c9210ace3c5,377314,ea4c0335c5e24d16d8f09b20e9a58b1b910ab769,4,0.8443021774291992,The General Lee,World of Tanks,Johnny Cash,Dan Bull,1981,2014,country,rap
70108,e77b390101fe12212155793e5ae19c9210ace3c5,58853,3bcbae680ee8fa577abdc2a044114e4f31740777,5,0.8372595310211182,The General Lee,Goin Out West,Johnny Cash,Tom Waits,1981,1992,country,rock
70108,e77b390101fe12212155793e5ae19c9210ace3c5,577,5ed04bf764e7590af68607368e631574537befdd,6,0.843028724193573,The General Lee,Right Hand Man,Johnny Cash,"Christopher Jackson, Lin-Manuel Miranda, Leslie Odom, Jr. & Original Broadway Cast of ""Hamilton""",1981,2015,country,rap
70108,e77b390101fe12212155793e5ae19c9210ace3c5,307993,02cc7bd1ebef0da218cdbac6c6430bfaa83eac85,7,0.8146548271179199,The General Lee,Salute,Johnny Cash,T.I.,1981,2010,country,rap
70108,e77b390101fe12212155793e5ae19c9210ace3c5,146499,5976c9d0e247e0a7e88be4aa430edfd7371e92f9,8,0.8294034004211426,The General Lee,Show up Queen,Johnny Cash,"The Cast of RuPaul's Drag Race All Stars, Season 6",1981,2021,country,pop
70108,e77b390101fe12212155793e5ae19c9210ace3c5,205009,b4cd296c684e7a7b8f37b100b5edc189103bc570,9,0.845952570438385,The General Lee,Strait Playin,Johnny Cash,Shaquille O'Neal,1981,1996,country,rap
70108,e77b390101fe12212155793e5ae19c9210ace3c5,463861,84e48bf6f7adc41ba3195b78831a25954ab7a392,10,0.8159708380699158,The General Lee,King Luffy Rap,Johnny Cash,Rustage,1981,2018,country,rap
70108,e77b390101fe12212155793e5ae19c9210ace3c5,181780,32511444d46ec4d4fbf8b2ec15735ca3553ced28,11,0.8284783959388733,The General Lee,Hero,Johnny Cash,Elizaveta,1981,2014,country,pop
70108,e77b390101fe12212155793e5ae19c9210ace3c5,337490,f5a3fff67ab785a243ca2e2fcc392172165eb624,12,0.8507348895072937,The General Lee,Higher,Johnny Cash,Dream Junkies,1981,2013,country,rap
70108,e77b390101fe12212155793e5ae19c9210ace3c5,346564,ba74248258768bb972210f82e11c60b1b1217cdd,13,0.8445786833763123,The General Lee,The Last Man to Stand,Johnny Cash,JT Music,1981,2017,country,rap
70108,e77b390101fe12212155793e5ae19c9210ace3c5,433403,beb3a77a2c067f298633a603923136a70c5078cd,14,0.8192521333694458,The General Lee,I AM Limitless Keith Lee Theme,Johnny Cash,AEW,1981,2022,country,rap
70108,e77b390101fe12212155793e5ae19c9210ace3c5,67386,473dff994157337f2faf01e349f11a008ca30dc9,15,0.8280007839202881,The General Lee,음 MMM,Johnny Cash,TREASURE,1981,2020,country,pop
70108,e77b390101fe12212155793e5ae19c9210ace3c5,65937,a9e8c26d2dc2f24df39a6038ab818fd284b76a50,16,0.8414599895477295,The General Lee,Victory Is In My Clutches,Johnny Cash,Jay Electronica,1981,2007,country,rap
70108,e77b390101fe12212155793e5ae19c9210ace3c5,456802,ec65f0e0ec188e492c890d96fd0c7f24f2057508,17,0.8415766954421997,The General Lee,No Way No Way You Wont Lose,Johnny Cash,Fred Hammond,1981,1998,country,rb
70108,e77b390101fe12212155793e5ae19c9210ace3c5,207877,46a5b443e67eb84ea4915b0e76f84999eebdd734,18,0.833196222782135,The General Lee,Meet Me Inside 2014 Workshop,Johnny Cash,Lin-Manuel Miranda,1981,2015,country,rap
70108,e77b390101fe12212155793e5ae19c9210ace3c5,114022,a420e2b48de4b10a82cf9c565984e0feff1ab04b,19,0.8460826873779297,The General Lee,Haikyu Rap Cypher,Johnny Cash,Shwabadi,1981,2020,country,rap
70108,e77b390101fe12212155793e5ae19c9210ace3c5,505938,a4070b120fdd7a4f957235437b62ca10fe061960,20,0.8431414365768433,The General Lee,Reload the Wesson,Johnny Cash,Aaron Carter,1981,2022,country,rap
413632,fcad6c466488eaf32327bba209e4a40a323df09c,32004,d750e1ea79faa9fa9ea674c0b35e7e8f490399cf,1,0.8690351247787476,Long Stretch of Love,Natural Disaster / Aura,Lady A,Chris Brown,2014,2019,country,rb
413632,fcad6c466488eaf32327bba209e4a40a323df09c,301039,44b1cbfb35e61057f036b67e628818da98d3d2f7,2,0.8505291938781738,Long Stretch of Love,Rest of the Night,Lady A,Natalie Cole,2014,1989,country,pop
413632,fcad6c466488eaf32327bba209e4a40a323df09c,305942,c654ff193bb1393e9df47c6313fd36fc1c5106bc,3,0.8622159361839294,Long Stretch of Love,Until Were Free,Lady A,Corbyn Besson,2014,2014,country,rb
413632,fcad6c466488eaf32327bba209e4a40a323df09c,425114,9c00b771f49b3538e1530568d7141d010319cd89,4,0.8687019348144531,Long Stretch of Love,Drifting Apart,Lady A,Juke Ross,2014,2019,country,pop
413632,fcad6c466488eaf32327bba209e4a40a323df09c,178879,f848374810fe196a34372c522b42228c58480297,5,0.8524458408355713,Long Stretch of Love,Believe in Love,Lady A,Scorpions,2014,1988,country,rock
413632,fcad6c466488eaf32327bba209e4a40a323df09c,128842,45c99edacf28c5d00df4a5fd8901345d1c8a3bba,6,0.8623575568199158,Long Stretch of Love,Eternal Love,Lady A,Michael Learns to Rock,2014,2014,country,pop
413632,fcad6c466488eaf32327bba209e4a40a323df09c,385529,856c334420d7e94860b1602c010e188b3d700eb9,7,0.8533896803855896,Long Stretch of Love,In And Out,Lady A,TEC,2014,2017,country,rap
413632,fcad6c466488eaf32327bba209e4a40a323df09c,290026,d80231dcce15d5316827c67fbd0b7e3f18248912,8,0.855360746383667,Long Stretch of Love,Lets Hang On,Lady A,The Four Seasons,2014,1965,country,pop
413632,fcad6c466488eaf32327bba209e4a40a323df09c,358228,c8b4f906400ab34b5374690927d69d8d9cef8e8b,9,0.8579990863800049,Long Stretch of Love,Over And Over,Lady A,Shalamar,2014,1983,country,pop
413632,fcad6c466488eaf32327bba209e4a40a323df09c,9011,4935cf82579cb1669c4a685ebd274a4636dc5ed6,10,0.8550636768341064,Long Stretch of Love,No Heart,Lady A,YNW Melly,2014,2019,country,rap
413632,fcad6c466488eaf32327bba209e4a40a323df09c,65005,5601e194a6d9b2baa3ec52db5c902fdea911dd55,11,0.8583762645721436,Long Stretch of Love,Loves Train,Lady A,Con Funk Shun,2014,1982,country,rb
413632,fcad6c466488eaf32327bba209e4a40a323df09c,137283,a927d2c6506d05515c24a05c8e953073cbbdce4d,12,0.8329957127571106,Long Stretch of Love,The Keeper,Lady A,Blossoms,2014,2019,country,pop
413632,fcad6c466488eaf32327bba209e4a40a323df09c,198964,7c314c9a4c77f6036e3f61fa340b97f7cd17dc97,13,0.850433349609375,Long Stretch of Love,Requiem For Blue Jeans,Lady A,Bastille,2014,2012,country,pop
413632,fcad6c466488eaf32327bba209e4a40a323df09c,485013,93479c45463c4488397ba036b1c492e6e8cc7fdd,14,0.8581492304801941,Long Stretch of Love,Me And You,Lady A,Latin Hustle,2014,2011,country,rap
413632,fcad6c466488eaf32327bba209e4a40a323df09c,121767,d29b54edf00da27fbb80b915c3695616bb8162b3,15,0.8304598927497864,Long Stretch of Love,My Baby Dont Understand Me,Lady A,Natalie Prass,2014,2015,country,rock
413632,fcad6c466488eaf32327bba209e4a40a323df09c,447706,de9d1892c06aa50722a4640669d127274b85b3fa,16,0.8453555107116699,Long Stretch of Love,Out of Control,Lady A,Miles Kane,2014,2013,country,rock
413632,fcad6c466488eaf32327bba209e4a40a323df09c,497556,0ab68831a2150382f743cc5716ad2896a946774a,17,0.8420999050140381,Long Stretch of Love,When love comes home,Lady A,Matthew West,2014,2015,country,pop
413632,fcad6c466488eaf32327bba209e4a40a323df09c,471111,ccf6263a4b48d735544f457c2a858bdcb0b66873,18,0.8650925159454346,Long Stretch of Love,Riddim of Life,Lady A,Fiji (George Veikoso),2014,1999,country,rb
413632,fcad6c466488eaf32327bba209e4a40a323df09c,98423,dfa8d931460ded6f04534ad98769f2efc1213591,19,0.8413596153259277,Long Stretch of Love,Big Love,Lady A,Louis The Child & EARTHGANG,2014,2020,country,pop
413632,fcad6c466488eaf32327bba209e4a40a323df09c,134213,b219efa303e9b0f9517e1e8b48c1e3dff7026d02,20,0.8543654680252075,Long Stretch of Love,Paper Airplane,Lady A,Jeremy Passion,2014,2011,country,pop
72169,4caf07ac74f7e39c9ae70f5d9e512a33bd68287d,404470,4294dfc40d3cbfea8ced73e8dd60d927f1e306b0,1,0.887071430683136,I Ain’t Marching Anymore,Battle Hymn of Lt. Calley,Phil Ochs,C Company,1965,1971,country,country
72169,4caf07ac74f7e39c9ae70f5d9e512a33bd68287d,268173,6fa378cefd3c701db213cef28b57ec240ba0b6f7,2,0.8436743021011353,I Ain’t Marching Anymore,War in the Time of Peace,Phil Ochs,Wolves at the Gate,1965,2016,country,rock
72169,4caf07ac74f7e39c9ae70f5d9e512a33bd68287d,229651,7197cfa903839265d7ea40379fe8fde822970014,3,0.8642411231994629,I Ain’t Marching Anymore,Land of The Gun,Phil Ochs,Immortal Technique,1965,2013,country,rap
72169,4caf07ac74f7e39c9ae70f5d9e512a33bd68287d,428621,dc708a5260306e2fed91d6b56482d9b9bca8f852,4,0.8644214272499084,I Ain’t Marching Anymore,Oh no not again,Phil Ochs,Ignite,1965,2016,country,rock
72169,4caf07ac74f7e39c9ae70f5d9e512a33bd68287d,469442,401c3fb1ea85880f6f782f0747b5d19ab68fedff,5,0.8520369529724121,I Ain’t Marching Anymore,Hellionaires,Phil Ochs,Trap Them,1965,2016,country,rock
72169,4caf07ac74f7e39c9ae70f5d9e512a33bd68287d,306915,160e41f7b2e394fe0ad9f1f02054642a4d4187bd,6,0.8374114036560059,I Ain’t Marching Anymore,The Aftermath,Phil Ochs,Iron Maiden,1965,1995,country,rock
72169,4caf07ac74f7e39c9ae70f5d9e512a33bd68287d,291693,aa7053a25c55e63b9cd46f72c961427ac4669668,7,0.8614075183868408,I Ain’t Marching Anymore,Oh Im a Good Old Rebel,Phil Ochs,Bobby Horton,1965,2015,country,pop
72169,4caf07ac74f7e39c9ae70f5d9e512a33bd68287d,73406,31ae3efd96cf37d87d243c4045f37cc2cf523241,8,0.8494230508804321,I Ain’t Marching Anymore,40:1,Phil Ochs,Sabaton,1965,2008,country,rock
72169,4caf07ac74f7e39c9ae70f5d9e512a33bd68287d,136272,4dcf342990f3144016f55da0ffbb1cedbca9a084,9,0.8321869373321533,I Ain’t Marching Anymore,Battle Cry,Phil Ochs,Empire Cast,1965,2015,country,rb
72169,4caf07ac74f7e39c9ae70f5d9e512a33bd68287d,296615,835fdc74406b400fb2199a16537e85b10c4e2c25,10,0.8463417887687683,I Ain’t Marching Anymore,This Means War,Phil Ochs,Petra,1965,1987,country,pop
72169,4caf07ac74f7e39c9ae70f5d9e512a33bd68287d,402355,b8d99161762870ae7cb4bb20904acae5f4c66c6d,11,0.8665621280670166,I Ain’t Marching Anymore,Gettysburg,Phil Ochs,Civil War,1965,2013,country,rock
72169,4caf07ac74f7e39c9ae70f5d9e512a33bd68287d,133463,6f7ffdde059d64afa9bc4e90c586900a40f59acf,12,0.852653443813324,I Ain’t Marching Anymore,Casualties of War,Phil Ochs,Eric B. & Rakim,1965,1992,country,rap
72169,4caf07ac74f7e39c9ae70f5d9e512a33bd68287d,173084,87fb57c3c710655aa63726c2fba0df7650547dc2,13,0.8309750556945801,I Ain’t Marching Anymore,Carry Me Back to Virginia,Phil Ochs,Old Crow Medicine Show,1965,2012,country,country
72169,4caf07ac74f7e39c9ae70f5d9e512a33bd68287d,110750,c64d8daae65d046497604f5e00f92e41d2022d54,14,0.839425802230835,I Ain’t Marching Anymore,Invaders,Phil Ochs,Iron Maiden,1965,1982,country,rock
72169,4caf07ac74f7e39c9ae70f5d9e512a33bd68287d,302754,0c50205c4f2b322f3acfa64e43df120f2be59e4a,15,0.8430852890014648,I Ain’t Marching Anymore,Born to Battle,Phil Ochs,JT Music,1965,2016,country,rap
72169,4caf07ac74f7e39c9ae70f5d9e512a33bd68287d,215372,5d80ef40b8335dcae0a99aa92c80c7a3877d12b3,16,0.8502731919288635,I Ain’t Marching Anymore,Babylon Burning,Phil Ochs,Chris Webby,1965,2019,country,rap
72169,4caf07ac74f7e39c9ae70f5d9e512a33bd68287d,127191,8badc01f6456a0540f9e9ceeff8a77812d18ebf5,17,0.8511549234390259,I Ain’t Marching Anymore,WAR,Phil Ochs,Common,1965,2014,country,rap
72169,4caf07ac74f7e39c9ae70f5d9e512a33bd68287d,89190,cfecf5e3b0306ba280eb7eea1c1a136ca114a6e7,18,0.8502281904220581,I Ain’t Marching Anymore,The Warrior Song,Phil Ochs,Sean Householder,1965,2013,country,misc
72169,4caf07ac74f7e39c9ae70f5d9e512a33bd68287d,419884,dbc406d22dc753507fb02d0d15ae05414d759a06,19,0.8210413455963135,I Ain’t Marching Anymore,Connaught Rangers,Phil Ochs,The Wolfe Tones,1965,1978,country,pop
72169,4caf07ac74f7e39c9ae70f5d9e512a33bd68287d,492265,c52b1732558d8a43ff22c20cc570685a07d97b7b,20,0.8529912829399109,I Ain’t Marching Anymore,Tomahawk Bang,Phil Ochs,FunkDoobiest,1965,1995,country,rap
360908,4d701b8ea16e60bf2a1c0ed098676da618707953,392688,682d041729d3d0ecb9711aecfe937ad4895bae2c,1,0.8578609228134155,Boys from Back Home,Come Back Home,Scotty McCreery,Nappy Roots,2018,2010,country,pop
360908,4d701b8ea16e60bf2a1c0ed098676da618707953,351617,b398fc31561e1d40305db3dbe803125f91866abf,2,0.8533358573913574,Boys from Back Home,18 Years,Scotty McCreery,Daughtry,2018,2013,country,rock
360908,4d701b8ea16e60bf2a1c0ed098676da618707953,382989,2d474983808f683ed555c27d21cc088acd682b91,3,0.8386639356613159,Boys from Back Home,21st Century Honky Tonk American Band,Scotty McCreery,Midland,2018,2019,country,country
360908,4d701b8ea16e60bf2a1c0ed098676da618707953,4611,ebe6b04c96b0e1036194a597e9d7753d55de50be,4,0.8479908108711243,Boys from Back Home,Roadtrip,Scotty McCreery,Dream & PmBata,2018,2021,country,pop
360908,4d701b8ea16e60bf2a1c0ed098676da618707953,43507,aa696c6cbba20bcb618c8510c719d10a96dbc02e,5,0.8544964790344238,Boys from Back Home,Suburban War,Scotty McCreery,Arcade Fire,2018,2010,country,rock
360908,4d701b8ea16e60bf2a1c0ed098676da618707953,215513,a12ded14da828e3c13abb95eb6586471a5f78e1d,6,0.8493796586990356,Boys from Back Home,Basketball Court,Scotty McCreery,Home Brew,2018,2012,country,rap
360908,4d701b8ea16e60bf2a1c0ed098676da618707953,494144,0f4ed973aa955872877641efdac18b56f7415b05,7,0.840267539024353,Boys from Back Home,Young Again,Scotty McCreery,Metro Station,2018,2017,country,pop
360908,4d701b8ea16e60bf2a1c0ed098676da618707953,491373,94f3384b87d54d97aa8b28a743adff9371d79227,8,0.8366714715957642,Boys from Back Home,Headlights,Scotty McCreery,Cimorelli,2018,2016,country,misc
360908,4d701b8ea16e60bf2a1c0ed098676da618707953,224773,07fdaeba465aa2f735ea50957bf141bf71382b56,9,0.8340277671813965,Boys from Back Home,Back in the Day,Scotty McCreery,Christina Aguilera,2018,2006,country,pop
360908,4d701b8ea16e60bf2a1c0ed098676da618707953,153077,24890531c2a2de6ae6045dd338d514e5ecec4ca4,10,0.8445689082145691,Boys from Back Home,Go Back,Scotty McCreery,Jelly Roll & Struggle Jennings,2018,2018,country,rap
360908,4d701b8ea16e60bf2a1c0ed098676da618707953,213102,6defebef7f9b9453fd1aa79d1812707b4287ba7d,11,0.8367894887924194,Boys from Back Home,The Load-Out,Scotty McCreery,Jackson Browne,2018,1977,country,rock
360908,4d701b8ea16e60bf2a1c0ed098676da618707953,6962,7e3c8bd39ae246e9671286283d8917105e822f32,12,0.8362494707107544,Boys from Back Home,The River,Scotty McCreery,Bruce Springsteen,2018,1981,country,rock
360908,4d701b8ea16e60bf2a1c0ed098676da618707953,490225,f5c9c0eab78796046b55fe5658e1b02feb980dbe,13,0.8387392163276672,Boys from Back Home,Time Dont Wait,Scotty McCreery,Home Brew,2018,2012,country,rap
360908,4d701b8ea16e60bf2a1c0ed098676da618707953,188738,722da807ef129825699ed50fe8d75040054dac09,14,0.8407384753227234,Boys from Back Home,미니카 Drive,Scotty McCreery,NCT DREAM,2018,2022,country,pop
360908,4d701b8ea16e60bf2a1c0ed098676da618707953,115611,586b414cd86c2fe2e117dc59c88c7c4ac51e92f5,15,0.8527893424034119,Boys from Back Home,10 Years,Scotty McCreery,Classified,2018,2018,country,rap
360908,4d701b8ea16e60bf2a1c0ed098676da618707953,181881,fce6bcdd189d04de9bbebddcd558b6a1b01d3733,16,0.81573486328125,Boys from Back Home,Summer,Scotty McCreery,The Hunna,2018,2017,country,pop
360908,4d701b8ea16e60bf2a1c0ed098676da618707953,280024,e0570678474a3bb2aacd6fda519ebde433f14d73,17,0.8362289667129517,Boys from Back Home,Morning of America,Scotty McCreery,Blue Scholars,2018,2007,country,rap
360908,4d701b8ea16e60bf2a1c0ed098676da618707953,345190,defe4991cf048abc91acece8bceb2413bd5ed0bc,18,0.8448947072029114,Boys from Back Home,All Around the World,Scotty McCreery,Theophilus London,2018,2011,country,rap
360908,4d701b8ea16e60bf2a1c0ed098676da618707953,204243,b721019d18eab05e1dec8bb80bb77014b05c10cc,19,0.8493316173553467,Boys from Back Home,A Way Back to Then,Scotty McCreery,Jeff Bowen,2018,2008,country,pop
360908,4d701b8ea16e60bf2a1c0ed098676da618707953,122357,49d5fba4e9b7110d4fc221c23b04e8e90c11d8da,20,0.8402025699615479,Boys from Back Home,Shelter Song,Scotty McCreery,Temples,2018,2012,country,rock
257177,e61052b5dd3ffd91ba4221346efd8015038a012d,329093,59496a896768c1102c3899db51a86ae97223f7e3,1,0.7959373593330383,Elusive Butterfly,Watch Me Fly...,Bob Lind,Crush 40,1966,2000,country,rock
257177,e61052b5dd3ffd91ba4221346efd8015038a012d,317470,1dc1d8c1936f93dd6f639d40af853509f0f09370,2,0.7895066142082214,Elusive Butterfly,Dreamer,Bob Lind,Elizaveta,1966,2011,country,pop
257177,e61052b5dd3ffd91ba4221346efd8015038a012d,359632,2d495f9dbcc16900555c2f7abcc1704b9eb1cbdd,3,0.7913668751716614,Elusive Butterfly,Running from Home,Bob Lind,Bert Jansch,1966,1965,country,rock
257177,e61052b5dd3ffd91ba4221346efd8015038a012d,499984,2c8e71f1b1ff407bb5d6a1a25f84c2405216138f,4,0.7856491804122925,Elusive Butterfly,​dougie jones,Bob Lind,Lubalin,1966,2022,country,pop
257177,e61052b5dd3ffd91ba4221346efd8015038a012d,253492,19b3761122f267d5d9079383b425c01e6735b31d,5,0.7898703813552856,Elusive Butterfly,Butterfly Effect,Bob Lind,ASTRO,1966,2021,country,pop
257177,e61052b5dd3ffd91ba4221346efd8015038a012d,166006,d157457b0a9d7ab1eaa4e7232dc146121b16a0d9,6,0.7941644787788391,Elusive Butterfly,DREAMCATCHER,Bob Lind,STARSET,1966,2021,country,rock
257177,e61052b5dd3ffd91ba4221346efd8015038a012d,53258,3cc82322f739b3bfa4a63f76e7cba487ca3b1867,7,0.769862949848175,Elusive Butterfly,I Follow Rivers Tyler The Creator Remix,Bob Lind,Lykke Li,1966,2011,country,rap
257177,e61052b5dd3ffd91ba4221346efd8015038a012d,159826,6e3d2447755eeeef26a1691e75870efdd3d87c56,8,0.7847299575805664,Elusive Butterfly,Chase Me,Bob Lind,DREAMCATCHER,1966,2017,country,rock
257177,e61052b5dd3ffd91ba4221346efd8015038a012d,166970,50d8d26e6590d77a43960b04a5b85fb5029b187b,9,0.7829930782318115,Elusive Butterfly,Impossible Geometry,Bob Lind,The Stupendium,1966,2019,country,rap
257177,e61052b5dd3ffd91ba4221346efd8015038a012d,486633,27a833895331630cfc37e126745acae979dc82c9,10,0.7660238742828369,Elusive Butterfly,Madness of Love,Bob Lind,Raphael Gualazzi,1966,2011,country,pop
257177,e61052b5dd3ffd91ba4221346efd8015038a012d,469662,f856a287fab50ef1bdc255815de817e861284df7,11,0.7584261298179626,Elusive Butterfly,Ruby Waves,Bob Lind,Trey Anastasio,1966,2019,country,rock
257177,e61052b5dd3ffd91ba4221346efd8015038a012d,72060,c1e3200bd98607233bafbf945e09f4a50ae74e38,12,0.7667034268379211,Elusive Butterfly,Running,Bob Lind,Gaho,1966,2020,country,pop
257177,e61052b5dd3ffd91ba4221346efd8015038a012d,76589,571d08c93a755f7c259e5d0073e79fc4e5757929,13,0.7581368684768677,Elusive Butterfly,Over the Mountain,Bob Lind,Ozzy Osbourne,1966,1981,country,rock
257177,e61052b5dd3ffd91ba4221346efd8015038a012d,202672,1e79d7fdebc2ada2249ca5f85e3f40d3b1484a61,14,0.7705864906311035,Elusive Butterfly,Streams,Bob Lind,Haken,1966,2010,country,rock
257177,e61052b5dd3ffd91ba4221346efd8015038a012d,106856,2ec846629061556b6a1ec29c72095254a04f2655,15,0.771213948726654,Elusive Butterfly,Brain,Bob Lind,Mariah the Scientist,1966,2021,country,rb
257177,e61052b5dd3ffd91ba4221346efd8015038a012d,429158,fd2972cb30f8d9466e784706b1a415cc4075149d,16,0.7707499265670776,Elusive Butterfly,Songbirds,Bob Lind,Silversun Pickups,1966,2019,country,rock
257177,e61052b5dd3ffd91ba4221346efd8015038a012d,358331,45d6535dc23f5835905b2732096d16cefbe74f56,17,0.776774525642395,Elusive Butterfly,The Journey Live,Bob Lind,ICF Worship,1966,2016,country,pop
257177,e61052b5dd3ffd91ba4221346efd8015038a012d,238076,2066ec9780b53a81fbb05698d250184b301bbf98,18,0.7806033492088318,Elusive Butterfly,Song for a Seagull,Bob Lind,Teleman,1966,2018,country,pop
257177,e61052b5dd3ffd91ba4221346efd8015038a012d,89510,795cf68f4aa41d04d8bb894e39b9a5e280ddccc5,19,0.7725902199745178,Elusive Butterfly,Spread My Wings,Bob Lind,Troop,1966,1989,country,rb
257177,e61052b5dd3ffd91ba4221346efd8015038a012d,315118,79c3b464c81d82c5fb22b065917ce13aeb9564fb,20,0.7651379704475403,Elusive Butterfly,Lucid Dreams,Bob Lind,SOJA,1966,2014,country,pop
254135,b778fd3ba61b7a7c18b5153a873a5c671e9a2c88,356104,05d7d8390a5109b9ffeff78e8ee6f1b3ad93fbd9,1,0.897774338722229,Oblivion,Go Alone,Lost Dog Street Band,Hell Or Highwater,2013,2011,country,pop
254135,b778fd3ba61b7a7c18b5153a873a5c671e9a2c88,250482,809b28df0606a6ca1cf717d56fba14521a642442,2,0.870590329170227,Oblivion,Resentment,Lost Dog Street Band,Kublai Khan TX,2013,2021,country,rock
254135,b778fd3ba61b7a7c18b5153a873a5c671e9a2c88,338564,4344d580580524e6d43dd05b4eccd9313a4e09cf,3,0.89718097448349,Oblivion,Graveyard,Lost Dog Street Band,Dead Moon,2013,1988,country,pop
254135,b778fd3ba61b7a7c18b5153a873a5c671e9a2c88,329927,70c7646c79dd1ea130f28074349382e652524d43,4,0.8845320343971252,Oblivion,You Eclipsed By Me,Lost Dog Street Band,Atreyu,2013,2004,country,rock
254135,b778fd3ba61b7a7c18b5153a873a5c671e9a2c88,213601,8355c1767138d71a229f4ff1dabb08f0d64a3a60,5,0.8930014371871948,Oblivion,Strugglin,Lost Dog Street Band,K'naan,2013,2005,country,rap
254135,b778fd3ba61b7a7c18b5153a873a5c671e9a2c88,495605,8ff25c87658f26e4147f837b1be5d45df9a2091a,6,0.8913899064064026,Oblivion,Vendetta,Lost Dog Street Band,Mike V and the Rats,2013,2005,country,pop
254135,b778fd3ba61b7a7c18b5153a873a5c671e9a2c88,281546,09938180e6b58471eea0dd373f2b4ddf5eeba1b5,7,0.8907589316368103,Oblivion,Redemption,Lost Dog Street Band,Slaine,2013,2019,country,rap
254135,b778fd3ba61b7a7c18b5153a873a5c671e9a2c88,341683,f5c93a01e87b756d840d7ca0a65cf394cc619137,8,0.8825153112411499,Oblivion,Repentance,Lost Dog Street Band,Hllas,2013,2017,country,rock
254135,b778fd3ba61b7a7c18b5153a873a5c671e9a2c88,363032,b082033e39b629ae2f9fbd37506e93b839926a84,9,0.8929023146629333,Oblivion,Three Headed Woman,Lost Dog Street Band,Boy & Bear,2013,2013,country,rock
254135,b778fd3ba61b7a7c18b5153a873a5c671e9a2c88,193102,425845249843b9adb48e393c12f8befeaa24e01d,10,0.8866602182388306,Oblivion,Heaven,Lost Dog Street Band,Bayside,2013,2019,country,rock
254135,b778fd3ba61b7a7c18b5153a873a5c671e9a2c88,433563,7702955b3696d416300327959c905c8d57ee446f,11,0.8898869752883911,Oblivion,The Years of Death and Dying,Lost Dog Street Band,Exodus,2013,2021,country,rock
254135,b778fd3ba61b7a7c18b5153a873a5c671e9a2c88,72303,455c0d795ffdfc36d377c15bc0b9da2b97ba4cab,12,0.8904249668121338,Oblivion,Failure,Lost Dog Street Band,Swans,2013,1991,country,rock
254135,b778fd3ba61b7a7c18b5153a873a5c671e9a2c88,200597,4bbca1b8934552cd5021f0555dc7f34c8e8d1222,13,0.8889648914337158,Oblivion,Crestfallen,Lost Dog Street Band,Follow My Lead,2013,2013,country,rock
254135,b778fd3ba61b7a7c18b5153a873a5c671e9a2c88,465399,5017f6a95da1110800e7f9d3b98530e2435dd5a8,14,0.8818210363388062,Oblivion,His Theme,Lost Dog Street Band,Bumble-lily,2013,2015,country,pop
254135,b778fd3ba61b7a7c18b5153a873a5c671e9a2c88,296993,61731d9ad063b499e701bdd92ffe6633bd19c1fe,15,0.8945857286453247,Oblivion,Sophocles trans Williams/Dickerson’s “Women of Trachis”,Lost Dog Street Band,CLA010,2013,2015,country,misc
254135,b778fd3ba61b7a7c18b5153a873a5c671e9a2c88,64175,1fa97585a2286cefbbcc1055d261091a6c5ed8fb,16,0.8877356052398682,Oblivion,Prisoner,Lost Dog Street Band,James Arthur,2013,2016,country,pop
254135,b778fd3ba61b7a7c18b5153a873a5c671e9a2c88,401378,46e1762960ce69f2f67af69f4efa8ae2059f3d6e,17,0.8761923909187317,Oblivion,Bad Idea,Lost Dog Street Band,Lemon Demon,2013,2004,country,pop
254135,b778fd3ba61b7a7c18b5153a873a5c671e9a2c88,123451,92dadb99bc609f006f9b0902cd3b59f72eae0fe1,18,0.8801634907722473,Oblivion,3 de Abril,Lost Dog Street Band,Anuel AA,2013,2020,country,pop
254135,b778fd3ba61b7a7c18b5153a873a5c671e9a2c88,225802,d53b06bc259291b65e13099c328404cb3bcc4fb4,19,0.8870459794998169,Oblivion,Meet Thy Maker,Lost Dog Street Band,DAGames,2013,2019,country,rock
254135,b778fd3ba61b7a7c18b5153a873a5c671e9a2c88,494844,9502e11d2e16a9ab98988dc66e887126b9a12fcc,20,0.8930574059486389,Oblivion,Doomsday,Lost Dog Street Band,Set To Stun,2013,2015,country,rock
380363,a8f7e9d9d3486eadb788fdcc24baa4f4ab5f61f8,407485,ca6c392f6a2ca6b31dba155a1fac19002f67a0a9,1,0.806389331817627,Officer Norris,Rastaman Wheel Out,Blaze Foley,Chronixx,1999,2014,country,pop
380363,a8f7e9d9d3486eadb788fdcc24baa4f4ab5f61f8,454124,edd96d6792594cb3601ccb4657bbdeb45a7cfcce,2,0.769620954990387,Officer Norris,SAFETY SCHOOL Harvard Diss Track,Blaze Foley,Stanford Fleet Street Singers,1999,2019,country,rap
380363,a8f7e9d9d3486eadb788fdcc24baa4f4ab5f61f8,26743,8fe00d95938c21e8af0938e2a7b861634f3d5a4f,3,0.7910966873168945,Officer Norris,Blood of the Lamb DONDA Original Version,Blaze Foley,Kanye West,1999,2020,country,rap
380363,a8f7e9d9d3486eadb788fdcc24baa4f4ab5f61f8,101430,72b2daf31159ac905173dd14568a98045c53fcd3,4,0.790677547454834,Officer Norris,Crown,Blaze Foley,Rapsody,1999,2016,country,rap
380363,a8f7e9d9d3486eadb788fdcc24baa4f4ab5f61f8,169549,01bc630d6d5349b8b1f7a0fda4cd14b216d8323e,5,0.7663639783859253,Officer Norris,GET YOUR HAND OFF MY PENIS,Blaze Foley,Paul Charles Dozsa,1999,1988,country,misc
380363,a8f7e9d9d3486eadb788fdcc24baa4f4ab5f61f8,435715,c7c9a6d9a78f4a5f752ecb20e0cb93d8c5b129b1,6,0.7650882005691528,Officer Norris,Blood Bank,Blaze Foley,Third Eye Blind,1999,2018,country,rock
380363,a8f7e9d9d3486eadb788fdcc24baa4f4ab5f61f8,452032,b9737807f93ff473f63afb7e2fdbf7c587b9b8b3,7,0.7695028781890869,Officer Norris,Police Officer,Blaze Foley,Smiley Culture,1999,1985,country,pop
380363,a8f7e9d9d3486eadb788fdcc24baa4f4ab5f61f8,172492,e2d2126ffdbba071639f5d0cd8ba3c030776ee7d,8,0.7756621837615967,Officer Norris,ABCs,Blaze Foley,K'naan,1999,2008,country,rap
380363,a8f7e9d9d3486eadb788fdcc24baa4f4ab5f61f8,39131,ace044d3b9e600df0ead48aa2e83fc27e5409007,9,0.7623695135116577,Officer Norris,Show Me Your Hands,Blaze Foley,Team StarKid,1999,2018,country,pop
380363,a8f7e9d9d3486eadb788fdcc24baa4f4ab5f61f8,242500,e6abb45634576031faae9a2dd657a3be04c92556,10,0.7601430416107178,Officer Norris,The Pinstripes Are All That They See,Blaze Foley,Marc Shaiman and Scott Wittman,1999,2011,country,pop
380363,a8f7e9d9d3486eadb788fdcc24baa4f4ab5f61f8,195181,e4426fa885b0e5a1d5bea328ced57f2239d7ae7e,11,0.7777830362319946,Officer Norris,Shall I Tell You What I Think of You?,Blaze Foley,Richard Rodgers,1999,1956,country,pop
380363,a8f7e9d9d3486eadb788fdcc24baa4f4ab5f61f8,163217,d7319b5cae6a8eb130b74721bc7564138e90f6c7,12,0.7844599485397339,Officer Norris,Ministry of the Torture Couch,Blaze Foley,Busdriver,1999,2015,country,rap
380363,a8f7e9d9d3486eadb788fdcc24baa4f4ab5f61f8,390705,f98c09d14a011cb3abdcf78cd1bdb4df90d7980d,13,0.7866504192352295,Officer Norris,You Had Too Much to Drink,Blaze Foley,EPMD,1999,1989,country,rap
380363,a8f7e9d9d3486eadb788fdcc24baa4f4ab5f61f8,235271,b26de5b9a7f0f0d4354eb2ca2ede1d73a7656961,14,0.7563000917434692,Officer Norris,Big Black Hole,Blaze Foley,The Hours,1999,2009,country,pop
380363,a8f7e9d9d3486eadb788fdcc24baa4f4ab5f61f8,126344,6359fd7ab237fc81da1b113e149675534c51948c,15,0.7566369771957397,Officer Norris,Mr. Officer,Blaze Foley,Tee Grizzley,1999,2020,country,rap
380363,a8f7e9d9d3486eadb788fdcc24baa4f4ab5f61f8,335923,4dbab42f75375123b6a1484a87184bb6fe7818aa,16,0.7554886937141418,Officer Norris,Who Protects Us From You?,Blaze Foley,Boogie Down Productions,1999,1989,country,rap
380363,a8f7e9d9d3486eadb788fdcc24baa4f4ab5f61f8,208620,5a7327cf84c20edab6e4b6491fe2f46a13c76a2c,17,0.7598680853843689,Officer Norris,What This World Needs Is A Few More Rednecks,Blaze Foley,Charlie Daniels,1999,1989,country,country
380363,a8f7e9d9d3486eadb788fdcc24baa4f4ab5f61f8,489619,c515e5b5bf0650a1bce5301a8bf3ff3cae4801fd,18,0.7741574048995972,Officer Norris,DES_K_TOP,Blaze Foley,Lava La Rue,1999,2018,country,rap
380363,a8f7e9d9d3486eadb788fdcc24baa4f4ab5f61f8,401994,1ec70e18880052b39a677633a56bb7ec408fb97c,19,0.7735863924026489,Officer Norris,Pet Peeves,Blaze Foley,Del The Funky Homosapien,1999,2015,country,rap
380363,a8f7e9d9d3486eadb788fdcc24baa4f4ab5f61f8,153299,39f0c0530cdcf92b1ce659132b64a3c117dd6014,20,0.7793065905570984,Officer Norris,Get It,Blaze Foley,Charlie Sloth,1999,2021,country,rap
74604,37a43075decca1adc000d4acb32492fcc73bbb6b,417201,f6ee06aa86285f873f92042477b89006da0b6d73,1,0.8717406988143921,More Girls Like You,Raise The Bar,Kip Moore,Blake Whiteley,2017,2016,country,rap
74604,37a43075decca1adc000d4acb32492fcc73bbb6b,405808,740c4cdf2460f0b6c1eb8284b653040226499417,2,0.8678331971168518,More Girls Like You,Most High Remix,Kip Moore,Jerzee Monet,2017,2002,country,rap
74604,37a43075decca1adc000d4acb32492fcc73bbb6b,10831,3bdd36807a190326a131b4c4cdda4a9b3020ebfa,3,0.8659098744392395,More Girls Like You,We Go High,Kip Moore,Chance the Rapper,2017,2019,country,rap
74604,37a43075decca1adc000d4acb32492fcc73bbb6b,257026,b43900d4b2e0437a999c120b39b3cbe7a48ed109,4,0.8439485430717468,More Girls Like You,Stellar Light,Kip Moore,Lupe Fiasco,2017,2014,country,rap
74604,37a43075decca1adc000d4acb32492fcc73bbb6b,414968,fc756b39ba63443a2849ec037dfed022c382315d,5,0.8628799915313721,More Girls Like You,Old Girl/Shining Star,Kip Moore,Slum Village,2017,2004,country,rap
74604,37a43075decca1adc000d4acb32492fcc73bbb6b,477278,195138734d0474d82799305692a4dbe05b5fb8cd,6,0.862545371055603,More Girls Like You,Gain The World,Kip Moore,Mogli the Iceburg,2017,2015,country,rap
74604,37a43075decca1adc000d4acb32492fcc73bbb6b,252403,c13f70fc7ff0bc9eb688dbfcc12edfd551cdca9e,7,0.8337588310241699,More Girls Like You,Guys Like Me,Kip Moore,Eric Church,2017,2007,country,country
74604,37a43075decca1adc000d4acb32492fcc73bbb6b,121189,c66e56235f30b66d498c7508d3176cd8c1cdae6b,8,0.8704714775085449,More Girls Like You,Til We Die,Kip Moore,Blu,2017,2010,country,rap
74604,37a43075decca1adc000d4acb32492fcc73bbb6b,358150,fa42934964b0115db29565e78bb4a65da5613704,9,0.8649206161499023,More Girls Like You,Constellations,Kip Moore,Blu & Exile,2017,2017,country,rap
74604,37a43075decca1adc000d4acb32492fcc73bbb6b,125389,b5632de4c7916058a2c3a4e6c2d439c817155385,10,0.8586648106575012,More Girls Like You,Omg,Kip Moore,The Madden Brothers,2017,2011,country,rap
74604,37a43075decca1adc000d4acb32492fcc73bbb6b,243027,6ff8ee742bc11c07863e6e5e04ad6443754989a4,11,0.8360190391540527,More Girls Like You,You Deserve An Island,Kip Moore,Chase Huglin,2017,2016,country,rock
74604,37a43075decca1adc000d4acb32492fcc73bbb6b,295576,030fa8905c5faf1d0f7a11241baaae8b868e4d1e,12,0.8574960231781006,More Girls Like You,CALAMITY,Kip Moore,King Shelter,2017,2019,country,rock
74604,37a43075decca1adc000d4acb32492fcc73bbb6b,118258,c3cc66a7f2101e98ac58ed62532acae2aa22faa8,13,0.8536969423294067,More Girls Like You,Glam,Kip Moore,Chuck Inglish,2017,2014,country,rap
74604,37a43075decca1adc000d4acb32492fcc73bbb6b,292403,c9bb85f4a1cc21bca9079ca8c57b58f575ccd974,14,0.8579561114311218,More Girls Like You,Gimme Dat,Kip Moore,Ambassador,2017,2008,country,rap
74604,37a43075decca1adc000d4acb32492fcc73bbb6b,185933,55d2b55a6f63b0d6a8fc4e8500441265849006ed,15,0.8511710166931152,More Girls Like You,Lemon Pepper Freestyle,Kip Moore,Toosii,2017,2021,country,rap
74604,37a43075decca1adc000d4acb32492fcc73bbb6b,378811,053d8948544bac36a11e213c4477c2b4689ee1d0,16,0.8567397594451904,More Girls Like You,The Case,Kip Moore,Jesse Jagz,2017,2014,country,rap
74604,37a43075decca1adc000d4acb32492fcc73bbb6b,511219,5c7d3d9cd455dc84f680acbaad015f2fa088979e,17,0.8653833866119385,More Girls Like You,Cooling,Kip Moore,RecD,2017,2022,country,pop
74604,37a43075decca1adc000d4acb32492fcc73bbb6b,4293,3fa27b9f93d09d1226a55ac94969bf43df02af2d,18,0.8559117317199707,More Girls Like You,BLACK EFFECT,Kip Moore,THE CARTERS,2017,2018,country,rap
74604,37a43075decca1adc000d4acb32492fcc73bbb6b,158698,be055c84cc33c5696c418ba797692cd103736a72,19,0.864840030670166,More Girls Like You,Gimmie,Kip Moore,Derek Minor,2017,2013,country,rap
74604,37a43075decca1adc000d4acb32492fcc73bbb6b,219427,803311eb9c449ee7b1caa3aa3f24f98c958a2692,20,0.8514113426208496,More Girls Like You,SugaSuga,Kip Moore,Tommy Cash,2017,2014,country,rap
136040,265c3561dffb8ca1c9d85eb3a1eb19dfa1f31875,320134,b09f51a7a5ddf963657737bbc11e347b722a36c4,1,0.7973253130912781,Suck This Cock Gavin,Juicy Cock,Grant MacDonald,Minionz (rap),2015,2017,country,rb
136040,265c3561dffb8ca1c9d85eb3a1eb19dfa1f31875,464584,9b567d0a74ab0862ac1470aa7f8145d9130bbd93,2,0.7798701524734497,Suck This Cock Gavin,Prince Harry,Grant MacDonald,Grant MacDonald,2015,2012,country,rock
136040,265c3561dffb8ca1c9d85eb3a1eb19dfa1f31875,182340,4a16086cb17c2e94eeeda34bea6c370ef27b319b,3,0.7553545236587524,Suck This Cock Gavin,Ram Ranch 202,Grant MacDonald,Grant MacDonald,2015,2019,country,pop
136040,265c3561dffb8ca1c9d85eb3a1eb19dfa1f31875,183465,511ad21e4ed60fc3229e319062fd4ed633daf90d,4,0.7930251359939575,Suck This Cock Gavin,You Bitches Loved To Get Fucked In The Ass,Grant MacDonald,Necro,2015,2005,country,rap
136040,265c3561dffb8ca1c9d85eb3a1eb19dfa1f31875,286239,12e7eaba8c4f23c77057c4e3c715a43d1d1a2c10,5,0.7889283299446106,Suck This Cock Gavin,Fuck You to the Track,Grant MacDonald,Necro,2015,1992,country,rap
136040,265c3561dffb8ca1c9d85eb3a1eb19dfa1f31875,320360,86600d59f43b1641cb8508323ba57d2e73f781ab,6,0.788970410823822,Suck This Cock Gavin,No Vagina Parody,Grant MacDonald,GayHipHop,2015,2017,country,rap
136040,265c3561dffb8ca1c9d85eb3a1eb19dfa1f31875,397161,6d19102e7cc2c805191cd501acf5743cf067d4b8,7,0.7881729602813721,Suck This Cock Gavin,Fuck Somebody Else,Grant MacDonald,Foxy Brown,2015,2015,country,pop
136040,265c3561dffb8ca1c9d85eb3a1eb19dfa1f31875,166120,78eeb5542ef7d4e38a46e68967adce2fb2256cbd,8,0.7771504521369934,Suck This Cock Gavin,Raw Dog No Pull Out,Grant MacDonald,H-Bass and the Kosby Kids,2015,2012,country,rap
136040,265c3561dffb8ca1c9d85eb3a1eb19dfa1f31875,451912,220f2c8738856167dd429d9ece8fee4e5b10957a,9,0.7928680777549744,Suck This Cock Gavin,PTPOM 2.0,Grant MacDonald,MoHead Mike,2015,2022,country,rap
136040,265c3561dffb8ca1c9d85eb3a1eb19dfa1f31875,93250,2b991ec72ae4369adcf9b2ca4175ddd079549731,10,0.790926456451416,Suck This Cock Gavin,B.O.Y.S.N.E.X.T.D.O.O.R,Grant MacDonald,Softwilly,2015,2021,country,rap
136040,265c3561dffb8ca1c9d85eb3a1eb19dfa1f31875,291744,25546db4123dd6d0fc54e3f15b3704a68f228597,11,0.7647594809532166,Suck This Cock Gavin,Role Play Interlude,Grant MacDonald,Joe Budden,2015,2013,country,rap
136040,265c3561dffb8ca1c9d85eb3a1eb19dfa1f31875,482517,860eef3ba22a4f215c3e900676f1c6925e4145f0,12,0.7903043031692505,Suck This Cock Gavin,I Wanna Fuck Me Some Hoes,Grant MacDonald,Knightowl,2015,2000,country,rap
136040,265c3561dffb8ca1c9d85eb3a1eb19dfa1f31875,192227,820ca4082148c096a017314349607a4fb5a3c9da,13,0.7891390323638916,Suck This Cock Gavin,Pussy Is My Weakness,Grant MacDonald,Necro,2015,2005,country,rap
136040,265c3561dffb8ca1c9d85eb3a1eb19dfa1f31875,462817,9790afa727c9a02b8be10029399592984c42bac6,14,0.7667376399040222,Suck This Cock Gavin,Bare Flesh,Grant MacDonald,Craig X,2015,2016,country,rap
136040,265c3561dffb8ca1c9d85eb3a1eb19dfa1f31875,132203,6c2fc0ef4c47228bba10283bd14028c64092aaec,15,0.7694684863090515,Suck This Cock Gavin,FuckUmean,Grant MacDonald,Robb Bank$,2015,2015,country,rap
136040,265c3561dffb8ca1c9d85eb3a1eb19dfa1f31875,225413,73c1ba7eb2bff59481a724c204930ccb04ddc7b1,16,0.7835186719894409,Suck This Cock Gavin,Wii Fit,Grant MacDonald,LilCockPump,2015,2017,country,rap
136040,265c3561dffb8ca1c9d85eb3a1eb19dfa1f31875,16890,c4582f7a3f0fdcacc4d367ad179456b110020981,17,0.7707103490829468,Suck This Cock Gavin,Melly The Menace,Grant MacDonald,YNW Melly,2015,2018,country,rap
136040,265c3561dffb8ca1c9d85eb3a1eb19dfa1f31875,89261,de5b2db5fe3c4c0037724d4d32a0d38f9576d9f7,18,0.7796969413757324,Suck This Cock Gavin,Look What You Made Me Do,Grant MacDonald,R.A. The Rugged Man,2015,2017,country,rap
136040,265c3561dffb8ca1c9d85eb3a1eb19dfa1f31875,511281,1cef2a4115236812f88dd9d8b671b64f465eccf5,19,0.7798408269882202,Suck This Cock Gavin,Calabasas Faggotry,Grant MacDonald,"$MALLGOD, B Freshy, LTBONE, MAYONAISE",2015,2022,country,rap
136040,265c3561dffb8ca1c9d85eb3a1eb19dfa1f31875,102318,61bb1ba5c97486e6590cbf99cdeb16ad3e8897fb,20,0.7763961553573608,Suck This Cock Gavin,Nympho Queen,Grant MacDonald,Delano Edwards,2015,2012,country,rap
452800,f98f783b75011bbeccd55006fc31ec15106f687a,195628,25d95fd52e38194eb6bfe303128cef2af17fd79e,1,0.844052791595459,Cadillacin,What You Know About It?,The Cadillac Three,Big K.R.I.T.,2017,2014,country,rap
452800,f98f783b75011bbeccd55006fc31ec15106f687a,166859,805a74b1a7f114acbba9406e29fad05a5283c370,2,0.8232749700546265,Cadillacin,Pink Cadillac,The Cadillac Three,Bruce Springsteen,2017,1984,country,rock
452800,f98f783b75011bbeccd55006fc31ec15106f687a,1032,7d846d7e564de7ec037a7db9405d87f452699a52,3,0.833541750907898,Cadillacin,White Walls,The Cadillac Three,Macklemore & Ryan Lewis,2017,2013,country,rap
452800,f98f783b75011bbeccd55006fc31ec15106f687a,311401,9e1660b90791af8b81750b1b3fa80e73310087b9,4,0.8161015510559082,Cadillacin,BASS BOOMIN,The Cadillac Three,ZaeHD & CEO,2017,2019,country,rap
452800,f98f783b75011bbeccd55006fc31ec15106f687a,82219,194428379412c3a4f8eb30a91ebd037bd2658f18,5,0.8096504807472229,Cadillacin,Colt 45 Country Remix,The Cadillac Three,Cooper Alan & Rvshvd,2017,2021,country,country
452800,f98f783b75011bbeccd55006fc31ec15106f687a,272151,02a33f887bb3bbac5d590a5e5e3768014a8282cd,6,0.8117877244949341,Cadillacin,Nighthawks Postcards From Easystreet,The Cadillac Three,Tom Waits,2017,1975,country,rock
452800,f98f783b75011bbeccd55006fc31ec15106f687a,453820,e3293bc4b93cb85c689b1c39641b4c45a111ae11,7,0.8138593435287476,Cadillacin,Chiefin,The Cadillac Three,South Park Mexican,2017,2014,country,rap
452800,f98f783b75011bbeccd55006fc31ec15106f687a,113265,c406c575a4b3498c5584b4c915ec64b46807bdbf,8,0.8421146869659424,Cadillacin,Cadillac,The Cadillac Three,Trae tha Truth,2017,2006,country,rap
452800,f98f783b75011bbeccd55006fc31ec15106f687a,316251,4ad109ce8ccde093d16c7a40a8b18c01a23adb38,9,0.8036797046661377,Cadillacin,Recaro Seats,The Cadillac Three,Larry June,2017,2019,country,rap
452800,f98f783b75011bbeccd55006fc31ec15106f687a,170885,30fdb46912925cad5d40b025f76c94bf4ecd6bf5,10,0.8205879926681519,Cadillacin,Slapp,The Cadillac Three,Stalley,2017,2011,country,rap
452800,f98f783b75011bbeccd55006fc31ec15106f687a,225669,6eb1b8bebb8ed46cca6fab4d2754ead6cefa7f2c,11,0.8160219192504883,Cadillacin,Savage from Sarasota,The Cadillac Three,Action Bronson,2017,2013,country,rap
452800,f98f783b75011bbeccd55006fc31ec15106f687a,328970,bf4d19afeb49c7072b2af6c0b88ec07d13eedac6,12,0.7940536737442017,Cadillacin,Camouflage Hat,The Cadillac Three,Jason Aldean,2017,2019,country,country
452800,f98f783b75011bbeccd55006fc31ec15106f687a,487915,ba9bb3eb80bb69c95d4912440b06bd8010fea34c,13,0.8119435906410217,Cadillacin,Sunday Night,The Cadillac Three,Big Tymers,2017,2000,country,rap
452800,f98f783b75011bbeccd55006fc31ec15106f687a,363670,3d3d8beab6d0e3cf208b410229d9a15bc6871f2c,14,0.8049913048744202,Cadillacin,I Dont Like the Look of It,The Cadillac Three,Da Backwudz,2017,2006,country,rap
452800,f98f783b75011bbeccd55006fc31ec15106f687a,355152,e814163eb405db9d5bf1140d6bb1c1a5cee852eb,15,0.8015680313110352,Cadillacin,Monte Carlo Music,The Cadillac Three,Curren$y,2017,2010,country,rap
452800,f98f783b75011bbeccd55006fc31ec15106f687a,78226,58630555c1bed290c72b0b93bad7617a5a89643a,16,0.8175095915794373,Cadillacin,Funky Shit,The Cadillac Three,Travis Barker & Yelawolf,2017,2012,country,rock
452800,f98f783b75011bbeccd55006fc31ec15106f687a,353519,75911d0cdc0edbaadfabbc1c8b3215094ff51c76,17,0.8194571733474731,Cadillacin,Grippin Grain,The Cadillac Three,E.S.G.,2017,2000,country,rap
452800,f98f783b75011bbeccd55006fc31ec15106f687a,252570,629c917ad1aed5c477e9ba8832ad2002868b99fe,18,0.8180356621742249,Cadillacin,Rush Hour Traffic,The Cadillac Three,The Cool Kids,2017,2011,country,rap
452800,f98f783b75011bbeccd55006fc31ec15106f687a,199671,ff48864d01cf73bfb57a7f5f72b09d0695b326d5,19,0.8030533194541931,Cadillacin,She Hates the Bass,The Cadillac Three,Stalley,2017,2011,country,rap
452800,f98f783b75011bbeccd55006fc31ec15106f687a,288774,55db5319c15c32fa4c4f2b59ec9d616dbd63681b,20,0.8163264989852905,Cadillacin,Driving Down the Freeway,The Cadillac Three,Young Buck,2017,2013,country,rap
391688,77f283fa78ac60923e0ba30a2e628c651f31bb04,203171,beea742c5ff2eff0e972db08c6f9398f7073d4e7,1,0.8289006948471069,A Day for the Cat in the Hat,Your Day,Stephen Flaherty,Dave Malloy,2001,2016,misc,pop
391688,77f283fa78ac60923e0ba30a2e628c651f31bb04,456505,bdf175b208a4e5d97f33e8131a2fe0d5ac6a95de,2,0.7943447828292847,A Day for the Cat in the Hat,Rabbit Hole,Stephen Flaherty,Des Rocs,2001,2021,misc,rock
391688,77f283fa78ac60923e0ba30a2e628c651f31bb04,124073,29fa44387a1abc77a7fc7af4239de1633e187037,3,0.8118246793746948,A Day for the Cat in the Hat,Last Thoughts on Woody Guthrie,Stephen Flaherty,Bob Dylan,2001,1991,misc,misc
391688,77f283fa78ac60923e0ba30a2e628c651f31bb04,34401,26b679f1322f54350da75a47bc3294902dd576d1,4,0.7759031653404236,A Day for the Cat in the Hat,Everybody Wants to Be a Cat,Stephen Flaherty,Walt Disney Records,2001,1970,misc,pop
391688,77f283fa78ac60923e0ba30a2e628c651f31bb04,410048,2ed6b056f45e6fed191d781e5619c8488a70b66b,5,0.8153508901596069,A Day for the Cat in the Hat,Another Kind Of Red,Stephen Flaherty,Tula,2001,2016,misc,pop
391688,77f283fa78ac60923e0ba30a2e628c651f31bb04,382183,4b8be657522f2fac5c144dea0c22bf3c6d41aaba,6,0.811743438243866,A Day for the Cat in the Hat,Hourglass,Stephen Flaherty,Rodrigo Amarante,2001,2013,misc,pop
391688,77f283fa78ac60923e0ba30a2e628c651f31bb04,409650,b642f6d4fae4a1c777ded7e532de16e817adc519,7,0.8016762733459473,A Day for the Cat in the Hat,​ppl plzr,Stephen Flaherty,illuminati hotties,2001,2019,misc,rock
391688,77f283fa78ac60923e0ba30a2e628c651f31bb04,198091,ff9f48bcf1d8308c898268f4019ddfe77bbd5ba7,8,0.8052517175674438,A Day for the Cat in the Hat,Free Translator,Stephen Flaherty,The Books,2001,2010,misc,rock
391688,77f283fa78ac60923e0ba30a2e628c651f31bb04,303143,b1e45684d81062766ea3ddf94fcd070d342f37ed,9,0.8225975036621094,A Day for the Cat in the Hat,White Summer Dress,Stephen Flaherty,Taylor John Williams,2001,2017,misc,rock
391688,77f283fa78ac60923e0ba30a2e628c651f31bb04,403174,2bb431bd2ad02cb164fae58e0d22f8eced56d2f1,10,0.7891026735305786,A Day for the Cat in the Hat,The Dog Song,Stephen Flaherty,2017 Broadway Cast of Sunday in the Park with George,2001,2017,misc,pop
391688,77f283fa78ac60923e0ba30a2e628c651f31bb04,201200,4e693d600f9753a4ad87563b5e737d5ba4eac3fb,11,0.8121986985206604,A Day for the Cat in the Hat,Masseuse,Stephen Flaherty,Richard Dawson,2001,2017,misc,rock
391688,77f283fa78ac60923e0ba30a2e628c651f31bb04,201010,3427aa4646b0c79e3e158c904c2c8054ca437adb,12,0.8003538846969604,A Day for the Cat in the Hat,Slow Down,Stephen Flaherty,Bill Wurtz,2001,2018,misc,pop
391688,77f283fa78ac60923e0ba30a2e628c651f31bb04,78887,a80eea3c388ae849c690fad4c3bf5f79c7b523c9,13,0.8036752939224243,A Day for the Cat in the Hat,Time Big Time,Stephen Flaherty,Tom Waits,2001,1988,misc,rock
391688,77f283fa78ac60923e0ba30a2e628c651f31bb04,212935,53b0884eb619151c31aa0ae8244a4175d7859ba2,14,0.8043760061264038,A Day for the Cat in the Hat,Valley Winter Song,Stephen Flaherty,Fountains of Wayne,2001,2003,misc,pop
391688,77f283fa78ac60923e0ba30a2e628c651f31bb04,5006,36b468b8716459fa9f3d89289a761af6522d9fd5,15,0.8031697869300842,A Day for the Cat in the Hat,I Am A Girl Like You,Stephen Flaherty,Barbie,2001,2004,misc,pop
391688,77f283fa78ac60923e0ba30a2e628c651f31bb04,351790,f4fd4216a1d03509c3137f67ae78c0acc0e8bfa6,16,0.8092361688613892,A Day for the Cat in the Hat,Protons Neutrons Electrons,Stephen Flaherty,The Cat Empire,2001,2005,misc,rock
391688,77f283fa78ac60923e0ba30a2e628c651f31bb04,364720,2c177ceb9bf4f9ccf62a544fe1bacc5115cabb7c,17,0.8149247169494629,A Day for the Cat in the Hat,Park Bench People,Stephen Flaherty,Freestyle Fellowship,2001,1993,misc,rb
391688,77f283fa78ac60923e0ba30a2e628c651f31bb04,91882,0cb3f3cc2702a3f8b7c8a4b9d67fd988a61b77bd,18,0.7814662456512451,A Day for the Cat in the Hat,Empty House,Stephen Flaherty,Relient K,2001,2016,misc,rock
391688,77f283fa78ac60923e0ba30a2e628c651f31bb04,182950,5972c2049c987ad95a09d9476e215ae8e562a2b9,19,0.8172985315322876,A Day for the Cat in the Hat,If That’s What It Is,Stephen Flaherty,Graham Phillips,2001,2008,misc,pop
391688,77f283fa78ac60923e0ba30a2e628c651f31bb04,6260,27dbcf86e1e9368dfca1b1274960115e6062289c,20,0.8068105578422546,A Day for the Cat in the Hat,One Fish Two Fish Red Fish Blue Fish,Stephen Flaherty,Dr. Seuss,2001,2015,misc,misc
202729,2fb162779e1c68875a1406c2f288d0ef32430a60,59380,f4b0f2b27cb0eb1f8c20946134de6004fa07db92,1,0.8925188183784485,Eye of the Storm,Prince of Peace,Ryan Stevenson,Hillsong UNITED,2015,2015,misc,pop
202729,2fb162779e1c68875a1406c2f288d0ef32430a60,199626,77e07d844adb8a7b18d1e13e9f1adfbdb0d48588,2,0.8765560388565063,Eye of the Storm,Occasional Rain,Ryan Stevenson,The War on Drugs,2015,2021,misc,rock
202729,2fb162779e1c68875a1406c2f288d0ef32430a60,422998,4f755dbc3f02201ed3094c56eabdb0328a33d078,3,0.8888750672340393,Eye of the Storm,You Are with Me,Ryan Stevenson,Andrew Marcus,2015,2016,misc,pop
202729,2fb162779e1c68875a1406c2f288d0ef32430a60,53855,df58f89187f4b11129f6d9e14bbdc84150a36d34,4,0.8895519971847534,Eye of the Storm,Anchor,Ryan Stevenson,Beautiful Eulogy,2015,2012,misc,rap
202729,2fb162779e1c68875a1406c2f288d0ef32430a60,49693,3796a3b598d8906568f69713ea882a4c80a3af51,5,0.8716589212417603,Eye of the Storm,You Never Let Go,Ryan Stevenson,Matt Redman,2015,2006,misc,pop
202729,2fb162779e1c68875a1406c2f288d0ef32430a60,330134,897d26dd3327a70744b95d362c86305821318178,6,0.8841635584831238,Eye of the Storm,Peace In The Midst Of The Storm,Ryan Stevenson,Shirley Caesar,2015,2015,misc,pop
202729,2fb162779e1c68875a1406c2f288d0ef32430a60,154749,c5247616eae5be7bc66618a03362436b14542d66,7,0.8795709609985352,Eye of the Storm,​anime,Ryan Stevenson,nobigdyl.,2015,2018,misc,rap
202729,2fb162779e1c68875a1406c2f288d0ef32430a60,470590,3b308186a98c442d7860ff1ed7276e44b9dd8160,8,0.8538073897361755,Eye of the Storm,Praise You In The Storm Acoustic,Ryan Stevenson,Casting Crowns,2015,2013,misc,pop
202729,2fb162779e1c68875a1406c2f288d0ef32430a60,390883,2b01073c4376bdfee56a706a8a7e9b388372d8ff,9,0.8719121217727661,Eye of the Storm,Grace Abounds,Ryan Stevenson,Laura Story,2015,2017,misc,pop
202729,2fb162779e1c68875a1406c2f288d0ef32430a60,404514,379d76299659739f1ee2ed2267380f71d2dfd6cb,10,0.8772940635681152,Eye of the Storm,Nostos,Ryan Stevenson,Orion's Reign,2015,2018,misc,rock
202729,2fb162779e1c68875a1406c2f288d0ef32430a60,145156,a3c8ce8d8fd2b374934a8c17d7a4a9b01b544d41,11,0.8691114187240601,Eye of the Storm,New World Vision,Ryan Stevenson,Baker,2015,2018,misc,rap
202729,2fb162779e1c68875a1406c2f288d0ef32430a60,305638,86b6005fa78c08fe447eeda9904732bec3c9206d,12,0.8722667694091797,Eye of the Storm,Father Brian Finn,Ryan Stevenson,"Right Away, Great Captain!",2015,2008,misc,rock
202729,2fb162779e1c68875a1406c2f288d0ef32430a60,398601,394522b2342da3860dedf927da17200323a25cde,13,0.8629553318023682,Eye of the Storm,Wide Awake,Ryan Stevenson,Michael Schulte,2015,2012,misc,pop
202729,2fb162779e1c68875a1406c2f288d0ef32430a60,113405,3cd7604a6270de49a687ae3b592368809790d138,14,0.8707386255264282,Eye of the Storm,The Lord Is My Light,Ryan Stevenson,Andra Crouch,2015,2015,misc,pop
202729,2fb162779e1c68875a1406c2f288d0ef32430a60,480835,1731b3fd9eaea79a34de20d778c55f8637ec09e6,15,0.8719885349273682,Eye of the Storm,A Storm to Come,Ryan Stevenson,Van Canto,2015,2011,misc,rock
202729,2fb162779e1c68875a1406c2f288d0ef32430a60,470636,8a524661b330f1e02dd2988a4ba8220efea724ae,16,0.8739304542541504,Eye of the Storm,Stigmata,Ryan Stevenson,Davis Absolute,2015,2015,misc,rap
202729,2fb162779e1c68875a1406c2f288d0ef32430a60,421664,76eb6ddb9d423830bccc98dc23228398d31b0c91,17,0.8679190278053284,Eye of the Storm,While I Wait,Ryan Stevenson,Gary LeVox,2015,2021,misc,country
202729,2fb162779e1c68875a1406c2f288d0ef32430a60,420514,361e6fcfa050d3781831785a007da6d340e3031e,18,0.8614687323570251,Eye of the Storm,Cant Let Go,Ryan Stevenson,Json,2015,2013,misc,rap
202729,2fb162779e1c68875a1406c2f288d0ef32430a60,429522,74c77e85c799427f35aea331899ea3a03d66c4a2,19,0.8655579090118408,Eye of the Storm,I Wont Move,Ryan Stevenson,Life.Church Worship,2015,2020,misc,pop
202729,2fb162779e1c68875a1406c2f288d0ef32430a60,108117,fb595ad05620773ee6e02a25492a0d0b17735ac4,20,0.8429441452026367,Eye of the Storm,Hunting High and Low,Ryan Stevenson,Stratovarius,2015,2000,misc,rock
187593,c1df923203536a0833ee57775996ec70c298584f,402019,a17a57a71f99fed99bfaeb694ea97f11300f1bf2,1,0.8513553142547607,Chill Out,The Ultimate Vacation,Naman,Chamillionaire,2015,2007,misc,rap
187593,c1df923203536a0833ee57775996ec70c298584f,186037,088762538c5881557f21e28cdc4f70cae4037f4e,2,0.8409754037857056,Chill Out,Mi Alright,Naman,Chronixx,2015,2013,misc,pop
187593,c1df923203536a0833ee57775996ec70c298584f,432848,83808c34e43fddc19563797abde5b76916216449,3,0.7930611968040466,Chill Out,Its Friday,Naman,Reedukay,2015,2017,misc,rb
187593,c1df923203536a0833ee57775996ec70c298584f,50515,27e52c322b9aa4b8680e8994c1e7cf5881e9b8f5,4,0.8289003372192383,Chill Out,Come Through and Chill Single Version,Naman,Miguel,2015,2016,misc,rb
187593,c1df923203536a0833ee57775996ec70c298584f,184853,e9388585345e9111b347779ad4a71ec1cb3842c9,5,0.8207690715789795,Chill Out,One Day Khunhie Puo,Naman,Moko Koza,2015,2017,misc,rap
187593,c1df923203536a0833ee57775996ec70c298584f,71635,2ae4ba75d47068f5b27e02f2dbf68c4ea1c384c4,6,0.8256624341011047,Chill Out,Sunday Morning,Naman,Now United,2015,2019,misc,pop
187593,c1df923203536a0833ee57775996ec70c298584f,471758,02574e3336d600cd092c8425bdbd37aa191b88d1,7,0.8293412923812866,Chill Out,Day By Day,Naman,Lapix,2015,2018,misc,pop
187593,c1df923203536a0833ee57775996ec70c298584f,400897,96fc5898f9cce372d1d484d2f3c553d66fb36075,8,0.7881637811660767,Chill Out,No Chill,Naman,DUCKWRTH,2015,2021,misc,pop
187593,c1df923203536a0833ee57775996ec70c298584f,83147,30d4224214720e14c47e3da6746b2b14a8792e3d,9,0.8409968614578247,Chill Out,Coolin,Naman,Bliss n Eso,2015,2017,misc,rap
187593,c1df923203536a0833ee57775996ec70c298584f,134488,cfb340d4d328fac2f3f296e317cdea1663c06f42,10,0.818688154220581,Chill Out,Grind Day Remix,Naman,Kwesi Arthur,2015,2017,misc,rap
187593,c1df923203536a0833ee57775996ec70c298584f,141079,6369dfc8b1561e24db544f38d63c65568a4f4dfa,11,0.8208122253417969,Chill Out,COOL AS THE BREEZE/FRIDAY,Naman,Chronixx,2015,2020,misc,pop
187593,c1df923203536a0833ee57775996ec70c298584f,264967,b1cab297fbac5dc81520fbc30862738e6e4347ab,12,0.8202362656593323,Chill Out,Self Care Sunday,Naman,DJ Flula,2015,2019,misc,pop
187593,c1df923203536a0833ee57775996ec70c298584f,370015,7f2094116d0e9197a6ab8c18299e2cbcf66d7b48,13,0.8256868124008179,Chill Out,Pigeon Prelude,Naman,Kota the Friend,2015,2017,misc,rap
187593,c1df923203536a0833ee57775996ec70c298584f,356176,a82f1e07b2596f4d82de0ca84a1b91c95104294d,14,0.8271270394325256,Chill Out,Chill해 Chill,Naman,CHUNG HA,2015,2021,misc,pop
187593,c1df923203536a0833ee57775996ec70c298584f,328962,a94f9bb3037d7c63786868b6306f270159fe77ce,15,0.8219579458236694,Chill Out,Supposed to Be,Naman,Louis Futon,2015,2019,misc,pop
187593,c1df923203536a0833ee57775996ec70c298584f,23203,3a9ddcb2c039c5933ebc7cbc0d99d3b9ab4c4dd2,16,0.8254964351654053,Chill Out,Watermelon Sundae,Naman,DOM KENNEDY,2015,2008,misc,rap
187593,c1df923203536a0833ee57775996ec70c298584f,396731,b588338834da0dc23ceb0cf15b8667d95fc5c0fb,17,0.8186535239219666,Chill Out,YOLO,Naman,Reehaa,2015,2021,misc,pop
187593,c1df923203536a0833ee57775996ec70c298584f,146936,c2a53a1de08c6629cdb6ab4f818b8767f5a435f1,18,0.8156280517578125,Chill Out,Last Days,Naman,Shane O,2015,2017,misc,rap
187593,c1df923203536a0833ee57775996ec70c298584f,154173,72749a2c2123d91ee2c59b36ddeb0fcb14706f9a,19,0.8157447576522827,Chill Out,Chillin wiv da Man Dem,Naman,Dizzee Rascal,2015,2009,misc,rap
187593,c1df923203536a0833ee57775996ec70c298584f,253446,eb81ddefcb0f60b8647f2720309c433eafd30718,20,0.7958794832229614,Chill Out,Chillin Chillin,Naman,ITZY,2015,2021,misc,pop
323949,b675123bacb1fea38c607285fabf1d6958f5c64b,45511,a9821acb073ac5b9603d043a7f4af95cef4f8c2b,1,0.9250622987747192,The Godfather 2 Scene 2,The Godfather Wedding Scene,The Godfather (Film),The Godfather (Film),1974,1972,misc,misc
323949,b675123bacb1fea38c607285fabf1d6958f5c64b,389734,3d533fe0c6eea7d6a9904b0517bb0d56b0a22982,2,0.9094371795654297,The Godfather 2 Scene 2,The Godfather 2 Scene 1,The Godfather (Film),The Godfather (Film),1974,1974,misc,misc
323949,b675123bacb1fea38c607285fabf1d6958f5c64b,275531,3d594f6dc6fc4856bf55d5e97a9931f021dbfe55,3,0.8759891986846924,The Godfather 2 Scene 2,The Godfather Scene 4,The Godfather (Film),Francis Ford Coppola,1974,1972,misc,misc
323949,b675123bacb1fea38c607285fabf1d6958f5c64b,221367,69baed9b371be078bd30a20596a104394ecda954,4,0.8939272165298462,The Godfather 2 Scene 2,The Godfather Scene 8,The Godfather (Film),Francis Ford Coppola,1974,1972,misc,misc
323949,b675123bacb1fea38c607285fabf1d6958f5c64b,490768,b585130bc4df89419fd93c55b76c6f3dac81c0e9,5,0.8662899136543274,The Godfather 2 Scene 2,The Godfather 2 Scene 6,The Godfather (Film),The Godfather (Film),1974,1974,misc,misc
323949,b675123bacb1fea38c607285fabf1d6958f5c64b,246206,f4c9c187622b5c0931ab5a38370133815dd89a25,6,0.8854488134384155,The Godfather 2 Scene 2,The Godfather Scene 9,The Godfather (Film),Francis Ford Coppola,1974,1972,misc,misc
323949,b675123bacb1fea38c607285fabf1d6958f5c64b,348200,ec12db76bfc9df9b06797d510f35a8d678bcc69e,7,0.8634716868400574,The Godfather 2 Scene 2,Pilot,The Godfather (Film),Prison Break,1974,2005,misc,misc
323949,b675123bacb1fea38c607285fabf1d6958f5c64b,186612,d6f1e3f8422540ba76c6e83112c803a996f4d334,8,0.8660299777984619,The Godfather 2 Scene 2,The Godfather Scene 10,The Godfather (Film),Francis Ford Coppola,1974,1972,misc,misc
323949,b675123bacb1fea38c607285fabf1d6958f5c64b,251831,9e0c8e1c718067c97ee75de4f721e635bb8679fd,9,0.8386039137840271,The Godfather 2 Scene 2,Down Will Come Script,The Godfather (Film),True Detective,1974,2015,misc,misc
323949,b675123bacb1fea38c607285fabf1d6958f5c64b,442753,689b86594821a674d0eed5fa6afe92c7b00e09dd,10,0.8792150020599365,The Godfather 2 Scene 2,The Godfather Scene 3,The Godfather (Film),Francis Ford Coppola,1974,1972,misc,misc
323949,b675123bacb1fea38c607285fabf1d6958f5c64b,175106,c98d41021251f9bfbfd39278026325fd7f865e77,11,0.820702075958252,The Godfather 2 Scene 2,Moonlighting,The Godfather (Film),Ardijah,1974,2004,misc,pop
323949,b675123bacb1fea38c607285fabf1d6958f5c64b,206459,e7813f05cc409c2f232f0cfb7450046382793885,12,0.8297430276870728,The Godfather 2 Scene 2,The Friends of Mr Cairo,The Godfather (Film),Jon & Vangelis,1974,1981,misc,rock
323949,b675123bacb1fea38c607285fabf1d6958f5c64b,362702,c93c08756fbd5b35f952ed70071d6994671d33c9,13,0.8036952018737793,The Godfather 2 Scene 2,Goodfellas Scene 3,The Godfather (Film),Martin Scorsese,1974,1990,misc,misc
323949,b675123bacb1fea38c607285fabf1d6958f5c64b,450969,7d9394b2b1f4fdc76e6ca31df9012c6d1b99e608,14,0.8183028697967529,The Godfather 2 Scene 2,World on Fire,The Godfather (Film),Daredevil,1974,2015,misc,misc
323949,b675123bacb1fea38c607285fabf1d6958f5c64b,209737,9248dd07b1c7f134188856cc78c28ed893625864,15,0.8409854769706726,The Godfather 2 Scene 2,Season 2 Episode 1: The Dundies,The Godfather (Film),The Office (USA),1974,2005,misc,misc
323949,b675123bacb1fea38c607285fabf1d6958f5c64b,409614,c4494ee6bfee98d0ea15a024530b17342ed7a720,16,0.8188426494598389,The Godfather 2 Scene 2,Most IQ on a Single Song Page,The Godfather (Film),Genius,1974,2017,misc,misc
323949,b675123bacb1fea38c607285fabf1d6958f5c64b,190576,8634130f70a6eb2aae39d42e2e4224d863220542,17,0.8041608333587646,The Godfather 2 Scene 2,The Room screenplay: Act II,The Godfather (Film),Tommy Wiseau,1974,2003,misc,misc
323949,b675123bacb1fea38c607285fabf1d6958f5c64b,309164,829f1a940bcb485fad85a1f7d6105a93a4756830,18,0.8357877135276794,The Godfather 2 Scene 2,The Godfather Scene 7,The Godfather (Film),Francis Ford Coppola,1974,1972,misc,misc
323949,b675123bacb1fea38c607285fabf1d6958f5c64b,248865,cac080d6a83f25cb5cf93970814db56f7d1204ae,19,0.8083063960075378,The Godfather 2 Scene 2,Wedding Singer - demo,The Godfather (Film),Matt Maltese,1974,2020,misc,pop
323949,b675123bacb1fea38c607285fabf1d6958f5c64b,115194,51134e0b42e8f2684851b53c3d3feb3890d43564,20,0.8414981365203857,The Godfather 2 Scene 2,The Godfather Scene 5,The Godfather (Film),Francis Ford Coppola,1974,1972,misc,misc
413204,5619d8dad88f076287e3eca7ba0e16ec2d77be8b,455858,2d3152fe6aafa7b98ffac79b0b87d7b0cd65357b,1,0.8383663892745972,My Five Year Plan,The Plan,Listener,A-1 (Rap),2009,2015,misc,rap
413204,5619d8dad88f076287e3eca7ba0e16ec2d77be8b,12389,710f6f91e306b6ccf576a9e345735fed82a5de7f,2,0.8382776975631714,My Five Year Plan,Free,Listener,Barbie,2009,2004,misc,pop
413204,5619d8dad88f076287e3eca7ba0e16ec2d77be8b,167548,5fe03f0ef749e36d0272307c4755b4014a231dc7,3,0.8194624185562134,My Five Year Plan,Search Party,Listener,George The Poet,2009,2015,misc,rap
413204,5619d8dad88f076287e3eca7ba0e16ec2d77be8b,425066,19cdb81643dc231d5cc20535e21acf657a97b8c8,4,0.8069407939910889,My Five Year Plan,Real Life,Listener,Arthur Beatrice,2009,2016,misc,pop
413204,5619d8dad88f076287e3eca7ba0e16ec2d77be8b,203962,838d208a9044debd43039d99b8dcee5bcdf9706a,5,0.7845362424850464,My Five Year Plan,5 to 9,Listener,Dolly Parton,2009,2021,misc,country
413204,5619d8dad88f076287e3eca7ba0e16ec2d77be8b,21561,7e820a2349564939b805aac9efb196b26ab2519c,6,0.8210780620574951,My Five Year Plan,5 Year Plan,Listener,Chance the Rapper,2009,2019,misc,rap
413204,5619d8dad88f076287e3eca7ba0e16ec2d77be8b,376496,37c6d4efad74e58844ddb5e263c00ff63cdb12bf,7,0.8268923759460449,My Five Year Plan,Better Get to Livin’,Listener,Dolly Parton,2009,2007,misc,country
413204,5619d8dad88f076287e3eca7ba0e16ec2d77be8b,318985,07b935ffbfa97a678c2f026512878a4bc5ce0e72,8,0.7958844304084778,My Five Year Plan,This Is What I Know About Sacrifice,Listener,The Ghost Inside,2009,2012,misc,rock
413204,5619d8dad88f076287e3eca7ba0e16ec2d77be8b,352185,f3b1c876c58f38a33f93011c67e735dc4f088b24,9,0.819094181060791,My Five Year Plan,ETERNAL,Listener,BEARDED LEGEND,2009,2018,misc,rap
413204,5619d8dad88f076287e3eca7ba0e16ec2d77be8b,93463,a8e7774587af2fe506d8e6c362ff87491bee50f9,10,0.7974737882614136,My Five Year Plan,Give All You Can,Listener,Cody Jinks,2009,2016,misc,country
413204,5619d8dad88f076287e3eca7ba0e16ec2d77be8b,144178,5cf3995284fe435e6335aaa2fa0c4b173e0e466b,11,0.8155331611633301,My Five Year Plan,Own This City,Listener,Kendrick Lamar,2009,2018,misc,rap
413204,5619d8dad88f076287e3eca7ba0e16ec2d77be8b,393642,41ae132343fffea86a1a3c21127a0a02a716646a,12,0.8131345510482788,My Five Year Plan,Its My Life,Listener,Eric Burdon & The Animals,2009,2015,misc,pop
413204,5619d8dad88f076287e3eca7ba0e16ec2d77be8b,175130,7eba01f2c45f5002e4a03ae4d8c5abce23ff2784,13,0.8103803396224976,My Five Year Plan,More Than Mine,Listener,Quadeca,2009,2021,misc,rap
413204,5619d8dad88f076287e3eca7ba0e16ec2d77be8b,88077,edd2f33019532405c87b82c1ba0f6a83f130bf62,14,0.8250055909156799,My Five Year Plan,Everything And More,Listener,Team StarKid,2009,2013,misc,misc
413204,5619d8dad88f076287e3eca7ba0e16ec2d77be8b,403499,aaa19bb42f5d6527a7ecf8b6964fc612b4db1bf5,15,0.8090313673019409,My Five Year Plan,I’m This Close To Quitting My Job,Listener,Miles Carter,2009,2019,misc,misc
413204,5619d8dad88f076287e3eca7ba0e16ec2d77be8b,485652,5763c084b4f33022fe2d7fbe444b3f92a19c71ba,16,0.814834475517273,My Five Year Plan,Morimoto Just Duet,Listener,Mac Lethal,2009,2011,misc,rap
413204,5619d8dad88f076287e3eca7ba0e16ec2d77be8b,413051,9085abca02e0a7173e0ee9a1a9e612d7a84aab60,17,0.822826623916626,My Five Year Plan,Will It Last,Listener,Dizzy Wright,2009,2015,misc,rap
413204,5619d8dad88f076287e3eca7ba0e16ec2d77be8b,369753,2a143180166ea3f7e9e8878f31a0d6e633e686e0,18,0.8019651174545288,My Five Year Plan,Taking My Time,Listener,EOM,2009,2015,misc,rap
413204,5619d8dad88f076287e3eca7ba0e16ec2d77be8b,11351,20b11f840d4019f206e1b5a57b2774565e95f49f,19,0.8173019886016846,My Five Year Plan,Life is Fun,Listener,TheOdd1sOut,2009,2018,misc,rap
413204,5619d8dad88f076287e3eca7ba0e16ec2d77be8b,448266,c4a7e96c7580cc5c1499d69166f862aec64d310f,20,0.787751317024231,My Five Year Plan,A Simple Plan,Listener,Pedro The Lion,2009,2004,misc,rock
98486,48bd22d62233b8e0ee5396c3aaa4d7f4b721b527,147094,3dea8438f005845f89634f02f5ee0755b6074141,1,0.8457589745521545,Grendel Chapter 1,Grendel Chapter 2,John Gardner,John Gardner,2014,2014,misc,misc
98486,48bd22d62233b8e0ee5396c3aaa4d7f4b721b527,273845,488e20f6a0b7dbe8fc2d12d16a36f39bf80e6ed7,2,0.8395049571990967,Grendel Chapter 1,Aradia,John Gardner,AngelMaker,2014,2016,misc,rock
98486,48bd22d62233b8e0ee5396c3aaa4d7f4b721b527,138677,19e09da5d2f65bc3093baa1f8630175412ba9576,3,0.7945326566696167,Grendel Chapter 1,City In Amber,John Gardner,Sadistik,2014,2013,misc,rap
98486,48bd22d62233b8e0ee5396c3aaa4d7f4b721b527,290108,d4058d4dc0aeb520a5773b8cec69e98509e311ad,4,0.8184594511985779,Grendel Chapter 1,The Blvck Sun|,John Gardner,A Wake In Providence,2014,2019,misc,rock
98486,48bd22d62233b8e0ee5396c3aaa4d7f4b721b527,250811,40bd7bd02b67067414733fe09030ba7a583132ef,5,0.8266662359237671,Grendel Chapter 1,House of Ravens,John Gardner,Yugen Blakrok,2014,2013,misc,rap
98486,48bd22d62233b8e0ee5396c3aaa4d7f4b721b527,151395,1b6cfc3477f80d3367e1775a889f6e4c76b923bd,6,0.8115834593772888,Grendel Chapter 1,The Erl-King,John Gardner,Angela Carter,2014,1979,misc,misc
98486,48bd22d62233b8e0ee5396c3aaa4d7f4b721b527,346940,fec2f4fd123e3964fda592e771288f9afc00eb09,7,0.8229734301567078,Grendel Chapter 1,Ovid’s “Heroides Ariadne”,John Gardner,CLA010,2014,2016,misc,misc
98486,48bd22d62233b8e0ee5396c3aaa4d7f4b721b527,273934,27b6eafd342be675e6b353ece1f3105deaee99a6,8,0.8247720003128052,Grendel Chapter 1,Grendel,John Gardner,Marillion,2014,1982,misc,rock
98486,48bd22d62233b8e0ee5396c3aaa4d7f4b721b527,127929,399eafa446c002a158a92a12c7fdcfb84c3852ec,9,0.8160274028778076,Grendel Chapter 1,Eden,John Gardner,Sadistik,2014,2019,misc,rap
98486,48bd22d62233b8e0ee5396c3aaa4d7f4b721b527,171596,0e72eaa5647cc198498e453b6bef7bb2dab5c877,10,0.8114266395568848,Grendel Chapter 1,CRY OF FEAR,John Gardner,Baker,2014,2015,misc,rap
98486,48bd22d62233b8e0ee5396c3aaa4d7f4b721b527,227861,dcff4ed89a394ef24311af60d94ada194215c7f2,11,0.8218554258346558,Grendel Chapter 1,The Twin Revelation,John Gardner,Shadow of Intent,2014,2016,misc,rock
98486,48bd22d62233b8e0ee5396c3aaa4d7f4b721b527,503802,bde7d068f5d8959819eea63f452fca7877be853c,12,0.8305628299713135,Grendel Chapter 1,You Dont Know,John Gardner,Sadistik & Kno,2014,2022,misc,rap
98486,48bd22d62233b8e0ee5396c3aaa4d7f4b721b527,430184,31740deb8260c815289115c1f1d43fe49fc34296,13,0.8145027756690979,Grendel Chapter 1,Pray,John Gardner,Lo Key,2014,2019,misc,rap
98486,48bd22d62233b8e0ee5396c3aaa4d7f4b721b527,475710,ba2310c5e345eab13334330cc13fe211f1fc372a,14,0.8219882249832153,Grendel Chapter 1,Welcome to the Show,John Gardner,The Jokerr,2014,2009,misc,rap
98486,48bd22d62233b8e0ee5396c3aaa4d7f4b721b527,286688,b6f0401c7a03984f5fcceb16ad962496ca903905,15,0.8229945302009583,Grendel Chapter 1,City of Industry,John Gardner,Jehst,2014,2002,misc,rap
98486,48bd22d62233b8e0ee5396c3aaa4d7f4b721b527,471316,746a3bd7420ccc4c8bfd64a9ba4669263b031d56,16,0.8272572755813599,Grendel Chapter 1,After Death,John Gardner,She Must Burn,2014,2017,misc,rock
98486,48bd22d62233b8e0ee5396c3aaa4d7f4b721b527,341986,4cb04b59c10e84de611117f027f58a24932a4e03,17,0.7840545177459717,Grendel Chapter 1,I Have No Mouth and I Must Scream,John Gardner,Harlan Ellison,2014,2014,misc,misc
98486,48bd22d62233b8e0ee5396c3aaa4d7f4b721b527,505260,9c77d2ed7f7e8e6d9f4fe2da6cab74246e285681,18,0.8253272175788879,Grendel Chapter 1,Blood Kingdom,John Gardner,Worm Shepherd,2014,2022,misc,rock
98486,48bd22d62233b8e0ee5396c3aaa4d7f4b721b527,50444,391cdc7879822d7f37d1d2d4c056d34c9c6be927,19,0.8172471523284912,Grendel Chapter 1,Shadows,John Gardner,Yelawolf,2014,2016,misc,country
98486,48bd22d62233b8e0ee5396c3aaa4d7f4b721b527,352866,02f8d72a14fa696da44f303a7a697751f439cdbc,20,0.8037552833557129,Grendel Chapter 1,Dawn Of A New Species,John Gardner,Rhyme Asylum,2014,2012,misc,rap
225705,5483c402f443a81b03a748ff5103dc4386103536,320973,608e7b7e5814500e1b489060304bcf10e9173e18,1,0.9469779133796692,Architect of Destruction,Hot Girl,How I Met Your Mother,The Office (USA),2010,2005,misc,misc
225705,5483c402f443a81b03a748ff5103dc4386103536,203560,4bc2b0df0e7e720c425660548a1b491a17579bdf,2,0.9434897899627686,Architect of Destruction,Unfinished,How I Met Your Mother,How I Met Your Mother,2010,2010,misc,misc
225705,5483c402f443a81b03a748ff5103dc4386103536,235302,4147d4dd228520497ae23bfe03e39de3ec4128d8,3,0.9367733001708984,Architect of Destruction,The Perfect Cocktail,How I Met Your Mother,How I Met Your Mother,2010,2010,misc,misc
225705,5483c402f443a81b03a748ff5103dc4386103536,389636,19ae4bdd3221b7374a290f4d77f32ce3f4da0bbd,4,0.9416859149932861,Architect of Destruction,The Playbook,How I Met Your Mother,How I Met Your Mother,2010,2009,misc,misc
225705,5483c402f443a81b03a748ff5103dc4386103536,27819,0c89e95fc946b8a13557f7177f1ca12049d96cb0,5,0.9339486956596375,Architect of Destruction,Nosedive Transcript,How I Met Your Mother,Black Mirror,2010,2016,misc,misc
225705,5483c402f443a81b03a748ff5103dc4386103536,201036,d087b9cfb761de8cc5dc91e61e7e7b0d89de5728,6,0.9363182783126831,Architect of Destruction,Get Out Movie Script,How I Met Your Mother,Jordan Peele,2010,2017,misc,misc
225705,5483c402f443a81b03a748ff5103dc4386103536,272065,40704691319feca61e19b7f4519f48d1378fbe66,7,0.9228742718696594,Architect of Destruction,High School Musical,How I Met Your Mother,Bad Lip Reading,2010,2016,misc,pop
225705,5483c402f443a81b03a748ff5103dc4386103536,134335,11327c361ab95c5bd14c1b63054248381e414fcc,8,0.9154679179191589,Architect of Destruction,Now You Know,How I Met Your Mother,Stephen Sondheim,2010,1994,misc,pop
225705,5483c402f443a81b03a748ff5103dc4386103536,477755,7fb6e0271396014878cc544b1bb886eeca474b0b,9,0.9225519895553589,Architect of Destruction,Elf Screenplay,How I Met Your Mother,New Line Cinema,2010,2015,misc,misc
225705,5483c402f443a81b03a748ff5103dc4386103536,98340,5b6588cd3e9a9b5612b16d912943567d9cd14176,10,0.9189378023147583,Architect of Destruction,Hold On Remix,How I Met Your Mother,Kanye West,2010,2005,misc,rap
225705,5483c402f443a81b03a748ff5103dc4386103536,177818,6a4beafec2b258f45ad184ac53df030aca42f880,11,0.9304090142250061,Architect of Destruction,Chapter Two: The Weirdo on Maple Street Script,How I Met Your Mother,Stranger Things,2010,2016,misc,misc
225705,5483c402f443a81b03a748ff5103dc4386103536,270491,8a65753a9cfec69355071cf934ff8ff320a5f66f,12,0.9121135473251343,Architect of Destruction,One Night Stand,How I Met Your Mother,Garfunkel & Oates,2010,2009,misc,rock
225705,5483c402f443a81b03a748ff5103dc4386103536,343012,da48e5ddfe3e280bc333fbe57e1ac71ad5fc6594,13,0.9170702695846558,Architect of Destruction,The Gang Runs for Office,How I Met Your Mother,Its Always Sunny in Philadelphia,2010,2006,misc,pop
225705,5483c402f443a81b03a748ff5103dc4386103536,49676,66d865fb975713da32703939c5af3b506314e2d7,14,0.9139561057090759,Architect of Destruction,And He Gets the Girl,How I Met Your Mother,Lupe Fiasco,2010,2006,misc,rap
225705,5483c402f443a81b03a748ff5103dc4386103536,241482,2551f13b801f8241203b96c89939a46c251ca6f2,15,0.9037874937057495,Architect of Destruction,Three Sad Virgins,How I Met Your Mother,Please Dont Destroy,2010,2021,misc,rap
225705,5483c402f443a81b03a748ff5103dc4386103536,24402,709873d29b246c7b110ce2f4ba8a4bb7c9d092f4,16,0.9228543043136597,Architect of Destruction,Chip On My Shoulder,How I Met Your Mother,"Christian Borle, ""Legally Blonde"" Greek Chorus, Laura Bell Bundy & Legally Blonde Ensemble",2010,2007,misc,pop
225705,5483c402f443a81b03a748ff5103dc4386103536,335842,e0e884a1758e663cd707038bdb9c82d20ba42674,17,0.9218628406524658,Architect of Destruction,The After,How I Met Your Mother,Daniel Thrasher,2010,2021,misc,rap
225705,5483c402f443a81b03a748ff5103dc4386103536,217024,e3f763c7eb0913e7c0334c5a154f57679068a4c5,18,0.8965747356414795,Architect of Destruction,Kristen Hancher and her Boyfriend Diss Track,How I Met Your Mother,RiceGum,2010,2016,misc,rap
225705,5483c402f443a81b03a748ff5103dc4386103536,186889,33bb4d0d8239ca596caa6ca8bb4519bd110d4d90,19,0.904506266117096,Architect of Destruction,Classical Teacher,How I Met Your Mother,Tenacious D,2010,2012,misc,rock
225705,5483c402f443a81b03a748ff5103dc4386103536,445908,93256c78f155a565e62a2988e9a801fc0a374673,20,0.9224382638931274,Architect of Destruction,Duel Citizenship,How I Met Your Mother,How I Met Your Mother,2010,2009,misc,misc
251211,ff79978412924defcd7444806ff90dd7e0e59e7e,502934,4989ec719a219a6712fe7807a1f9acdc6db08699,1,0.8649563789367676,Wholl Pay Reparations on My Soul?,Mother,Gil Scott-Heron,Michael Bubl,1970,2022,misc,pop
251211,ff79978412924defcd7444806ff90dd7e0e59e7e,98869,70af79a842c05177757a2ffbed92cc62c35ffa81,2,0.8548261523246765,Wholl Pay Reparations on My Soul?,Between the Wars,Gil Scott-Heron,Billy Bragg,1970,1984,misc,rock
251211,ff79978412924defcd7444806ff90dd7e0e59e7e,2740,1a49fea4ae8764abbacb4c153e61c7f2c1132226,3,0.8541539907455444,Wholl Pay Reparations on My Soul?,We Know,Gil Scott-Heron,"Lin-Manuel Miranda, Daveed Diggs, Leslie Odom Jr. & Okieriete Onaodowan",1970,2015,misc,rap
251211,ff79978412924defcd7444806ff90dd7e0e59e7e,245524,ea47340a2aa1299d4c371630192602236884d4ca,4,0.8497891426086426,Wholl Pay Reparations on My Soul?,Strong Swimmer,Gil Scott-Heron,Mutual Benefit,1970,2013,misc,rock
251211,ff79978412924defcd7444806ff90dd7e0e59e7e,169885,775b2660cdbf4dbe0641d45f0b652d7dc1636978,5,0.8443883657455444,Wholl Pay Reparations on My Soul?,Prison Song,Gil Scott-Heron,Graham Nash,1970,1974,misc,pop
251211,ff79978412924defcd7444806ff90dd7e0e59e7e,384003,3470d26d05840311064e4ff040b194600031b687,6,0.8391808271408081,Wholl Pay Reparations on My Soul?,Poetry,Gil Scott-Heron,Ray Davies,1970,2017,misc,rock
251211,ff79978412924defcd7444806ff90dd7e0e59e7e,14861,3167557cd6b26ab8d1504f47a3fd6069adb1ac06,7,0.839447021484375,Wholl Pay Reparations on My Soul?,Bored in the USA,Gil Scott-Heron,Father John Misty,1970,2014,misc,rock
251211,ff79978412924defcd7444806ff90dd7e0e59e7e,262774,4decb7d033da45ff7718d13a8d996913bbddb382,8,0.8442376852035522,Wholl Pay Reparations on My Soul?,Concrete Swan Dive,Gil Scott-Heron,Thank You Scientist,1970,2014,misc,rock
251211,ff79978412924defcd7444806ff90dd7e0e59e7e,365407,bae08219529d41041e0f8ec0095601d8dacd544f,9,0.8538899421691895,Wholl Pay Reparations on My Soul?,I Just Want Your Jeans,Gil Scott-Heron,God Help the Girl,1970,2009,misc,pop
251211,ff79978412924defcd7444806ff90dd7e0e59e7e,477080,009b4fc9950b85f05c309e7bfec021b7ef123774,10,0.8496355414390564,Wholl Pay Reparations on My Soul?,A Face Like Mine,Gil Scott-Heron,Peter Bradley Adams,1970,2017,misc,pop
251211,ff79978412924defcd7444806ff90dd7e0e59e7e,470383,dadd0aea14d059d2d18a7d6300eaf86deb88b22b,11,0.8321142792701721,Wholl Pay Reparations on My Soul?,Inbetweener,Gil Scott-Heron,Cody Canada and the Departed,1970,2015,misc,rock
251211,ff79978412924defcd7444806ff90dd7e0e59e7e,1014,6b1a63bbc072d51ed458fdd14cfa70fa07b0c4a5,12,0.8529835343360901,Wholl Pay Reparations on My Soul?,One Last Time,Gil Scott-Heron,"One Last Time Lyrics - Christopher Jackson, Lin-Manuel Miranda & Original Broadway Cast of ""Hamilton""",1970,2015,misc,rap
251211,ff79978412924defcd7444806ff90dd7e0e59e7e,374129,68a3120a778b8762aa56c0a94cc037ee5a68e32c,13,0.8590956926345825,Wholl Pay Reparations on My Soul?,Clues To a Poormans Briefcase,Gil Scott-Heron,Static-P,1970,2018,misc,pop
251211,ff79978412924defcd7444806ff90dd7e0e59e7e,229378,b0dda9cafc71df1484228961f5dcde63bccece08,14,0.8436851501464844,Wholl Pay Reparations on My Soul?,Never Fight An African,Gil Scott-Heron,Styles P,1970,2018,misc,rap
251211,ff79978412924defcd7444806ff90dd7e0e59e7e,413787,36373c58ee330f22a01547013eb2b6640ff46b9f,15,0.8358176946640015,Wholl Pay Reparations on My Soul?,Pocahontas,Gil Scott-Heron,Johnny Cash,1970,2003,misc,country
251211,ff79978412924defcd7444806ff90dd7e0e59e7e,3460,d3f7aff5b1c7e79f019579f10233a819aae7c281,16,0.8581825494766235,Wholl Pay Reparations on My Soul?,Documentary,Gil Scott-Heron,YFN Lucci,1970,2016,misc,rap
251211,ff79978412924defcd7444806ff90dd7e0e59e7e,301984,997825b351b2ada6ce0dd12a21245e5ac33fb5e4,17,0.8382309675216675,Wholl Pay Reparations on My Soul?,My Old Friend,Gil Scott-Heron,Tim McGraw,1970,2004,misc,country
251211,ff79978412924defcd7444806ff90dd7e0e59e7e,369503,a01e8fcd61a4bcad8fb3388cc970be78c1358ade,18,0.8380320072174072,Wholl Pay Reparations on My Soul?,Seraphina,Gil Scott-Heron,Kashmir,1970,2013,misc,pop
251211,ff79978412924defcd7444806ff90dd7e0e59e7e,353532,03d4d504595f8050d11c2df55c9fe322e9862f4b,19,0.8463362455368042,Wholl Pay Reparations on My Soul?,Dont Ask Me Why,Gil Scott-Heron,Laura Marling,1970,2011,misc,pop
251211,ff79978412924defcd7444806ff90dd7e0e59e7e,137394,ae31686d95a378e2b581be0f3d2b9d8d961a8cc3,20,0.8397166728973389,Wholl Pay Reparations on My Soul?,Evergreen Cassette,Gil Scott-Heron,Goldspot,1970,2013,misc,rock
274349,1e32c5e79eee5f446a0a054c8e0db9ac84081ff9,94641,a0b2e821c98f2b510a95d2b5c3aa5f75efc6758d,1,0.9618346691131592,Purple Giraffe,Pilot,How I Met Your Mother,How I Met Your Mother,2005,2005,misc,misc
274349,1e32c5e79eee5f446a0a054c8e0db9ac84081ff9,257355,66b2aa0c82021c6376f30f23d611c13f2ae108ba,2,0.9596027731895447,Purple Giraffe,Nothing Good Happens After 2 A.M.,How I Met Your Mother,How I Met Your Mother,2005,2006,misc,misc
274349,1e32c5e79eee5f446a0a054c8e0db9ac84081ff9,403531,968e0957276a6edbf58cfc89771f65f9bb22432d,3,0.9595469236373901,Purple Giraffe,The Wedding,How I Met Your Mother,How I Met Your Mother,2005,2006,misc,misc
274349,1e32c5e79eee5f446a0a054c8e0db9ac84081ff9,423381,032205d8c891fc6085e830ee16a389e24528ec7b,4,0.9560660123825073,Purple Giraffe,The Pineapple Incident,How I Met Your Mother,How I Met Your Mother,2005,2005,misc,misc
274349,1e32c5e79eee5f446a0a054c8e0db9ac84081ff9,273929,3ec2b1fb1693293a2d0688670470b4130d69badd,5,0.9601467251777649,Purple Giraffe,Little Boys,How I Met Your Mother,How I Met Your Mother,2005,2007,misc,misc
274349,1e32c5e79eee5f446a0a054c8e0db9ac84081ff9,221575,322222e32f57cb90810ead93da65d0768c163dd3,6,0.9542289972305298,Purple Giraffe,Sweet Taste of Liberty,How I Met Your Mother,How I Met Your Mother,2005,2005,misc,misc
274349,1e32c5e79eee5f446a0a054c8e0db9ac84081ff9,479169,c3d267ae02e32dd0aea6330c4403d709fce10e13,7,0.9489034414291382,Purple Giraffe,Matchmaker,How I Met Your Mother,How I Met Your Mother,2005,2005,misc,misc
274349,1e32c5e79eee5f446a0a054c8e0db9ac84081ff9,216053,e3feafe27fa0b1f40ee091ead7d52024343eb727,8,0.9466782808303833,Purple Giraffe,Return of the Shirt,How I Met Your Mother,How I Met Your Mother,2005,2005,misc,misc
274349,1e32c5e79eee5f446a0a054c8e0db9ac84081ff9,308618,686f89df309230aaa51cdaa6884a0c1fe237e2cf,9,0.9429196119308472,Purple Giraffe,The Duel,How I Met Your Mother,How I Met Your Mother,2005,2005,misc,misc
274349,1e32c5e79eee5f446a0a054c8e0db9ac84081ff9,145897,7eacebb659a47aed03ed72214afb6031a76f431d,10,0.9455822706222534,Purple Giraffe,Drumroll Please,How I Met Your Mother,How I Met Your Mother,2005,2006,misc,misc
274349,1e32c5e79eee5f446a0a054c8e0db9ac84081ff9,185342,a96cf7911dba0ba0db89033bb04e4ee5077f1913,11,0.9425213932991028,Purple Giraffe,Slutty Pumpkin,How I Met Your Mother,How I Met Your Mother,2005,2005,misc,misc
274349,1e32c5e79eee5f446a0a054c8e0db9ac84081ff9,293936,4bec9acafbe59e3df69984ab236a7a15cee52f4c,12,0.9459215402603149,Purple Giraffe,Okay Awesome,How I Met Your Mother,How I Met Your Mother,2005,2005,misc,misc
274349,1e32c5e79eee5f446a0a054c8e0db9ac84081ff9,378867,c2bbab8b00b884315cb76726ee2f66abf970fa4a,13,0.9070167541503906,Purple Giraffe,Belly Full of Turkey,How I Met Your Mother,How I Met Your Mother,2005,2005,misc,misc
274349,1e32c5e79eee5f446a0a054c8e0db9ac84081ff9,469175,f7445fde4222eb5dc0c0f214c13539ed230e1fc0,14,0.8755425214767456,Purple Giraffe,Cupcake,How I Met Your Mother,How I Met Your Mother,2005,2006,misc,misc
274349,1e32c5e79eee5f446a0a054c8e0db9ac84081ff9,271013,50c996d0120afc8d78c47819ab894395bbecc198,15,0.7825062274932861,Purple Giraffe,Crawl Space,How I Met Your Mother,Breaking Bad,2005,2011,misc,misc
274349,1e32c5e79eee5f446a0a054c8e0db9ac84081ff9,210555,f650b957f936695b47b74db1bd80ba5c073406c4,16,0.7508459687232971,Purple Giraffe,Charlie Wants An Abortion,How I Met Your Mother,Its Always Sunny in Philadelphia,2005,2005,misc,misc
274349,1e32c5e79eee5f446a0a054c8e0db9ac84081ff9,389636,19ae4bdd3221b7374a290f4d77f32ce3f4da0bbd,17,0.757825493812561,Purple Giraffe,The Playbook,How I Met Your Mother,How I Met Your Mother,2005,2009,misc,misc
274349,1e32c5e79eee5f446a0a054c8e0db9ac84081ff9,234063,26df39ec7cb0b146053f625fbd383c351e97b554,18,0.7495040893554688,Purple Giraffe,The One With the Monkey,How I Met Your Mother,Friends (TV),2005,1994,misc,misc
274349,1e32c5e79eee5f446a0a054c8e0db9ac84081ff9,49418,ec8b18ed9d31d9f6ec9ba5c9d4f46b3e85d3d70a,19,0.7378712296485901,Purple Giraffe,A Raisin in the Sun Act I : Scene I,How I Met Your Mother,Lorraine Hansberry,2005,1959,misc,misc
274349,1e32c5e79eee5f446a0a054c8e0db9ac84081ff9,140975,61405ba014ff945be547e2703b2ee5321180b84d,20,0.7288328409194946,Purple Giraffe,Its Called Hazing Look It Up,How I Met Your Mother,Blue Mountain State,2005,2010,misc,misc
465187,c275cd6b8a7d8254d84156d7d9636bfe37cd39bf,272969,cc49ccbdb4bfd50237a2bf7c6c8110d6b9a999f6,1,0.8506683111190796,Torias Song,Hibiscus feat. Naji,Papooz,MadBliss,2016,2016,misc,rb
465187,c275cd6b8a7d8254d84156d7d9636bfe37cd39bf,164144,625b1ebeb9b5d5a32e55acb12c47761dd4961ce5,2,0.8482605218887329,Torias Song,Good Night,Papooz,EXO,2016,2017,misc,pop
465187,c275cd6b8a7d8254d84156d7d9636bfe37cd39bf,86029,2c75353840a5052f49ab5319769f9f20f2383931,3,0.8263832330703735,Torias Song,쉽게 쓰여진 노래 A Song Written Easily,Papooz,ONEUS,2016,2020,misc,pop
465187,c275cd6b8a7d8254d84156d7d9636bfe37cd39bf,474260,132e1fb369433c368d9984aed376805adec9589a,4,0.8195173144340515,Torias Song,Dreams of Love,Papooz,Bert Jansch,2016,1965,misc,rock
465187,c275cd6b8a7d8254d84156d7d9636bfe37cd39bf,276581,15cd1fdb6992e7068408cabf1d989836b6a9c2de,5,0.826513946056366,Torias Song,Dead End,Papooz,The Format,2016,2006,misc,rock
465187,c275cd6b8a7d8254d84156d7d9636bfe37cd39bf,118789,47162330114928958457f376789a1edaa65988d6,6,0.8315985798835754,Torias Song,YOU AND I,Papooz,DREAMCATCHER,2016,2018,misc,rock
465187,c275cd6b8a7d8254d84156d7d9636bfe37cd39bf,229348,1b1e83a70f0d31f5e7413d03bf7e509ddfeabe46,7,0.8209981918334961,Torias Song,Think of Me with Kindness,Papooz,Gentle Giant,2016,1972,misc,rock
465187,c275cd6b8a7d8254d84156d7d9636bfe37cd39bf,194576,a82a16ad5143b0cc01f6c295bfb0f6152d9f250d,8,0.81882643699646,Torias Song,If I Die Young,Papooz,Michael Henry And Justin Robinett,2016,2015,misc,pop
465187,c275cd6b8a7d8254d84156d7d9636bfe37cd39bf,468840,afef6c7ccf6dba6c43d2e8bc46dd86c85b6c7c30,9,0.8205545544624329,Torias Song,Waters Edge,Papooz,1997,2016,2007,misc,rock
465187,c275cd6b8a7d8254d84156d7d9636bfe37cd39bf,462770,3f2f5b322c990d4be1dea98a534f84d0c94b3227,10,0.8329044580459595,Torias Song,Velveteen,Papooz,Transvision Vamp,2016,1989,misc,pop
465187,c275cd6b8a7d8254d84156d7d9636bfe37cd39bf,270539,81e5c5ba98fa29c2b1030c0f92d35df8635554b7,11,0.8364769816398621,Torias Song,Call of the Raven Moon,Papooz,Saturnus,2016,2012,misc,rock
465187,c275cd6b8a7d8254d84156d7d9636bfe37cd39bf,349371,77823cf1561cfa81ee2da64c5e238d3800111baa,12,0.8268632888793945,Torias Song,Will I See You Tonight?,Papooz,Devendra Banhart,2016,2019,misc,pop
465187,c275cd6b8a7d8254d84156d7d9636bfe37cd39bf,190976,78069679191e5d6a3f7cc46c08db0f7e6f88d5c1,13,0.8290821313858032,Torias Song,Holding Roses,Papooz,Twin Peaks,2016,2016,misc,rock
465187,c275cd6b8a7d8254d84156d7d9636bfe37cd39bf,247079,b7c1a08cded0193ac97914e61b2c1a835014a747,14,0.8322105407714844,Torias Song,When I Fell,Papooz,Canyon City,2016,2019,misc,pop
465187,c275cd6b8a7d8254d84156d7d9636bfe37cd39bf,281508,8e2dc746961b3046634985b15ba332c2d247c2f8,15,0.8237881064414978,Torias Song,The Hounds of Winter,Papooz,Sting,2016,1996,misc,rock
465187,c275cd6b8a7d8254d84156d7d9636bfe37cd39bf,236594,021c8bf41f364b0c2e615a1a2caea2a5f149d054,16,0.8264849185943604,Torias Song,I Hear a Rhapsody,Papooz,Frank Sinatra,2016,1952,misc,pop
465187,c275cd6b8a7d8254d84156d7d9636bfe37cd39bf,106947,b7de0b8dd3638602cd8498a2a37dd43d27f10a6b,17,0.8291224241256714,Torias Song,Sex,Papooz,NoMBe,2016,2017,misc,pop
465187,c275cd6b8a7d8254d84156d7d9636bfe37cd39bf,161115,49d85727e7f362ae9ba31ad232673e3df688ec5b,18,0.8255646824836731,Torias Song,The Tain,Papooz,The Decemberists,2016,2004,misc,rock
465187,c275cd6b8a7d8254d84156d7d9636bfe37cd39bf,471081,3adf45b3fbf71e27facf18cc984610a2346ea3af,19,0.8398478031158447,Torias Song,Come On Angel,Papooz,Metric,2016,2017,misc,rock
465187,c275cd6b8a7d8254d84156d7d9636bfe37cd39bf,211259,cdda67c0fa869173b4e584655c3d8cf7977e453b,20,0.8200626373291016,Torias Song,Love Loud  Clear,Papooz,Alaine,2016,2015,misc,pop
384536,f639e5ca1031bf29c63317f1d64dc7e47f086351,484218,434651274ffe782df9cf31017696d7170b88f38a,1,0.8544514179229736,Who Are We Fooling?,Beautiful  Fragile,Brooke Fraser,Dan Caplen,2010,2016,pop,rb
384536,f639e5ca1031bf29c63317f1d64dc7e47f086351,430296,56acfe653e6170f8b8822e638e60ce1cb71df960,2,0.8455914855003357,Who Are We Fooling?,Sever,Brooke Fraser,SAARA,2010,2018,pop,pop
384536,f639e5ca1031bf29c63317f1d64dc7e47f086351,416169,37dd9dcb83120a4d12aa32f50161a9235d357b98,3,0.842760443687439,Who Are We Fooling?,Far Gone,Brooke Fraser,Musiq Soulchild,2010,2016,pop,rb
384536,f639e5ca1031bf29c63317f1d64dc7e47f086351,311044,a6cad07220a0a8341a73f3ee82966e991361da5e,4,0.84211266040802,Who Are We Fooling?,Everyone but Me,Brooke Fraser,Felix Cartal,2010,2018,pop,pop
384536,f639e5ca1031bf29c63317f1d64dc7e47f086351,290290,5f4a38a9634f46e7fc7ba2431f6485da24c73175,5,0.8368290662765503,Who Are We Fooling?,Trouble With Us,Brooke Fraser,ERNEST,2010,2017,pop,rap
384536,f639e5ca1031bf29c63317f1d64dc7e47f086351,325301,399e9426192a42c4e71969e4230ace8bd2f6929f,6,0.8434979319572449,Who Are We Fooling?,Love Will Conquer All,Brooke Fraser,Lionel Richie,2010,1985,pop,rb
384536,f639e5ca1031bf29c63317f1d64dc7e47f086351,300247,a64427ef6e21c4a4f9f94c394ff77b951809652f,7,0.8450363874435425,Who Are We Fooling?,Beautiful Messes,Brooke Fraser,Hillary Scott & The Scott Family,2010,2016,pop,country
384536,f639e5ca1031bf29c63317f1d64dc7e47f086351,266323,2d8f84f71fe43ff440a2df1e4debfb22478ac052,8,0.836132287979126,Who Are We Fooling?,​paper thin,Brooke Fraser,Christian French,2010,2020,pop,rb
384536,f639e5ca1031bf29c63317f1d64dc7e47f086351,329885,84831bba35b13140596c7edd0ad14b0eee75d084,9,0.8418670892715454,Who Are We Fooling?,Deja Vu,Brooke Fraser,Ces Cru,2010,2017,pop,rap
384536,f639e5ca1031bf29c63317f1d64dc7e47f086351,90917,2cf9eef86d72ca50f94a489215722b2d08e6c464,10,0.8379960060119629,Who Are We Fooling?,Fools,Brooke Fraser,Lauren Aquilina,2010,2012,pop,pop
384536,f639e5ca1031bf29c63317f1d64dc7e47f086351,353971,129771b9bc03ca5297a129eebc3821106b13db1b,11,0.8340127468109131,Who Are We Fooling?,Bury,Brooke Fraser,Lesha & Riddo,2010,2018,pop,pop
384536,f639e5ca1031bf29c63317f1d64dc7e47f086351,434582,67a92aec2214fa5d579dad50ac34393b282a7a10,12,0.8185657262802124,Who Are We Fooling?,O.V.E.Rr.,Brooke Fraser,Toni Braxton,2010,2020,pop,rb
384536,f639e5ca1031bf29c63317f1d64dc7e47f086351,434447,d0ea303933fe83d9e939a4714aca10daf606ec3a,13,0.8310408592224121,Who Are We Fooling?,All Direction,Brooke Fraser,Now And On Earth,2010,2015,pop,rock
384536,f639e5ca1031bf29c63317f1d64dc7e47f086351,330691,0d5251a63ab042668c88242bec0b03cf62125e21,14,0.8242970705032349,Who Are We Fooling?,Even Still I Want To,Brooke Fraser,The Black Queen,2010,2018,pop,rb
384536,f639e5ca1031bf29c63317f1d64dc7e47f086351,339489,18b74124a1b3aaca8419610f57b446eb4dd19005,15,0.8339958786964417,Who Are We Fooling?,Our Love Is Senile,Brooke Fraser,of Montreal,2010,2012,pop,pop
384536,f639e5ca1031bf29c63317f1d64dc7e47f086351,329112,63bf55366fcaa478d1fc9debc6d8e66443b800f7,16,0.837891697883606,Who Are We Fooling?,Ghost,Brooke Fraser,Matilda,2010,2016,pop,pop
384536,f639e5ca1031bf29c63317f1d64dc7e47f086351,482288,362051d5762870355f9f223f911ef0e83fa8343c,17,0.8091397285461426,Who Are We Fooling?,Sister Blister,Brooke Fraser,Alanis Morissette,2010,2002,pop,rock
384536,f639e5ca1031bf29c63317f1d64dc7e47f086351,307414,efc683d7861b2e953a1608dd819b5d6294eaf8a9,18,0.8258598446846008,Who Are We Fooling?,Our Destiny,Brooke Fraser,Epica,2010,2009,pop,rock
384536,f639e5ca1031bf29c63317f1d64dc7e47f086351,164526,9275c1bc580f2770083e572c28a33eca7828fff6,19,0.8263536691665649,Who Are We Fooling?,Mess Weve Made,Brooke Fraser,AJ Rafael,2010,2011,pop,pop
384536,f639e5ca1031bf29c63317f1d64dc7e47f086351,137831,46e11e3545ad7bc97af8045489f0e55e7454fad7,20,0.8088141679763794,Who Are We Fooling?,Foolishly Wrong,Brooke Fraser,Autoheart,2010,2013,pop,pop
410455,dc43ea630a9e25ba4fd860d743ec3f9cb7cbbdec,304019,174f3eac2dcfa33e48112df4cf6b7ee5a2231b4b,1,0.8678907752037048,Let Me Be There,Trading Places,Ekolu,JAHKOY,2015,2014,pop,rb
410455,dc43ea630a9e25ba4fd860d743ec3f9cb7cbbdec,65577,102aaa9c910b61f379d93fc14bb1829d07510688,2,0.8268869519233704,Let Me Be There,Id Have You Anytime,Ekolu,George Harrison,2015,1970,pop,rock
410455,dc43ea630a9e25ba4fd860d743ec3f9cb7cbbdec,103752,54983e506a230646f2082e928a725be272b166b1,3,0.8480874300003052,Let Me Be There,Dreams,Ekolu,Boyz II Men,2015,2000,pop,rb
410455,dc43ea630a9e25ba4fd860d743ec3f9cb7cbbdec,241672,d7cce5368f690d40f9ee2122f3812e3474d8652a,4,0.8526895046234131,Let Me Be There,YOU.,Ekolu,Stray Kids,2015,2018,pop,pop
410455,dc43ea630a9e25ba4fd860d743ec3f9cb7cbbdec,409691,4c3a0292af44fcd4fc59597bb007153d7fd29396,5,0.849202573299408,Let Me Be There,Let Me Be the 1,Ekolu,Mary J. Blige,2015,2003,pop,rb
410455,dc43ea630a9e25ba4fd860d743ec3f9cb7cbbdec,289923,aeca9b4eb2923ebb6e6a5e59721e64a4c3dc4be4,6,0.8613739013671875,Let Me Be There,All in Me,Ekolu,Brandy,2015,2002,pop,rb
410455,dc43ea630a9e25ba4fd860d743ec3f9cb7cbbdec,296941,ea982acf0b44172fbf67d73e155ed85666fd5e33,7,0.8198573589324951,Let Me Be There,North Dakota,Ekolu,Mako,2015,2016,pop,pop
410455,dc43ea630a9e25ba4fd860d743ec3f9cb7cbbdec,474585,3f83f5904c6a0a466d5ab5ccd2b856a1863e56d3,8,0.8476599454879761,Let Me Be There,Wherever I Go,Ekolu,Maxwell Young,2015,2017,pop,pop
410455,dc43ea630a9e25ba4fd860d743ec3f9cb7cbbdec,52194,fcf4fc8237fec98b2879a3ead58c0e4df66dfe7e,9,0.8478652834892273,Let Me Be There,House on a Hill,Ekolu,Amanda Lindsey Cook,2015,2019,pop,pop
410455,dc43ea630a9e25ba4fd860d743ec3f9cb7cbbdec,62191,e4dfccc81e63e1351fd1fd7db47ca5a446b5a8ff,10,0.8172889947891235,Let Me Be There,Hold You,Ekolu,Hanna Ferm & LIAMOO,2015,2019,pop,pop
410455,dc43ea630a9e25ba4fd860d743ec3f9cb7cbbdec,483890,2ea269ccec8709e62923179f2410bdec511c942b,11,0.830306887626648,Let Me Be There,Let Me Be,Ekolu,Parliament,2015,1975,pop,rock
410455,dc43ea630a9e25ba4fd860d743ec3f9cb7cbbdec,343210,3d54399dbad4ae228590f3f248e6a6e8da0fbf48,12,0.8363000750541687,Let Me Be There,Right Here Next to You,Ekolu,Jon Nrgaard,2015,2002,pop,pop
410455,dc43ea630a9e25ba4fd860d743ec3f9cb7cbbdec,345794,0a28cc33dcad3b97af398f1ba311f3b9b09728e8,13,0.8304356336593628,Let Me Be There,An Olive Grove Facing the Sea,Ekolu,Snow Patrol,2015,2001,pop,pop
410455,dc43ea630a9e25ba4fd860d743ec3f9cb7cbbdec,495562,85f8f75b54440678aad8b8c70bccf85b00650f19,14,0.8301819562911987,Let Me Be There,Wake Up,Ekolu,Bahja Rodriguez,2015,2019,pop,rb
410455,dc43ea630a9e25ba4fd860d743ec3f9cb7cbbdec,370348,e6ed287ec66d5c1dd31998ac8bd2f967f97a325e,15,0.8231790065765381,Let Me Be There,Wrap Me in Your Arms reprise,Ekolu,William McDowell,2015,2015,pop,pop
410455,dc43ea630a9e25ba4fd860d743ec3f9cb7cbbdec,379998,c8dc554fa2ebe1bc34d535a5782f56c62100d6d5,16,0.8340722322463989,Let Me Be There,Let Me In,Ekolu,Benny Sings,2015,2007,pop,pop
410455,dc43ea630a9e25ba4fd860d743ec3f9cb7cbbdec,199510,0229f5f74e2abe10dd741db16428125bfe22ca7e,17,0.832925021648407,Let Me Be There,Higher,Ekolu,blackbear,2015,2020,pop,rb
410455,dc43ea630a9e25ba4fd860d743ec3f9cb7cbbdec,369549,aad4c02c45c4eb7f8bc7eba8fd6418fe344d8301,18,0.8435388803482056,Let Me Be There,​elizabeth paak,Ekolu,Grant Evans,2015,2018,pop,pop
410455,dc43ea630a9e25ba4fd860d743ec3f9cb7cbbdec,219363,ee7ae7b5b4b8777bf5c919801ce920937d9e00d2,19,0.8312746286392212,Let Me Be There,Let Me,Ekolu,Rihanna,2015,2005,pop,pop
410455,dc43ea630a9e25ba4fd860d743ec3f9cb7cbbdec,189420,15c8badec42adcc2fef865bb7139ce2e1d1b3d25,20,0.8267612457275391,Let Me Be There,Stay Right Where You Are,Ekolu,Ingrid Michaelson,2015,2017,pop,pop
172123,3319023d94ea21550533b44f74f00d1077279c40,105291,90c4f6c5a6ad7cb5a1464f925210c5d7577ec8b0,1,0.8198137879371643,This Masquerade,Never Alone,Leon Russell,The Amity Affliction,1972,2014,pop,rock
172123,3319023d94ea21550533b44f74f00d1077279c40,416169,37dd9dcb83120a4d12aa32f50161a9235d357b98,2,0.8121905326843262,This Masquerade,Far Gone,Leon Russell,Musiq Soulchild,1972,2016,pop,rb
172123,3319023d94ea21550533b44f74f00d1077279c40,464993,3b41bf3a3f8130be5bf1f84c19daad1dd79b624d,3,0.787061333656311,This Masquerade,The Masquerade,Leon Russell,Go! Child,1972,2017,pop,pop
172123,3319023d94ea21550533b44f74f00d1077279c40,478913,8ff882a292a9857753fee7df18ed9b66d685689c,4,0.8043971657752991,This Masquerade,Fear in Non Fiction,Leon Russell,Vein.fm,1972,2022,pop,rock
172123,3319023d94ea21550533b44f74f00d1077279c40,329885,84831bba35b13140596c7edd0ad14b0eee75d084,5,0.8153031468391418,This Masquerade,Deja Vu,Leon Russell,Ces Cru,1972,2017,pop,rap
172123,3319023d94ea21550533b44f74f00d1077279c40,189672,ec3158dcc93763088fcaa3c20752fcc73cba23cf,6,0.7791835069656372,This Masquerade,Landmine,Leon Russell,FINNEAS,1972,2018,pop,pop
172123,3319023d94ea21550533b44f74f00d1077279c40,146721,1c2625faa1f14deaf123b67c526be3cb1fbabdb4,7,0.8126604557037354,This Masquerade,Why?,Leon Russell,Rendy Pandugo,1972,2019,pop,pop
172123,3319023d94ea21550533b44f74f00d1077279c40,501662,49ae24bacc1c2cfd1325a2bf49d5ef77d6126add,8,0.7641846537590027,This Masquerade,Play Along,Leon Russell,flor,1972,2022,pop,pop
172123,3319023d94ea21550533b44f74f00d1077279c40,365364,2d89ed39290955623cd79540cb7809479e44380f,9,0.7798298597335815,This Masquerade,Sworn Apart,Leon Russell,Mark Morton,1972,2019,pop,rock
172123,3319023d94ea21550533b44f74f00d1077279c40,460081,36f91c45997e23eaf6dfaa7b5122db86385afac4,10,0.7824797630310059,This Masquerade,Lost,Leon Russell,Lucky Rose,1972,2018,pop,pop
172123,3319023d94ea21550533b44f74f00d1077279c40,500790,7abf552169aa8052703f1d46b45a69c78f2f82a6,11,0.8162728548049927,This Masquerade,Together,Leon Russell,Bad Randoms,1972,2022,pop,rock
172123,3319023d94ea21550533b44f74f00d1077279c40,157012,dff8fbcfa4417a9cdd71908d848fa0ace0625b90,12,0.8018237948417664,This Masquerade,Lighting Matches,Leon Russell,Tom Grennan,1972,2018,pop,pop
172123,3319023d94ea21550533b44f74f00d1077279c40,276874,a419250f15356740ffc20a31a311a4f37ec1b703,13,0.8058861494064331,This Masquerade,Together We’re Lost,Leon Russell,Fred V & Grafix,1972,2016,pop,rap
172123,3319023d94ea21550533b44f74f00d1077279c40,223025,490ef190cc5d7bb5a90ca3c4f1b5d35175a680db,14,0.8050515651702881,This Masquerade,What Becomes of Us,Leon Russell,Hilltop Hoods,1972,2019,pop,rap
172123,3319023d94ea21550533b44f74f00d1077279c40,138083,5da8ee5ab58c62bd16d2c0651a44a3951dbb1241,15,0.7719389200210571,This Masquerade,Blind Lane,Leon Russell,Annisokay,1972,2016,pop,rock
172123,3319023d94ea21550533b44f74f00d1077279c40,121759,50136fd0b58a0bf43c3402ad21135e1b09d1c3ce,16,0.7753493785858154,This Masquerade,Kicks,Leon Russell,Lights,1972,2017,pop,pop
172123,3319023d94ea21550533b44f74f00d1077279c40,194793,d9f9d2fc9ead7471ea599be3a4ee6275b94294f7,17,0.7899638414382935,This Masquerade,Everything Ive Known,Leon Russell,Korn,1972,2003,pop,rock
172123,3319023d94ea21550533b44f74f00d1077279c40,185765,95e0ef05243f514ecfb001200cd029fb72d20cff,18,0.7967904806137085,This Masquerade,Learn,Leon Russell,R.LUM.R,1972,2017,pop,rb
172123,3319023d94ea21550533b44f74f00d1077279c40,99794,353fb7d80eeaa23102143f6dfa3601c7e0b5b50f,19,0.771915078163147,This Masquerade,Lost In Translation,Leon Russell,Moira Dela Torre & Nieman,1972,2016,pop,rb
172123,3319023d94ea21550533b44f74f00d1077279c40,498162,2f879311ac5aed83c5f346f7e6e13ba7694f00d7,20,0.7956271171569824,This Masquerade,For Bitter or Worse,Leon Russell,Anouk,1972,2009,pop,pop
261621,0a5a0a1b73ad8c77e432528be2652ef425ba0e0e,495009,3a45655fb12e966f2511e63f92ac9f535a154ea1,1,0.8033310770988464,Where is My Mind?,Where Are You Now?,Unlike Pluto,Brandy,2018,1995,pop,rb
261621,0a5a0a1b73ad8c77e432528be2652ef425ba0e0e,195108,c406ebe5976c23c6399f8e939a5484156e5d096b,2,0.7990095615386963,Where is My Mind?,I Admit Im Scared,Unlike Pluto,Gabby's World,2018,2015,pop,rock
261621,0a5a0a1b73ad8c77e432528be2652ef425ba0e0e,266840,16093aae1b117ff205cc3324ba185846a329535a,3,0.8025742173194885,Where is My Mind?,I See You Sometimes,Unlike Pluto,Vegyn,2018,2021,pop,rb
261621,0a5a0a1b73ad8c77e432528be2652ef425ba0e0e,207284,633d7f003dabb2100e800dba6679c92d589ad2de,4,0.7591415047645569,Where is My Mind?,Curaçao,Unlike Pluto,Emma Bale,2018,2017,pop,pop
261621,0a5a0a1b73ad8c77e432528be2652ef425ba0e0e,153606,6476a2e2eae49290ee5518cf3b5212a9f91abca0,5,0.7919975519180298,Where is My Mind?,Get in the Mind Shaft,Unlike Pluto,Jack White,2018,2018,pop,rock
261621,0a5a0a1b73ad8c77e432528be2652ef425ba0e0e,508013,003d6f72206b087dd15f8ad2363e0a7428a60da3,6,0.7829878926277161,Where is My Mind?,Spring,Unlike Pluto,NewDad,2018,2022,pop,rock
261621,0a5a0a1b73ad8c77e432528be2652ef425ba0e0e,61585,0ff5fc6408f1cda05f25a00f5347436db2222dcd,7,0.7622698545455933,Where is My Mind?,Birth of a Fish,Unlike Pluto,Eyedea & Abilities,2018,2002,pop,rap
261621,0a5a0a1b73ad8c77e432528be2652ef425ba0e0e,41154,db770c7d04e413ff97f0cfc0a116d6fd13857cf1,8,0.7844066023826599,Where is My Mind?,A Very Strange Time,Unlike Pluto,G-Eazy,2018,2019,pop,rap
261621,0a5a0a1b73ad8c77e432528be2652ef425ba0e0e,59927,f05ac205b47f7567d95715796de74208840a004c,9,0.7952843904495239,Where is My Mind?,​hello old friend,Unlike Pluto,Jeremy Zucker & Chelsea Cutler,2018,2019,pop,pop
261621,0a5a0a1b73ad8c77e432528be2652ef425ba0e0e,149943,d0fddbb20c1aa72e002a21f8ab627c9f35ad9700,10,0.7893407940864563,Where is My Mind?,Earth,Unlike Pluto,Mount Eerie,2018,2018,pop,rock
261621,0a5a0a1b73ad8c77e432528be2652ef425ba0e0e,301745,43d0e33fc7bc2e696d522d9223dca8472e034183,11,0.8003608584403992,Where is My Mind?,​How 2 Find Hope,Unlike Pluto,redveil,2018,2020,pop,rap
261621,0a5a0a1b73ad8c77e432528be2652ef425ba0e0e,199313,d861c7550a2ebe43e46ef8dcc8561167d2d1545a,12,0.7777427434921265,Where is My Mind?,Cemetery,Unlike Pluto,Say Anything,2018,2009,pop,rock
261621,0a5a0a1b73ad8c77e432528be2652ef425ba0e0e,452755,4edc16e7c04cb3f94d1b0dc766adb97f9851a3e8,13,0.7954609394073486,Where is My Mind?,War Paint,Unlike Pluto,The Dangerous Summer,2018,2011,pop,pop
261621,0a5a0a1b73ad8c77e432528be2652ef425ba0e0e,464125,9fce45dfff00af565d34b69e5dff2ab8acda868d,14,0.7884069681167603,Where is My Mind?,Aberdeen 1987,Unlike Pluto,The XCERTS,2018,2009,pop,pop
261621,0a5a0a1b73ad8c77e432528be2652ef425ba0e0e,248693,1630ebfae0767aef42764ab1e0ecb6f4589942de,15,0.7946151494979858,Where is My Mind?,Could It Be,Unlike Pluto,Black Milk,2018,2018,pop,rap
261621,0a5a0a1b73ad8c77e432528be2652ef425ba0e0e,179835,027a89b36946498cb1f1ce7ff928c6e417b88cdd,16,0.7651837468147278,Where is My Mind?,In My Mind,Unlike Pluto,WALK THE MOON,2018,2017,pop,pop
261621,0a5a0a1b73ad8c77e432528be2652ef425ba0e0e,90904,b484096c112f70bd4e62901b9e7bb29473ddaf7f,17,0.7607618570327759,Where is My Mind?,Shelby,Unlike Pluto,The Brook & The Bluff,2018,2019,pop,pop
261621,0a5a0a1b73ad8c77e432528be2652ef425ba0e0e,47186,e01f924894bb18b857d6b42c8a7b89452ef93b73,18,0.7860040664672852,Where is My Mind?,Way Down Hadestown Reprise,Unlike Pluto,"Andr De Shields, Jewelle Blackman, Yvette Gonzalez-Nacer, Kay Trinidad, Eva Noblezada, Timothy Hughes, Malcolm Armwood, Jessie Shelton, Kimberly Marable, Khaila Wilcoxon, Ahmad Simmons, Afra Hines, T. Oliver Reid & John Krause",2018,2019,pop,pop
261621,0a5a0a1b73ad8c77e432528be2652ef425ba0e0e,242342,04130b96830a56545fbd5384f89e51d5c7b7b180,19,0.7808175086975098,Where is My Mind?,Underwater Blues,Unlike Pluto,Jeremy Loops,2018,2018,pop,pop
261621,0a5a0a1b73ad8c77e432528be2652ef425ba0e0e,206665,5c1ffeaf22ff40959c54e9d54787a60425a1bd01,20,0.769751250743866,Where is My Mind?,Talking in My Sleep,Unlike Pluto,eLZhi,2018,2008,pop,rap
213951,c5ad0447bbcdad2935bb0ff11ffe6563e0181a2d,305983,ad8819dff33ba8c28091e2412a38757215510bd4,1,0.8548728227615356,Runaways,Falls Apart,Lowell,Sugar Ray,2018,1999,pop,pop
213951,c5ad0447bbcdad2935bb0ff11ffe6563e0181a2d,233286,0139b66b7e9a4f3ac39ed6a050d71bbe9980557e,2,0.8453530073165894,Runaways,Runaway,Lowell,David Soh,2018,2018,pop,pop
213951,c5ad0447bbcdad2935bb0ff11ffe6563e0181a2d,238367,5421af2b951bbe2eca4e047b0e085918cb7e4b93,3,0.7781661152839661,Runaways,Waterfalls,Lowell,Bag Raiders,2018,2015,pop,pop
213951,c5ad0447bbcdad2935bb0ff11ffe6563e0181a2d,469375,19d92d018803a522e1a1036b5579aa28b7454a42,4,0.8242195248603821,Runaways,Put on Your Old Brown Shoes,Lowell,Supertramp,2018,1982,pop,pop
213951,c5ad0447bbcdad2935bb0ff11ffe6563e0181a2d,171183,e21c6f48c632d57a42497f3670ec473175d98dbf,5,0.8379020690917969,Runaways,Runaway,Lowell,Devlin,2018,2010,pop,rap
213951,c5ad0447bbcdad2935bb0ff11ffe6563e0181a2d,492655,01aa8db7aa7f5c91bc541356011f1fad66c53fe9,6,0.8386914134025574,Runaways,Runaway Remix,Lowell,Pell,2018,2015,pop,pop
213951,c5ad0447bbcdad2935bb0ff11ffe6563e0181a2d,469784,d790ac174300ba735f55990aa3e494e167621a2c,7,0.822828471660614,Runaways,Runaway,Lowell,Marillion,2018,1994,pop,pop
213951,c5ad0447bbcdad2935bb0ff11ffe6563e0181a2d,500679,65fdf3d58deb9fd9505213322cd5d986a93c5816,8,0.834375262260437,Runaways,Runaway,Lowell,Gabbie Hanna,2018,2022,pop,rock
213951,c5ad0447bbcdad2935bb0ff11ffe6563e0181a2d,69492,9cdba1529db3f42be4a7ff0550fd58888b0449b9,9,0.8213076591491699,Runaways,Runaway,Lowell,Halcyon,2018,2017,pop,pop
213951,c5ad0447bbcdad2935bb0ff11ffe6563e0181a2d,355177,f040049c6f2758cfc8f2891ce184ba11e297f687,10,0.8228035569190979,Runaways,Liberated,Lowell,Young Fathers,2018,2015,pop,rap
213951,c5ad0447bbcdad2935bb0ff11ffe6563e0181a2d,431894,b49a6ef0c5859b2584372f76f5c2d323c46e25ec,11,0.8140462636947632,Runaways,Runaway,Lowell,SAFIA,2018,2019,pop,pop
213951,c5ad0447bbcdad2935bb0ff11ffe6563e0181a2d,134336,d724aaf1b0b0a32149bab80917e61cc8657d3e96,12,0.8219838738441467,Runaways,Runaway,Lowell,Eric Nam,2018,2019,pop,pop
213951,c5ad0447bbcdad2935bb0ff11ffe6563e0181a2d,447059,8e1a00629a80da2acc4250b7f369761405fe2b16,13,0.8024998903274536,Runaways,Runaway,Lowell,LEBROCK,2018,2018,pop,pop
213951,c5ad0447bbcdad2935bb0ff11ffe6563e0181a2d,185968,5ed401d715c82535ad93854defbc48686226a6ab,14,0.8254230618476868,Runaways,Runaway,Lowell,Bonnie Raitt,2018,1977,pop,pop
213951,c5ad0447bbcdad2935bb0ff11ffe6563e0181a2d,42810,10a143376a9d81d375a06b47a799b937a41208a6,15,0.8098729848861694,Runaways,Runaway,Lowell,Tayla Parx,2018,2017,pop,rb
213951,c5ad0447bbcdad2935bb0ff11ffe6563e0181a2d,225932,13f27a0d58b572569d7c0cb3b33876c671b67ba6,16,0.8086284399032593,Runaways,Wanted,Lowell,DEMONDICE,2018,2020,pop,rap
213951,c5ad0447bbcdad2935bb0ff11ffe6563e0181a2d,31570,697c9988d89bf28a58f6ba59b87c4a9fbbaa0efe,17,0.8116861581802368,Runaways,Runaway Runaway,Lowell,Mars Argo,2018,2012,pop,pop
213951,c5ad0447bbcdad2935bb0ff11ffe6563e0181a2d,161136,afdc856a2cbeeb373b0be97bb751af5c161848d9,18,0.8050079345703125,Runaways,Runaway,Lowell,Beach House,2018,2021,pop,pop
213951,c5ad0447bbcdad2935bb0ff11ffe6563e0181a2d,513040,abcfddd743005d9134b89c9cfd3dfc63e82ee306,19,0.8092154264450073,Runaways,Runaway,Lowell,The Cactus Blossoms,2018,2022,pop,pop
213951,c5ad0447bbcdad2935bb0ff11ffe6563e0181a2d,382985,22a9718dc69a7cc00c2f339f05d83a579200ca78,20,0.8180639147758484,Runaways,Runaway,Lowell,Elle King,2018,2018,pop,rock
106952,7262ea1dc57000f78abdd0e506f65ee1b84798a6,294011,8fd933598e0c862276960c17c5b456bedda4605f,1,0.9260177612304688,花요일 Blooming Day,Come See Me Remix,EXO-CBX,112,2018,1996,pop,rb
106952,7262ea1dc57000f78abdd0e506f65ee1b84798a6,170266,cad6e9c1a5a886f8847095d8d4ec47a37da71129,2,0.9251776933670044,花요일 Blooming Day,Good Together,EXO-CBX,Shay Lia,2018,2019,pop,rb
106952,7262ea1dc57000f78abdd0e506f65ee1b84798a6,220559,7c88e793eec429950de98f5d97b4e84839190706,3,0.9205367565155029,花요일 Blooming Day,Invisible Man,EXO-CBX,98,2018,1997,pop,pop
106952,7262ea1dc57000f78abdd0e506f65ee1b84798a6,100830,7f24900e1fbff6d8ae250886aa82c834bc23b728,4,0.9003585577011108,花요일 Blooming Day,Rose,EXO-CBX,D.O.,2018,2021,pop,pop
106952,7262ea1dc57000f78abdd0e506f65ee1b84798a6,210284,d3b75bbae1cef123016e61bf62bc76905ffaeeeb,5,0.9213687181472778,花요일 Blooming Day,You Are My Sunshine,EXO-CBX,Londrelle,2018,2019,pop,rb
106952,7262ea1dc57000f78abdd0e506f65ee1b84798a6,178405,35f422dda67605051d39e88a65aa098ca616c47d,6,0.9256073832511902,花요일 Blooming Day,Lovers and Friends,EXO-CBX,Michael Sterling,2018,1990,pop,rb
106952,7262ea1dc57000f78abdd0e506f65ee1b84798a6,301513,d8a20af43246a969ea023879d020a32f87a0a16e,7,0.918432354927063,花요일 Blooming Day,U,EXO-CBX,Austin Mahone,2018,2014,pop,pop
106952,7262ea1dc57000f78abdd0e506f65ee1b84798a6,44253,a9e77e75b78467e1d18b76b06c45a2e32a5a5e82,8,0.91507887840271,花요일 Blooming Day,You to Me Are Everything,EXO-CBX,The Real Thing,2018,1976,pop,rb
106952,7262ea1dc57000f78abdd0e506f65ee1b84798a6,449881,ee3fc2befd37f0bf9daf0dfca94ca4c50709f8c6,9,0.9158004522323608,花요일 Blooming Day,Touch You,EXO-CBX,Ol' Skool,2018,1998,pop,pop
106952,7262ea1dc57000f78abdd0e506f65ee1b84798a6,293666,40fd2c026944f0ee268efd56b00be9d6dfd28de1,10,0.9166824817657471,花요일 Blooming Day,Trip to the Moon,EXO-CBX,Alex Camarillo,2018,2018,pop,pop
106952,7262ea1dc57000f78abdd0e506f65ee1b84798a6,401708,6b048e665880d9b1af214ba9d001f86b4db459a1,11,0.9162790775299072,花요일 Blooming Day,Believe Me,EXO-CBX,Brandon,2018,2020,pop,rb
106952,7262ea1dc57000f78abdd0e506f65ee1b84798a6,240264,ee5ce106e50253ed4d3f678eddc290c360506fa3,12,0.9222147464752197,花요일 Blooming Day,Lovin You Baby,EXO-CBX,Charles Bradley,2018,2011,pop,rb
106952,7262ea1dc57000f78abdd0e506f65ee1b84798a6,506894,a289fa8338506aac405457e945802b21d178528a,13,0.9035664200782776,花요일 Blooming Day,BLOSSOM 피어나,EXO-CBX,WEi,2018,2022,pop,pop
106952,7262ea1dc57000f78abdd0e506f65ee1b84798a6,170008,eb067e03349629e32bc803bcbc21e6d5fe31f945,14,0.8989958763122559,花요일 Blooming Day,20,EXO-CBX,SEVENTEEN,2018,2015,pop,pop
106952,7262ea1dc57000f78abdd0e506f65ee1b84798a6,139850,d38e256f43f8c1c2bafccf54654d2048602324ae,15,0.9095730781555176,花요일 Blooming Day,Butterfly English Cover,EXO-CBX,Barcenilla,2018,2017,pop,rb
106952,7262ea1dc57000f78abdd0e506f65ee1b84798a6,24966,fff679f63c77f5926043120b51f4da4ed761b8da,16,0.9230417609214783,花요일 Blooming Day,You,EXO-CBX,Larry Lovestein & The Velvet Revival,2018,2012,pop,rap
106952,7262ea1dc57000f78abdd0e506f65ee1b84798a6,187189,293f689a8f895efbedee8cd6257256c809ad9852,17,0.9110985398292542,花요일 Blooming Day,Sweet Talk,EXO-CBX,Samantha Jade,2018,2014,pop,pop
106952,7262ea1dc57000f78abdd0e506f65ee1b84798a6,381764,a3f25ff0232f211c1dced9e4c27e2fa0465a470a,18,0.9088619947433472,花요일 Blooming Day,Invisible,EXO-CBX,Yuna,2018,2020,pop,rb
106952,7262ea1dc57000f78abdd0e506f65ee1b84798a6,6132,37bf8ddc897523eb3bf8108f04c822ac45efd209,19,0.906987190246582,花요일 Blooming Day,Meet Me in the Pale Moonlight,EXO-CBX,Lana Del Rey,2018,2014,pop,pop
106952,7262ea1dc57000f78abdd0e506f65ee1b84798a6,70688,c52d3f0f38b8de0474179a3dcddcc30d97b3a2da,20,0.9113743305206299,花요일 Blooming Day,Slow Dance,EXO-CBX,Chief Keef,2018,2017,pop,rap
352698,c09e64c4d822775af86726ef843a8c6fc9442fd3,410342,3dbac00612e41ec0e4b20c54dd9f3a3de6a869ea,1,0.9109619855880737,Church,Take me to church,Far East Movement,Beth,2016,2015,pop,pop
352698,c09e64c4d822775af86726ef843a8c6fc9442fd3,145964,a042a494fe5a28e54111c5e719eacf4114de822a,2,0.8970586061477661,Church,Jesus,Far East Movement,cupcakKe,2016,2016,pop,rap
352698,c09e64c4d822775af86726ef843a8c6fc9442fd3,330183,bdb9301c420acfccf21950c5f66e780b8257be76,3,0.8921606540679932,Church,Church,Far East Movement,Jennifer Lopez,2016,2022,pop,pop
352698,c09e64c4d822775af86726ef843a8c6fc9442fd3,161702,57fe9955388b79fb15acd1c3d8a07a5b13c2529b,4,0.903231143951416,Church,Drunk Text Message to God,Far East Movement,Watsky,2016,2014,pop,misc
352698,c09e64c4d822775af86726ef843a8c6fc9442fd3,211161,4f120ddd9c906aa5b156e542d8eeeb56bfbeb160,5,0.9000982046127319,Church,Deity,Far East Movement,Valeree,2016,2021,pop,rb
352698,c09e64c4d822775af86726ef843a8c6fc9442fd3,124911,7844a1fea4a1ce0d7fad61895bb62452da6582df,6,0.8892336487770081,Church,3-Way Phone Call,Far East Movement,R. Kelly,2016,2004,pop,rb
352698,c09e64c4d822775af86726ef843a8c6fc9442fd3,411445,20d3d13fd99c56c5e4c930690c4c8c35ac34642c,7,0.9009525775909424,Church,Faith,Far East Movement,Brandyn Burnette,2016,2020,pop,pop
352698,c09e64c4d822775af86726ef843a8c6fc9442fd3,391267,ab3a1ffb7282f73e6603e0411cce1d474339449c,8,0.888261079788208,Church,Tha Church,Far East Movement,Lecrae,2016,2004,pop,rap
352698,c09e64c4d822775af86726ef843a8c6fc9442fd3,250543,d3dd83be27a33a414f5a9483548f843dba23e0cb,9,0.8892321586608887,Church,Amen,Far East Movement,Kid Rock,2016,2007,pop,country
352698,c09e64c4d822775af86726ef843a8c6fc9442fd3,305761,f60a1b8adfcc1542052787f94190d3a9fec4bfcd,10,0.8891659379005432,Church,Sunday Sermons,Far East Movement,Anne Wilson,2016,2022,pop,country
352698,c09e64c4d822775af86726ef843a8c6fc9442fd3,444435,d3c86ac2162a660ea40f2c7d524d6f8f0bfba1d7,11,0.8902405500411987,Church,Amen,Far East Movement,Kevo Muney,2016,2020,pop,rap
352698,c09e64c4d822775af86726ef843a8c6fc9442fd3,110895,3aa922cac8e8615ecdae228cb088efc4f3f3ce3c,12,0.8914841413497925,Church,You Are My Religion,Far East Movement,Firehouse,2016,1996,pop,pop
352698,c09e64c4d822775af86726ef843a8c6fc9442fd3,304420,28bf6cfd7477e4164521326e57a9ffcd2181626a,13,0.8949131965637207,Church,Showing Off,Far East Movement,Sir The Baptist,2016,2019,pop,rap
352698,c09e64c4d822775af86726ef843a8c6fc9442fd3,160402,1db6222475cc8a48b9583556d7744545a8fb30d6,14,0.8961918950080872,Church,Heaven,Far East Movement,K. Michelle,2016,2017,pop,rb
352698,c09e64c4d822775af86726ef843a8c6fc9442fd3,218467,b12a0b0b84ac6cf12e365b9a8da940af601eb729,15,0.8877782225608826,Church,Walk Like a God,Far East Movement,Murs & 9th Wonder,2016,2015,pop,rap
352698,c09e64c4d822775af86726ef843a8c6fc9442fd3,120378,21fe2cfbe1d0de3ceec8b9e3e4ef85fdf3607d92,16,0.8964776992797852,Church,Jesus Plug,Far East Movement,AKA & Anatii,2016,2017,pop,rap
352698,c09e64c4d822775af86726ef843a8c6fc9442fd3,282541,5e5795149acdfb4b96d60a3f9854ade036aab465,17,0.8747696280479431,Church,Goodness Love And Mercy,Far East Movement,Chris Tomlin,2016,2018,pop,rock
352698,c09e64c4d822775af86726ef843a8c6fc9442fd3,335348,a50ed85eee083fa61915cd712a1cd9db89a81f0e,18,0.8892942667007446,Church,I Need Church,Far East Movement,Professor Green,2016,2014,pop,rap
352698,c09e64c4d822775af86726ef843a8c6fc9442fd3,476078,9963c160de92b28170fa0e07b0a02a2b80ad6181,19,0.8934276103973389,Church,Safe Place,Far East Movement,Guvna B,2016,2020,pop,rap
352698,c09e64c4d822775af86726ef843a8c6fc9442fd3,41402,e29857ba30e2232b0d6f1e841c10ac6b55a429a1,20,0.8831022381782532,Church,Baptize Me,Far East Movement,Original Broadway Cast of The Book of Mormon,2016,2011,pop,rock
469583,354ba0cd482b394b47c49a0c6a4c88921b98690c,400637,02ed37b2425972c64e7c13737c64370c33cfed63,1,0.9194203615188599,Wont Let Me Out,Locked Up Nas Remix,C-Murder,Akon,2005,2014,pop,rap
469583,354ba0cd482b394b47c49a0c6a4c88921b98690c,433953,9bf2a6e4199073cfc3b2c10e3a2b02bbecff4061,2,0.9131573438644409,Wont Let Me Out,Locked Up Yaad Remix,C-Murder,Akon,2005,2009,pop,rap
469583,354ba0cd482b394b47c49a0c6a4c88921b98690c,474273,458588af1d63d7186191ce3917c14f8f7a5194aa,3,0.8116835951805115,Wont Let Me Out,Trapped,C-Murder,E-40,2005,2011,pop,rap
469583,354ba0cd482b394b47c49a0c6a4c88921b98690c,97252,f8caaaf165bdd9fb468e0e3dbfede851822cce32,4,0.7860006093978882,Wont Let Me Out,Freedom Freestyle,C-Murder,Burna Boy,2005,2011,pop,rap
469583,354ba0cd482b394b47c49a0c6a4c88921b98690c,365549,23a67bc005d79c008d4d6f5c4f77ed6fdcbaf75c,5,0.7746448516845703,Wont Let Me Out,First Day Out,C-Murder,Duwap Kaine,2005,2016,pop,rap
469583,354ba0cd482b394b47c49a0c6a4c88921b98690c,43442,2784beb9ea746e16e61ffdb1b833e732f1fe4b02,6,0.7699836492538452,Wont Let Me Out,When I Get Free II Remix,C-Murder,2Pac,2005,1997,pop,rap
469583,354ba0cd482b394b47c49a0c6a4c88921b98690c,383494,b0d19b0bd90ea4f7795dcc2f5e5e129bc10a7ea3,7,0.7408643364906311,Wont Let Me Out,Biohazard,C-Murder,Original God,2005,2018,pop,rap
469583,354ba0cd482b394b47c49a0c6a4c88921b98690c,159074,bccae5a8955de33765c59a0c9906373ce9e4e7cb,8,0.7365030646324158,Wont Let Me Out,Lock me up for Life,C-Murder,Alec Benjamin,2005,2020,pop,pop
469583,354ba0cd482b394b47c49a0c6a4c88921b98690c,286875,b81b73f1d24de5d5e9c6d9c5e5f859bfecea0b88,9,0.7727601528167725,Wont Let Me Out,Extradition,C-Murder,Ice Cube,2005,1998,pop,rap
469583,354ba0cd482b394b47c49a0c6a4c88921b98690c,260630,c7a5e8dfa31a21b7c040cfac02855f0644487a2f,10,0.7391869425773621,Wont Let Me Out,My House,C-Murder,NemRaps,2005,2016,pop,pop
469583,354ba0cd482b394b47c49a0c6a4c88921b98690c,476871,b3e22fe874b28f05d42abd2e3375b5236163995e,11,0.769565224647522,Wont Let Me Out,Ghost of Kalief Browder,C-Murder,Maino,2005,2017,pop,rap
469583,354ba0cd482b394b47c49a0c6a4c88921b98690c,355967,f03ba47de056b446481c22506a01c0e3e7aa9cf2,12,0.7499209642410278,Wont Let Me Out,Open up the Door,C-Murder,Biting Elbows,2005,2020,pop,rock
469583,354ba0cd482b394b47c49a0c6a4c88921b98690c,109858,4f596c3c92b24334ae6d740efa9e4e9911ef5e1c,13,0.7677828669548035,Wont Let Me Out,Right Now,C-Murder,Chief Keef,2005,2016,pop,rap
469583,354ba0cd482b394b47c49a0c6a4c88921b98690c,489344,b9469a86c5d554fe5f60fdefab5ed9429f892e4f,14,0.7370331287384033,Wont Let Me Out,Puff Interlude,C-Murder,French Montana,2005,2016,pop,rap
469583,354ba0cd482b394b47c49a0c6a4c88921b98690c,126175,50189ecdf0066969eb69a44497bb402ecfe1b07e,15,0.7693305015563965,Wont Let Me Out,When I Get Free,C-Murder,2Pac,2005,1997,pop,rap
469583,354ba0cd482b394b47c49a0c6a4c88921b98690c,423008,33ae41e6b610db331a81d14536162117a402cba1,16,0.7595542669296265,Wont Let Me Out,So Fucking Paranoid,C-Murder,Stitches,2005,2017,pop,rap
469583,354ba0cd482b394b47c49a0c6a4c88921b98690c,49191,fb11b8821cda88a0bd829cbed39aec71585cac66,17,0.765853226184845,Wont Let Me Out,Trappin,C-Murder,Trill Sammy,2005,2016,pop,rap
469583,354ba0cd482b394b47c49a0c6a4c88921b98690c,505658,00aeda797d191b8ace117cb024c357c1633adbc9,18,0.7552688121795654,Wont Let Me Out,Somewhere Far Away,C-Murder,RetcH,2005,2022,pop,rap
469583,354ba0cd482b394b47c49a0c6a4c88921b98690c,442009,db0809d8cfcff8007aa46c8bf9e8d9ec7c111124,19,0.7513022422790527,Wont Let Me Out,Private Property,C-Murder,Langhorne Slim,2005,2017,pop,rb
469583,354ba0cd482b394b47c49a0c6a4c88921b98690c,469511,4cc02c8192142a70faf961d7c08ed6c7909eb39d,20,0.7531980276107788,Wont Let Me Out,Nothin’ to Me,C-Murder,Ekoh,2005,2021,pop,rap
502898,3e8b6840e5215b936d1a63b3906f3fbbdf520a05,35995,0e8a7faf47ee0304478b46c5e63e7f3353f4401d,1,0.8586807250976562,Northern Lights,FALLEN Part 2,Ella Henderson,Jaden,2022,2018,pop,rap
502898,3e8b6840e5215b936d1a63b3906f3fbbdf520a05,468802,c83197ff92e5d3ccb8dbd92ee6e43aad2b2b26e2,2,0.828457236289978,Northern Lights,Home,Ella Henderson,Rich Mullins,2022,1988,pop,pop
502898,3e8b6840e5215b936d1a63b3906f3fbbdf520a05,493232,1f3a3ef7eca165275e957559dda796de55f2bc37,3,0.8385250568389893,Northern Lights,​not going back,Ella Henderson,9TAILS,2022,2018,pop,rap
502898,3e8b6840e5215b936d1a63b3906f3fbbdf520a05,439184,2c0eba48a3f0d1e8b98824271178972650834a2d,4,0.8505859375,Northern Lights,Rain,Ella Henderson,Robin Stjernberg,2022,2016,pop,pop
502898,3e8b6840e5215b936d1a63b3906f3fbbdf520a05,340774,4e12690fb11687805844cb871ca89a82d1caff59,5,0.8376460671424866,Northern Lights,Saving Grace,Ella Henderson,Stellar Revival,2022,2015,pop,rock
502898,3e8b6840e5215b936d1a63b3906f3fbbdf520a05,217765,7dc0b6aae0966543763e570142ebd52a56ffddef,6,0.8482856750488281,Northern Lights,Falling Into You,Ella Henderson,Maja Salvador & ToR Saksit,2022,2018,pop,pop
502898,3e8b6840e5215b936d1a63b3906f3fbbdf520a05,235940,2c8f1bb3db65dc0815c41f4d647255a0e353ed26,7,0.8498103618621826,Northern Lights,Where We Belong,Ella Henderson,Tertia May,2022,2019,pop,rb
502898,3e8b6840e5215b936d1a63b3906f3fbbdf520a05,155677,3d3c6f6ac187d14f581b05a6e7315fee1be50f75,8,0.8419697284698486,Northern Lights,Deformative,Ella Henderson,Black Eyes,2022,2003,pop,pop
502898,3e8b6840e5215b936d1a63b3906f3fbbdf520a05,176715,b4e87e5cd3fa6af9a277557ed1dc16a1fd6bff98,9,0.8513714075088501,Northern Lights,Endless Summer Nights,Ella Henderson,Richard Marx,2022,1987,pop,pop
502898,3e8b6840e5215b936d1a63b3906f3fbbdf520a05,6253,b35de3f9c5839be5ebc550a6acf5ff477943ad39,10,0.8496363162994385,Northern Lights,Levanter English Ver.,Ella Henderson,Stray Kids,2022,2020,pop,pop
502898,3e8b6840e5215b936d1a63b3906f3fbbdf520a05,136339,985165f9309e0e6ba8493a54e69f0b05d231b2c1,11,0.8449611067771912,Northern Lights,Life,Ella Henderson,Darci,2022,2017,pop,rb
502898,3e8b6840e5215b936d1a63b3906f3fbbdf520a05,513801,8dea9a902ca8189ff0286f8e287c69572b2b7e5d,12,0.8433454036712646,Northern Lights,Calm,Ella Henderson,Cody Simpson,2022,2022,pop,pop
502898,3e8b6840e5215b936d1a63b3906f3fbbdf520a05,60557,7a546086da779f8f4052130910074033ea308688,13,0.851937472820282,Northern Lights,You Dont Have to Go,Ella Henderson,The War on Drugs,2022,2017,pop,rock
502898,3e8b6840e5215b936d1a63b3906f3fbbdf520a05,188738,722da807ef129825699ed50fe8d75040054dac09,14,0.8530257940292358,Northern Lights,미니카 Drive,Ella Henderson,NCT DREAM,2022,2022,pop,pop
502898,3e8b6840e5215b936d1a63b3906f3fbbdf520a05,61047,2b9455cc88a680495b3eeb15e009ea6dafd3a4ef,15,0.8443141579627991,Northern Lights,Guilt Tripping,Ella Henderson,Frnkiero andthe cellabration,2022,2014,pop,rock
502898,3e8b6840e5215b936d1a63b3906f3fbbdf520a05,406711,b4237bdd34f461585dcd637cde0cb6f63261cf6f,16,0.8359706401824951,Northern Lights,Be Around Me feat. chloe moriondo,Ella Henderson,Will Joseph Cook,2022,2021,pop,pop
502898,3e8b6840e5215b936d1a63b3906f3fbbdf520a05,304772,6a7d934de131c0b9ca044507960db477d4206a8c,17,0.8282836675643921,Northern Lights,Sittin in the Back Seat,Ella Henderson,NEEDTOBREATHE,2022,2021,pop,rock
502898,3e8b6840e5215b936d1a63b3906f3fbbdf520a05,79208,afc13d4f55b5f44af57c63711a222cdd84878c67,18,0.837696373462677,Northern Lights,UR Town,Ella Henderson,WILLOW,2022,2015,pop,pop
502898,3e8b6840e5215b936d1a63b3906f3fbbdf520a05,348979,6bdf4b1f669b826bb054785e051922882d9754b0,19,0.8517094850540161,Northern Lights,Overtime,Ella Henderson,Next Town Down,2022,2018,pop,rb
502898,3e8b6840e5215b936d1a63b3906f3fbbdf520a05,489631,74e6274f92dc89dffa61b6a1bbcf362bd540e61c,20,0.8452118039131165,Northern Lights,Stuck in the Rain,Ella Henderson,Linae,2022,2019,pop,rb
45255,a4c0a37c435724e77cc34862519c8e10f8a344e3,116193,c63afe369aab14858b36fddec4d4540cc862bf9d,1,0.8407445549964905,3 AM,뭐해 What Are You Up To,HAIM,Kang Daniel,2020,2019,pop,pop
45255,a4c0a37c435724e77cc34862519c8e10f8a344e3,331506,9adf4172aaaa78b331ebddccd4d2d821ef15ee6f,2,0.8060908317565918,3 AM,Float Away,HAIM,Caskey,2020,2018,pop,rap
45255,a4c0a37c435724e77cc34862519c8e10f8a344e3,466011,15075ba73536834ccee20aac7ee22162073ae5d3,3,0.809639573097229,3 AM,Up All Night,HAIM,Olivia Nelson,2020,2017,pop,pop
45255,a4c0a37c435724e77cc34862519c8e10f8a344e3,464734,e1fcaf56edcc71ce8bca61ea95a7f8d3a27ca20b,4,0.8260805606842041,3 AM,Deception Bay,HAIM,Boo Seeka,2020,2016,pop,rb
45255,a4c0a37c435724e77cc34862519c8e10f8a344e3,379093,3fea49319948c9f27fd81afdaf0a4e20db1b2740,5,0.8348619341850281,3 AM,Trick of the Light,HAIM,Lonely The Brave,2020,2014,pop,rock
45255,a4c0a37c435724e77cc34862519c8e10f8a344e3,100678,abaa0215d5f8de1870807b9daab30f52e730d7cb,6,0.8316369652748108,3 AM,Down,HAIM,A.C.E,2020,2021,pop,pop
45255,a4c0a37c435724e77cc34862519c8e10f8a344e3,412069,6dc7838dc64a3c7950e7a5cb11ab5da00d0fa517,7,0.8102022409439087,3 AM,Answers,HAIM,Puppet,2020,2015,pop,pop
45255,a4c0a37c435724e77cc34862519c8e10f8a344e3,52030,a9c10d29fb072d475bae3f872cc23fdc63676395,8,0.8254804611206055,3 AM,Autumn Collection,HAIM,Triple One,2020,2017,pop,rap
45255,a4c0a37c435724e77cc34862519c8e10f8a344e3,333333,04d6db18b1240b05de1cb1b330eb2a5b06d95469,9,0.8322200775146484,3 AM,The Fall,HAIM,Leyya,2020,2018,pop,pop
45255,a4c0a37c435724e77cc34862519c8e10f8a344e3,412813,e2f24a41c6d6fcf79af9aef033343d008128813e,10,0.8396205306053162,3 AM,Right Side,HAIM,Tilian,2020,2018,pop,pop
45255,a4c0a37c435724e77cc34862519c8e10f8a344e3,147892,e5b77778f6b2643d39f8e2e7edc1af239cc0ddf4,11,0.8253369331359863,3 AM,W.I.W.W.T.W.,HAIM,Toro y Moi,2020,2017,pop,pop
45255,a4c0a37c435724e77cc34862519c8e10f8a344e3,60855,1ed68238c4dded6a454318e44b778bc6fddad81d,12,0.8303182125091553,3 AM,Waitin,HAIM,Kelela,2020,2017,pop,rb
45255,a4c0a37c435724e77cc34862519c8e10f8a344e3,26307,e84f8e86bca8a4545bb8c7d07c762556a6576822,13,0.8147486448287964,3 AM,Nothing Left to Say / Rocks,HAIM,Imagine Dragons,2020,2012,pop,rock
45255,a4c0a37c435724e77cc34862519c8e10f8a344e3,333939,d7c88dabcf4a64171d0ac35b4c2b5276ddd860c4,14,0.8372716903686523,3 AM,​no.nu.messages,HAIM,ATO,2020,2019,pop,rap
45255,a4c0a37c435724e77cc34862519c8e10f8a344e3,229564,eabaea4ebf92edd2a3a80a72123784d35a8a2012,15,0.8150133490562439,3 AM,Stay,HAIM,Elliot Root,2020,2017,pop,rock
45255,a4c0a37c435724e77cc34862519c8e10f8a344e3,384192,4218018e0f9670db5d242f44121b5b553592b4ac,16,0.831122100353241,3 AM,Golden Town,HAIM,Brutus (Norway),2020,2010,pop,pop
45255,a4c0a37c435724e77cc34862519c8e10f8a344e3,285373,6bb4192a939100f54418c83cd0b67fd35b7259ac,17,0.815837562084198,3 AM,Mizu,HAIM,Sophia Black,2020,2015,pop,pop
45255,a4c0a37c435724e77cc34862519c8e10f8a344e3,175728,90b2510e3b2b26d228e7452e1556cf570d2d647c,18,0.8082488775253296,3 AM,Riding the Wave,HAIM,Pamungkas,2020,2020,pop,pop
45255,a4c0a37c435724e77cc34862519c8e10f8a344e3,270221,164dbcf6dd9b15b192dcbbe7cf735ae7ebaab959,19,0.8222450613975525,3 AM,Sat by a Tree,HAIM,Dan Deacon,2020,2019,pop,pop
45255,a4c0a37c435724e77cc34862519c8e10f8a344e3,247120,f092e36bb041f3303af5fb8ab63bb3589119c4d8,20,0.8105652928352356,3 AM,Float On,HAIM,Good Tiger,2020,2018,pop,rock
500150,d321054046456bb70d75f7bc1fee4fc3ad740b15,200958,af6a69c124f7447be984e913f2e0102f4e9b047a,1,0.948040246963501,Blixky What,Ready to Blitz,Nas EBK x Yagi B Trend,Kenzo Balla,2022,2021,rap,rap
500150,d321054046456bb70d75f7bc1fee4fc3ad740b15,469904,e9e79b39fff159805d2877b64f6ef8471b441ef9,2,0.9355729818344116,Blixky What,Message,Nas EBK x Yagi B Trend,TG Crippy,2022,2021,rap,rap
500150,d321054046456bb70d75f7bc1fee4fc3ad740b15,509421,588a46dba42b0ca3ecc2301ab58de2128bc389cd,3,0.9248336553573608,Blixky What,Opp Flow Freestyle Unreleased,Nas EBK x Yagi B Trend,Kshordy,2022,2022,rap,rap
500150,d321054046456bb70d75f7bc1fee4fc3ad740b15,504042,944f95f60541a5f13faa94504a5344a57571cde7,4,0.9312263131141663,Blixky What,No Cap Pt2,Nas EBK x Yagi B Trend,TG Crippy,2022,2022,rap,rap
500150,d321054046456bb70d75f7bc1fee4fc3ad740b15,435252,05064f40d3e615764741b74b6eeadca919c6e097,5,0.9162670373916626,Blixky What,BTB,Nas EBK x Yagi B Trend,Nesty Floxks,2022,2022,rap,rap
500150,d321054046456bb70d75f7bc1fee4fc3ad740b15,127366,24204d459e8f04eaafd604794ecf59fd1130d7ac,6,0.9335078597068787,Blixky What,Dead Opps Pt. 3,Nas EBK x Yagi B Trend,7981 Kal,2022,2020,rap,rap
500150,d321054046456bb70d75f7bc1fee4fc3ad740b15,194474,a8403d8062a4a4f38e254150eddc4a0410d3cec0,7,0.9300711154937744,Blixky What,300FLOCKA SHOT,Nas EBK x Yagi B Trend,Yus Gz,2022,2022,rap,rap
500150,d321054046456bb70d75f7bc1fee4fc3ad740b15,13189,57757efb9dab23c933308706b9d889f8df5affd1,8,0.9232804179191589,Blixky What,51 DEAD OPPS,Nas EBK x Yagi B Trend,DRILLA',2022,2018,rap,rap
500150,d321054046456bb70d75f7bc1fee4fc3ad740b15,308667,2f03e16e92ebdc16567e88b77ced8e5123beab52,9,0.9296043515205383,Blixky What,Facts,Nas EBK x Yagi B Trend,BG Lil Pat & Bando HotHead,2022,2019,rap,rap
500150,d321054046456bb70d75f7bc1fee4fc3ad740b15,161790,f6633f7beae57b9de2c406602ba1077ef41686d5,10,0.9276033639907837,Blixky What,W.A.R.,Nas EBK x Yagi B Trend,Whoppa Wit Da Choppa,2022,2021,rap,rap
500150,d321054046456bb70d75f7bc1fee4fc3ad740b15,254153,b85fbdcd1503c27c44a5263b9a3479b6ab869aba,11,0.921704113483429,Blixky What,Dead Niggas,Nas EBK x Yagi B Trend,Spinabenz,2022,2020,rap,rap
500150,d321054046456bb70d75f7bc1fee4fc3ad740b15,20165,cd2d504fe66f6c569ba71cf53cc8925f6613d8a8,12,0.9203395247459412,Blixky What,Talk Facts,Nas EBK x Yagi B Trend,DThang,2022,2021,rap,rap
500150,d321054046456bb70d75f7bc1fee4fc3ad740b15,501018,84fc5fc8cb2281d121f1d460dfbe90dec7c352d0,13,0.9282902479171753,Blixky What,Top of the City,Nas EBK x Yagi B Trend,MoMoney Moo,2022,2022,rap,rap
500150,d321054046456bb70d75f7bc1fee4fc3ad740b15,504756,478e1de82b4eb2503eb491a4ef3225aa426ef9e3,14,0.9273579120635986,Blixky What,Broken Heart,Nas EBK x Yagi B Trend,Tdot2Oppy,2022,2022,rap,rap
500150,d321054046456bb70d75f7bc1fee4fc3ad740b15,506024,7a36d1ea78c4c9a895d29a73aea2359879abe655,15,0.9175351858139038,Blixky What,No Stopping,Nas EBK x Yagi B Trend,Bando Gz,2022,2022,rap,rap
500150,d321054046456bb70d75f7bc1fee4fc3ad740b15,508243,12cc3c82748c3d8eb0279a44d154e7206263cc1b,16,0.9221939444541931,Blixky What,Wop Wop,Nas EBK x Yagi B Trend,26ar,2022,2022,rap,rap
500150,d321054046456bb70d75f7bc1fee4fc3ad740b15,244368,f0c234694ea0adfc0f61dc9844bfbd1cc9307baa,17,0.9280242323875427,Blixky What,We The Opps,Nas EBK x Yagi B Trend,Spinabenz & Whoppa Wit Da Choppa,2022,2020,rap,rap
500150,d321054046456bb70d75f7bc1fee4fc3ad740b15,30090,3bded0741f6ca20186e29bf0e429b508e5835102,18,0.9128074645996094,Blixky What,2 A.M.,Nas EBK x Yagi B Trend,King Von,2022,2019,rap,rap
500150,d321054046456bb70d75f7bc1fee4fc3ad740b15,287793,aa0af074d946e9de97504478e740dd002ca89fcf,19,0.9206469058990479,Blixky What,Exposing Me Remix,Nas EBK x Yagi B Trend,Rah Swish,2022,2019,rap,rap
500150,d321054046456bb70d75f7bc1fee4fc3ad740b15,504173,46d8bf0c1a94890f774e7adbb9a614d0310c93d2,20,0.9174615144729614,Blixky What,Luck,Nas EBK x Yagi B Trend,Lil Yachty,2022,2022,rap,rap
179031,a8a1faf10184e7c890b0a7466eb959a347271ac9,614,cf211c014b9871c051d30d87eeaa8bd588936f40,1,0.8989019393920898,Pinocchio Story Freestyle Style Live At Hollywood Bowl 2015,Beautiful,Kanye West,Eminem,2015,2009,rap,rap
179031,a8a1faf10184e7c890b0a7466eb959a347271ac9,6338,39f5fc16025de4cb3be1386d7e453a9fe3208df3,2,0.8876814842224121,Pinocchio Story Freestyle Style Live At Hollywood Bowl 2015,Pinocchio Story,Kanye West,Kanye West,2015,2008,rap,pop
179031,a8a1faf10184e7c890b0a7466eb959a347271ac9,138037,803d1de9c8b484de0ec0e5e24faaeedc988eb482,3,0.8784803152084351,Pinocchio Story Freestyle Style Live At Hollywood Bowl 2015,Downtime,Kanye West,Kid Quill,2015,2015,rap,rap
179031,a8a1faf10184e7c890b0a7466eb959a347271ac9,435865,f693cb68bd0f3fb0e5234dc674b8b36aa94c28ad,4,0.8900783658027649,Pinocchio Story Freestyle Style Live At Hollywood Bowl 2015,Your Year,Kanye West,Bazanji,2015,2015,rap,rap
179031,a8a1faf10184e7c890b0a7466eb959a347271ac9,409143,93a0b5cf6db17d9f0305802d038e6d630c0d456a,5,0.8814194202423096,Pinocchio Story Freestyle Style Live At Hollywood Bowl 2015,1418,Kanye West,NO1-NOAH,2015,2015,rap,rb
179031,a8a1faf10184e7c890b0a7466eb959a347271ac9,116561,6bdc20123e846dc3a9925014e41590155c9f77d2,6,0.8707996606826782,Pinocchio Story Freestyle Style Live At Hollywood Bowl 2015,How You Feel,Kanye West,Lexii Alijai,2015,2014,rap,rap
179031,a8a1faf10184e7c890b0a7466eb959a347271ac9,66067,599acdf21f063f37364ec18e0568ff719f31926a,7,0.8612440824508667,Pinocchio Story Freestyle Style Live At Hollywood Bowl 2015,Flash,Kanye West,Dance Gavin Dance,2015,2018,rap,rock
179031,a8a1faf10184e7c890b0a7466eb959a347271ac9,104436,3597ba49f956294c7ac3bb971aa137b39668fd04,8,0.8817821741104126,Pinocchio Story Freestyle Style Live At Hollywood Bowl 2015,Wifey Riddim,Kanye West,Hardy Caprio,2015,2015,rap,rap
179031,a8a1faf10184e7c890b0a7466eb959a347271ac9,73009,bb159fedb7b98da0a0abc5559b3cb5eac86da9c2,9,0.8838458061218262,Pinocchio Story Freestyle Style Live At Hollywood Bowl 2015,Reality,Kanye West,Depzman,2015,2013,rap,rap
179031,a8a1faf10184e7c890b0a7466eb959a347271ac9,265342,544ce2d11e399631ec3526d9b6e2fe90fdbdef59,10,0.8766284584999084,Pinocchio Story Freestyle Style Live At Hollywood Bowl 2015,Problems,Kanye West,Marcus Manchild,2015,2012,rap,rap
179031,a8a1faf10184e7c890b0a7466eb959a347271ac9,40185,df76026a8bfe332bfe87730ca136fda0a89482c7,11,0.8645730018615723,Pinocchio Story Freestyle Style Live At Hollywood Bowl 2015,Drunk on Halloween,Kanye West,Wallows,2015,2018,rap,pop
179031,a8a1faf10184e7c890b0a7466eb959a347271ac9,387213,2a5efc3db08a56094c10a2c3bd31b689bae9423b,12,0.8788618445396423,Pinocchio Story Freestyle Style Live At Hollywood Bowl 2015,Monday Night,Kanye West,SonReal,2015,2014,rap,rap
179031,a8a1faf10184e7c890b0a7466eb959a347271ac9,42539,dd3439c98a844c65ecdd1b670ea4ce6163a700f6,13,0.8881473541259766,Pinocchio Story Freestyle Style Live At Hollywood Bowl 2015,Trill,Kanye West,Dappy,2015,2017,rap,rap
179031,a8a1faf10184e7c890b0a7466eb959a347271ac9,213502,591f5d5379d46d220a05e4f74a2344ff72fd9cdd,14,0.8922663927078247,Pinocchio Story Freestyle Style Live At Hollywood Bowl 2015,Time Capsule,Kanye West,Little Simz,2015,2014,rap,rap
179031,a8a1faf10184e7c890b0a7466eb959a347271ac9,328708,5ee6da4818532ed7d486c010ca5d996c523d1de8,15,0.8824018836021423,Pinocchio Story Freestyle Style Live At Hollywood Bowl 2015,Fake Friends,Kanye West,Wolf (Hip-Hop),2015,2016,rap,rap
179031,a8a1faf10184e7c890b0a7466eb959a347271ac9,340794,73c3a8e2e2e95650d8791ea7f32a4b4492c6f095,16,0.8779439926147461,Pinocchio Story Freestyle Style Live At Hollywood Bowl 2015,Beach,Kanye West,Petite Noir,2015,2018,rap,pop
179031,a8a1faf10184e7c890b0a7466eb959a347271ac9,476804,febeb2a0510a7fbf3d1ddd05cb6517b8561a868f,17,0.8670377731323242,Pinocchio Story Freestyle Style Live At Hollywood Bowl 2015,The Brink,Kanye West,The Jezabels,2015,2014,rap,pop
179031,a8a1faf10184e7c890b0a7466eb959a347271ac9,279986,5fe42f4ca21b9038896eb77b84a4c8a1cbdd8341,18,0.8822833299636841,Pinocchio Story Freestyle Style Live At Hollywood Bowl 2015,August 28th,Kanye West,Caleborate,2015,2016,rap,rap
179031,a8a1faf10184e7c890b0a7466eb959a347271ac9,220112,ce90959fd5039e9ad3749eec8cbff7ea65fa9dcc,19,0.8653950095176697,Pinocchio Story Freestyle Style Live At Hollywood Bowl 2015,Eternal Flow,Kanye West,BEXEY,2015,2019,rap,rap
179031,a8a1faf10184e7c890b0a7466eb959a347271ac9,72877,3322850750e577252fc57d586bb5157f26d7abc1,20,0.8900212645530701,Pinocchio Story Freestyle Style Live At Hollywood Bowl 2015,Hope,Kanye West,Phora,2015,2013,rap,rap
363324,ed7c90bc11459bb69bf914cd13156282dd2bc1b5,23941,83d22138416b48a312bdf11cd807434d1c0eb94e,1,0.7286282181739807,Pull Up to the Spot,Pull Up,Playboi Carti,Ann Marie,2019,2019,rap,rb
363324,ed7c90bc11459bb69bf914cd13156282dd2bc1b5,234060,d0b88901cfaf30fad881b164db37addd34ea3c46,2,0.7001570463180542,Pull Up to the Spot,Usual,Playboi Carti,Future,2019,2013,rap,rap
363324,ed7c90bc11459bb69bf914cd13156282dd2bc1b5,48859,9ea73e75ed67bd771f92ab626f2940ed5ddf487b,3,0.706307053565979,Pull Up to the Spot,WAP Demo,Playboi Carti,Cardi B,2019,2019,rap,rap
363324,ed7c90bc11459bb69bf914cd13156282dd2bc1b5,248022,23ae68c1fa12875ce9484587b7e39612b67dff7d,4,0.7013011574745178,Pull Up to the Spot,Pull Up,Playboi Carti,Mr. Vegas,2019,2003,rap,pop
363324,ed7c90bc11459bb69bf914cd13156282dd2bc1b5,290852,394ebcfaf0e78c99084c19409403b6c0f45143ff,5,0.6810784339904785,Pull Up to the Spot,Worries,Playboi Carti,Chloe x Halle,2019,2017,rap,rb
363324,ed7c90bc11459bb69bf914cd13156282dd2bc1b5,512397,0daf0b96452e029b0bdd9f791024c64ea6d79da3,6,0.6810216307640076,Pull Up to the Spot,Airplane Mode,Playboi Carti,Joey Trap,2019,2022,rap,rap
363324,ed7c90bc11459bb69bf914cd13156282dd2bc1b5,426955,a2f4ea6c041fe47729ca59e477825e6d9b03dff8,7,0.6990979909896851,Pull Up to the Spot,Im Sexy and I Know It,Playboi Carti,James Arthur,2019,2015,rap,pop
363324,ed7c90bc11459bb69bf914cd13156282dd2bc1b5,504906,7c471c02d62fbbe2e62e864f0c43fb18decc8ea3,8,0.6941702961921692,Pull Up to the Spot,Early,Playboi Carti,Lil Keed,2019,2022,rap,rap
363324,ed7c90bc11459bb69bf914cd13156282dd2bc1b5,152206,29cd1496e283f11f4b8f9b58e23d84af4f807e82,9,0.7030916810035706,Pull Up to the Spot,My Bike,Playboi Carti,Y.N.RichKids,2019,2013,rap,rap
363324,ed7c90bc11459bb69bf914cd13156282dd2bc1b5,16875,9be2619c6fd53d3295b296a67bf3a7e230e69499,10,0.7039370536804199,Pull Up to the Spot,Pull Up,Playboi Carti,Playboi Carti,2019,2018,rap,rap
363324,ed7c90bc11459bb69bf914cd13156282dd2bc1b5,383697,cdeb0aaa986ea5b804055f0261c3f32a47d2405a,11,0.7058590650558472,Pull Up to the Spot,Take It Off,Playboi Carti,8Ball & MJG,2019,2007,rap,rap
363324,ed7c90bc11459bb69bf914cd13156282dd2bc1b5,306740,20d88256ab5dcdd1e5ee1361c7fca1cf2e0a53ee,12,0.7252329587936401,Pull Up to the Spot,In My 64,Playboi Carti,The Game,2019,2011,rap,rap
363324,ed7c90bc11459bb69bf914cd13156282dd2bc1b5,217217,716084cbb746ff720e755761ea57910c3880971c,13,0.6665990948677063,Pull Up to the Spot,Spongy,Playboi Carti,TisaKorean,2019,2019,rap,rap
363324,ed7c90bc11459bb69bf914cd13156282dd2bc1b5,141579,0a8c63e9ecb640deb072bb3df8cccff9103c1ee2,14,0.7092011570930481,Pull Up to the Spot,Roc wit U,Playboi Carti,Young Thug,2019,2016,rap,rap
363324,ed7c90bc11459bb69bf914cd13156282dd2bc1b5,324129,61765678d75f4756c6df2ac7d30f3aaf875cd100,15,0.7070298194885254,Pull Up to the Spot,Rollercoaster,Playboi Carti,Ludacris,2019,2016,rap,rap
363324,ed7c90bc11459bb69bf914cd13156282dd2bc1b5,346,23d391ffbc7fd5e8bb934d1c30b32c880ce6c97e,16,0.6868086457252502,Pull Up to the Spot,23,Playboi Carti,Mike WiLL Made-It,2019,2013,rap,rap
363324,ed7c90bc11459bb69bf914cd13156282dd2bc1b5,224675,f6713623d01bd8ddd07d7d63eecf8fe2c6267aa4,17,0.7173373699188232,Pull Up to the Spot,Man of the Year Remix,Playboi Carti,KOLD.,2019,2014,rap,rap
363324,ed7c90bc11459bb69bf914cd13156282dd2bc1b5,130574,3c2052c0cb8fd101b78c7a8d26eeec7cbaf97b01,18,0.6996393799781799,Pull Up to the Spot,ICE,Playboi Carti,Jack Harlow,2019,2019,rap,rap
363324,ed7c90bc11459bb69bf914cd13156282dd2bc1b5,379483,a033e5be1408d8dd393d72ba834c9893153ac6aa,19,0.694840133190155,Pull Up to the Spot,Turn Heads,Playboi Carti,Dem Franchize Boyz,2019,2008,rap,pop
363324,ed7c90bc11459bb69bf914cd13156282dd2bc1b5,27299,322a19686184f276af848ac4169209ec199d20f1,20,0.6969348192214966,Pull Up to the Spot,Snap Yo Fingers,Playboi Carti,Lil Jon,2019,2006,rap,rap
137148,0b5da9ddda0f17c737dd5fbbd1055e4225491459,238789,4fa9432363a1bd7f716392a406e68a08e9069a63,1,0.8733658194541931,Motivation,Men of Respect,Lil Wayne,Mathematics,2005,2013,rap,rap
137148,0b5da9ddda0f17c737dd5fbbd1055e4225491459,262462,d5778ed18d4612a9470df3cf0bdf5d647c81fecc,2,0.8675544261932373,Motivation,I Dont Care,Lil Wayne,Funkmaster Flex,2005,2000,rap,rap
137148,0b5da9ddda0f17c737dd5fbbd1055e4225491459,230336,7eeeaa2f7ac31d304cc9d11888290cf2abc60c52,3,0.856918454170227,Motivation,Face to Face,Lil Wayne,Pop Smoke,2005,2021,rap,rap
137148,0b5da9ddda0f17c737dd5fbbd1055e4225491459,200365,5bd5305cfdf47f696fe0add17b23a1996c294591,4,0.8509678840637207,Motivation,4 Corners,Lil Wayne,Bow Wow,2005,2006,rap,rap
137148,0b5da9ddda0f17c737dd5fbbd1055e4225491459,450588,0f19b3e7960433c8fb00548845152f5461bc3398,5,0.8376166820526123,Motivation,I Run Remix,Lil Wayne,Snow Tha Product,2005,2009,rap,rap
137148,0b5da9ddda0f17c737dd5fbbd1055e4225491459,142308,9bacfa4145bf3f3139dc3e556358a0f65db7865a,6,0.8536418676376343,Motivation,All White,Lil Wayne,Young Nudy,2005,2020,rap,rap
137148,0b5da9ddda0f17c737dd5fbbd1055e4225491459,423158,6c8a9829f505fcfacdca3d8f526a7ae83b9ebb95,7,0.8552649021148682,Motivation,Don Q Freestyle | LA Leakers Freestyle 052,Lil Wayne,Don Q,2005,2018,rap,rap
137148,0b5da9ddda0f17c737dd5fbbd1055e4225491459,205914,7c0bd69fd9942a3f924096f32f203fe6f2fffae9,8,0.8605350852012634,Motivation,Da Mob,Lil Wayne,Black Soprano Family,2005,2020,rap,rap
137148,0b5da9ddda0f17c737dd5fbbd1055e4225491459,431050,dcb92f004b98663a332ded0676ce28563dfd610d,9,0.8618503212928772,Motivation,Rollin Dolo,Lil Wayne,Guru,2005,2001,rap,rap
137148,0b5da9ddda0f17c737dd5fbbd1055e4225491459,217159,90e8d08d21837d24bc11353b9f4f2ba92f5649b1,10,0.8482401371002197,Motivation,Im a Gangsta,Lil Wayne,Jadakiss,2005,2001,rap,rap
137148,0b5da9ddda0f17c737dd5fbbd1055e4225491459,77169,957307f4012a444842bbc6c866bf681a30333170,11,0.8523281812667847,Motivation,Givenchy Kickin,Lil Wayne,Calboy,2005,2020,rap,rap
137148,0b5da9ddda0f17c737dd5fbbd1055e4225491459,432738,8651171fc3a32c17891a16d1214c02334618a1a2,12,0.8588006496429443,Motivation,Wu-South,Lil Wayne,Cappadonna,2005,2008,rap,rap
137148,0b5da9ddda0f17c737dd5fbbd1055e4225491459,328038,b286f0bbc1c6f26d201a47e6a2ad5a60e92297d1,13,0.8525995016098022,Motivation,Gunz Still Hot Remix,Lil Wayne,Rasco,2005,2001,rap,rap
137148,0b5da9ddda0f17c737dd5fbbd1055e4225491459,508031,7d50ca4634ceaa7b82996348e2b7d311d30ac760,14,0.8427008390426636,Motivation,Situation,Lil Wayne,Wacotron,2005,2022,rap,rap
137148,0b5da9ddda0f17c737dd5fbbd1055e4225491459,264274,2a87f19a6665e98ddc5010fbaf7c508d8dca1642,15,0.8536607027053833,Motivation,Nas - N.Y. State of Mind Traduction Française,Lil Wayne,Genius Traductions Franaises,2005,2012,rap,rap
137148,0b5da9ddda0f17c737dd5fbbd1055e4225491459,122178,7bf8eff893a48e2ed686e395ea277b9b1363ca8e,16,0.8481104373931885,Motivation,Soulja Slim Flow 2,Lil Wayne,Maine Musik,2005,2018,rap,rap
137148,0b5da9ddda0f17c737dd5fbbd1055e4225491459,446797,4136bdaa276b89a7600a63e3fc6e43b887103fbe,17,0.8436239957809448,Motivation,Looking Down the Barrel,Lil Wayne,Black Moon,2005,2003,rap,rap
137148,0b5da9ddda0f17c737dd5fbbd1055e4225491459,16480,b77294e0023c645dd89338bf4b3e0dbf8cca538d,18,0.8576561212539673,Motivation,4 Minutes of Hell Part 2,Lil Wayne,G Herbo,2005,2013,rap,rap
137148,0b5da9ddda0f17c737dd5fbbd1055e4225491459,438568,d35dfaedcf0d054da9d26ef1c7c31b18fad3a7db,19,0.850858211517334,Motivation,Secret Location,Lil Wayne,Remy Ma,2005,2006,rap,rap
137148,0b5da9ddda0f17c737dd5fbbd1055e4225491459,131048,c2a8031ad25f1b9364da87b33f416b8210254e50,20,0.855664849281311,Motivation,Whos the Man,Lil Wayne,Assholes By Nature,2005,2008,rap,rap
326790,297a1ad591be96bb5ba82c285b75eb6491618441,129602,efbba158ed78c3101f39ff43193801301524a062,1,0.8966047167778015,At It Again,Madchild vs Daylyt,Chris Webby,King of the Dot,2012,2015,rap,rap
326790,297a1ad591be96bb5ba82c285b75eb6491618441,485148,1b90d8c86a70569d7798e9c50e6ed3e94bdc61dc,2,0.8879259824752808,At It Again,Do It Again,Chris Webby,Whitney Peyton,2012,2018,rap,rap
326790,297a1ad591be96bb5ba82c285b75eb6491618441,419925,623a2878785bc3727737e043d2524584638cc158,3,0.8787095546722412,At It Again,Young Seattle Part 3,Chris Webby,Sam Lachow,2012,2014,rap,rap
326790,297a1ad591be96bb5ba82c285b75eb6491618441,287335,ff5bad8f6276e22ce652b8a299f102cbbd8e0172,4,0.8835114240646362,At It Again,Trouble,Chris Webby,Chris Webby,2012,2014,rap,rap
326790,297a1ad591be96bb5ba82c285b75eb6491618441,36743,d554f6ab1436a4952c6f9fd323f9a6a7adaac8e8,5,0.8840678334236145,At It Again,Off the Wall,Chris Webby,Eminem & Redman,2012,2000,rap,rap
326790,297a1ad591be96bb5ba82c285b75eb6491618441,78124,50be9417671822a1a44f49ccc81cfb4a6a8a80b6,6,0.8925471901893616,At It Again,Tazmanian Devil,Chris Webby,Chris Webby,2012,2018,rap,rap
326790,297a1ad591be96bb5ba82c285b75eb6491618441,52629,0f9531f4838b7d59953c9b161677b496d32d6212,7,0.8874771595001221,At It Again,Its Over,Chris Webby,Ces Cru,2012,2012,rap,rap
326790,297a1ad591be96bb5ba82c285b75eb6491618441,107544,5f34e7c41619c788993098af55aeeda2077c0646,8,0.8869067430496216,At It Again,X-Man Freeverse 2,Chris Webby,Chris Webby,2012,2013,rap,rap
326790,297a1ad591be96bb5ba82c285b75eb6491618441,268461,6feb573aa24bf40dc0510f5ed80b4a109589e8bf,9,0.8821446895599365,At It Again,Sonic,Chris Webby,The Adventures of Duane & BrandO,2012,2009,rap,rap
326790,297a1ad591be96bb5ba82c285b75eb6491618441,332463,09b6495d1beb20a75f71a817ca00d43d61eb633b,10,0.8833492398262024,At It Again,Rohypnol,Chris Webby,The Palmer Squares,2012,2020,rap,rap
326790,297a1ad591be96bb5ba82c285b75eb6491618441,131502,c90b9a629f9073f8b98ba23fe5a3c0eb5e9fc4cd,11,0.8891440629959106,At It Again,Cypher,Chris Webby,DJ Ill Will,2012,2011,rap,rap
326790,297a1ad591be96bb5ba82c285b75eb6491618441,125152,21204081890bb76367a02271dadbf1558597289d,12,0.8862510919570923,At It Again,Baruch College Freestyle,Chris Webby,Eminem,2012,1997,rap,rap
326790,297a1ad591be96bb5ba82c285b75eb6491618441,373346,ad79ce25870f0fc1e108046964b48ca0ccb3e196,13,0.8930572867393494,At It Again,Grind Mode Cyper Part 2,Chris Webby,Chris Webby,2012,2016,rap,rap
326790,297a1ad591be96bb5ba82c285b75eb6491618441,102019,a36ac4b6e5428ce6fb353722bba2276a515b3067,14,0.8778015375137329,At It Again,Duppy Riddim,Chris Webby,Chip,2012,2015,rap,rap
326790,297a1ad591be96bb5ba82c285b75eb6491618441,4074,df71965b27b268b0e429dd33a50d3fe6610f2d14,15,0.8782268762588501,At It Again,Vegas,Chris Webby,Bad Meets Evil,2012,2014,rap,rap
326790,297a1ad591be96bb5ba82c285b75eb6491618441,317084,1fb75ea2dc4f5261ecb9b1c16ab0094f292eeefc,16,0.8814393281936646,At It Again,The Guest List,Chris Webby,Kabuto The Python,2012,2013,rap,rap
326790,297a1ad591be96bb5ba82c285b75eb6491618441,410775,4d071cba35413d4a1b45bcf5f3676dc8e470f8a5,17,0.8822839260101318,At It Again,U Don’t Wanna Battle/Thought U knew Original Version,Chris Webby,2Pac,2012,2016,rap,rap
326790,297a1ad591be96bb5ba82c285b75eb6491618441,226136,d22f80bf77a6febc52c8fbfff276b096121551bf,18,0.8787403702735901,At It Again,Legend of Jimmy Bones,Chris Webby,Snoop Dogg,2012,2001,rap,rap
326790,297a1ad591be96bb5ba82c285b75eb6491618441,270323,03744f2a9c2bf25cc6f8cbaf60dd22e9e158653a,19,0.8896973133087158,At It Again,Backstage in London 2001 Full Version - Tim Westwood,Chris Webby,D12,2012,2001,rap,rap
326790,297a1ad591be96bb5ba82c285b75eb6491618441,39408,7fd2b4d7079b3b1513f06a04181eb9fb44fa8fda,20,0.8912860155105591,At It Again,C.O.B. Cypher 2012,Chris Webby,C.O.B,2012,2012,rap,rap
362405,9ad151cfae04fba07a90af11e9a01bde33327494,134760,5d9dbe5f05b865634ac5e58b6b31f67854bd8037,1,0.961952805519104,Let Em Have It Original Version,Let Em Have It Committee Mix,2Pac,2Pac,1996,2001,rap,rap
362405,9ad151cfae04fba07a90af11e9a01bde33327494,55786,838ba6af8e11e64acbac0d0d29663607b101aee0,2,0.9359896183013916,Let Em Have It Original Version,Let Em Have It Hutch Mix,2Pac,2Pac,1996,2001,rap,rap
362405,9ad151cfae04fba07a90af11e9a01bde33327494,372362,2d3cd97095e7fea3d8e3929cbf541a2549c4349f,3,0.8825212121009827,Let Em Have It Original Version,Sex God,2Pac,The Brand New Heavies,1996,2006,rap,rap
362405,9ad151cfae04fba07a90af11e9a01bde33327494,141012,ab9413a8ea716f1d4c86ace5e6c9423450cbe8b4,4,0.880251944065094,Let Em Have It Original Version,Freedom,2Pac,Grandmaster Flash & The Furious Five,1996,1980,rap,rap
362405,9ad151cfae04fba07a90af11e9a01bde33327494,190837,e1f8974dc4b6461cb0624fd22649bd756c3183cc,5,0.874584436416626,Let Em Have It Original Version,At Night,2Pac,Flo Rida,1996,2016,rap,pop
362405,9ad151cfae04fba07a90af11e9a01bde33327494,466341,0d14457609e5453a425e725058fc8be5a60f5110,6,0.8797193169593811,Let Em Have It Original Version,Take It To The Floor,2Pac,B2K,1996,2003,rap,pop
362405,9ad151cfae04fba07a90af11e9a01bde33327494,217251,848297768cd45878be81124abbeb93d26005e9d6,7,0.8759451508522034,Let Em Have It Original Version,Touch My Body Remix,2Pac,Mariah Carey,1996,2008,rap,pop
362405,9ad151cfae04fba07a90af11e9a01bde33327494,476627,a89f9be9582d894e0e5bb45c844269f7847768a0,8,0.8733922243118286,Let Em Have It Original Version,Bodyrock,2Pac,Stevie Stone,1996,2015,rap,rap
362405,9ad151cfae04fba07a90af11e9a01bde33327494,342272,e4b394b229dcc7918f0b51ff1b5a59c870720ee6,9,0.865656316280365,Let Em Have It Original Version,Stop That Booty Here We Come,2Pac,Super Mash Bros.,1996,2009,rap,rap
362405,9ad151cfae04fba07a90af11e9a01bde33327494,220044,8f13d8b28ed60b235e1d7418469d46f5c9817a0a,10,0.8722273111343384,Let Em Have It Original Version,Body Rock,2Pac,Treacherous Three,1996,1980,rap,rap
362405,9ad151cfae04fba07a90af11e9a01bde33327494,41452,badd82be9364e2e473560181b236ef55e1315598,11,0.8632602095603943,Let Em Have It Original Version,Body 2 Body,2Pac,Ace Hood,1996,2011,rap,rap
362405,9ad151cfae04fba07a90af11e9a01bde33327494,17426,ade668170314e77d6f5b0fd92027a1309f417aad,12,0.856900155544281,Let Em Have It Original Version,GETITRIGHT,2Pac,Miley Cyrus,1996,2013,rap,pop
362405,9ad151cfae04fba07a90af11e9a01bde33327494,400776,f9d7a73d42b7de3876101c4ee1766debfcaa6bd5,13,0.8692853450775146,Let Em Have It Original Version,Shut the Door,2Pac,House of Pain,1996,1996,rap,rap
362405,9ad151cfae04fba07a90af11e9a01bde33327494,184981,73c35fec02d87eb002fc1f9214591bf6e27e0ce3,14,0.8559367060661316,Let Em Have It Original Version,I Wanna Rock,2Pac,Luke,1996,1992,rap,pop
362405,9ad151cfae04fba07a90af11e9a01bde33327494,266839,61ff44400bae90f44895a80363630e20cef682f3,15,0.8442950248718262,Let Em Have It Original Version,Touch You Itome Ver.,2Pac,Yarichin Bitch Club,1996,2018,rap,pop
362405,9ad151cfae04fba07a90af11e9a01bde33327494,478059,f8a86b00f21b3b3b66e28a0ae91122f857232cc8,16,0.8500452041625977,Let Em Have It Original Version,Rock Me,2Pac,Christopher Martin,1996,2020,rap,pop
362405,9ad151cfae04fba07a90af11e9a01bde33327494,15628,6cef05ec1e73060112a23b51e0a9162515caea31,17,0.8548089861869812,Let Em Have It Original Version,Set It Off,2Pac,Jacquees,1996,2016,rap,rap
362405,9ad151cfae04fba07a90af11e9a01bde33327494,63060,d8c9973ad7b753e9192c41acd04ff00fd3daedf0,18,0.8581126928329468,Let Em Have It Original Version,Rock Your Body,2Pac,Burna Boy,1996,2017,rap,rap
362405,9ad151cfae04fba07a90af11e9a01bde33327494,77369,6679cfe63614a8e0eb90ce36b94f8e8c94f36ca4,19,0.8622287511825562,Let Em Have It Original Version,Between Us,2Pac,TYuS,1996,2016,rap,rb
362405,9ad151cfae04fba07a90af11e9a01bde33327494,120446,578fdf681ddc5406702bbc0320f51a1c229c7b0d,20,0.8359059691429138,Let Em Have It Original Version,Dont You Know,2Pac,Kungs,1996,2016,rap,pop
156899,2163cc3c09328f79c4145a397351e927cea5e371,482724,bc75ccaf0ed7eb01036e66c916c0205b98b5426a,1,0.9286140203475952,Deepest Trenches,Creed,OTP,Lucii,2020,2022,rap,rap
156899,2163cc3c09328f79c4145a397351e927cea5e371,467907,88822e11da7113f2a350e4bdef4da3fbd465acb2,2,0.9238201379776001,Deepest Trenches,One Time,OTP,Unknown T,2020,2020,rap,rap
156899,2163cc3c09328f79c4145a397351e927cea5e371,79894,bd4a0ffd3726c962f53886cca3352c49b6b3a16b,3,0.9266676306724548,Deepest Trenches,Next Up?,OTP,OTP,2020,2020,rap,rap
156899,2163cc3c09328f79c4145a397351e927cea5e371,45710,57a430b68c2155507a921c5206388d9fea9d6c48,4,0.9264843463897705,Deepest Trenches,Tsu Surf  Tay Roc vs. K-Shine  DNA,OTP,URLtv,2020,2016,rap,rap
156899,2163cc3c09328f79c4145a397351e927cea5e371,132307,86eb19433e6348a05f1906ac9fed666c5f52412f,5,0.9221372008323669,Deepest Trenches,Slums,OTP,C1 (LTH),2020,2018,rap,rap
156899,2163cc3c09328f79c4145a397351e927cea5e371,179574,5de6f6c94beaa99e002a79da0b8e35b5b6203582,6,0.917634129524231,Deepest Trenches,So Much Trapping,OTP,Bookey,2020,2020,rap,rap
156899,2163cc3c09328f79c4145a397351e927cea5e371,68585,8c73d6b121fa41f27e7b6cdd7cf90eda387db359,7,0.9272623062133789,Deepest Trenches,410 Plugged In Freestyle,OTP,410,2020,2020,rap,rap
156899,2163cc3c09328f79c4145a397351e927cea5e371,449218,6e0626bd4f3e7406eabed3f12746481ca5957420,8,0.9256306886672974,Deepest Trenches,No Hook,OTP,ACG,2020,2019,rap,rap
156899,2163cc3c09328f79c4145a397351e927cea5e371,289440,c93e5452091a7df31bf421aacef4771bdb847dc2,9,0.9261887073516846,Deepest Trenches,The Hotspot,OTP,ACG,2020,2020,rap,rap
156899,2163cc3c09328f79c4145a397351e927cea5e371,315295,422fc37d471fc26563cad9a61424a43c6a6ac92b,10,0.9277142286300659,Deepest Trenches,They Know WickedAndSplash,OTP,Block 6 x CT X 28's,2020,2016,rap,rap
156899,2163cc3c09328f79c4145a397351e927cea5e371,155493,9c3d1bdb87344c73f2a93ef5fb87e0addb8e531d,11,0.9245002269744873,Deepest Trenches,98 Degrees,OTP,98s,2020,2020,rap,rap
156899,2163cc3c09328f79c4145a397351e927cea5e371,208592,ec983cc992a35f9e2edb7fe2bb5861e56544ff21,12,0.9232382774353027,Deepest Trenches,Mazza Freestyle,OTP,NPK,2020,2019,rap,rap
156899,2163cc3c09328f79c4145a397351e927cea5e371,297732,1eab87c138f4d5b866520c3d9c38041ded151374,13,0.9267973303794861,Deepest Trenches,Freestyle Tim Westwood Capital Xtra,OTP,67,2020,2016,rap,rap
156899,2163cc3c09328f79c4145a397351e927cea5e371,45397,f517cdcc0a93cccfb51bdc2c2103008b9c7c1248,14,0.9216252565383911,Deepest Trenches,98s Plugged In Freestyle,OTP,98s,2020,2020,rap,rap
156899,2163cc3c09328f79c4145a397351e927cea5e371,186043,b61653f0c0d2a8c7b7021d337d4367ced466bca2,15,0.9286052584648132,Deepest Trenches,Section 60,OTP,TPL,2020,2020,rap,rap
156899,2163cc3c09328f79c4145a397351e927cea5e371,88518,3d9d324d9e1297fc545eab8e58edd24024a99d1d,16,0.9245554208755493,Deepest Trenches,Sin Squad Plugged In Freestyle,OTP,Sin Squad,2020,2020,rap,rap
156899,2163cc3c09328f79c4145a397351e927cea5e371,37489,569067652ed0e9c53b4d21c258a936e91c932e4d,17,0.9217073321342468,Deepest Trenches,TPL Plugged In Freestyle,OTP,TPL,2020,2020,rap,rap
156899,2163cc3c09328f79c4145a397351e927cea5e371,86061,56747edc28369e5bcb59a8d60dbfa2531e18938a,18,0.9239002466201782,Deepest Trenches,Mad About Bars,OTP,Sin Squad,2020,2018,rap,rap
156899,2163cc3c09328f79c4145a397351e927cea5e371,173621,25d298718030288dbd372ddf120952b0cee5f195,19,0.9267200231552124,Deepest Trenches,Danger Hill,OTP,67,2020,2021,rap,rap
156899,2163cc3c09328f79c4145a397351e927cea5e371,198489,cede54e250117faf749a1c8746c7c17ed22b177c,20,0.9271181225776672,Deepest Trenches,OJB Plugged In Freestyle,OTP,OJB,2020,2020,rap,rap
461271,72893194cd52dbf7ab3c216c88c41405aec573e8,28594,10b869d5db996d43581811954dd3a219f05c01d1,1,0.9292851686477661,Pride N Joy Remix,Pride N Joy,Fat Joe,Fat Joe,2012,2012,rap,rap
461271,72893194cd52dbf7ab3c216c88c41405aec573e8,491936,fd889d4f6bb7950d86356e4c8449a4b5c8f0791a,2,0.9217782616615295,Pride N Joy Remix,Kathlyn,Fat Joe,Crucial,2012,2012,rap,rap
461271,72893194cd52dbf7ab3c216c88c41405aec573e8,447092,a224acab20013b97d5f875b977a1626093782549,3,0.9094578623771667,Pride N Joy Remix,Dont Be Shy,Fat Joe,Giggs,2012,2020,rap,rap
461271,72893194cd52dbf7ab3c216c88c41405aec573e8,478429,05e8cce3bbf3d34f4f3c48bf887787b259be698c,4,0.9149273633956909,Pride N Joy Remix,FYM Rock Mafia Remix,Fat Joe,Elohim,2012,2019,rap,pop
461271,72893194cd52dbf7ab3c216c88c41405aec573e8,11004,88ba664d8daf463d96d2bab3b9ece4045b019f06,5,0.8996688723564148,Pride N Joy Remix,I Love Girls,Fat Joe,Pleasure P,2012,2012,rap,rb
461271,72893194cd52dbf7ab3c216c88c41405aec573e8,422188,39a6a0e074b60ec92e3a08ab944cc08f16dc37d7,6,0.9082951545715332,Pride N Joy Remix,Starbaby,Fat Joe,Jimmy Prime,2012,2015,rap,rap
461271,72893194cd52dbf7ab3c216c88c41405aec573e8,61395,65bb327579f4a3b0fadf9a350052a1411de2a017,7,0.9093074798583984,Pride N Joy Remix,Money Changes,Fat Joe,Wale,2012,2012,rap,rap
461271,72893194cd52dbf7ab3c216c88c41405aec573e8,474192,ac4afc7bec5b21ace0839214382478f34dcbf9d2,8,0.9062181711196899,Pride N Joy Remix,Dubai,Fat Joe,Blaklez,2012,2018,rap,rap
461271,72893194cd52dbf7ab3c216c88c41405aec573e8,84077,e3ded74fd7f54120675c5bd4f6f52890a53b25db,9,0.9011186361312866,Pride N Joy Remix,Lover Stay,Fat Joe,Pamungkas,2012,2019,rap,pop
461271,72893194cd52dbf7ab3c216c88c41405aec573e8,358111,779aa59a314f859ded48178595cc2d8e1ada69cf,10,0.9014041423797607,Pride N Joy Remix,Hard to Get,Fat Joe,Rick James,2012,1982,rap,rb
461271,72893194cd52dbf7ab3c216c88c41405aec573e8,306586,fa8e303b55265c016631323b68d190697f4330a0,11,0.8974894285202026,Pride N Joy Remix,Insecure,Fat Joe,Xavier Omr,2012,2014,rap,rb
461271,72893194cd52dbf7ab3c216c88c41405aec573e8,271058,2f47c966c4a829b003325991afb5f23898005766,12,0.9004491567611694,Pride N Joy Remix,I Dont Want Your Money,Fat Joe,Mae Muller,2012,2020,rap,pop
461271,72893194cd52dbf7ab3c216c88c41405aec573e8,386024,8f09d753b088f9e454fad259fcf7139286fab1db,13,0.9008687734603882,Pride N Joy Remix,FREEDOM,Fat Joe,Riddo,2012,2019,rap,rap
461271,72893194cd52dbf7ab3c216c88c41405aec573e8,168356,5f504e8cf78ecf44c3d82d534ddae4372556918e,14,0.9016736149787903,Pride N Joy Remix,I Dont Wanna Lose You,Fat Joe,Tina Turner,2012,1989,rap,rock
461271,72893194cd52dbf7ab3c216c88c41405aec573e8,38087,b8118335e5bf75b5621816bc5ec7e1de96b1f684,15,0.902379035949707,Pride N Joy Remix,Can’t Get Enough of Your Love Babe,Fat Joe,Barry White,2012,1974,rap,rb
461271,72893194cd52dbf7ab3c216c88c41405aec573e8,2859,7c1542e92890552545f3d66d252a6f4ce60f18b6,16,0.8899007439613342,Pride N Joy Remix,Look Back at It,Fat Joe,A Boogie wit da Hoodie,2012,2018,rap,rap
461271,72893194cd52dbf7ab3c216c88c41405aec573e8,212221,84933ac7beab018b041b3347c460b34c1ada97df,17,0.8949651718139648,Pride N Joy Remix,Cunt,Fat Joe,The Internet,2012,2011,rap,rb
461271,72893194cd52dbf7ab3c216c88c41405aec573e8,150793,a8081e22290a8d14d0e8912f41c5876da8a25eda,18,0.9019368886947632,Pride N Joy Remix,My Love Is the Shhh,Fat Joe,Somethin' for the People,2012,1997,rap,rb
461271,72893194cd52dbf7ab3c216c88c41405aec573e8,73966,231a03e800b0cead4818328337da0d8b52577286,19,0.8897488117218018,Pride N Joy Remix,Favorite,Fat Joe,Rich Homie Quan,2012,2014,rap,rap
461271,72893194cd52dbf7ab3c216c88c41405aec573e8,96826,666b1bcd9b676f005725d5728d7976d7f34ba781,20,0.8978997468948364,Pride N Joy Remix,She Just Wanna,Fat Joe,Lil Durk,2012,2016,rap,rap
59133,cb5a425e4f561bc8b094d6a7a43738ec5f352ab7,240796,ca29dbf837263c70d4b0f5f1720e0a29d25788f6,1,0.9492716789245605,XXXKIRBY,Fat Cocks  Drugs 2,Softwilly,Xetonyl,2021,2018,rap,rap
59133,cb5a425e4f561bc8b094d6a7a43738ec5f352ab7,159692,c81b861cc7d79e6cd292d901cc01b9238e62570c,2,0.9421415328979492,XXXKIRBY,Reload,Softwilly,Guapo Gang,2021,2017,rap,rap
59133,cb5a425e4f561bc8b094d6a7a43738ec5f352ab7,222026,dd84e469ab7224d455828a48e2289d50f283940f,3,0.9415191411972046,XXXKIRBY,Party Woman,Softwilly,Azizi Gibson,2021,2013,rap,rap
59133,cb5a425e4f561bc8b094d6a7a43738ec5f352ab7,83227,2a87244ea380e0bf82d956fecb243d53b6472fe9,4,0.9345434904098511,XXXKIRBY,Psypher 17 Juggalo Love,Softwilly,Insane Clown Posse,2021,2017,rap,rap
59133,cb5a425e4f561bc8b094d6a7a43738ec5f352ab7,72855,eb406e095e9c2ea59c85c8f744e05c6ea4b86cbd,5,0.9423575401306152,XXXKIRBY,Faneto Remix,Softwilly,Montana of 300,2021,2015,rap,rap
59133,cb5a425e4f561bc8b094d6a7a43738ec5f352ab7,359065,8c07a2163f31169d68fa6ba2d1b69c5285a853c4,6,0.9473202228546143,XXXKIRBY,Toxic,Softwilly,Zareuz,2021,2020,rap,rap
59133,cb5a425e4f561bc8b094d6a7a43738ec5f352ab7,75298,a688d02463b97c9bf6ef17861e32822a3de21a6c,7,0.9431279897689819,XXXKIRBY,Slick Dissing,Softwilly,JayDaYoungan,2021,2017,rap,rap
59133,cb5a425e4f561bc8b094d6a7a43738ec5f352ab7,45101,f01c4179fb91d334dc4ae60046adba03b5dc8125,8,0.9360800385475159,XXXKIRBY,Gummo Megamix,Softwilly,Finny Music,2021,2018,rap,rap
59133,cb5a425e4f561bc8b094d6a7a43738ec5f352ab7,490946,f34bc13bfa5a7efe2e93b2884a97a227c6fc9f2d,9,0.9353147745132446,XXXKIRBY,Spiffy,Softwilly,PG RA,2021,2019,rap,rap
59133,cb5a425e4f561bc8b094d6a7a43738ec5f352ab7,28066,70db3c074fea646b462d7cd5caa3700af88e9409,10,0.9360291361808777,XXXKIRBY,Idk,Softwilly,Ez Mil,2021,2020,rap,rap
59133,cb5a425e4f561bc8b094d6a7a43738ec5f352ab7,65106,c8bb45d33a91fe55e328e9a6b20e4c7dd297fd3d,11,0.938686728477478,XXXKIRBY,We On My Own Dick,Softwilly,Jarren Benton,2021,2013,rap,rap
59133,cb5a425e4f561bc8b094d6a7a43738ec5f352ab7,164587,1526c12ca02e2570f01f282b33982f796de6973d,12,0.9334690570831299,XXXKIRBY,FUCK YOURSELF,Softwilly,Lil Darkie,2021,2018,rap,rap
59133,cb5a425e4f561bc8b094d6a7a43738ec5f352ab7,501562,dd7c211733e19b1da7322795e616876d9f5c5f67,13,0.9306814074516296,XXXKIRBY,Athena,Softwilly,D.A.V,2021,2022,rap,rap
59133,cb5a425e4f561bc8b094d6a7a43738ec5f352ab7,289682,b4e15accf6acab080ef79483989cfadc9f82be63,14,0.934879720211029,XXXKIRBY,Aint Wit Dat Bullshit,Softwilly,Yung JB & Lil Kikke,2021,2016,rap,rap
59133,cb5a425e4f561bc8b094d6a7a43738ec5f352ab7,87577,1a3872a1ca7216aa4facb3c8ddf82093e54ef37a,15,0.9434353113174438,XXXKIRBY,Juice WRLD Freestyles on Flex | Freestyle 101,Softwilly,Juice WRLD,2021,2018,rap,rap
59133,cb5a425e4f561bc8b094d6a7a43738ec5f352ab7,373496,51c99b1949018213cd9f638288fb99a0754d823e,16,0.9346016645431519,XXXKIRBY,Ua Broz,Softwilly,UA KID,2021,2020,rap,rap
59133,cb5a425e4f561bc8b094d6a7a43738ec5f352ab7,446756,52833609c60f13d50bbe2133ae7ada55db24cb5d,17,0.9338032007217407,XXXKIRBY,NOTINTHEMOODTODAY,Softwilly,Joey Trap,2021,2020,rap,rap
59133,cb5a425e4f561bc8b094d6a7a43738ec5f352ab7,457039,bdde66abe4d18f9887eb08221ebb16da98582240,18,0.9402318596839905,XXXKIRBY,Going Str8 In,Softwilly,100k Tucc,2021,2018,rap,rap
59133,cb5a425e4f561bc8b094d6a7a43738ec5f352ab7,115560,4523c28771fbcc5d047e331cdcbd8feea89732d3,19,0.9323385953903198,XXXKIRBY,Ridiculous Pt. 2,Softwilly,Dope D.O.D.,2021,2015,rap,rap
59133,cb5a425e4f561bc8b094d6a7a43738ec5f352ab7,203846,7f14553977021a0bc6dc537ab2621eb484d214d2,20,0.9302268624305725,XXXKIRBY,Mad Bars,Softwilly,Chris Webby,2021,2009,rap,rap
472125,1475609aa18e71329086e163a8d3616b777792da,176909,d256639c09022bd556e836a1cc5334b0433fce3f,1,0.8686970472335815,A Fistful of Peanuts,Bring It In Guys,Gorillaz,Man on the Internet,2002,2017,rap,pop
472125,1475609aa18e71329086e163a8d3616b777792da,195294,b1f528ee5accad41f7d25c67f2477b6916b40520,2,0.8371213674545288,A Fistful of Peanuts,Rise Up,Gorillaz,Ben Barnes,2002,2021,rap,pop
472125,1475609aa18e71329086e163a8d3616b777792da,515434,7a5b4bc41f4e1474408fbf423a6cb88e283fe037,3,0.8386925458908081,A Fistful of Peanuts,Rise,Gorillaz,Purple Disco Machine,2002,2022,rap,pop
472125,1475609aa18e71329086e163a8d3616b777792da,500369,07fe23cc28e217a36f6d4f49aa2c2ef5daccd2ab,4,0.8591115474700928,A Fistful of Peanuts,Shine Kep1er Ver.,Gorillaz,Kep1er,2002,2022,rap,pop
472125,1475609aa18e71329086e163a8d3616b777792da,451050,f62d7cfbf1a9f86ed50bb3c43ed47194113931db,5,0.8547053337097168,A Fistful of Peanuts,Get Together,Gorillaz,Lenka,2002,2015,rap,pop
472125,1475609aa18e71329086e163a8d3616b777792da,220061,4b7bea3a369db87edc41ae965903ea545fe0e7d3,6,0.8529804944992065,A Fistful of Peanuts,Rise Up,Gorillaz,Jamaica United,2002,1998,rap,pop
472125,1475609aa18e71329086e163a8d3616b777792da,95607,cb9a5f5b48762b042ba7e04f564abb9840b8ab03,7,0.8575965166091919,A Fistful of Peanuts,Eternal Sunshine,Gorillaz,ATEEZ,2002,2021,rap,pop
472125,1475609aa18e71329086e163a8d3616b777792da,401011,8bd14930cd9526524e399c32a3615029416006b1,8,0.8486098051071167,A Fistful of Peanuts,POLISH,Gorillaz,TWICE,2002,2019,rap,pop
472125,1475609aa18e71329086e163a8d3616b777792da,436846,1e67fad0aebe330ba5e489a64b073b56ac8a3f13,9,0.8341377377510071,A Fistful of Peanuts,Were going to the star,Gorillaz,Goodnight Electric,2002,2004,rap,pop
472125,1475609aa18e71329086e163a8d3616b777792da,165757,367f219835dff5e28730699fac079f05f802c3cb,10,0.8439698219299316,A Fistful of Peanuts,Everythings Coming Up Roses,Gorillaz,Jule Styne,2002,1959,rap,pop
472125,1475609aa18e71329086e163a8d3616b777792da,508549,dd10af296ccd2c66663da5aa7b23698878fec161,11,0.8458839058876038,A Fistful of Peanuts,Light Me UP,Gorillaz,LYRA,2002,2022,rap,pop
472125,1475609aa18e71329086e163a8d3616b777792da,429243,2b57fb1b64bec7a7ea169eee826d136846c5c0cd,12,0.8299342393875122,A Fistful of Peanuts,Let’s Work Together,Gorillaz,Wilbert Harrison,2002,1970,rap,rb
472125,1475609aa18e71329086e163a8d3616b777792da,328802,761df2e71d3989fa0865b8db868e3f2f0b5e327b,13,0.8464089632034302,A Fistful of Peanuts,12:21,Gorillaz,Yana Perrault,2002,2018,rap,rb
472125,1475609aa18e71329086e163a8d3616b777792da,239971,9ae88a638c62f19b2f6a1922615e23a7551eee37,14,0.8499411344528198,A Fistful of Peanuts,지금 Better Than Gold,Gorillaz,NCT DREAM,2002,2022,rap,pop
472125,1475609aa18e71329086e163a8d3616b777792da,320387,f566725d786471bd697ef3bc0e2e38779d730836,15,0.8337281942367554,A Fistful of Peanuts,Ooh My Head,Gorillaz,Ritchie Valens,2002,1959,rap,pop
472125,1475609aa18e71329086e163a8d3616b777792da,411025,dd21a856beafb2301d223fe343e5c920fe9e849c,16,0.8359392285346985,A Fistful of Peanuts,Shes a Star,Gorillaz,will.i.am,2002,2008,rap,rap
472125,1475609aa18e71329086e163a8d3616b777792da,439896,453b6232fa1e0a39dad624a78cd8057fda8c4039,17,0.8356078863143921,A Fistful of Peanuts,Shine On Love,Gorillaz,Londrelle,2002,2018,rap,rb
472125,1475609aa18e71329086e163a8d3616b777792da,173765,a2e3ae6a4f79c25bf8ff992408cbb482a8b060ba,18,0.8373875617980957,A Fistful of Peanuts,Dreamer,Gorillaz,NCT 127,2002,2021,rap,pop
472125,1475609aa18e71329086e163a8d3616b777792da,181094,cc03eeab0d42bd728992b27b1cfaffb6994e70a1,19,0.8489660024642944,A Fistful of Peanuts,Its Spreading,Gorillaz,DHeusta,2002,2021,rap,pop
472125,1475609aa18e71329086e163a8d3616b777792da,76929,d7d4dc4f31c5b8884b792de0b9d9cbb4e3df4876,20,0.8432945013046265,A Fistful of Peanuts,Queendom,Gorillaz,Red Velvet,2002,2021,rap,pop
342500,2d03653b190f1e48ff237d1f618a159c367117c7,397432,e654da3c50e87049e08bc623af3f1b9460214a8a,1,0.8495667576789856,Talk,You,Ayelle,Tuka,2018,2015,rb,rap
342500,2d03653b190f1e48ff237d1f618a159c367117c7,437842,60c3418b615b9d7590c8fe41586adf29548fceaa,2,0.8257755637168884,Talk,Worth It,Ayelle,Roomie,2018,2021,rb,pop
342500,2d03653b190f1e48ff237d1f618a159c367117c7,431287,50ffae2a2c6c29147b7456c1c57f67f2b1346b2e,3,0.8486080169677734,Talk,Im A Feminist Youre Still A Whore,Ayelle,Kate Nash,2018,2013,rb,pop
342500,2d03653b190f1e48ff237d1f618a159c367117c7,51898,375901c7518ef879e320f1845608f40af80f24c4,4,0.8281168937683105,Talk,Sometimes ◐‬,Ayelle,HONNE,2018,2018,rb,pop
342500,2d03653b190f1e48ff237d1f618a159c367117c7,304880,6270f0898f0019361890420103be91525b973a9f,5,0.803777813911438,Talk,Happy Machines,Ayelle,From Indian Lakes,2018,2016,rb,rock
342500,2d03653b190f1e48ff237d1f618a159c367117c7,135298,87c9a38bd8896e4a2222f3a9aaee9b975a69c7b2,6,0.8293951749801636,Talk,Deep  involved,Ayelle,Jess Connelly,2018,2017,rb,rb
342500,2d03653b190f1e48ff237d1f618a159c367117c7,369081,ed12bc74614344c1ac5a7e57cb967d6363f676d9,7,0.8343170285224915,Talk,Word To The Badd,Ayelle,Jermaine Jackson,2018,1991,rb,pop
342500,2d03653b190f1e48ff237d1f618a159c367117c7,160414,6969a7317599a9385da8409e03cd1d45ef1c2139,8,0.8389759063720703,Talk,Pull Me From the Floor,Ayelle,Moose Blood,2018,2018,rb,rock
342500,2d03653b190f1e48ff237d1f618a159c367117c7,483120,3be7da68367938cd6970b3d79984a16eaf791b19,9,0.8361682295799255,Talk,Have Fun,Ayelle,Smerz,2018,2018,rb,pop
342500,2d03653b190f1e48ff237d1f618a159c367117c7,115661,7d475c69e6099ded55ee30e7633959948868a30c,10,0.8394774198532104,Talk,Ivory,Ayelle,The Movement,2018,2014,rb,pop
342500,2d03653b190f1e48ff237d1f618a159c367117c7,53828,95d9689a27bb9a0284da3a6cc7c47c6df89abad8,11,0.8481634855270386,Talk,My Favourite Room,Ayelle,Blossoms,2018,2016,rb,rock
342500,2d03653b190f1e48ff237d1f618a159c367117c7,126493,0a67eb70b6dcdbd947ad475020d5d3b0d30503c8,12,0.816723108291626,Talk,Body Language,Ayelle,Eric Bellinger,2018,2013,rb,rb
342500,2d03653b190f1e48ff237d1f618a159c367117c7,59202,c43211824d3ae7d543fee8c515f246353b7b1240,13,0.8176587820053101,Talk,Facing Time,Ayelle,Bugzy Malone,2018,2016,rb,rap
342500,2d03653b190f1e48ff237d1f618a159c367117c7,477109,80403b3cd29fc6df788735c0eb9c8fad96c8116e,14,0.8271392583847046,Talk,There Goes My Heart,Ayelle,Sense (Electronic),2018,2018,rb,pop
342500,2d03653b190f1e48ff237d1f618a159c367117c7,341664,4f08265762993a0b9f43373aabd02f6742f9ea9d,15,0.8234281539916992,Talk,I Am The Challenger,Ayelle,Fireworks,2018,2011,rb,rock
342500,2d03653b190f1e48ff237d1f618a159c367117c7,296019,b6695878e922e7d1798d4b33a66f55904f08ef5b,16,0.8311689496040344,Talk,Feel Again,Ayelle,Futuristic,2018,2019,rb,rap
342500,2d03653b190f1e48ff237d1f618a159c367117c7,5188,7997a1c8b40edb6e2b2e5bffe969805e50470bc2,17,0.8270501494407654,Talk,​talk is overrated,Ayelle,Jeremy Zucker,2018,2017,rb,pop
342500,2d03653b190f1e48ff237d1f618a159c367117c7,444035,9e5ce251404203a08adc04a3e9ed5ea6ff246e7c,18,0.8079527616500854,Talk,Your World,Ayelle,Tei Shi,2018,2017,rb,pop
342500,2d03653b190f1e48ff237d1f618a159c367117c7,293986,81867346cf0dc8acaecc29a05729e1e286dc5324,19,0.836912989616394,Talk,When I Was your man Girls P.O.V,Ayelle,Bruno Mars,2018,2017,rb,pop
342500,2d03653b190f1e48ff237d1f618a159c367117c7,232586,96e50534a95f183be437f4a3e32e014b9ea4a0b1,20,0.8280734419822693,Talk,WYD Now? Lil Yachty Remix,Ayelle,Sadie Jean,2018,2022,rb,pop
417351,5045ed5091bced74719bfd31c9f5a8e9b6a16ffd,394816,223bb02949f79dea66541aa2b5d59982f85bfcf3,1,0.9136781692504883,Lady You Are,Its You,One Way,Kem,1984,2014,rb,pop
417351,5045ed5091bced74719bfd31c9f5a8e9b6a16ffd,345601,c4a5868764d2168c8d9b45c9b729d0bf389fed79,2,0.9025152921676636,Lady You Are,Wonderful,One Way,India.Arie,1984,2001,rb,rb
417351,5045ed5091bced74719bfd31c9f5a8e9b6a16ffd,54978,2ee70cadeb0f84df68a3b57811187ac16b7af56a,3,0.9026151895523071,Lady You Are,I Love Your Smile,One Way,Shanice,1984,1991,rb,rb
417351,5045ed5091bced74719bfd31c9f5a8e9b6a16ffd,253137,3a4b0a97db281adf934538b7d0fbc7cb98312520,4,0.8806118965148926,Lady You Are,Lady Remix - Just Tha Beat Mix,One Way,D'Angelo,1984,1996,rb,rb
417351,5045ed5091bced74719bfd31c9f5a8e9b6a16ffd,303668,b29f32a96c06230ae6afb1db8114754e2e6509db,5,0.8999587893486023,Lady You Are,Make Me Happy,One Way,BROIQ,1984,2016,rb,rap
417351,5045ed5091bced74719bfd31c9f5a8e9b6a16ffd,81961,d253b16c3b3ce1f9f0d9895d708506ff98071bb0,6,0.9090451002120972,Lady You Are,Love Story,One Way,Big Sean,1984,2011,rb,rap
417351,5045ed5091bced74719bfd31c9f5a8e9b6a16ffd,473747,e597f0d862182c98c413aed821a84bedd7bf8105,7,0.8921171426773071,Lady You Are,So Beautiful,One Way,Mr. Capone-E,1984,2005,rb,pop
417351,5045ed5091bced74719bfd31c9f5a8e9b6a16ffd,474931,6a081041e80adf331b2e117f00c6790ed83da9fe,8,0.901488184928894,Lady You Are,See You Go,One Way,Yuna,1984,2012,rb,rock
417351,5045ed5091bced74719bfd31c9f5a8e9b6a16ffd,496005,8105aa2c71e8a2ac340b6d11d50e55041ebb8e00,9,0.8880778551101685,Lady You Are,Favorite Girl,One Way,4rif,1984,2020,rb,rap
417351,5045ed5091bced74719bfd31c9f5a8e9b6a16ffd,261390,f1f96d4fc16e997eb771fab6640da88507332e05,10,0.8980952501296997,Lady You Are,​u r my everything,One Way,Leslie Odom Jr.,1984,2019,rb,pop
417351,5045ed5091bced74719bfd31c9f5a8e9b6a16ffd,381131,a0f6b903de849b264a985847b1af3a28ca24042d,11,0.9031376838684082,Lady You Are,Pink Lemonade,One Way,Klutch Da Rebel,1984,2020,rb,rap
417351,5045ed5091bced74719bfd31c9f5a8e9b6a16ffd,445315,c3e4f681412fb4dd353abd53d29294b94617149c,12,0.8957586288452148,Lady You Are,Dear Best Friend,One Way,Jetpack Jay,1984,2017,rb,misc
417351,5045ed5091bced74719bfd31c9f5a8e9b6a16ffd,108326,dcf1aff75bc93069743f3d96868e60c9e83536de,13,0.8943824172019958,Lady You Are,Take Yo Praise,One Way,Camille Yarbrough,1984,1975,rb,pop
417351,5045ed5091bced74719bfd31c9f5a8e9b6a16ffd,61092,e84db547f3d0b432897b0583b4f2b8a425ac3591,14,0.9027789831161499,Lady You Are,You Are,One Way,Charlie Wilson,1984,2010,rb,rb
417351,5045ed5091bced74719bfd31c9f5a8e9b6a16ffd,196045,24d09a7818a3ada2ac9dddb0f537a4a4e9ca6ac6,15,0.8743674755096436,Lady You Are,Youre So Beautiful,One Way,Reddish Blu,1984,2017,rb,pop
417351,5045ed5091bced74719bfd31c9f5a8e9b6a16ffd,157816,211cf29f5113d7b19204076794eac62844993d2f,16,0.894303023815155,Lady You Are,Moved By You,One Way,India.Arie,1984,2013,rb,rap
417351,5045ed5091bced74719bfd31c9f5a8e9b6a16ffd,480664,b2dbc9e963257237815688867f698dd8d3ac9792,17,0.8940880298614502,Lady You Are,All I Want Is You,One Way,Lil Rob,1984,2010,rb,rap
417351,5045ed5091bced74719bfd31c9f5a8e9b6a16ffd,206746,15ac489519266d32f787de019fffea5681f69c1c,18,0.8709536790847778,Lady You Are,Lovely,One Way,Sal Houdini,1984,2017,rb,rb
417351,5045ed5091bced74719bfd31c9f5a8e9b6a16ffd,153055,3a95ba6d1a430da49303a596637afd151b12847e,19,0.8858720064163208,Lady You Are,사랑스러워 Loveable,One Way,SinB GFRIEND,1984,2021,rb,pop
417351,5045ed5091bced74719bfd31c9f5a8e9b6a16ffd,476396,45f119cb4b3888d63c301a788d938fb6aa9fe5f3,20,0.8887293934822083,Lady You Are,Truly,One Way,Janet Jackson,1984,2004,rb,rb
93587,2325d10814c829beece4d48e55240b3115da1fe5,78629,65652952cbfa1d6fc64045354d5988a70f1fc8b5,1,0.9332747459411621,Prayer,Let Us Pray,D'Angelo and the Vanguard,Lil Wayne,2014,2002,rb,rap
93587,2325d10814c829beece4d48e55240b3115da1fe5,207643,523412bac7110452b42f70251f8bf5beb763cba9,2,0.9047351479530334,Prayer,War of the Gods,D'Angelo and the Vanguard,Billy Paul,2014,1973,rb,rb
93587,2325d10814c829beece4d48e55240b3115da1fe5,247231,9f44de395304cb102838ee4fe2d225c0039b4200,3,0.8990565538406372,Prayer,Hard Times,D'Angelo and the Vanguard,Bone Thugs-N-Harmony,2014,1997,rb,rap
93587,2325d10814c829beece4d48e55240b3115da1fe5,459384,922bee6a1925946f81121c0110467848e15ed6ad,4,0.8992458581924438,Prayer,Lovers Prayer,D'Angelo and the Vanguard,Joe,2014,2001,rb,rb
93587,2325d10814c829beece4d48e55240b3115da1fe5,48278,f85e33460fde0e2ea6a0b12c0f33aa2d7911b637,5,0.9059269428253174,Prayer,Thoughts  Prayers,D'Angelo and the Vanguard,Motionless in White,2014,2019,rb,rock
93587,2325d10814c829beece4d48e55240b3115da1fe5,314041,58d4db88908e0859ca4b75df399e97ea50fb460d,6,0.9126134514808655,Prayer,I Promise,D'Angelo and the Vanguard,"Royce da 5'9""",2014,2004,rb,rap
93587,2325d10814c829beece4d48e55240b3115da1fe5,155660,0e74326e3d2081b65850a511bbc7518f78e61093,7,0.9017473459243774,Prayer,Pray For Me,D'Angelo and the Vanguard,Kirk Franklin,2014,2015,rb,rb
93587,2325d10814c829beece4d48e55240b3115da1fe5,147498,6dc29bff0bc28f8a967a5ceaa3e29b45a77ef3f2,8,0.888913631439209,Prayer,He Will Come And Save You,D'Angelo and the Vanguard,Bob Fitts,2014,1999,rb,pop
93587,2325d10814c829beece4d48e55240b3115da1fe5,87334,7086c7b879ed822f845075fb13abc590a302ccba,9,0.9015148878097534,Prayer,Epiphany,D'Angelo and the Vanguard,Cast of Bare: A Pop Opera,2014,2008,rb,pop
93587,2325d10814c829beece4d48e55240b3115da1fe5,92682,74ba0e534db7695c5ce676f37bb5c7776204a655,10,0.8946789503097534,Prayer,Young Peoples Cry,D'Angelo and the Vanguard,Jekalyn Carr,2014,2013,rb,pop
93587,2325d10814c829beece4d48e55240b3115da1fe5,105395,63243b6cc09871cb2eddeb0b5150a9051a7f137d,11,0.8986647725105286,Prayer,Be Blessed,D'Angelo and the Vanguard,Yolanda Adams,2014,2005,rb,rb
93587,2325d10814c829beece4d48e55240b3115da1fe5,207258,44811b6c39a45f1acc80feeeac008a69236fa1c3,12,0.9156100153923035,Prayer,Thug Prayer,D'Angelo and the Vanguard,Boosie Badazz,2014,2016,rb,rap
93587,2325d10814c829beece4d48e55240b3115da1fe5,110957,0d2b0ca9a764ed0d5ff42bded8c3f6b6323028e8,13,0.9090735912322998,Prayer,I Wish You Well,D'Angelo and the Vanguard,Mariah Carey,2014,2008,rb,pop
93587,2325d10814c829beece4d48e55240b3115da1fe5,474764,cbe0cb09c2b552a662b9baecf7d4c0cb67beb187,14,0.8953753113746643,Prayer,The Jesus Metal Explosion,D'Angelo and the Vanguard,HB,2014,2010,rb,rock
93587,2325d10814c829beece4d48e55240b3115da1fe5,428575,baa0123683d059800f5a54e383639bcd19cd7ff7,15,0.8891828060150146,Prayer,This Is a Rape The Flood,D'Angelo and the Vanguard,The Paper Chase,2014,2009,rb,rock
93587,2325d10814c829beece4d48e55240b3115da1fe5,422063,445661ee4c570d9707c1094bbb27ff0f5f1904c0,16,0.9037465453147888,Prayer,How Can I,D'Angelo and the Vanguard,Stevie Valentine,2014,2015,rb,rap
93587,2325d10814c829beece4d48e55240b3115da1fe5,138264,1d6d795c810c213a37fed2a9844faea92eb51ce9,17,0.8903090357780457,Prayer,Prophesy Your Promise,D'Angelo and the Vanguard,Bryan & Katie Torwalt,2014,2018,rb,pop
93587,2325d10814c829beece4d48e55240b3115da1fe5,92320,c5b489dfe9a92c49ffce1948d11a35ae9ea6ad87,18,0.8964278697967529,Prayer,The Devil Want Smoke If Pop Smoke Was A Pastor,D'Angelo and the Vanguard,iamTresor,2014,2021,rb,rap
93587,2325d10814c829beece4d48e55240b3115da1fe5,115357,8654ecc694ec3b69171cda50824383ce4edd098d,19,0.8948555588722229,Prayer,Heart of God,D'Angelo and the Vanguard,Hillsong Young & Free,2014,2018,rb,pop
93587,2325d10814c829beece4d48e55240b3115da1fe5,241988,2c0e48e3e2fe56679b6dc4fa34f92d14a7ddd68b,20,0.8832395076751709,Prayer,Heart of courage,D'Angelo and the Vanguard,Lil' Prophet,2014,2015,rb,pop
325075,02e8aeadb2e5d9334aee9474a5ae1fb5540a4108,204028,06745a1cbf5857755f67f27a57734efd1d9dbfc1,1,0.8921915292739868,That Girl,Chris Brown Medley,Tone Stith,SoMo,2017,2012,rb,rap
325075,02e8aeadb2e5d9334aee9474a5ae1fb5540a4108,319222,7920264bd893fc4823c7e76700021aa87de5c0eb,2,0.8752588629722595,That Girl,Down in the Studio,Tone Stith,Lil Wayne,2017,2008,rb,rap
325075,02e8aeadb2e5d9334aee9474a5ae1fb5540a4108,340090,32937b66610391aa782a3dde5263d1e3b11dfe06,3,0.8909400701522827,That Girl,Dont Get Me Wrong,Tone Stith,Jacob Latimore,2017,2014,rb,rb
325075,02e8aeadb2e5d9334aee9474a5ae1fb5540a4108,264576,09bc9dc72ef500c0a4eb52924d1f79cc1ec44036,4,0.8873956203460693,That Girl,Bedrock Promo Only clean edit,Tone Stith,Young Money,2017,2015,rb,pop
325075,02e8aeadb2e5d9334aee9474a5ae1fb5540a4108,105328,45b9b683df6ab0ab668c88d248f462de24e0d60d,5,0.8777990341186523,That Girl,My Wish,Tone Stith,Kojo Funds,2017,2017,rb,rap
325075,02e8aeadb2e5d9334aee9474a5ae1fb5540a4108,41978,fb73dd69b6048471383bbfb93b6183da3b132409,6,0.8845096826553345,That Girl,Situations,Tone Stith,ELHAE,2017,2015,rb,rap
325075,02e8aeadb2e5d9334aee9474a5ae1fb5540a4108,130220,68e99fae9e842cb34d22b20aea33b17ab3aa61ee,7,0.8656370639801025,That Girl,Party at the Club,Tone Stith,Itsddj,2017,2018,rb,pop
325075,02e8aeadb2e5d9334aee9474a5ae1fb5540a4108,287891,14ab179a877bcffa7132279fdaad211b794ebd4a,8,0.8806649446487427,That Girl,Day By Day,Tone Stith,Bobii Lewis,2017,2016,rb,rb
325075,02e8aeadb2e5d9334aee9474a5ae1fb5540a4108,87733,c35e4aa08a79dd3b55b1ddce4768f45e03586c6d,9,0.8744168877601624,That Girl,Lonely,Tone Stith,Che Ecru,2017,2016,rb,rb
325075,02e8aeadb2e5d9334aee9474a5ae1fb5540a4108,424596,45ed3c2bd6174a3b6c1bdf8cf9b87701470ca803,10,0.8801751136779785,That Girl,Still a Player,Tone Stith,Z-Ro,2017,2017,rb,rap
325075,02e8aeadb2e5d9334aee9474a5ae1fb5540a4108,75807,798a3acb70fd8c24ce1eec5d4c8990bf3bfb1803,11,0.8831654191017151,That Girl,Nite Nite,Tone Stith,Kano,2017,2005,rb,rap
325075,02e8aeadb2e5d9334aee9474a5ae1fb5540a4108,322830,28086b8d413d25869fef67690197877a12c5555d,12,0.8879227638244629,That Girl,Comfortable Remix,Tone Stith,Trey Songz,2017,2011,rb,rap
325075,02e8aeadb2e5d9334aee9474a5ae1fb5540a4108,57863,ccbeddde9d94f504147dedb46369842f9e1f0795,13,0.8776163458824158,That Girl,You My Number One,Tone Stith,Chief Keef,2017,2017,rb,rap
325075,02e8aeadb2e5d9334aee9474a5ae1fb5540a4108,33598,e1ebb27f6022fa34347136def87b09bf05902499,14,0.8706313371658325,That Girl,Dont Call Me,Tone Stith,DOM KENNEDY,2017,2012,rb,rap
325075,02e8aeadb2e5d9334aee9474a5ae1fb5540a4108,505676,e27c7dcafb59a901d12fc48b8a35f2e94e414211,15,0.8888013362884521,That Girl,Daughter Of The Devil,Tone Stith,sKitz Kraven,2017,2022,rb,rap
325075,02e8aeadb2e5d9334aee9474a5ae1fb5540a4108,286542,67a0501aa3af4bc2746fcb32e73fe224d2883d64,16,0.8785438537597656,That Girl,Nothing Wrong,Tone Stith,Angel,2017,2018,rb,rb
325075,02e8aeadb2e5d9334aee9474a5ae1fb5540a4108,300675,f93717b45476773a958f1ece41e5532d6de2cfe7,17,0.8652849793434143,That Girl,Girlfriend/Boyfriend,Tone Stith,Blackstreet,2017,1999,rb,rb
325075,02e8aeadb2e5d9334aee9474a5ae1fb5540a4108,422763,b592ef3caa4c10015258e591cba59847f43e1481,18,0.8720313310623169,That Girl,U Make Me Wanna Remix,Tone Stith,Daz Dillinger,2017,2001,rb,rap
325075,02e8aeadb2e5d9334aee9474a5ae1fb5540a4108,223523,8953482f047da9a65836c7ff5de9270998ff29a7,19,0.8798925280570984,That Girl,Baby Girl,Tone Stith,Wiki,2017,2017,rb,rap
325075,02e8aeadb2e5d9334aee9474a5ae1fb5540a4108,101449,2330c11ddd022b7a37ef9f0b6625ff68577f5a4f,20,0.8806254863739014,That Girl,No Other,Tone Stith,Nines,2017,2015,rb,rap
479052,0b660c7c80a2f1b0473e11880a105e0b54281d61,156922,d773daebd1309b8e7bb533dde5d6f84b397f2bc1,1,0.912015438079834,The Triangle / For The Night,Look on Your Face,Justin Snow,Sean Garrett,2018,2016,rb,rb
479052,0b660c7c80a2f1b0473e11880a105e0b54281d61,396262,76494abcd7bc20426ee04039af7161eb1dd0fb40,2,0.9082893133163452,The Triangle / For The Night,If They Only Knew,Justin Snow,Krayzie Bone,2018,2001,rb,rap
479052,0b660c7c80a2f1b0473e11880a105e0b54281d61,112636,a19ef7465b0991f25cfaa2a62ef3b91328a84761,3,0.9032177925109863,The Triangle / For The Night,Never Lettin Go The Stalker Song,Justin Snow,Kanye West,2018,2011,rb,rap
479052,0b660c7c80a2f1b0473e11880a105e0b54281d61,31503,3bb90a7f1c0fd935e93ed76fb0cad8d97b965c40,4,0.9085352420806885,The Triangle / For The Night,All That Matters,Justin Snow,Stormzy,2018,2014,rb,rap
479052,0b660c7c80a2f1b0473e11880a105e0b54281d61,413173,195be39671c6eeedbe254a33c37913320693c7d4,5,0.902294933795929,The Triangle / For The Night,Isa Playa,Justin Snow,Pimp C,2018,2005,rb,pop
479052,0b660c7c80a2f1b0473e11880a105e0b54281d61,12945,77598f66ae07a08572fce79f40c53c5f543fa1f6,6,0.9017365574836731,The Triangle / For The Night,Know Whats Up / The Take,Justin Snow,Tory Lanez,2018,2013,rb,rap
479052,0b660c7c80a2f1b0473e11880a105e0b54281d61,339830,1d4ef8d05de12e46abf40d9ae3e3402d16f04b58,7,0.9019416570663452,The Triangle / For The Night,Pop It On Me,Justin Snow,Boosie Badazz,2018,2000,rb,rap
479052,0b660c7c80a2f1b0473e11880a105e0b54281d61,49668,f7ec5be30ff0b277a07ba247f21615884c2ec54a,8,0.896067202091217,The Triangle / For The Night,Wrong In the Right Way,Justin Snow,Chris Brown & Tyga,2018,2015,rb,rb
479052,0b660c7c80a2f1b0473e11880a105e0b54281d61,478298,c0bfa1ab1e0c143c17e07c12a5b582cb65e1e91d,9,0.9091044664382935,The Triangle / For The Night,Fuck With Me,Justin Snow,Outlawz,2018,2000,rb,rap
479052,0b660c7c80a2f1b0473e11880a105e0b54281d61,279061,fd38cefe96b158faf4ab4c7ca8228dc5aa702340,10,0.9020824432373047,The Triangle / For The Night,Drank In My Cup Freestyle,Justin Snow,Tha Joker (USA),2018,2012,rb,rap
479052,0b660c7c80a2f1b0473e11880a105e0b54281d61,106504,4235dca2fd2dc37e39fad43f70982bd11f431073,11,0.8998787999153137,The Triangle / For The Night,Side Bitch Issues,Justin Snow,Brandon Beal,2018,2014,rb,pop
479052,0b660c7c80a2f1b0473e11880a105e0b54281d61,481297,39d9aa0294c20f424760b464423183e23eb14a01,12,0.9040648937225342,The Triangle / For The Night,Your Bitch,Justin Snow,Jay Hype,2018,2016,rb,rap
479052,0b660c7c80a2f1b0473e11880a105e0b54281d61,466849,dde4c3c42a609c1ceb277022bb7bf1186db02337,13,0.8867684006690979,The Triangle / For The Night,Lonely Remix,Justin Snow,August Alsina,2018,2019,rb,rap
479052,0b660c7c80a2f1b0473e11880a105e0b54281d61,149285,3a3f965c2d85985b339bc45db562430d520ebb84,14,0.9000300168991089,The Triangle / For The Night,Aunty Melody,Justin Snow,Sada Baby,2018,2019,rb,rap
479052,0b660c7c80a2f1b0473e11880a105e0b54281d61,22826,353ec55f8823dbcb6c915c0923bc2e1909373421,15,0.8989822864532471,The Triangle / For The Night,Words You Hear On a Sinking Ship,Justin Snow,SCHEMAPOSSE,2018,2015,rb,rap
479052,0b660c7c80a2f1b0473e11880a105e0b54281d61,115612,9b093c0c2b1373f33638be8d20838e618a1e8e22,16,0.8995587229728699,The Triangle / For The Night,Bipolar,Justin Snow,Cdot Honcho,2018,2019,rb,rap
479052,0b660c7c80a2f1b0473e11880a105e0b54281d61,508378,129cf84a4683243f934a1e731ba20a1f7936a36b,17,0.8929798603057861,The Triangle / For The Night,Call On Me,Justin Snow,Izaya Tiji,2018,2022,rb,rap
479052,0b660c7c80a2f1b0473e11880a105e0b54281d61,508449,e3c33358ddf189c0a7dfbb20c53af12e0ce27718,18,0.8950530886650085,The Triangle / For The Night,Where Your Girl At,Justin Snow,Pardison Fontaine,2018,2022,rb,rap
479052,0b660c7c80a2f1b0473e11880a105e0b54281d61,104255,f1322bd9e1a8708473e5d401a35b24849e268fe9,19,0.900734543800354,The Triangle / For The Night,Wiz Khalifa April,Justin Snow,Robb Bank$,2018,2012,rb,rap
479052,0b660c7c80a2f1b0473e11880a105e0b54281d61,26900,c848c85cd57de94a16871c54ba257cdb121efbdc,20,0.8977267742156982,The Triangle / For The Night,Planes August Alsina Remix,Justin Snow,Jeremih,2018,2015,rb,rb
303326,f60784760e1403374e2eaadfc174858d036d6d22,472311,6652832791286183a4c0f25ac3a720efbcb6cc9a,1,0.8931682705879211,Right Here Waiting,Wherever You Are,Monica,Isaac Hayes,1999,1980,rb,rb
303326,f60784760e1403374e2eaadfc174858d036d6d22,381022,d7a51dece724863c9db15e5f3cb5298d888a08d4,2,0.8793792724609375,Right Here Waiting,Aint We Rich,Monica,Prof,1999,2020,rb,rap
303326,f60784760e1403374e2eaadfc174858d036d6d22,434319,f4a88ec34688d3ea4b2694b084c945dde9ff820c,3,0.8764434456825256,Right Here Waiting,Someday,Monica,We Are Harlot,1999,2015,rb,rock
303326,f60784760e1403374e2eaadfc174858d036d6d22,301311,e9cad4bff6d576695e32c6f6321365bdce4d0a9e,4,0.8760192394256592,Right Here Waiting,Snow Outside,Monica,Dave Matthews Band,1999,2012,rb,rock
303326,f60784760e1403374e2eaadfc174858d036d6d22,68684,56a063c752899f1f6264369363c9f0b5ea1b67d4,5,0.8765202164649963,Right Here Waiting,No More,Monica,Jeremih & Shlohmo,1999,2014,rb,pop
303326,f60784760e1403374e2eaadfc174858d036d6d22,445098,f62bb0bdc6dc52a5350d3f82c2076928e01e719c,6,0.8714832067489624,Right Here Waiting,Rolls Along,Monica,Hare,1999,2018,rb,pop
303326,f60784760e1403374e2eaadfc174858d036d6d22,467130,56fda644064f73d65e3610ea0c82b0706bf020d9,7,0.8671807050704956,Right Here Waiting,Alone Again,Monica,Betty Who,1999,2014,rb,pop
303326,f60784760e1403374e2eaadfc174858d036d6d22,233108,a6e661b456a7933b02a00b0ea5ddeafb3d1b8c68,8,0.8763571977615356,Right Here Waiting,Pop It Off,Monica,DJ Trademark,1999,2017,rb,pop
303326,f60784760e1403374e2eaadfc174858d036d6d22,483336,3eb0c3e8edccbd8cb193e70efd052c18829e67fd,9,0.8717865943908691,Right Here Waiting,Goodbye Song,Monica,Sara Bareilles,1999,2017,rb,pop
303326,f60784760e1403374e2eaadfc174858d036d6d22,11296,8bec2a13b6c81fd3bbabd3f54fbd62dc63193a4e,10,0.8671370148658752,Right Here Waiting,Whenever You Call,Monica, (ARASHI),1999,2020,rb,pop
303326,f60784760e1403374e2eaadfc174858d036d6d22,436062,50445cf00a49ea8e11aecebd46e1a1526c10d9ca,11,0.8734647631645203,Right Here Waiting,Ill Wait For You To Come Home,Monica,Stevie Wonder,1999,2018,rb,rb
303326,f60784760e1403374e2eaadfc174858d036d6d22,448288,f70520915afbb39c61055380f35c5f3143762f3e,12,0.883582353591919,Right Here Waiting,Second Guessing,Monica,Joe Trufant,1999,2015,rb,rb
303326,f60784760e1403374e2eaadfc174858d036d6d22,248120,b3b9f1a9605b099daeef48cfc140fd1ca2313c63,13,0.8639185428619385,Right Here Waiting,Lucky Rain,Monica,Tia Ray (),1999,2018,rb,pop
303326,f60784760e1403374e2eaadfc174858d036d6d22,138956,ccba28fcd95ab3cf433d0169de5f32247cf982bc,14,0.8640620708465576,Right Here Waiting,So Far Away,Monica,Mary Lambert,1999,2014,rb,pop
303326,f60784760e1403374e2eaadfc174858d036d6d22,64403,899aec528fe51bb06508c7002eac7cbe11aedc12,15,0.8814688324928284,Right Here Waiting,Next To You,Monica,John Vincent III,1999,2018,rb,pop
303326,f60784760e1403374e2eaadfc174858d036d6d22,208846,047500a8065b34439d83b7b472cf03a84a1fa97e,16,0.8727407455444336,Right Here Waiting,Near Or Far,Monica,Us The Duo,1999,2012,rb,pop
303326,f60784760e1403374e2eaadfc174858d036d6d22,512056,88ffb1dd5de9f8c1d655f82b686f5dca46a8ce0e,17,0.8580960035324097,Right Here Waiting,Across The Sea,Monica,Cody Simpson,1999,2022,rb,pop
303326,f60784760e1403374e2eaadfc174858d036d6d22,343210,3d54399dbad4ae228590f3f248e6a6e8da0fbf48,18,0.8599252700805664,Right Here Waiting,Right Here Next to You,Monica,Jon Nrgaard,1999,2002,rb,pop
303326,f60784760e1403374e2eaadfc174858d036d6d22,177084,2e71acefe07ef940a4e04e98b2251fc32c4ee403,19,0.8546717166900635,Right Here Waiting,What Are You Waiting For,Monica,Jacob Latimore,1999,2013,rb,rap
303326,f60784760e1403374e2eaadfc174858d036d6d22,486400,34628676e3b21e233eb6f1b87e8d339df3879437,20,0.8738073110580444,Right Here Waiting,All Im Thinking Of,Monica,Tyrone Wells,1999,2010,rb,pop
199659,f98136bb9cb5dd8dce2e124dc54bb8d01c457458,321785,0b5b1b14e5cfaad31db2625456a5ae3edc5c14a1,1,0.8806958198547363,I Know Why The Caged Bird Sings,Lovebird,Nicotine,Leona Lewis,2017,2012,rb,pop
199659,f98136bb9cb5dd8dce2e124dc54bb8d01c457458,203830,58f6ca86961d2954e99280d818eea107a4f1a984,2,0.876776933670044,I Know Why The Caged Bird Sings,Green Finch and Linnett Bird,Nicotine,Jayne Wisener,2017,2007,rb,pop
199659,f98136bb9cb5dd8dce2e124dc54bb8d01c457458,237474,947b61f5b5bb8bddf2af1f7ed8c632efde2abf14,3,0.8755382299423218,I Know Why The Caged Bird Sings,Soul Song,Nicotine,Micah Tyler,2017,2017,rb,pop
199659,f98136bb9cb5dd8dce2e124dc54bb8d01c457458,332801,210e30e82aec4a66637e55ccd8d66dd4338f142f,4,0.8681094646453857,I Know Why The Caged Bird Sings,Neon Epitaph,Nicotine,Katatonia,2017,2020,rb,rock
199659,f98136bb9cb5dd8dce2e124dc54bb8d01c457458,26682,1f39922fba112317913e75af2a47e3dfae09eedb,5,0.8740215301513672,I Know Why The Caged Bird Sings,Acolyte,Nicotine,"Slaughter Beach, Dog",2017,2017,rb,rock
199659,f98136bb9cb5dd8dce2e124dc54bb8d01c457458,364044,4d25fa01c0c5def3597e60d5bd27959aa5495a03,6,0.8310748338699341,I Know Why The Caged Bird Sings,The Crow and the Cradle,Nicotine,Pete Seeger,2017,1961,rb,pop
199659,f98136bb9cb5dd8dce2e124dc54bb8d01c457458,451778,07bafec02cb370160ad0d8c4ea2f4ed08683c80d,7,0.8501536846160889,I Know Why The Caged Bird Sings,The Sun Is a Very Magic Fellow,Nicotine,Donovan,2017,1968,rb,pop
199659,f98136bb9cb5dd8dce2e124dc54bb8d01c457458,360675,9ac3c62c61b438fe60f809a69109a9d68fb3ce8c,8,0.8444236516952515,I Know Why The Caged Bird Sings,Blues in the Night,Nicotine,Ella Fitzgerald,2017,1958,rb,pop
199659,f98136bb9cb5dd8dce2e124dc54bb8d01c457458,328355,636936447fa74e875dfeb2957d04ad684a38b8d0,9,0.8603273630142212,I Know Why The Caged Bird Sings,Lullaby Of The Crucified,Nicotine,Alesana,2017,2011,rb,rock
199659,f98136bb9cb5dd8dce2e124dc54bb8d01c457458,290630,6138c9cb3aa992a50c9bd24e0ab91c81bd8462b5,10,0.8527047634124756,I Know Why The Caged Bird Sings,Neck of the Woods,Nicotine,Maisie Peters,2017,2021,rb,pop
199659,f98136bb9cb5dd8dce2e124dc54bb8d01c457458,447557,fc714abd0e61ddc83a1f46348828256aad3a2568,11,0.8439084887504578,I Know Why The Caged Bird Sings,The Brute Choir,Nicotine,Palace Music,2017,1995,rb,pop
199659,f98136bb9cb5dd8dce2e124dc54bb8d01c457458,156127,53e12a96c82473205bb0aa4b46014ec439156864,12,0.8598194122314453,I Know Why The Caged Bird Sings,Transcendental Youth,Nicotine,The Mountain Goats,2017,2012,rb,rock
199659,f98136bb9cb5dd8dce2e124dc54bb8d01c457458,374029,9568e7ef3f189969c88102fb06fcb7b3adf3b0d2,13,0.857666015625,I Know Why The Caged Bird Sings,Lonesome,Nicotine,Ruen Brothers,2017,2020,rb,rock
199659,f98136bb9cb5dd8dce2e124dc54bb8d01c457458,313887,cfbb015711e8cecedc4f6e4d2d74c5a1b808ab81,14,0.8618240356445312,I Know Why The Caged Bird Sings,Dont,Nicotine,Jewel,2017,1995,rb,pop
199659,f98136bb9cb5dd8dce2e124dc54bb8d01c457458,189533,8520b174ad735f89936cc5f6a9b427afd85a820d,15,0.8661421537399292,I Know Why The Caged Bird Sings,Sing Me to Sleep,Nicotine,KING 810,2017,2019,rb,rock
199659,f98136bb9cb5dd8dce2e124dc54bb8d01c457458,212406,4ac5c95fc698c1952ee9bd69e5b4093d8563915f,16,0.8360364437103271,I Know Why The Caged Bird Sings,Blessed Burden,Nicotine,Defeater,2017,2008,rb,rock
199659,f98136bb9cb5dd8dce2e124dc54bb8d01c457458,28821,36ffeb64bc5b9e2c150b767e2a192fdec2ea7d4c,17,0.8563605546951294,I Know Why The Caged Bird Sings,Dont Ever Leave Me,Nicotine,K-Young,2017,2015,rb,pop
199659,f98136bb9cb5dd8dce2e124dc54bb8d01c457458,86441,de11a15184815e23b4d10e4224ed328f6bab4c12,18,0.8631881475448608,I Know Why The Caged Bird Sings,Sparrow,Nicotine,Tom Odell,2017,2016,rb,pop
199659,f98136bb9cb5dd8dce2e124dc54bb8d01c457458,492905,3a7471df9c57041f97972d7ba7b5b1651c7d7d8c,19,0.8585721254348755,I Know Why The Caged Bird Sings,You Can Close Your Eyes,Nicotine,Linda Ronstadt,2017,1974,rb,rock
199659,f98136bb9cb5dd8dce2e124dc54bb8d01c457458,134493,b8164df66685f74ac126ba03b115d529da6dbcef,20,0.8615242838859558,I Know Why The Caged Bird Sings,Shotgun Blues,Nicotine,Volbeat,2017,2021,rb,rock
63214,9ece3c419723dea4934a9fae7c1902ff639693bd,213375,5648c37d7622378eb8b040d502fd0d7d10f1efea,1,0.8688816428184509,Youre Sexy Im Sexy,I Want You,Eric Nam,After 7,2019,2016,rb,rb
63214,9ece3c419723dea4934a9fae7c1902ff639693bd,237887,c09156a8578c9d38e43151ce9193df7378da69c6,2,0.8506731986999512,Youre Sexy Im Sexy,Say Yeah,Eric Nam,Miraa May,2019,2020,rb,rap
63214,9ece3c419723dea4934a9fae7c1902ff639693bd,417103,47a67ec0846eb4d624cb40e71387301db13ed41d,3,0.8637464642524719,Youre Sexy Im Sexy,Angel Eyes,Eric Nam,Fern. (PH),2019,2020,rb,rb
63214,9ece3c419723dea4934a9fae7c1902ff639693bd,176860,9321d8065d6a65ef1a2ce03565fcd2c656c45b0f,4,0.8601438999176025,Youre Sexy Im Sexy,Heartbreaker,Eric Nam,Loc Nottet,2019,2020,rb,pop
63214,9ece3c419723dea4934a9fae7c1902ff639693bd,437555,327568a3ea7af9b6586e710e1ffcd777e112c068,5,0.8430280089378357,Youre Sexy Im Sexy,Nobody But You,Eric Nam,Dee Clark,2019,1959,rb,pop
63214,9ece3c419723dea4934a9fae7c1902ff639693bd,449588,1471b06fb9905eaebc0844234e2a03430d6289b7,6,0.8533016443252563,Youre Sexy Im Sexy,Sleepy Eyes,Eric Nam,The Aces,2019,2021,rb,pop
63214,9ece3c419723dea4934a9fae7c1902ff639693bd,90301,4b5985902090c4f18011bcefb83a55054debe3ed,7,0.8537387847900391,Youre Sexy Im Sexy,All I See Is You,Eric Nam,Meaku,2019,2015,rb,rb
63214,9ece3c419723dea4934a9fae7c1902ff639693bd,9200,e6a294fac317217cad78abb4523f598748a72abd,8,0.8358482122421265,Youre Sexy Im Sexy,Want to Want Me,Eric Nam,Jason Derulo,2019,2015,rb,pop
63214,9ece3c419723dea4934a9fae7c1902ff639693bd,35687,28baa03c3a27cb8da5190eb0f0e0d20fa5e6554c,9,0.8241799473762512,Youre Sexy Im Sexy,Let It Bleed,Eric Nam,The Rolling Stones,2019,1969,rb,rock
63214,9ece3c419723dea4934a9fae7c1902ff639693bd,37069,d74688de1cd59a42ff179254a7254129407d95f7,10,0.8389251828193665,Youre Sexy Im Sexy,773 Love,Eric Nam,Jeremih,2019,2012,rb,rap
63214,9ece3c419723dea4934a9fae7c1902ff639693bd,383016,8ebbf58a3698caa0d382ccce0460abc1ff8aa8d1,11,0.8526904582977295,Youre Sexy Im Sexy,Me  U,Eric Nam,VEDO,2019,2021,rb,rb
63214,9ece3c419723dea4934a9fae7c1902ff639693bd,141330,772637b24249ebb907972617135308af60cc2c18,12,0.8587484359741211,Youre Sexy Im Sexy,Like This and Like That,Eric Nam,Monica,2019,1996,rb,rb
63214,9ece3c419723dea4934a9fae7c1902ff639693bd,193760,3782e50c5762baa13e5a53ae6b7b71156d733c42,13,0.8570163249969482,Youre Sexy Im Sexy,I Want You,Eric Nam,Summer Camp,2019,2011,rb,pop
63214,9ece3c419723dea4934a9fae7c1902ff639693bd,93076,8bb3c439fb09bfbf31d0591e629c2f4a4c3d5132,14,0.8471312522888184,Youre Sexy Im Sexy,Touch Me,Eric Nam,Chris Brown,2019,2012,rb,rb
63214,9ece3c419723dea4934a9fae7c1902ff639693bd,263161,6a4035cc41c4e6edb3d89e10573f178acc6db33f,15,0.8499200344085693,Youre Sexy Im Sexy,Gidi Girl,Eric Nam,Wizkid,2019,2010,rb,pop
63214,9ece3c419723dea4934a9fae7c1902ff639693bd,226139,ab21d08cf10d7e4fbfdcdcac67c0a378e7a376ce,16,0.8319968581199646,Youre Sexy Im Sexy,Youre The One That I Want,Eric Nam,Olivia Newton-John,2019,2015,rb,pop
63214,9ece3c419723dea4934a9fae7c1902ff639693bd,112239,527ddd319d1355ec23dc07bd343c17ae61b2c20b,17,0.8510225415229797,Youre Sexy Im Sexy,I Really Wanna Know You,Eric Nam,Jagged Edge,2019,2015,rb,pop
63214,9ece3c419723dea4934a9fae7c1902ff639693bd,24498,797593c4b9c94760b23a9535f6480ef71c27dae7,18,0.855423092842102,Youre Sexy Im Sexy,I Want It To Be You,Eric Nam,Tatiana Manaois,2019,2015,rb,pop
63214,9ece3c419723dea4934a9fae7c1902ff639693bd,277285,402f257ccd33c082d4665cb816bc121c3df23f47,19,0.8484862446784973,Youre Sexy Im Sexy,I Want You,Eric Nam,Trey Songz,2019,2013,rb,rap
63214,9ece3c419723dea4934a9fae7c1902ff639693bd,330975,6c92c2ef07388bc8fad8b08555111140cc51188e,20,0.8391223549842834,Youre Sexy Im Sexy,Alone With Me,Eric Nam,Cher Lloyd,2019,2014,rb,pop
268052,05ded3f172ce4de7e520eebf5eec97aee3f56e47,448869,5b1e27ad9d90ca6dcebd543f62b2e27fe18aa86d,1,0.8420844674110413,Ghost,Dear Rose Im Haunted,Johnny Stimson,Drawn To The Sky,2017,2020,rb,pop
268052,05ded3f172ce4de7e520eebf5eec97aee3f56e47,225965,8a7ef767b8b227c85ae8cf807aba79ba4235617f,2,0.8269436955451965,Ghost,Closer,Johnny Stimson,Rae Morris,2017,2014,rb,pop
268052,05ded3f172ce4de7e520eebf5eec97aee3f56e47,332891,13e597edc224ba4e9e6002fe8a4e26c4a1bc27de,3,0.8186679482460022,Ghost,Things Still Left To Say,Johnny Stimson,Mal Blum,2017,2019,rb,rock
268052,05ded3f172ce4de7e520eebf5eec97aee3f56e47,454073,9f05f37948c6f13f9ecddd217b9c169c55fd69e3,4,0.8051878213882446,Ghost,When Youre Gone,Johnny Stimson,Message To Bears,2017,2016,rb,pop
268052,05ded3f172ce4de7e520eebf5eec97aee3f56e47,153462,832175073884932750df7197018bf701ee4584de,5,0.8373171091079712,Ghost,Another Now,Johnny Stimson,Kate Alexa,2017,2007,rb,pop
268052,05ded3f172ce4de7e520eebf5eec97aee3f56e47,83572,0f6aea486f956a987e7339ffd11cdc9d13b77384,6,0.8038632869720459,Ghost,Strangers,Johnny Stimson,Seven Lions,2017,2013,rb,pop
268052,05ded3f172ce4de7e520eebf5eec97aee3f56e47,140956,3b4d718053b0a8fa824a790b9f2c2bc38bd724d1,7,0.813124418258667,Ghost,​sinew,Johnny Stimson,Purity Ring,2017,2020,rb,pop
268052,05ded3f172ce4de7e520eebf5eec97aee3f56e47,265065,de619d41581831e6f50033764a6b575343a292ae,8,0.8233135938644409,Ghost,Skyline,Johnny Stimson,Karma Fields,2017,2015,rb,pop
268052,05ded3f172ce4de7e520eebf5eec97aee3f56e47,405335,505d14406dae353ac554c80efed136e8d16352b6,9,0.8128482103347778,Ghost,Place,Johnny Stimson,Mar (NLD),2017,2017,rb,pop
268052,05ded3f172ce4de7e520eebf5eec97aee3f56e47,181993,8f65a6fa0b14f60e9d604ebb47eb59463c46eeca,10,0.833337664604187,Ghost,Memories,Johnny Stimson,Palisades,2017,2017,rb,rock
268052,05ded3f172ce4de7e520eebf5eec97aee3f56e47,505991,dbb5f86c89cd25169a18f8cc4de3d3a16dc77455,11,0.8056267499923706,Ghost,I Disappear When You’re Near,Johnny Stimson,A Place to Bury Strangers,2017,2022,rb,rock
268052,05ded3f172ce4de7e520eebf5eec97aee3f56e47,418943,c13243a9b98930153c6963a4401346cfff224660,12,0.823038637638092,Ghost,December 2 Chapter Vii,Johnny Stimson,Taken By Cars,2017,2008,rb,pop
268052,05ded3f172ce4de7e520eebf5eec97aee3f56e47,178393,22a3ccf7d5b5dff216db82800e5f103b28905bf4,13,0.8364611268043518,Ghost,So Long,Johnny Stimson,Powfu,2017,2018,rb,rap
268052,05ded3f172ce4de7e520eebf5eec97aee3f56e47,203659,e2585f9642ab0f1673b8febd339818c0c1f31091,14,0.836774468421936,Ghost,In My Head,Johnny Stimson,Far Places,2017,2017,rb,pop
268052,05ded3f172ce4de7e520eebf5eec97aee3f56e47,166438,1aa0932d3c5195799fa34eab965f5f465966e72f,15,0.8098517060279846,Ghost,Carolina Coast,Johnny Stimson,Aaron West & the Roaring Twenties,2017,2014,rb,rock
268052,05ded3f172ce4de7e520eebf5eec97aee3f56e47,234273,7c1e8d7026ff1877088f3c33fcd661f1c85cf591,16,0.8198206424713135,Ghost,TAKE ME,Johnny Stimson,Gideon,2017,2019,rb,rock
268052,05ded3f172ce4de7e520eebf5eec97aee3f56e47,469751,d6980c8c3ba3c7746fd680983cd40a2c3aff1e62,17,0.8171889781951904,Ghost,Light Years Away,Johnny Stimson,Tisto,2017,2014,rb,pop
268052,05ded3f172ce4de7e520eebf5eec97aee3f56e47,193607,494e6df5f2baecd88768907d6e00e2716e3cd427,18,0.8305016756057739,Ghost,Macaulay McCulkin,Johnny Stimson,The Fall of Troy,2017,2005,rb,rock
268052,05ded3f172ce4de7e520eebf5eec97aee3f56e47,497660,d21ba418d5d4483aeeed2c3daf90ec10d45696e1,19,0.8146219849586487,Ghost,Invisible Dress demo,Johnny Stimson,sanah,2017,2020,rb,pop
268052,05ded3f172ce4de7e520eebf5eec97aee3f56e47,493621,ed6542087d94c43bc0a6c8d18b9a7649d2050b02,20,0.8148901462554932,Ghost,If I Go Away,Johnny Stimson,Savatage,2017,1986,rb,pop
143167,05c369b6ec2105bb75835063c459493f44c754f7,162289,2c6ef3a5ed899d0f08ce349c6082c33230dbfecf,1,0.9003336429595947,​come over,Come Go with Me,12AM,Teddy Pendergrass,2020,1979,rb,rb
143167,05c369b6ec2105bb75835063c459493f44c754f7,266613,2d689849b21cd1fddbb08dd294991d59e2650db4,2,0.869796633720398,​come over,Come Over Again,12AM,VanJess,2020,2021,rb,rb
143167,05c369b6ec2105bb75835063c459493f44c754f7,120615,c101f262e7a9a2d7f28584b62c4c745fba16c8a3,3,0.8730281591415405,​come over,If Youre Over Me Remix,12AM,Years & Years,2020,2018,rb,pop
143167,05c369b6ec2105bb75835063c459493f44c754f7,41440,1590ca9c6cbc5bbc382ea7f061ae0b61949f2649,4,0.8903082609176636,​come over,Feenin,12AM,Lyrica Anderson,2020,2014,rb,rb
143167,05c369b6ec2105bb75835063c459493f44c754f7,24962,0a2fe1333f4a87d5aea069295fab2f7a03fb0a02,5,0.8795990943908691,​come over,Last Time,12AM,GIVON,2020,2020,rb,rb
143167,05c369b6ec2105bb75835063c459493f44c754f7,147355,e209d71b96e3b05a872c3ef0e84d04dabae341a1,6,0.879637598991394,​come over,Moon Lit District,12AM,LVNDVN,2020,2017,rb,rb
143167,05c369b6ec2105bb75835063c459493f44c754f7,359880,dfae0e7db908a30a3983f3cda54b303a6f5eb67b,7,0.8766680359840393,​come over,Backroom,12AM,AGNEZ MO,2020,2017,rb,pop
143167,05c369b6ec2105bb75835063c459493f44c754f7,359792,9d91a2e7b6e1b05700f31d4e5e1d09500ffeffeb,8,0.8781406879425049,​come over,U Need,12AM,Noah Carter,2020,2018,rb,rap
143167,05c369b6ec2105bb75835063c459493f44c754f7,255613,9178898ce7bd80043e9da94c3dbd3f7373dc242c,9,0.8727375864982605,​come over,Come Over,12AM,Dagny,2020,2020,rb,pop
143167,05c369b6ec2105bb75835063c459493f44c754f7,207341,2dce9a2275e3946fb740cbe42b70f09efd0acf30,10,0.8780249357223511,​come over,Love Yourself Out of the Woods Roses Acoustic Mashup,12AM,Megan Davies,2020,2016,rb,pop
143167,05c369b6ec2105bb75835063c459493f44c754f7,449739,a0764a752bf64c755a0d7c011398b3438cc98981,11,0.875672459602356,​come over,Aaliyahs Interlude,12AM,Miles Ryan Harris,2020,2018,rb,rb
143167,05c369b6ec2105bb75835063c459493f44c754f7,74323,b1ee0e378c23dd97e086d9fb81815b200baed265,12,0.8695847988128662,​come over,Come Over,12AM,Ann Marie & Yung Bleu,2020,2020,rb,rb
143167,05c369b6ec2105bb75835063c459493f44c754f7,342178,7ea6faf21155b21f1a77100b760d185ecf03a772,13,0.8803516030311584,​come over,Friends Dont Let Friends,12AM,Joe,2020,2008,rb,rb
143167,05c369b6ec2105bb75835063c459493f44c754f7,476124,7afbdd90c2f855e8875db24d1fa473c11c4ee13a,14,0.8695186376571655,​come over,The Present,12AM,Bloc Party,2020,2005,rb,rock
143167,05c369b6ec2105bb75835063c459493f44c754f7,211505,74f6648afbfa9b07cbffbeae04fef2668689e755,15,0.8728017210960388,​come over,You Over Them,12AM,K. Cero,2020,2016,rb,rb
143167,05c369b6ec2105bb75835063c459493f44c754f7,128231,02c0943763f421377cd4f2f8d52cb8b5a425aa1d,16,0.8466441631317139,​come over,Over,12AM,R2Bees,2020,2017,rb,rap
143167,05c369b6ec2105bb75835063c459493f44c754f7,217456,28a57500045725184109abaefe8c2d6a641d5093,17,0.8502051830291748,​come over,Come On Over Baby All I Want Is You Radio Version,12AM,Christina Aguilera,2020,2000,rb,pop
143167,05c369b6ec2105bb75835063c459493f44c754f7,202522,5f2ff8eb3d39616700de8216c4fcd6f001df767f,18,0.8522003889083862,​come over,The Show Is Over,12AM,"Evelyn ""Champagne"" King",2020,1977,rb,rap
143167,05c369b6ec2105bb75835063c459493f44c754f7,41937,e70a81b7e66ec4d4d360103b46a65a804db59739,19,0.8683350682258606,​come over,Horizon,12AM,I.M (MONSTA X),2020,2019,rb,rap
143167,05c369b6ec2105bb75835063c459493f44c754f7,48454,acef8f221f3f6ff546160b5951e72bdb69c0566c,20,0.8669794797897339,​come over,Slept on You,12AM,Bryson Tiller,2020,2020,rb,rb
349222,dbeef1fbf63f4919398ff4c33ac63640bd399e12,89933,2dea4aa18c15d6bd33aa512c21392d0ed7671b65,1,0.9062498807907104,A Flat,Bout it Bout it,Staind,K.A.A.N.,1999,2015,rock,rap
349222,dbeef1fbf63f4919398ff4c33ac63640bd399e12,158174,2d3a75124f78203292cd9c7a2ac8d4df5892a608,2,0.9024031162261963,A Flat,Lie,Staind,Dream Theater,1999,1994,rock,rock
349222,dbeef1fbf63f4919398ff4c33ac63640bd399e12,222054,bf1d9d306d653a53981127b72e8efbd7d97106e7,3,0.9013852477073669,A Flat,My Heart In Your Hands,Staind,Breakdown of Sanity,1999,2009,rock,rock
349222,dbeef1fbf63f4919398ff4c33ac63640bd399e12,247098,3e5aec6ca0abef58172c112f46d0971e5032800b,4,0.8886198997497559,A Flat,October,Staind,Evanescence,1999,1998,rock,rock
349222,dbeef1fbf63f4919398ff4c33ac63640bd399e12,49826,58c911f1db99df0ff7aad79168bcb088073fcf80,5,0.9025613069534302,A Flat,Made of Stone,Staind,Alan Menken,1999,2016,rock,pop
349222,dbeef1fbf63f4919398ff4c33ac63640bd399e12,319602,5343b2a04721f74d3620a5c38bb3d9af802f18e0,6,0.898391842842102,A Flat,Blossom,Staind,Mayfield,1999,2018,rock,rock
349222,dbeef1fbf63f4919398ff4c33ac63640bd399e12,320590,d57b528240317245731a25704f99e6f29e0fb64a,7,0.9026292562484741,A Flat,I Dont Want to Hurt You,Staind,Aviators,1999,2017,rock,pop
349222,dbeef1fbf63f4919398ff4c33ac63640bd399e12,397532,20ffde70e7edaad77b6d07072461a296172f7c4d,8,0.8900940418243408,A Flat,Sunday School,Staind,NATAS,1999,1995,rock,rap
349222,dbeef1fbf63f4919398ff4c33ac63640bd399e12,438345,ebb247455aab752492a883f79f7820dab4a303d8,9,0.8925043940544128,A Flat,I Am No Good,Staind,Earth Caller,1999,2019,rock,rock
349222,dbeef1fbf63f4919398ff4c33ac63640bd399e12,153801,5134cef48a7ab527650ea03a11f9b92132e65b36,10,0.8980540633201599,A Flat,​demons  angels,Staind,shinigami,1999,2018,rock,rock
349222,dbeef1fbf63f4919398ff4c33ac63640bd399e12,140231,a3e1dc9934a3c2f6665df35a0d8cbca57609ad3a,11,0.8992836475372314,A Flat,Opheliac,Staind,Emilie Autumn,1999,2006,rock,pop
349222,dbeef1fbf63f4919398ff4c33ac63640bd399e12,167380,11ab91e0c84b4809d1161d14d10ccc81d7f5f783,12,0.9000592231750488,A Flat,Storm,Staind,iamjakehill,1999,2017,rock,rap
349222,dbeef1fbf63f4919398ff4c33ac63640bd399e12,129029,b235af35aa0f22711e397a5268c756cba5398bfe,13,0.896648645401001,A Flat,Cant Take That Away,Staind,Brother Ali,1999,2017,rock,rap
349222,dbeef1fbf63f4919398ff4c33ac63640bd399e12,237486,901f093ae77cda1570c30156312a12c4d6b32b18,14,0.9014880657196045,A Flat,Sincerely F You,Staind,Pardyalone,1999,2021,rock,rap
349222,dbeef1fbf63f4919398ff4c33ac63640bd399e12,36792,25d378e95e12d04b4307181d1bbbc0e55c099949,15,0.8919992446899414,A Flat,The Gold Phoebe Bridgers Version,Staind,Manchester Orchestra,1999,2018,rock,rock
349222,dbeef1fbf63f4919398ff4c33ac63640bd399e12,112057,7e02c26e81ea7045e8663b7de4ac9dcb900d664a,16,0.8811063170433044,A Flat,I’m Not Okay,Staind,Citizen Soldier,1999,2020,rock,rock
349222,dbeef1fbf63f4919398ff4c33ac63640bd399e12,510086,9520c37467b3023c6b18a131f265d7208e80734c,17,0.898296594619751,A Flat,​thread,Staind,blackwinterwells,1999,2022,rock,pop
349222,dbeef1fbf63f4919398ff4c33ac63640bd399e12,276719,004a9f6dc30032bcb11ddc83f375c2553dea9819,18,0.8952924013137817,A Flat,Hurts To Feel,Staind,PatricKxxLee,1999,2018,rock,rock
349222,dbeef1fbf63f4919398ff4c33ac63640bd399e12,271607,c7d39b9d1b6ac9d4293b1058c4a1601081daede3,19,0.884630560874939,A Flat,Through It All,Staind,Tamela Mann,1999,2016,rock,rb
349222,dbeef1fbf63f4919398ff4c33ac63640bd399e12,377750,29e1de782a5447d716bb5793f43a34f6fef2980a,20,0.9034459590911865,A Flat,All of Me,Staind,ASAP Preach,1999,2020,rock,rap
159319,cab71e599187b697d97ed4f3ac57767e54a9b921,77930,6f2525aa63f9f8190b3035a5910c9220f532517b,1,0.8701516389846802,Dialogue I Want to Be Alone,Holiday / Boulevard of Broken Dreams,Jackson C. Frank,Green Day,1965,2004,rock,rock
159319,cab71e599187b697d97ed4f3ac57767e54a9b921,422735,82b3f58f60887b4e02f9b6f40433bf79de791368,2,0.8588336706161499,Dialogue I Want to Be Alone,Goodbye,Jackson C. Frank,Rachel Lorin,1965,2021,rock,pop
159319,cab71e599187b697d97ed4f3ac57767e54a9b921,211421,b58700eae4811c0fd077ff964675294adebd89a3,3,0.8527153730392456,Dialogue I Want to Be Alone,Nothing to Forget,Jackson C. Frank,The Dillinger Escape Plan,1965,2016,rock,rock
159319,cab71e599187b697d97ed4f3ac57767e54a9b921,297469,d31518c7590cb54f3c0da2476c0df6c65afde6bb,4,0.8500787615776062,Dialogue I Want to Be Alone,Home of a Heart The Woods,Jackson C. Frank,The Lemon Twigs,1965,2018,rock,rock
159319,cab71e599187b697d97ed4f3ac57767e54a9b921,232221,329ab6ebecb3a0bc1378233da1b4fc769ca83585,5,0.8563827276229858,Dialogue I Want to Be Alone,Ultimata,Jackson C. Frank,ERRA,1965,2018,rock,rock
159319,cab71e599187b697d97ed4f3ac57767e54a9b921,256316,fcab9d688eb677fccbb90677ee8881a0ec5bfad1,6,0.8439351320266724,Dialogue I Want to Be Alone,Alone,Jackson C. Frank,Selah Sue,1965,2014,rock,rb
159319,cab71e599187b697d97ed4f3ac57767e54a9b921,490183,e4b1ff715a18cf366abc852680cf9b707f254ab5,7,0.8623244762420654,Dialogue I Want to Be Alone,Another World,Jackson C. Frank,Beborn Beton,1965,1997,rock,pop
159319,cab71e599187b697d97ed4f3ac57767e54a9b921,324501,c677d4da0a4ead0452e2ff0582fb0e1980abb8fc,8,0.8588061332702637,Dialogue I Want to Be Alone,Year of the Horse,Jackson C. Frank,Pacific Purgatory,1965,2020,rock,pop
159319,cab71e599187b697d97ed4f3ac57767e54a9b921,514661,71b192051b39b1a0f5948ecd9db105a26bc4d226,9,0.8445436954498291,Dialogue I Want to Be Alone,Sea of Fire,Jackson C. Frank,Nocturna,1965,2022,rock,rock
159319,cab71e599187b697d97ed4f3ac57767e54a9b921,389719,fc33fdc248a170ce78f747ac0038fa72720242a0,10,0.8374079465866089,Dialogue I Want to Be Alone,The Worlds Most Broken Person,Jackson C. Frank,Wishing,1965,2020,rock,pop
159319,cab71e599187b697d97ed4f3ac57767e54a9b921,373030,78cc9d1f79ba2bf9e7b18e6b097449e7f0b7da42,11,0.8577122688293457,Dialogue I Want to Be Alone,You,Jackson C. Frank,Dynamic Duo  Chen,1965,2020,rock,rap
159319,cab71e599187b697d97ed4f3ac57767e54a9b921,221237,63f4dbe294218f0316e3bfab4728a2d83a91f0f3,12,0.8605266809463501,Dialogue I Want to Be Alone,Loneliness,Jackson C. Frank,Flobots,1965,2012,rock,rap
159319,cab71e599187b697d97ed4f3ac57767e54a9b921,316190,7f1870f0b4bccac57334d60fc5fdec2bf6e242f7,13,0.8662294149398804,Dialogue I Want to Be Alone,As If It Never Was,Jackson C. Frank,Invent Animate,1965,2021,rock,rock
159319,cab71e599187b697d97ed4f3ac57767e54a9b921,184065,d248002babc050a3062075eb58b5e024c077b365,14,0.8415706753730774,Dialogue I Want to Be Alone,Every Beat of My Heart,Jackson C. Frank,Rod Stewart,1965,1986,rock,pop
159319,cab71e599187b697d97ed4f3ac57767e54a9b921,139811,1a54e859f642468b4fc00c448bd98ee6956f68cb,15,0.8648819327354431,Dialogue I Want to Be Alone,Angels Dont Fly,Jackson C. Frank,Doobie,1965,2019,rock,rap
159319,cab71e599187b697d97ed4f3ac57767e54a9b921,452009,7f7a468452b8b8cbe6d8684e314bf0dc0efcc95e,16,0.8512080907821655,Dialogue I Want to Be Alone,Alone,Jackson C. Frank,Smile Empty Soul,1965,2017,rock,rock
159319,cab71e599187b697d97ed4f3ac57767e54a9b921,66645,f6306211607cde47a659375071aedc6cfeec986f,17,0.8513609766960144,Dialogue I Want to Be Alone,​the lonely,Jackson C. Frank,Christina Perri,1965,2011,rock,rock
159319,cab71e599187b697d97ed4f3ac57767e54a9b921,478229,c564c177ebe559f35bc9d297be5fa9473b4917ef,18,0.8510979413986206,Dialogue I Want to Be Alone,Battles,Jackson C. Frank,Axe,1965,1979,rock,rock
159319,cab71e599187b697d97ed4f3ac57767e54a9b921,396727,eac89df7c90b8f91a9ac37ede4044cd14dccfa6c,19,0.8641079068183899,Dialogue I Want to Be Alone,​när de du älskar kommer tillbaka från de döda,Jackson C. Frank,Vildhjarta,1965,2021,rock,rock
159319,cab71e599187b697d97ed4f3ac57767e54a9b921,300902,c46bd776452aa2473f7fc8f2631ca3f2d60635f8,20,0.8565270304679871,Dialogue I Want to Be Alone,Give Your Heart A Home,Jackson C. Frank,Don Francisco,1965,1981,rock,pop
7904,6c1150be75bb1df12453c1f91aa7a2b9a66d9d82,396087,0bc15cfaefad9efe2e40584736f72c8705b96621,1,0.9054844379425049,Hallelujah,Aleluya,Panic! at the Disco,Maverick City Musica,2015,2021,rock,pop
7904,6c1150be75bb1df12453c1f91aa7a2b9a66d9d82,2349,654b78a93d4d76075a9eaa266dff678ed8ea4fdf,2,0.8925560712814331,Hallelujah,Hallelujah,Panic! at the Disco,Jeff Buckley,2015,1994,rock,rock
7904,6c1150be75bb1df12453c1f91aa7a2b9a66d9d82,18932,6884f22446028aaa8f0295522c2f59218955459f,3,0.8758034706115723,Hallelujah,Hum Hallelujah,Panic! at the Disco,Fall Out Boy,2015,2007,rock,rock
7904,6c1150be75bb1df12453c1f91aa7a2b9a66d9d82,241889,1b280fd4f3bff4bd9271075b5e74645740e5e13d,4,0.8692314624786377,Hallelujah,Hallelujah,Panic! at the Disco,Pdot O,2015,2021,rock,rap
7904,6c1150be75bb1df12453c1f91aa7a2b9a66d9d82,208227,1e18dc040383cf3f7ca8d89dff525afd7b478426,5,0.8827191591262817,Hallelujah,Saving Grace Theme,Panic! at the Disco,Everlast,2015,2015,rock,pop
7904,6c1150be75bb1df12453c1f91aa7a2b9a66d9d82,330960,c759ffd3250b10446e9cd12ccdb04c30e8a902f2,6,0.845789909362793,Hallelujah,Sink or Sing,Panic! at the Disco,McFly,2015,2020,rock,pop
7904,6c1150be75bb1df12453c1f91aa7a2b9a66d9d82,398972,7cfe0c095786ba3a77460b0756435343a56e140e,7,0.8793478012084961,Hallelujah,Sanctuary,Panic! at the Disco,Paradise Fears,2015,2010,rock,misc
7904,6c1150be75bb1df12453c1f91aa7a2b9a66d9d82,505573,8433b9d5534982a3e31706242de6e436a5f3dcba,8,0.8707427382469177,Hallelujah,主人公 Main Character,Panic! at the Disco,たかやん Takayan,2015,2022,rock,pop
7904,6c1150be75bb1df12453c1f91aa7a2b9a66d9d82,419295,e1e3d4145191f4d841b50f4983bd698ec2d59b8e,9,0.8845233917236328,Hallelujah,I Need a Hallelujah,Panic! at the Disco,Austin French,2015,2018,rock,pop
7904,6c1150be75bb1df12453c1f91aa7a2b9a66d9d82,286208,65a5dac2b6152e2232f21b3379d01c444319627d,10,0.878790020942688,Hallelujah,Phone Call to God,Panic! at the Disco,Brett Eldredge,2015,2017,rock,pop
7904,6c1150be75bb1df12453c1f91aa7a2b9a66d9d82,7774,a2de6601547093dbe9bb35a34f82ae3d54b92813,11,0.8707661628723145,Hallelujah,Afire Love,Panic! at the Disco,Ed Sheeran,2015,2014,rock,pop
7904,6c1150be75bb1df12453c1f91aa7a2b9a66d9d82,145964,a042a494fe5a28e54111c5e719eacf4114de822a,12,0.8860896825790405,Hallelujah,Jesus,Panic! at the Disco,cupcakKe,2015,2016,rock,rap
7904,6c1150be75bb1df12453c1f91aa7a2b9a66d9d82,344770,58cd2e8b18e6fafdd048f91c1f2e435591b044e6,13,0.8527857661247253,Hallelujah,Hallelujah Anyway,Panic! at the Disco,Ruston Kelly,2015,2020,rock,country
7904,6c1150be75bb1df12453c1f91aa7a2b9a66d9d82,260512,7210a85fdf75e2f5d8d4087b710d85f4ffdf38b2,14,0.8644236326217651,Hallelujah,The Courtyard,Panic! at the Disco,LOLO,2015,2016,rock,pop
7904,6c1150be75bb1df12453c1f91aa7a2b9a66d9d82,403840,199d34f8f4596f955995f2d4d9c168846f7cb9aa,15,0.873286247253418,Hallelujah,I Will Sing,Panic! at the Disco,Kari Jobe,2015,2017,rock,pop
7904,6c1150be75bb1df12453c1f91aa7a2b9a66d9d82,454,3d3c354326a98e787f54234b6ce945454c8218a0,16,0.8724530339241028,Hallelujah,Supermarket Flowers,Panic! at the Disco,Ed Sheeran,2015,2017,rock,pop
7904,6c1150be75bb1df12453c1f91aa7a2b9a66d9d82,397582,ce6cf2894ff481860f1f32672ce74495c4b6aeee,17,0.8947196006774902,Hallelujah,Hallelujah You Are Good,Panic! at the Disco,Steven Curtis Chapman,2015,2016,rock,pop
7904,6c1150be75bb1df12453c1f91aa7a2b9a66d9d82,298082,9b3b64393d87808c5efb664daf9655c88b0d291c,18,0.8790355920791626,Hallelujah,Anyhow,Panic! at the Disco,Tye Tribbett,2015,2020,rock,pop
7904,6c1150be75bb1df12453c1f91aa7a2b9a66d9d82,498658,96f73bdeb74ebfdeda914a3321f6c392aaa67f2a,19,0.8752907514572144,Hallelujah,Hallelujah,Panic! at the Disco,CONF3SSIONS,2015,2022,rock,pop
7904,6c1150be75bb1df12453c1f91aa7a2b9a66d9d82,50640,5f4a22a125acd3498c0f304bc1835fa99d4f537d,20,0.873214066028595,Hallelujah,My Everything,Panic! at the Disco,Owl City,2015,2015,rock,pop
115668,c8119e4573230d40d040800b925161373842e714,386497,1a998d0b3bd1739c03e1d421d9b1d80e0e188463,1,0.867042601108551,Death Is Not the End,Death Is Certain Life Is Not,Nick Cave & The Bad Seeds,Dark Angel,1996,1986,rock,rock
115668,c8119e4573230d40d040800b925161373842e714,169651,0e26da147b05d93360f70a874004807b4d803405,2,0.8323917388916016,Death Is Not the End,Six Feet Closer to Hell,Nick Cave & The Bad Seeds,Carnifex,1996,2016,rock,rock
115668,c8119e4573230d40d040800b925161373842e714,481030,26e098beea8960aadad279155515a6b715824e77,3,0.8431614637374878,Death Is Not the End,The End Complete,Nick Cave & The Bad Seeds,Obituary,1996,1992,rock,rock
115668,c8119e4573230d40d040800b925161373842e714,175707,3b2c22d5e33a751ec3d18f32bc54b9c3543d1607,4,0.8259819149971008,Death Is Not the End,Doomsday Piano Reprise,Nick Cave & The Bad Seeds,Architects,1996,2018,rock,rock
115668,c8119e4573230d40d040800b925161373842e714,474263,6b5fdbe174a54f5f423297f92525398cf322246d,5,0.8348170518875122,Death Is Not the End,Dying World,Nick Cave & The Bad Seeds,Subhumans (UK),1996,1983,rock,rock
115668,c8119e4573230d40d040800b925161373842e714,237619,e51e9cf5a2d87850822fa7fd1a6795c641c621b4,6,0.8123303651809692,Death Is Not the End,Welcome to Hell,Nick Cave & The Bad Seeds,Mono Inc.,1996,2018,rock,rock
115668,c8119e4573230d40d040800b925161373842e714,453848,1b2c58563054633629be27261e4affe379fbfb50,7,0.8140860795974731,Death Is Not the End,What Will Death Be Like?,Nick Cave & The Bad Seeds,Momus,1996,1987,rock,rock
115668,c8119e4573230d40d040800b925161373842e714,416688,31d1b798156deec282ab8c9ca63f8727b7c095d2,8,0.8176946043968201,Death Is Not the End,Overpass,Nick Cave & The Bad Seeds,Enterprise Earth,1996,2022,rock,rock
115668,c8119e4573230d40d040800b925161373842e714,193425,f35468058e0e2a8bffeb8ecdc5bcb1c973ba8708,9,0.8184612989425659,Death Is Not the End,Purgatory,Nick Cave & The Bad Seeds,Deez Nuts,1996,2017,rock,rock
115668,c8119e4573230d40d040800b925161373842e714,305604,29d27c3749708cf9f79cb05c88f0751d8f1a747d,10,0.8215417861938477,Death Is Not the End,The End,Nick Cave & The Bad Seeds,Blu & Exile,1996,2020,rock,rap
115668,c8119e4573230d40d040800b925161373842e714,219189,eeeab1b4b5031d375883dcd5fab2e9e2577c8729,11,0.817681610584259,Death Is Not the End,Poem About Death,Nick Cave & The Bad Seeds,Agnes Obel,1996,2018,rock,pop
115668,c8119e4573230d40d040800b925161373842e714,333711,201a89389ae17f6b81cfa0b2f04ed817f166b945,12,0.8251843452453613,Death Is Not the End,When Death Calls,Nick Cave & The Bad Seeds,Black Sabbath,1996,1989,rock,rock
115668,c8119e4573230d40d040800b925161373842e714,83904,412b917e5d6889db57799927d46e8f02f91f32a1,13,0.8263049721717834,Death Is Not the End,All Things Must Die,Nick Cave & The Bad Seeds,Jeff Williams,1996,2018,rock,rock
115668,c8119e4573230d40d040800b925161373842e714,497736,16e86f631b73a4eb0d61254a5db97bf0ae915f74,14,0.8185131549835205,Death Is Not the End,Warrior On the Edge of Time,Nick Cave & The Bad Seeds,Hawkwind,1996,1975,rock,rock
115668,c8119e4573230d40d040800b925161373842e714,412482,b1d8a03d4c5c4139a3d72b360fa6eeeb7d35616a,15,0.8218480944633484,Death Is Not the End,Perfector,Nick Cave & The Bad Seeds,My Epic,1996,2010,rock,rock
115668,c8119e4573230d40d040800b925161373842e714,138802,0026f089e211e14f5bd2f28c74ca1f410e8a81e1,16,0.825741708278656,Death Is Not the End,Follow the Reaper,Nick Cave & The Bad Seeds,Children of Bodom,1996,2000,rock,rock
115668,c8119e4573230d40d040800b925161373842e714,162355,42e845c04cf521d224ad831f834e02abf8728c83,17,0.8186683654785156,Death Is Not the End,Eden,Nick Cave & The Bad Seeds,Hillsong Worship,1996,2019,rock,pop
115668,c8119e4573230d40d040800b925161373842e714,285250,cd381a319b6483713920eecf8478a880c5afb78b,18,0.8199784755706787,Death Is Not the End,Black Din,Nick Cave & The Bad Seeds,Street Sects,1996,2016,rock,rock
115668,c8119e4573230d40d040800b925161373842e714,352690,9118589785352ba5a4f0c863663933bc7ab36648,19,0.8101682662963867,Death Is Not the End,Death Is Forming,Nick Cave & The Bad Seeds,Jay Reatard,1996,2006,rock,rock
115668,c8119e4573230d40d040800b925161373842e714,286295,3c5eb5fde41e2c2e9e72eccae0a3e9459361dccb,20,0.8283623456954956,Death Is Not the End,Adios,Nick Cave & The Bad Seeds,Gorilla Twins,1996,2020,rock,rap
135316,a71760debb40daa8b9c86fe1ab9aee1087bdb59c,90596,51745688a294dbfd47732e02a9f70b6a8054a6fb,1,0.8038642406463623,Pilgrimage,Take It Away,R.E.M.,The Used,1983,2004,rock,rock
135316,a71760debb40daa8b9c86fe1ab9aee1087bdb59c,463304,66cb11aefcc9d487bccb7bb8574b48433bf2e758,2,0.7928025126457214,Pilgrimage,Rise,R.E.M.,SaulPaul,1983,2013,rock,rap
135316,a71760debb40daa8b9c86fe1ab9aee1087bdb59c,417191,d31f0140d6c867dbd6e87d0a1ec92d7294c3ef00,3,0.7914795875549316,Pilgrimage,Take a ride,R.E.M.,Rob'n'Raz,1983,1996,rock,pop
135316,a71760debb40daa8b9c86fe1ab9aee1087bdb59c,178533,14cb6836290f32bf3f1e798a83910157be7ef987,4,0.7903405427932739,Pilgrimage,The Queen Sings,R.E.M.,Lana Parrilla,1983,2017,rock,pop
135316,a71760debb40daa8b9c86fe1ab9aee1087bdb59c,341840,771b93d549ddbbd73abe6e270d58886db73bd39c,5,0.8012800812721252,Pilgrimage,Go,R.E.M.,Chelsea Reject,1983,2015,rock,rap
135316,a71760debb40daa8b9c86fe1ab9aee1087bdb59c,216581,89b4152769c2df02c8cac3ed3bf353020ae3e2ad,6,0.7874938249588013,Pilgrimage,Turnin,R.E.M.,Young Rising Sons,1983,2014,rock,pop
135316,a71760debb40daa8b9c86fe1ab9aee1087bdb59c,117824,e8994030e36605cf55120fb1d098c003108f19d5,7,0.7840064764022827,Pilgrimage,Border Girl,R.E.M.,Young Fathers,1983,2018,rock,rb
135316,a71760debb40daa8b9c86fe1ab9aee1087bdb59c,134097,bbaeeb252f80840fa18a298f3e39eb319d836e54,8,0.7919982671737671,Pilgrimage,Just Once in the World,R.E.M.,Bright Eyes,1983,2020,rock,rock
135316,a71760debb40daa8b9c86fe1ab9aee1087bdb59c,184351,2565e5eebda01a0cc0846bbb673ce65a798a30b5,9,0.7872234582901001,Pilgrimage,One Life One Dream,R.E.M.,Naits,1983,2016,rock,rap
135316,a71760debb40daa8b9c86fe1ab9aee1087bdb59c,476803,4187050733e0ad55af1dd69d38c4f69a15a6495a,10,0.7789160013198853,Pilgrimage,Arise Awake,R.E.M.,Paul Banks,1983,2012,rock,rock
135316,a71760debb40daa8b9c86fe1ab9aee1087bdb59c,156472,3dadb0d7cc8d2c4e112f14de83ebda27c741d9aa,11,0.7841276526451111,Pilgrimage,Silver Platters,R.E.M.,Les Gold,1983,2018,rock,rock
135316,a71760debb40daa8b9c86fe1ab9aee1087bdb59c,394382,d72a0badd811a2fd8267f7dea85c89d8f0a3318a,12,0.7984338998794556,Pilgrimage,The Hills of Tomorrow / Merrily We Roll Along 1980 / Rich and Happy,R.E.M.,Original Broadway Cast of Merrily We Roll Along,1983,1982,rock,pop
135316,a71760debb40daa8b9c86fe1ab9aee1087bdb59c,209255,516d407ae38fe3a41ade5ecb35b912cfa809e079,13,0.7972503900527954,Pilgrimage,Hyrule Temple,R.E.M.,Derek Pope,1983,2018,rock,rap
135316,a71760debb40daa8b9c86fe1ab9aee1087bdb59c,130191,2e95879929a92d04a7981f51d73b3f7ac4c76924,14,0.7832345366477966,Pilgrimage,​miracles,R.E.M.,Stalking Gia,1983,2018,rock,pop
135316,a71760debb40daa8b9c86fe1ab9aee1087bdb59c,375837,62959a84c385666e250f4501722426e5c7d1a6db,15,0.7826485633850098,Pilgrimage,Candy Coated Razor Blades,R.E.M.,John Reuben,1983,2017,rock,rap
135316,a71760debb40daa8b9c86fe1ab9aee1087bdb59c,218510,ece523de5f77a85082e6697c780a5f4f8afaac53,16,0.7891631126403809,Pilgrimage,Rising Hope,R.E.M.,LiSA,1983,2014,rock,pop
135316,a71760debb40daa8b9c86fe1ab9aee1087bdb59c,308304,9946e98075472835ef14e43c596e0edd286ff773,17,0.7801981568336487,Pilgrimage,Exploding Whale — Doveman Remix,R.E.M.,Sufjan Stevens,1983,2017,rock,pop
135316,a71760debb40daa8b9c86fe1ab9aee1087bdb59c,433066,6b27fe6bff8d5f4df68f0f6d2a5fcc95fab436df,18,0.7634421586990356,Pilgrimage,Chain Reaction,R.E.M.,Mick Flannery & SON,1983,2021,rock,pop
135316,a71760debb40daa8b9c86fe1ab9aee1087bdb59c,486303,16830b16254c175d4edcdf1b8e536fb5ebf751f9,19,0.7814818620681763,Pilgrimage,The Unwelcome Guest,R.E.M.,Billy Bragg and Wilco,1983,1998,rock,rock
135316,a71760debb40daa8b9c86fe1ab9aee1087bdb59c,87656,acac77c970388705d0adf7c6e231a6f4a604cb8a,20,0.796283483505249,Pilgrimage,CROWN,R.E.M.,CHIKA,1983,2020,rock,rap
85325,50d1efae9bbd8d5b269f395433b7590ef650c8ff,512577,4a52cba5a739022e986c209c6423e41047c33586,1,0.818546712398529,Slipknot,Devils  Demons,Slipknot,Mr Traumatik,1996,2022,rock,rap
85325,50d1efae9bbd8d5b269f395433b7590ef650c8ff,396877,2ba34ed4aad389ed01528c1a3e8a5ed9e031844b,2,0.8087273836135864,Slipknot,Pit of Zombies,Slipknot,Cannibal Corpse,1996,2002,rock,rock
85325,50d1efae9bbd8d5b269f395433b7590ef650c8ff,282894,f41cab05981eaed15e61439695f2397fc1d5329a,3,0.8098083734512329,Slipknot,Burden,Slipknot,Left To Suffer,1996,2019,rock,rock
85325,50d1efae9bbd8d5b269f395433b7590ef650c8ff,65083,41afc4678d17dcab145a7a2a21b5d4c2bd2fe9c0,4,0.7970870733261108,Slipknot,Bleed Me an Ocean,Slipknot,Acid Bath,1996,1996,rock,rock
85325,50d1efae9bbd8d5b269f395433b7590ef650c8ff,72419,e083a83801dcde298ec413ee6f72d8ee1ccf963e,5,0.8143979907035828,Slipknot,Voidwalker,Slipknot,iamjakehill,1996,2019,rock,rap
85325,50d1efae9bbd8d5b269f395433b7590ef650c8ff,43157,a99c9d61a09e31c870edad715551262939b3c929,6,0.7759687900543213,Slipknot,Disappointed,Slipknot,Death Grips,1996,2018,rock,rock
85325,50d1efae9bbd8d5b269f395433b7590ef650c8ff,8155,16fd614fe87f206fb8cf6097e806f0533bae36b4,7,0.7998867034912109,Slipknot,The Fever Aye Aye,Slipknot,Death Grips,1996,2012,rock,rap
85325,50d1efae9bbd8d5b269f395433b7590ef650c8ff,492501,dffcb7ccccbe93f7c6e7f82b07f06c7aeeb0e7f7,8,0.8062535524368286,Slipknot,Killer,Slipknot,Antimatter,1996,2016,rock,rock
85325,50d1efae9bbd8d5b269f395433b7590ef650c8ff,116571,2c00d57e643e9026f9338da26df963882dfb6b86,9,0.8134177327156067,Slipknot,Shifftee,Slipknot,Onyx,1996,1993,rock,rap
85325,50d1efae9bbd8d5b269f395433b7590ef650c8ff,235723,043bb9b434e5163f1323a69220c01bc646cd9efa,10,0.803341269493103,Slipknot,Saw,Slipknot,Roc Marciano,1996,2019,rock,rap
85325,50d1efae9bbd8d5b269f395433b7590ef650c8ff,399201,e9e2288491e0c8fbf17b8b3ff2c447a22a3f114c,11,0.8150668144226074,Slipknot,SHOOTING DICE,Slipknot,LORD DISTORTION,1996,2019,rock,rap
85325,50d1efae9bbd8d5b269f395433b7590ef650c8ff,437780,2ea5b1e6a019e324c513728646b2a568e76b24e3,12,0.7987266182899475,Slipknot,EROTIC STORIES WRITTEN IN BLOOD,Slipknot,Butchers Harem,1996,2017,rock,rap
85325,50d1efae9bbd8d5b269f395433b7590ef650c8ff,176959,997eb0da90c07e64b518e77f77a13894bad4e00c,13,0.778491199016571,Slipknot,Second Death,Slipknot,Black Tongue,1996,2018,rock,rock
85325,50d1efae9bbd8d5b269f395433b7590ef650c8ff,423593,f266f3dac2c541ec78659a7bc75c8fda37f66842,14,0.8089310526847839,Slipknot,Supa Jazzy,Slipknot,Neighbors Ate My Zombies,1996,2012,rock,rap
85325,50d1efae9bbd8d5b269f395433b7590ef650c8ff,107209,676af7d0ce5987d0ec39fdaf6e1bfc9d490b99cd,15,0.814288854598999,Slipknot,187 - 211,Slipknot,DEVILISH TRIO,1996,2016,rock,rap
85325,50d1efae9bbd8d5b269f395433b7590ef650c8ff,366530,fd3cd66600a5a5d507eea88284bd009e1cf8b438,16,0.7896019220352173,Slipknot,Grumbles n Sparkles,Slipknot,Moody Good,1996,2014,rock,rap
85325,50d1efae9bbd8d5b269f395433b7590ef650c8ff,387518,57db1c435e310042aba40b47bbd4b8074560c9b8,17,0.7789004445075989,Slipknot,Spit Sperm,Slipknot,KMFDM,1996,1997,rock,rock
85325,50d1efae9bbd8d5b269f395433b7590ef650c8ff,383540,c627d5dcd786563d87d36e2686851e63e0a2a4a3,18,0.7915893793106079,Slipknot,Rotten,Slipknot,Coydog,1996,2012,rock,rap
85325,50d1efae9bbd8d5b269f395433b7590ef650c8ff,318060,b2cc640293501241c2310558bf1425a261640fee,19,0.7940046787261963,Slipknot,The Bald Cadaver,Slipknot,Cerebral Bore,1996,2010,rock,rock
85325,50d1efae9bbd8d5b269f395433b7590ef650c8ff,447419,fd1fb560b74a22e843ae5ea5c1adb433c33fe38e,20,0.8014715909957886,Slipknot,Burn Out,Slipknot,Left Behind,1996,2017,rock,rock
326964,7037ad3f149c521bc77d0138b01315f31b612e1a,421118,6c425709f41383fec1a92cf71a7171c7798e6493,1,0.9447901248931885,Girls Just Want To Have Fun,Girls Just Wanna Have Fun,STRFKR,Big Daddy,2009,1985,rock,pop
326964,7037ad3f149c521bc77d0138b01315f31b612e1a,114127,bd758d3739113f3637b28a3dfe78be5acfa7bfa8,2,0.8715394735336304,Girls Just Want To Have Fun,Girls,STRFKR,Cam'ron,2009,2004,rock,rap
326964,7037ad3f149c521bc77d0138b01315f31b612e1a,329040,b2d32d0f3fde32deffe9208b470254d5d969b75b,3,0.9044373035430908,Girls Just Want To Have Fun,Girls Just Wanna Have Fun,STRFKR,Caspr,2009,2019,rock,rap
326964,7037ad3f149c521bc77d0138b01315f31b612e1a,327557,2cfca253c6a41484adc8840a3a833599c72e5465,4,0.8867905139923096,Girls Just Want To Have Fun,Good Girls,STRFKR,Verse Simmonds,2009,2016,rock,rb
326964,7037ad3f149c521bc77d0138b01315f31b612e1a,310924,76827085b8b57e6dc70d5b56772985d1106172d8,5,0.8534262776374817,Girls Just Want To Have Fun,Girls,STRFKR,Zella Day,2009,2021,rock,pop
326964,7037ad3f149c521bc77d0138b01315f31b612e1a,224626,4cf876309f7fc31edcc670d6acdfcdbd2c03bd55,6,0.8686031699180603,Girls Just Want To Have Fun,Young  Wild,STRFKR,DJ Tight,2009,2018,rock,rap
326964,7037ad3f149c521bc77d0138b01315f31b612e1a,221624,bbe8613fd1facaa3d8d3d2fd02b5d02212afaf4e,7,0.8399072289466858,Girls Just Want To Have Fun,Not Looking For Love,STRFKR,Reo Cragun,2009,2018,rock,rap
326964,7037ad3f149c521bc77d0138b01315f31b612e1a,158883,a3146d176f8062a2d4d9cc5e6d5de774367859c3,8,0.8468413352966309,Girls Just Want To Have Fun,Girls,STRFKR,Jennifer Lopez,2009,2014,rock,rap
326964,7037ad3f149c521bc77d0138b01315f31b612e1a,207156,0edcb441a9c8440c176c5531cf4d56c339ec6ab2,9,0.8303800225257874,Girls Just Want To Have Fun,Trolls Wanna Have Good Times,STRFKR,"Anna Kendrick, Justin Timberlake, James Corden, Ester Dean, Icona Pop, Kenan Thompson & the Pop Trolls",2009,2020,rock,pop
326964,7037ad3f149c521bc77d0138b01315f31b612e1a,137037,6312816cd1a59949215c6e3c81c75d30ec37f25f,10,0.8573485612869263,Girls Just Want To Have Fun,Fun,STRFKR,"Kaskade, Brohug, & Mr. Tape",2009,2018,rock,pop
326964,7037ad3f149c521bc77d0138b01315f31b612e1a,202224,038464b217ee658464b678c0f6c0aa20646cd650,11,0.8283877968788147,Girls Just Want To Have Fun,We Want Fun,STRFKR,Andrew W.K.,2009,1999,rock,pop
326964,7037ad3f149c521bc77d0138b01315f31b612e1a,52325,8e0b92d2406684037270f2c70f6a717a00f6d8b4,12,0.8470345139503479,Girls Just Want To Have Fun,Are U Having Any Fun?,STRFKR,Hoodie Allen,2009,2016,rock,rap
326964,7037ad3f149c521bc77d0138b01315f31b612e1a,88768,d69553d97bbca026db7eb408ab1f4ea634a5348c,13,0.8202230334281921,Girls Just Want To Have Fun,Come to My Party,STRFKR,Charli XCX,2009,2017,rock,pop
326964,7037ad3f149c521bc77d0138b01315f31b612e1a,149655,8c864666881600f31dd206d95f4eed00fe8fb7c6,14,0.8313437104225159,Girls Just Want To Have Fun,Girls Just Gotta Have Fun,STRFKR,Sophia Grace,2009,2013,rock,rap
326964,7037ad3f149c521bc77d0138b01315f31b612e1a,317859,f0b73580eea54288438306da802115806c150ce1,15,0.8102269172668457,Girls Just Want To Have Fun,All the Fun,STRFKR,Paul Overstreet,2009,1989,rock,country
326964,7037ad3f149c521bc77d0138b01315f31b612e1a,90669,a4ae6e35ddddb734c96c8cf57747d19502d65c35,16,0.8212400674819946,Girls Just Want To Have Fun,Seattle Party,STRFKR,Chastity Belt,2009,2013,rock,rock
326964,7037ad3f149c521bc77d0138b01315f31b612e1a,347856,2fa33501c4f729fb03aca071db12e24052e5dec4,17,0.8199267387390137,Girls Just Want To Have Fun,Daddy Says No,STRFKR,Hschak Sisters,2009,2016,rock,pop
326964,7037ad3f149c521bc77d0138b01315f31b612e1a,374659,7b3ac139290c883352f2a3888745fee4f105a75e,18,0.8361083269119263,Girls Just Want To Have Fun,Ffun,STRFKR,Con Funk Shun,2009,1977,rock,pop
326964,7037ad3f149c521bc77d0138b01315f31b612e1a,307394,4561ffa42e8ec0f0ffa901daabb2f46f57875a3d,19,0.8250206708908081,Girls Just Want To Have Fun,Come And Join The Fun Squad,STRFKR,Fun Squad,2009,2020,rock,misc
326964,7037ad3f149c521bc77d0138b01315f31b612e1a,270589,56d2973daf6bf2304fa21e10ba30db6b2fdd4a88,20,0.8077073693275452,Girls Just Want To Have Fun,She’d Rather Be with Me,STRFKR,The Turtles,2009,1967,rock,rock
424936,adade2da1d9fcf383d010d65c527e3359f0b06b6,448090,8c891d43ec45a677717a272e18d661e040d8c4ee,1,0.8707941770553589,Castaway,Lighthouse,Blues Traveler,Hit The Lights,2015,2016,rock,rock
424936,adade2da1d9fcf383d010d65c527e3359f0b06b6,503146,999b0417aa4faaf890e71540ce103b59eb884328,2,0.8661854267120361,Castaway,Castaway,Blues Traveler,Kroh,2015,2022,rock,pop
424936,adade2da1d9fcf383d010d65c527e3359f0b06b6,3898,d839cf79e2106374229435134ef023e3f8ad79f2,3,0.8522561192512512,Castaway,Finally // beautiful stranger,Blues Traveler,Halsey,2015,2019,rock,pop
424936,adade2da1d9fcf383d010d65c527e3359f0b06b6,232820,77ef1afc303810640fa15549661b9b5690fc187c,4,0.8558495044708252,Castaway,Lost At Sea,Blues Traveler,The Steppas,2015,2014,rock,pop
424936,adade2da1d9fcf383d010d65c527e3359f0b06b6,154659,6bb160c1b4357dff6a1f4782a4666642ad0da5f9,5,0.8597627878189087,Castaway,Finally Ive Flown,Blues Traveler,PhemieC,2015,2012,rock,pop
424936,adade2da1d9fcf383d010d65c527e3359f0b06b6,71922,1ad63b642f0b7a8434b9d7ac4fd445df3074b9e7,6,0.8630900382995605,Castaway,Degenerates,Blues Traveler,I the Mighty,2015,2017,rock,rock
424936,adade2da1d9fcf383d010d65c527e3359f0b06b6,358735,e9bfec4057fb10e76a8c9fc20e22d8f0eb9e26cb,7,0.8562211990356445,Castaway,Survivor,Blues Traveler,Mic Righteous,2015,2016,rock,rap
424936,adade2da1d9fcf383d010d65c527e3359f0b06b6,187138,99be3c198d8206a845a1fe998c4233a51df7cd6f,8,0.8566437363624573,Castaway,Even in the Quietest Moments,Blues Traveler,Supertramp,2015,1977,rock,pop
424936,adade2da1d9fcf383d010d65c527e3359f0b06b6,169526,0ff6169437c3bd85d93a5fa51bc50fca30ee03b7,9,0.8515908718109131,Castaway,Tidal,Blues Traveler,Noah Kahan,2015,2019,rock,pop
424936,adade2da1d9fcf383d010d65c527e3359f0b06b6,36775,0c7e599ba8bd545839f6ceee8646133688c0d6d5,10,0.8435769081115723,Castaway,Finally Free,Blues Traveler,Niall Horan,2015,2018,rock,pop
424936,adade2da1d9fcf383d010d65c527e3359f0b06b6,140602,b0bc7aeaafc3d9b0817ef8c6dab7aef26966f2c6,11,0.8493984341621399,Castaway,Satellite,Blues Traveler,Ben Abraham,2015,2019,rock,pop
424936,adade2da1d9fcf383d010d65c527e3359f0b06b6,158826,f1431b6da5d4e7354f7fa968387b868c35c86b84,12,0.8444797992706299,Castaway,2000 Miles,Blues Traveler,D-WHY,2015,2012,rock,rap
424936,adade2da1d9fcf383d010d65c527e3359f0b06b6,161317,73a85f073ce0f4a207b3032f5ae14da30a61cff2,13,0.848894476890564,Castaway,No More Wonderland,Blues Traveler,Little Simz,2015,2015,rock,rap
424936,adade2da1d9fcf383d010d65c527e3359f0b06b6,457518,5d8fb5a1ec4475cb934ac36dec857133a19a8be9,14,0.8637725114822388,Castaway,Neverland,Blues Traveler,Charles Hamilton,2015,2009,rock,rap
424936,adade2da1d9fcf383d010d65c527e3359f0b06b6,254921,1cf8fddeb1d1f0c4b86c07dc115a821ee3386d60,15,0.8398829102516174,Castaway,3 Degrees South,Blues Traveler,Ziggy Alberts,2015,2018,rock,pop
424936,adade2da1d9fcf383d010d65c527e3359f0b06b6,1248,ed06576562079e9c13a82feb72f0876edbe8fc45,16,0.8372215032577515,Castaway,Malibu,Blues Traveler,Miley Cyrus,2015,2017,rock,pop
424936,adade2da1d9fcf383d010d65c527e3359f0b06b6,514877,c3dc466bc6152bb7cd9ecedb944737204b3644f0,17,0.8513154983520508,Castaway,Muse Song Ayo Ayo,Blues Traveler,Alex Pachino,2015,2022,rock,pop
424936,adade2da1d9fcf383d010d65c527e3359f0b06b6,329508,32a84b7900bd3177834ea5a1c5abe0bccd326a50,18,0.8483757972717285,Castaway,Come and Go Blues,Blues Traveler,The Gregg Allman Band,2015,1977,rock,rock
424936,adade2da1d9fcf383d010d65c527e3359f0b06b6,143988,f3056ac96657e2c4aa73d84e0bb8f2bcfe844647,19,0.8464640378952026,Castaway,The Good News,Blues Traveler,Bloc Party,2015,2015,rock,rock
424936,adade2da1d9fcf383d010d65c527e3359f0b06b6,283978,a7fc7e9a55d6eb3eb8dd7294021974a569396af9,20,0.8526719212532043,Castaway,The Last Dance,Blues Traveler,Departures,2015,2016,rock,rock
406368,057e88896b725ba424228be9207a1ebf6f92e545,478375,8ded89bfed5ec193467cf2439d79584962e1e9b6,1,0.8939910531044006,Wrath of the Norsemen,Lazarus,Amon Amarth,B. Dolan,2011,2015,rock,rap
406368,057e88896b725ba424228be9207a1ebf6f92e545,82118,7530220b081cfa0ab38cc349ee3148abf735a776,2,0.8775589466094971,Wrath of the Norsemen,Papi Hears the Ocean,Amon Amarth,Original Broadway Cast of The Band's Visit,2011,2017,rock,pop
406368,057e88896b725ba424228be9207a1ebf6f92e545,115533,a5a55e519b8bae3a6ab8a4e079ff1e4aa5d92233,3,0.8697410225868225,Wrath of the Norsemen,Don’t Be So Hard on Your Own Beauty,Amon Amarth,yeule,2011,2021,rock,pop
406368,057e88896b725ba424228be9207a1ebf6f92e545,451235,17b3c446d1a6be6b32cd6b8b60f7f98288cb03f8,4,0.8814729452133179,Wrath of the Norsemen,Fine Science,Amon Amarth,SycAmour,2011,2014,rock,rock
406368,057e88896b725ba424228be9207a1ebf6f92e545,218640,3550053406dc68796b78cf6461e98894d2509cdc,5,0.8799405097961426,Wrath of the Norsemen,Chained To the Couch,Amon Amarth,The Devil Makes Three,2011,2002,rock,country
406368,057e88896b725ba424228be9207a1ebf6f92e545,86182,e741b8fcca4d1989a775d7901d2b61bfd6937913,6,0.882183313369751,Wrath of the Norsemen,Demon Host,Amon Amarth,Timber Timbre,2011,2009,rock,rock
406368,057e88896b725ba424228be9207a1ebf6f92e545,178137,4702156ef403ae7e6c94505f6098ae48bc6b540b,7,0.8742912411689758,Wrath of the Norsemen,Buried Alive,Amon Amarth,Venom,2011,1982,rock,rock
406368,057e88896b725ba424228be9207a1ebf6f92e545,450639,20781dee2eb9b95b8aa60d4444d3e93c2f40d17c,8,0.8807355165481567,Wrath of the Norsemen,Sasong,Amon Amarth,Avey Tare & Kra Brekkan,2011,2007,rock,pop
406368,057e88896b725ba424228be9207a1ebf6f92e545,149695,cd9063320ebb3a757da8e2e166af54bf4a852cd1,9,0.8838581442832947,Wrath of the Norsemen,Watch Me Read You,Amon Amarth,Odette,2011,2017,rock,misc
406368,057e88896b725ba424228be9207a1ebf6f92e545,513158,a17683a51a5b359d99fb3172ecb17ae3bc0f488b,10,0.8637274503707886,Wrath of the Norsemen,Breathe,Amon Amarth,"Creative Culture Co., Tedashii & Liz Vice",2011,2022,rock,rap
406368,057e88896b725ba424228be9207a1ebf6f92e545,255186,0788e079308ec181470764c69ee43e50c643eff5,11,0.8788124918937683,Wrath of the Norsemen,Armageddon Man,Amon Amarth,Black Flag,2011,1984,rock,rock
406368,057e88896b725ba424228be9207a1ebf6f92e545,508141,9e11bc421e58397078c66d80586f3f4381d68159,12,0.8902001976966858,Wrath of the Norsemen,Bloody White,Amon Amarth,GhostBxy,2011,2022,rock,rap
406368,057e88896b725ba424228be9207a1ebf6f92e545,47595,85e4d8d8fa90510c28b6fc6aacf1fd5ba3751dfb,13,0.8784291744232178,Wrath of the Norsemen,Lovers Eyes,Amon Amarth,Mumford & Sons,2011,2012,rock,rock
406368,057e88896b725ba424228be9207a1ebf6f92e545,100510,fe6ee565c83729edf8469f0da5c81acc03934766,14,0.8584702014923096,Wrath of the Norsemen,My Nightmare,Amon Amarth,Get Scared,2011,2013,rock,rock
406368,057e88896b725ba424228be9207a1ebf6f92e545,415059,41a24769507f42c49e537687026364fb8655f637,15,0.8674588203430176,Wrath of the Norsemen,Cricket wife,Amon Amarth,Pet Shop Boys,2011,2021,rock,pop
406368,057e88896b725ba424228be9207a1ebf6f92e545,461732,53897c074506e4071a3615598f53965736f2dc66,16,0.8686870336532593,Wrath of the Norsemen,Rodeo Jones,Amon Amarth,Sunny Day Real Estate,2011,1995,rock,rock
406368,057e88896b725ba424228be9207a1ebf6f92e545,420797,b8dbd8695aa73babb28f94d92349f8c5fc43ca37,17,0.8889189958572388,Wrath of the Norsemen,The Plague,Amon Amarth,Scott Walker,2011,1967,rock,pop
406368,057e88896b725ba424228be9207a1ebf6f92e545,321096,d64d3f8929c0a56bf2e5912ca951319621a5ed76,18,0.8602819442749023,Wrath of the Norsemen,Give Me It,Amon Amarth,The Cure,2011,1984,rock,rock
406368,057e88896b725ba424228be9207a1ebf6f92e545,471040,8eeddaa1ab30f5a44089e7c0d7950ae846eb4e12,19,0.8747185468673706,Wrath of the Norsemen,In the Cage Medley – Cinema Show/Slippermen,Amon Amarth,Genesis,2011,1982,rock,rock
406368,057e88896b725ba424228be9207a1ebf6f92e545,33562,0ca5adde263b1a30430baf5327801ee6c85b14dd,20,0.8732322454452515,Wrath of the Norsemen,The Otha Side,Amon Amarth,TERROR REID,2011,2018,rock,rap
410594,0c8ecde0222d702b81d1709c7b20cc9dcfe10788,329543,a9555c873a78ce2405f54b69245ab1e33c7bb460,1,0.8282744884490967,Buttons to Push the Buttons,The Girl Doesnt Get It,Modest Mouse,Belle and Sebastian,1996,2017,rock,pop
410594,0c8ecde0222d702b81d1709c7b20cc9dcfe10788,221019,215135c9915f733a4430b1f2937ea67d2f3d2232,2,0.8076498508453369,Buttons to Push the Buttons,For the Roses,Modest Mouse,Joni Mitchell,1996,1972,rock,rock
410594,0c8ecde0222d702b81d1709c7b20cc9dcfe10788,187137,93d7077fb78be5544bb230252c4a44e8c3505a03,3,0.8273322582244873,Buttons to Push the Buttons,Method Acting / Cortez The Killer,Modest Mouse,Dave Rawlings Machine,1996,2009,rock,pop
410594,0c8ecde0222d702b81d1709c7b20cc9dcfe10788,510024,f017711c06ef8ecb9fa7a9e3d8aa99ec652c4efd,4,0.8079106211662292,Buttons to Push the Buttons,In the End,Modest Mouse,Damani,1996,2022,rock,rap
410594,0c8ecde0222d702b81d1709c7b20cc9dcfe10788,374284,b0b45f2bbf9dc2479a08387fa45b7af8823d1b2b,5,0.7940104007720947,Buttons to Push the Buttons,Transylvanian Concubine,Modest Mouse,Rasputina,1996,1996,rock,rock
410594,0c8ecde0222d702b81d1709c7b20cc9dcfe10788,135275,aee073aedaf97cfacc8add43c5704b8fe0e4c09b,6,0.8028066158294678,Buttons to Push the Buttons,A Song to Pass the Time,Modest Mouse,Bright Eyes,1996,2000,rock,rock
410594,0c8ecde0222d702b81d1709c7b20cc9dcfe10788,437627,e2d85e5eb06b1419ed4c86dfa6833e40f7a15977,7,0.7741904854774475,Buttons to Push the Buttons,Vidiots,Modest Mouse,Original London Cast of Charlie and the Chocolate Factory,1996,2013,rock,misc
410594,0c8ecde0222d702b81d1709c7b20cc9dcfe10788,456848,fe9ee09d71a49acef821b1b7c3ae80cf77f865eb,8,0.8021108508110046,Buttons to Push the Buttons,Emperor Nehrus New Groove,Modest Mouse,Bishop Nehru,1996,2017,rock,rap
410594,0c8ecde0222d702b81d1709c7b20cc9dcfe10788,388896,34c028c32b1d95b38384033d8c17a66ca26874ab,9,0.7911875247955322,Buttons to Push the Buttons,Hallelujah Work,Modest Mouse,Bizzle,1996,2014,rock,rap
410594,0c8ecde0222d702b81d1709c7b20cc9dcfe10788,273123,ca9abdc5edbe414e5418ea7d64097e62be850352,10,0.8109972476959229,Buttons to Push the Buttons,Goodbye and Hello,Modest Mouse,Tim Buckley,1996,1967,rock,pop
410594,0c8ecde0222d702b81d1709c7b20cc9dcfe10788,360400,368f6c8e24b9b39eb62d625f602d9c64c979e1bb,11,0.7930347919464111,Buttons to Push the Buttons,Noize MC — Всё как у людей Everything’s As It Should Be,Modest Mouse,Noize MC — Всё как у людей Everything’s As It Should Be English Translation,1996,2019,rock,rap
410594,0c8ecde0222d702b81d1709c7b20cc9dcfe10788,355428,ad0c4e1b51d5b91897c3d20606310ce56012a319,12,0.8006815910339355,Buttons to Push the Buttons,The Ladies Who Lunch,Modest Mouse,2018 London Cast of Company,1996,2019,rock,pop
410594,0c8ecde0222d702b81d1709c7b20cc9dcfe10788,335905,d74b69f3c7a53d09ae3d282027d739689a5a530b,13,0.8034831285476685,Buttons to Push the Buttons,Living For Yesterday,Modest Mouse,Jamie Webster,1996,2020,rock,rock
410594,0c8ecde0222d702b81d1709c7b20cc9dcfe10788,79649,c1267a30a5c76abbf8c2e5931a31abef7fa91e3d,14,0.8165688514709473,Buttons to Push the Buttons,Of Love and Life,Modest Mouse,Caamp,1996,2019,rock,pop
410594,0c8ecde0222d702b81d1709c7b20cc9dcfe10788,333335,f49a0ade5ff356bb7c4403916f16b90ff5f7eddf,15,0.8101224899291992,Buttons to Push the Buttons,Happiness Hours,Modest Mouse,The Sidekicks,1996,2018,rock,rock
410594,0c8ecde0222d702b81d1709c7b20cc9dcfe10788,269771,9df850493cdfd55113ea647c6543376c385076ad,16,0.7866787314414978,Buttons to Push the Buttons,The Glass Ceiling Cabaret,Modest Mouse,Nero's Day At Disneyland,1996,2005,rock,misc
410594,0c8ecde0222d702b81d1709c7b20cc9dcfe10788,342886,e7f1564ab3036cbd9857384134839f8d7c65b040,17,0.8100976943969727,Buttons to Push the Buttons,Plutonium,Modest Mouse,Sole (US),1996,2003,rock,rap
410594,0c8ecde0222d702b81d1709c7b20cc9dcfe10788,357171,41954f3237d23682bb54151e45b4ed2d093c548d,18,0.8001365661621094,Buttons to Push the Buttons,Jitter Doll -Revenge-,Modest Mouse,JubyPhonic,1996,2017,rock,pop
410594,0c8ecde0222d702b81d1709c7b20cc9dcfe10788,77749,7309653a445789ae4c0aeb6e2c28174184633eaa,19,0.7962131500244141,Buttons to Push the Buttons,The Good Doctor,Modest Mouse,The Protomen,1996,2009,rock,country
410594,0c8ecde0222d702b81d1709c7b20cc9dcfe10788,426636,681767d11874021127d42d62a10c6b8dcd711274,20,0.7872759103775024,Buttons to Push the Buttons,Wild Tigers I Have Known,Modest Mouse,Emily Jane White,1996,2007,rock,pop
179212,507b1ccbb069474fab6483d54385cfb2b96054f0,305503,36ad1a57376afcf0d7b5ad4e455bae88970009dd,1,0.8810544610023499,XOXO,I Miss You Pt. 1,JUMEX & Lil Xan,David Ruffin,2020,1973,rap,pop
179212,507b1ccbb069474fab6483d54385cfb2b96054f0,441953,158a19efb4dc131ab2ebd9fc7b68abd920f72054,2,0.8359411954879761,XOXO,Rise Leave Me Alone,JUMEX & Lil Xan,Safri Duo,2020,2015,rap,pop
179212,507b1ccbb069474fab6483d54385cfb2b96054f0,392368,e6a25d46ff035b39917667fa2a3c35f90d7a1f45,3,0.8784962892532349,XOXO,Okay,JUMEX & Lil Xan,Aeden Alvarez,2020,2019,rap,pop
179212,507b1ccbb069474fab6483d54385cfb2b96054f0,56972,8d58c3da61dacfbcfc5f564e8ea2cc9b8e487b1a,4,0.863554835319519,XOXO,Bitter Pill,JUMEX & Lil Xan,Gavin James,2020,2015,rap,rock
179212,507b1ccbb069474fab6483d54385cfb2b96054f0,179414,1a2995d5329d7b4503b0e7fa19f20fcfb3ef51af,5,0.865202784538269,XOXO,​im all alone,JUMEX & Lil Xan,lael (CAN),2020,2021,rap,pop
179212,507b1ccbb069474fab6483d54385cfb2b96054f0,291983,27f484f534048ce6287043e7012c4324d7a54ecb,6,0.8509209752082825,XOXO,​i knøw yøu never really løved me,JUMEX & Lil Xan,czyby,2020,2018,rap,rb
179212,507b1ccbb069474fab6483d54385cfb2b96054f0,114113,f61deb5b64aa262e4969ceed17521603c48102f6,7,0.8367459774017334,XOXO,Low,JUMEX & Lil Xan,Carrie Underwood,2020,2018,rap,country
179212,507b1ccbb069474fab6483d54385cfb2b96054f0,72522,7e59c32d8977d523b3561819baf7dc635bb6f442,8,0.8572693467140198,XOXO,Alone,JUMEX & Lil Xan,Hollyn,2020,2015,rap,pop
179212,507b1ccbb069474fab6483d54385cfb2b96054f0,309924,b9cde982bfb6826b4d26fc5bfba34c9c0a599346,9,0.8610438704490662,XOXO,Mariya,JUMEX & Lil Xan,The Family Circle,2020,1973,rap,rb
179212,507b1ccbb069474fab6483d54385cfb2b96054f0,18532,7e4c2eca1809616ba35937666c0f6c51a39fad68,10,0.8636257648468018,XOXO,Gone,JUMEX & Lil Xan,Machine Gun Kelly,2020,2015,rap,rap
179212,507b1ccbb069474fab6483d54385cfb2b96054f0,473115,be006dfd2e21f9e6a393fa613fd4d7a37f6b37c2,11,0.8483594655990601,XOXO,Lonlieness,JUMEX & Lil Xan,Rozz Dyliams,2020,2015,rap,misc
179212,507b1ccbb069474fab6483d54385cfb2b96054f0,420407,9b78b1bb02b5f20b7e88bf9e5e87c057cb75db7f,12,0.8587301969528198,XOXO,Release My Soul,JUMEX & Lil Xan, (Hiroyuki Sawano),2020,2012,rap,pop
179212,507b1ccbb069474fab6483d54385cfb2b96054f0,158742,d5ba686de6d065928274ededd904fbb5a55d933a,13,0.8588215112686157,XOXO,​leave me alone.sad,JUMEX & Lil Xan,Call Me Karizma,2020,2017,rap,pop
179212,507b1ccbb069474fab6483d54385cfb2b96054f0,212456,e14131cd9fe87df9ed4aacf31fcee84557ce3197,14,0.8461710214614868,XOXO,So Cold The Good Wife trailer,JUMEX & Lil Xan,Ben Cocks,2020,2010,rap,pop
179212,507b1ccbb069474fab6483d54385cfb2b96054f0,261675,fc00094243ffda06d1b59f06a4a8213a9455866e,15,0.8451132774353027,XOXO,Tatiana I Miss You So Much,JUMEX & Lil Xan,Trade Wind,2020,2016,rap,rock
179212,507b1ccbb069474fab6483d54385cfb2b96054f0,202236,facd0f942c13ebaf7c3dfa620befe44f994ef3be,16,0.8473786115646362,XOXO,​melatonin,JUMEX & Lil Xan,Zac Greer,2020,2021,rap,pop
179212,507b1ccbb069474fab6483d54385cfb2b96054f0,85228,1b91b3e82ce9a58d0035bc5dfd1c5f9e46078d35,17,0.8601090908050537,XOXO,Miss You,JUMEX & Lil Xan,NF,2020,2010,rap,rap
179212,507b1ccbb069474fab6483d54385cfb2b96054f0,74571,2706cfa7f044d6afcb4aaf628da17bd9eb0559a5,18,0.8380216360092163,XOXO,H.A.T.E.U.,JUMEX & Lil Xan,Mariah Carey,2020,2009,rap,pop
179212,507b1ccbb069474fab6483d54385cfb2b96054f0,489140,5d8d2a5bc96bbed420c3829587068e093e522a73,19,0.8486466407775879,XOXO,Miss You a Little,JUMEX & Lil Xan,Marlene,2020,2017,rap,pop
179212,507b1ccbb069474fab6483d54385cfb2b96054f0,183142,b2453638a6c9132bfed6988e09f2fa31b555c079,20,0.8172730207443237,XOXO,Not Alone Anymore,JUMEX & Lil Xan,Traveling Wilburys,2020,1988,rap,rock
72090,1cf8dc6395cadb4f3e1b8f41d422e800db6654dd,18662,607632b26469c7dc0f6273fe50084363ed9b576c,1,0.9205321073532104,Queensbridge Zoo,Protect Ya Neck The Jump Off,Vince Staples,Wu-Tang Clan,2013,2000,rap,rap
72090,1cf8dc6395cadb4f3e1b8f41d422e800db6654dd,24683,40312b70bf77abe70c9c9c0278ffe3a8a448c449,2,0.9180034399032593,Queensbridge Zoo,Daytona 500 500 Bars,Vince Staples,The Game,2013,2011,rap,rap
72090,1cf8dc6395cadb4f3e1b8f41d422e800db6654dd,192735,bc680c4bf58b5441f8380f0397431e53072847f8,3,0.9055640697479248,Queensbridge Zoo,4.0 Intro,Vince Staples,Maine Musik,2013,2017,rap,rap
72090,1cf8dc6395cadb4f3e1b8f41d422e800db6654dd,183939,764202ad2b8074cafdc27413a503624f4ed5649b,4,0.9118607640266418,Queensbridge Zoo,Tsu Surf vs. Reed Dollaz,Vince Staples,URLtv,2013,2019,rap,rap
72090,1cf8dc6395cadb4f3e1b8f41d422e800db6654dd,209558,d739d53091fc6feb35962ce6246a454ed675d3b4,5,0.9120298624038696,Queensbridge Zoo,Top Dawg Cypha,Vince Staples,Black Hippy,2013,2009,rap,rap
72090,1cf8dc6395cadb4f3e1b8f41d422e800db6654dd,203056,61247d17bc8341fedb4ff9b8fc01b23065ad3547,6,0.907927393913269,Queensbridge Zoo,1500 Block,Vince Staples,Ola Runt,2013,2020,rap,rap
72090,1cf8dc6395cadb4f3e1b8f41d422e800db6654dd,63123,ae92c0376db3d2a844701f93b049a1143b239ca8,7,0.9010409116744995,Queensbridge Zoo,Hell on Earth Pt. 2,Vince Staples,Westside Gunn,2013,2021,rap,rap
72090,1cf8dc6395cadb4f3e1b8f41d422e800db6654dd,18237,f4dcdd7e451f34ad12f9ec35184aedd4e0704db0,8,0.9073091149330139,Queensbridge Zoo,Elimination Chamber,Vince Staples,Domo Genesis & The Alchemist,2013,2012,rap,rap
72090,1cf8dc6395cadb4f3e1b8f41d422e800db6654dd,290020,ec45e9f6ea5d371644e7d86c2f21712c324461d1,9,0.9151685833930969,Queensbridge Zoo,NY Freestyle,Vince Staples,Big L,2013,1999,rap,rap
72090,1cf8dc6395cadb4f3e1b8f41d422e800db6654dd,370908,9b0dabceaadcb100b01aec42999bf0fcd280d440,10,0.9083964824676514,Queensbridge Zoo,Cosmic Kev Freestyle,Vince Staples,Ace Hood,2013,2011,rap,rap
72090,1cf8dc6395cadb4f3e1b8f41d422e800db6654dd,244373,599e06148bdabefe2677544cd82ce39ea52d802b,11,0.8966295719146729,Queensbridge Zoo,Get Ya Gun,Vince Staples,Cam'ron,2013,2006,rap,rap
72090,1cf8dc6395cadb4f3e1b8f41d422e800db6654dd,171837,60fe5f5cc632c3e352947640479c7a7b5ac82b99,12,0.8926576375961304,Queensbridge Zoo,Gucci Land,Vince Staples,Gucci Mane,2013,2020,rap,rap
72090,1cf8dc6395cadb4f3e1b8f41d422e800db6654dd,394836,80506915e3a0649c4024b9acf2219e38259d63f1,13,0.8944036960601807,Queensbridge Zoo,Coke on the Mirror,Vince Staples,Hall & Nash,2013,2015,rap,rap
72090,1cf8dc6395cadb4f3e1b8f41d422e800db6654dd,247725,9a8048d3962f83adf0b56f35afb4ea4098d6fdda,14,0.9031795859336853,Queensbridge Zoo,Back in the Air,Vince Staples,Ol' Dirty Bastard,2013,2005,rap,rap
72090,1cf8dc6395cadb4f3e1b8f41d422e800db6654dd,227021,aa50cf6b4b8b840c065dd3504da61d6f01168f73,15,0.8924868106842041,Queensbridge Zoo,Xan On 3,Vince Staples,Xanman,2013,2019,rap,rap
72090,1cf8dc6395cadb4f3e1b8f41d422e800db6654dd,18468,8ff0dd4d7cdd0acad401445776fe4bb276088fd8,16,0.9162925481796265,Queensbridge Zoo,400 Bars The Skeemix,Vince Staples,The Game,2013,2010,rap,rap
72090,1cf8dc6395cadb4f3e1b8f41d422e800db6654dd,403034,25577bc718e632a81d007c9e02e869f9902e8a90,17,0.9055191278457642,Queensbridge Zoo,Freestyle in Ferragamo,Vince Staples,Westside Gunn,2013,2015,rap,rap
72090,1cf8dc6395cadb4f3e1b8f41d422e800db6654dd,159740,9ef83b2f9bde04b82bae632062967657ea48fd44,18,0.9092912673950195,Queensbridge Zoo,Pre-Game Extended Version,Vince Staples,Sauce Money,2013,1998,rap,rap
72090,1cf8dc6395cadb4f3e1b8f41d422e800db6654dd,502866,0f3dff3614fdd4079903c734e38dc9074a6cb7c8,19,0.9049280881881714,Queensbridge Zoo,10 Toes Wherever,Vince Staples,BabyTron,2013,2022,rap,rap
72090,1cf8dc6395cadb4f3e1b8f41d422e800db6654dd,225945,f526d6c4e0c3066e44a24e816d77ee38666b70f4,20,0.9076789617538452,Queensbridge Zoo,Allied Meta-Forces,Vince Staples,Canibus,2013,2005,rap,rap
30066,d41d5047d86d75fe19b65e8312bc59ec252f2440,129456,140b881e48d651018d94f0793c7474cb7213a917,1,0.87900310754776,Caught Up,Oceans V2,Majid Jordan,Felly,2019,2017,rb,rap
30066,d41d5047d86d75fe19b65e8312bc59ec252f2440,137255,791d69cd864c8e2aa3fc3c8a2d77f1d887d99dc6,2,0.8761521577835083,Caught Up,Marietta,Majid Jordan,Travis Scott,2019,2019,rb,rap
30066,d41d5047d86d75fe19b65e8312bc59ec252f2440,14177,0f4ae8dcf8ab1d428e75165c6ddfc42dd4223680,3,0.8707422018051147,Caught Up,Grateful,Majid Jordan,NEFFEX,2019,2018,rb,rap
30066,d41d5047d86d75fe19b65e8312bc59ec252f2440,513187,34be5f2e80a15e07f6ff93c9843f66d41a755988,4,0.866064727306366,Caught Up,Count Dracula,Majid Jordan,Sy Ari da Kid,2019,2022,rb,rap
30066,d41d5047d86d75fe19b65e8312bc59ec252f2440,104436,3597ba49f956294c7ac3bb971aa137b39668fd04,5,0.8745441436767578,Caught Up,Wifey Riddim,Majid Jordan,Hardy Caprio,2019,2015,rb,rap
30066,d41d5047d86d75fe19b65e8312bc59ec252f2440,181118,4ab40ff2c1e73d14262a6de1d3d22e24064f2354,6,0.8663147687911987,Caught Up,Real Friends,Majid Jordan,Dave East,2019,2016,rb,rap
30066,d41d5047d86d75fe19b65e8312bc59ec252f2440,313866,d751a3c93d4832af1cb5756b38fe1e3d324262bb,7,0.8741345405578613,Caught Up,73,Majid Jordan,Benny the Butcher,2019,2021,rb,rap
30066,d41d5047d86d75fe19b65e8312bc59ec252f2440,68841,9cb75b7e5813f8dae0546a5a47ecf5eb15fecce6,8,0.8753331303596497,Caught Up,Camo,Majid Jordan,Kota the Friend,2019,2018,rb,rap
30066,d41d5047d86d75fe19b65e8312bc59ec252f2440,135830,152c82ecf9802a92f60f8320f679fdf3796b522e,9,0.864678144454956,Caught Up,Millions,Majid Jordan,Wiz Khalifa,2019,2020,rb,rap
30066,d41d5047d86d75fe19b65e8312bc59ec252f2440,67225,f9acbfe5a6d5e9f75c005c94a1fa4915b91d117e,10,0.8528032302856445,Caught Up,Not Many,Majid Jordan,Scribe,2019,2003,rb,rap
30066,d41d5047d86d75fe19b65e8312bc59ec252f2440,424329,1a1198d5b94ae395afbc39a5ebf4ba1253354b38,11,0.8614821434020996,Caught Up,Shady Grove,Majid Jordan,18Veno,2019,2021,rb,rap
30066,d41d5047d86d75fe19b65e8312bc59ec252f2440,335842,e0e884a1758e663cd707038bdb9c82d20ba42674,12,0.8679558038711548,Caught Up,The After,Majid Jordan,Daniel Thrasher,2019,2021,rb,rap
30066,d41d5047d86d75fe19b65e8312bc59ec252f2440,336645,4d48ae11a56bd684e2fb7d2a93243668cfadf6df,13,0.8678724765777588,Caught Up,Say Yes,Majid Jordan,Joell Ortiz,2019,2014,rb,rap
30066,d41d5047d86d75fe19b65e8312bc59ec252f2440,410238,f627bf19e21f3ed7f0b52b4d141a0a91846d3122,14,0.8701211214065552,Caught Up,PLAY SOMETHING,Majid Jordan,ADE,2019,2019,rb,rap
30066,d41d5047d86d75fe19b65e8312bc59ec252f2440,134,e0f5037da45dd3f755786de8677b10809a85aaa5,15,0.8730344176292419,Caught Up,Juicy,Majid Jordan,The Notorious B.I.G.,2019,1994,rb,rap
30066,d41d5047d86d75fe19b65e8312bc59ec252f2440,99557,88ca414262bdd7f7029a617a6a79d47c837daf42,16,0.8721262216567993,Caught Up,Wonderland,Majid Jordan,"Jason Ryterband, Keili Lefkovitz, Jenna Leigh Green, James Snyder, Matt Doyle, Christopher Johnson & Judith Hill",2019,2008,rb,pop
30066,d41d5047d86d75fe19b65e8312bc59ec252f2440,501510,5a576d32b8eaa29414dbde1232a228ec6ae90889,17,0.8672171831130981,Caught Up,​swear to god,Majid Jordan,twikipedia,2019,2022,rb,rap
30066,d41d5047d86d75fe19b65e8312bc59ec252f2440,400092,05642d480d1bd5b79164e6648677f17360a6dce5,18,0.8674044609069824,Caught Up,Poetic Justice Remix,Majid Jordan,Justin Starling,2019,2012,rb,rap
30066,d41d5047d86d75fe19b65e8312bc59ec252f2440,297846,ae945f1bfeda7e390911a3128b77e773fcb3f785,19,0.8617947101593018,Caught Up,Old Medley,Majid Jordan,Genesis,2019,1993,rb,rock
30066,d41d5047d86d75fe19b65e8312bc59ec252f2440,452827,16a52750ac21db1ffb9d8b2ec10f5c9087e4c3be,20,0.8619672656059265,Caught Up,Counterfeit,Majid Jordan,Abstract & Dylan Reese,2019,2019,rb,rap
226709,e630210062f679a932a5f0cbbaf16f187311693d,110659,aeaa627e7afa5e624ab55d574b8b9feeb3c8ec47,1,0.8590638637542725,Watching Me Fall,Surrounded,The Cure,Dream Theater,2000,1992,rock,rock
226709,e630210062f679a932a5f0cbbaf16f187311693d,458569,0e59903d123488918874eca074bc1a645b37fee1,2,0.8305345177650452,Watching Me Fall,​listen for you,The Cure,flor,2000,2019,rock,pop
226709,e630210062f679a932a5f0cbbaf16f187311693d,349047,cdb697d5eaaed9a0c1d97335769d6dc32b594bf4,3,0.7991265654563904,Watching Me Fall,The Thaw,The Cure,Woodes,2000,2016,rock,pop
226709,e630210062f679a932a5f0cbbaf16f187311693d,45947,2b1487c916b22f9714186018b32d214fe3997c26,4,0.8242051005363464,Watching Me Fall,Sometime Around Midnight,The Cure,The Airborne Toxic Event,2000,2008,rock,rock
226709,e630210062f679a932a5f0cbbaf16f187311693d,411851,040fee9527b4f2a885feeee840fc8348fef28f79,5,0.8255998492240906,Watching Me Fall,Statues,The Cure,Amy MacDonald,2000,2020,rock,pop
226709,e630210062f679a932a5f0cbbaf16f187311693d,129862,3edc6cf05cdd784fa1547f5795fbbb07ae991237,6,0.8280818462371826,Watching Me Fall,Sky Took Hold,The Cure,Grizzly Bear,2000,2017,rock,rock
226709,e630210062f679a932a5f0cbbaf16f187311693d,232529,6059a9955327e2c40502b463e79a6bfdec97d843,7,0.8331964015960693,Watching Me Fall,Hard Candy,The Cure,Counting Crows,2000,2002,rock,rock
226709,e630210062f679a932a5f0cbbaf16f187311693d,168525,5513526c52da126ce144e02beb0256f9b5204d59,8,0.8376633524894714,Watching Me Fall,Slowly Goes the Night,The Cure,Nick Cave & The Bad Seeds,2000,1988,rock,rock
226709,e630210062f679a932a5f0cbbaf16f187311693d,404738,d4df4428581ba776524208b1bb3ae852ea0e610b,9,0.8423068523406982,Watching Me Fall,Back To A Reason Part II,The Cure,Trans-Siberian Orchestra,2000,2004,rock,pop
226709,e630210062f679a932a5f0cbbaf16f187311693d,23517,ca1d57a348a6b65b4be65608792ea03539463fa4,10,0.8381990194320679,Watching Me Fall,Czech One,The Cure,King Krule,2000,2017,rock,rock
226709,e630210062f679a932a5f0cbbaf16f187311693d,451784,f2590a7495acee95515eaa138e07db9b9ea9822a,11,0.8257854580879211,Watching Me Fall,In the Morning,The Cure,Leif Vollebekk,2000,2008,rock,pop
226709,e630210062f679a932a5f0cbbaf16f187311693d,150498,e3d9ff779451091b8efd9dc03d4f1d9c7746d654,12,0.8220185041427612,Watching Me Fall,Procession,The Cure,New Order,2000,1981,rock,rock
226709,e630210062f679a932a5f0cbbaf16f187311693d,292173,1838e1370757a4b893bc03db2c474a566250b607,13,0.8044240474700928,Watching Me Fall,Always,The Cure,Tyson Motsenbocker,2000,2016,rock,rock
226709,e630210062f679a932a5f0cbbaf16f187311693d,48844,1e297152f038ee045c4e2ff6f64844e01687fd86,14,0.8378399610519409,Watching Me Fall,Cosmia,The Cure,Joanna Newsom,2000,2006,rock,pop
226709,e630210062f679a932a5f0cbbaf16f187311693d,149695,cd9063320ebb3a757da8e2e166af54bf4a852cd1,15,0.8517463207244873,Watching Me Fall,Watch Me Read You,The Cure,Odette,2000,2017,rock,misc
226709,e630210062f679a932a5f0cbbaf16f187311693d,487782,e5edc2e8b82c2c332834452bfacb2d2df2f9eade,16,0.8244061470031738,Watching Me Fall,I Cant Go Back Rewind Tonight Workshop,The Cure,Lin-Manuel Miranda,2000,2000,rock,rap
226709,e630210062f679a932a5f0cbbaf16f187311693d,151660,7d842e56feb3ad89628d8b24ae43cc003b8e5aed,17,0.8223065733909607,Watching Me Fall,Total Eclipse of the Heart,The Cure,Cast of Chilling Adventures of Sabrina,2000,2021,rock,rock
226709,e630210062f679a932a5f0cbbaf16f187311693d,324986,2f67fe1ca24f913ce51bb5c5284e7ce86672762f,18,0.8105122447013855,Watching Me Fall,Dolls Night,The Cure,jonatan leandoer96,2000,2017,rock,misc
226709,e630210062f679a932a5f0cbbaf16f187311693d,439156,26dfc91ad062d5af83b034b6aaa25d64518ad774,19,0.8326045274734497,Watching Me Fall,7 Skies H3 Can’t Shut Off My Head,The Cure,The Flaming Lips,2000,2011,rock,pop
226709,e630210062f679a932a5f0cbbaf16f187311693d,307903,714cf6ed2f2209386f7d1ef3c85eac778bc419ed,20,0.8148819804191589,Watching Me Fall,Night Like This,The Cure,New Rules,2000,2019,rock,pop
291494,63270834a40c765523b1d40dd69b5fc0279f9bb7,270842,79b9c53e4682fc4c3a74365532eaab7364f6cd1d,1,0.8620387315750122,Owners Box,The Freestyle Roc Boys,mike. fka mike stud,Wale,2016,2008,rap,rap
291494,63270834a40c765523b1d40dd69b5fc0279f9bb7,489348,3bf393b4cb508ee8f6dfbdbda8084350c4e8c93e,2,0.8422585129737854,Owners Box,Just Eat,mike. fka mike stud,Jammz,2016,2016,rap,rap
291494,63270834a40c765523b1d40dd69b5fc0279f9bb7,408893,9d1ab1e4714211b58239b4d2ba496708f5978fa1,3,0.8545750975608826,Owners Box,Verified,mike. fka mike stud,Pak-Man (UK),2016,2017,rap,rap
291494,63270834a40c765523b1d40dd69b5fc0279f9bb7,101754,ffb4c371de89166c417f21feb92428c855aa38ae,4,0.8584976196289062,Owners Box,Jackson Pollock,mike. fka mike stud,Andy Mineo,2016,2020,rap,rap
291494,63270834a40c765523b1d40dd69b5fc0279f9bb7,163935,dcd9ac8c35eb7fa8def8183d2fddc0c905f60e4c,5,0.8470519781112671,Owners Box,Se7en,mike. fka mike stud,John Nonny,2016,2016,rap,rb
291494,63270834a40c765523b1d40dd69b5fc0279f9bb7,384002,6bda73a3c4b27f02def6c4ce8c8541e43321076a,6,0.8509844541549683,Owners Box,Kosher Kosher,mike. fka mike stud,Sammy K,2016,2017,rap,rap
291494,63270834a40c765523b1d40dd69b5fc0279f9bb7,418022,28bdd41c478168a3d1838c02e6e674fd16f8b1df,7,0.8510265350341797,Owners Box,Right to Left,mike. fka mike stud,Drake,2016,2009,rap,rap
291494,63270834a40c765523b1d40dd69b5fc0279f9bb7,127250,a9383487ee26d6a2e07d2c897861ea2c0fbba82a,8,0.8401132822036743,Owners Box,Wassup,mike. fka mike stud,Wiz Khalifa,2016,2009,rap,rap
291494,63270834a40c765523b1d40dd69b5fc0279f9bb7,205227,df57eb0a696b8037f08e82b97151944e151fe12b,9,0.8423373103141785,Owners Box,Arenas,mike. fka mike stud,Justin Stone,2016,2016,rap,rap
291494,63270834a40c765523b1d40dd69b5fc0279f9bb7,144078,4d6c9a5aee99cf6d73c5249eada55124b24ce415,10,0.8563185930252075,Owners Box,Corner Stories,mike. fka mike stud,Don Q,2016,2017,rap,rap
291494,63270834a40c765523b1d40dd69b5fc0279f9bb7,264175,4014482c7b432ee51488fb2e9a39320f04d02814,11,0.8474720120429993,Owners Box,Big Spender Remix,mike. fka mike stud,Theophilus London,2016,2012,rap,rap
291494,63270834a40c765523b1d40dd69b5fc0279f9bb7,6637,b184b14108b9cac46d867731bf4b68dd0e6465cf,12,0.8472484350204468,Owners Box,In the Heights,mike. fka mike stud,Lin-Manuel Miranda,2016,2021,rap,pop
291494,63270834a40c765523b1d40dd69b5fc0279f9bb7,183508,90d60d617842c2e1a06db644002f14ac8175109a,13,0.8447441458702087,Owners Box,Money Made Me Do It,mike. fka mike stud,A-Game,2016,2012,rap,rap
291494,63270834a40c765523b1d40dd69b5fc0279f9bb7,478833,53df5612a8e7d51030da1ea01b76e0cd0807e8fc,14,0.8307047486305237,Owners Box,Know Me,mike. fka mike stud,Ali Gatie,2016,2017,rap,rb
291494,63270834a40c765523b1d40dd69b5fc0279f9bb7,483584,73ec72bf928584c61ca4e0432ef39497f285b319,15,0.8371697068214417,Owners Box,Pick It Up Parody,mike. fka mike stud,Kyle Exum,2016,2018,rap,rap
291494,63270834a40c765523b1d40dd69b5fc0279f9bb7,285994,49e2c065582ac24d010ad043a815e9f351f06e83,16,0.8335191011428833,Owners Box,Fear and Loathing in Los Angeles,mike. fka mike stud,Caskey,2016,2021,rap,rap
291494,63270834a40c765523b1d40dd69b5fc0279f9bb7,285533,c7b8c2962071a860e0e073703ddc0e1d567bb4e2,17,0.8455346822738647,Owners Box,Im The Man,mike. fka mike stud,Prime (Producer),2016,2012,rap,rap
291494,63270834a40c765523b1d40dd69b5fc0279f9bb7,38915,d9584950915cc3094d80b5edb6226566bcedf069,18,0.8452756404876709,Owners Box,5.0 | Conversations,mike. fka mike stud,DOM KENNEDY,2016,2012,rap,rap
291494,63270834a40c765523b1d40dd69b5fc0279f9bb7,213603,b3b9a2abc49463b54a706be711b0d0d59fb2bbac,19,0.8495446443557739,Owners Box,Flight Briefing,mike. fka mike stud,Curren$y,2016,2010,rap,rap
291494,63270834a40c765523b1d40dd69b5fc0279f9bb7,76645,5695e3c1cd97a497f354c6fbf9bb3a0b5e90df55,20,0.8395035266876221,Owners Box,​brakence 2.0 freestyle,mike. fka mike stud,brakence,2016,2020,rap,pop
440973,f3df01c35c561c4c2b933984965f8eb56f14be99,462478,7af9159240c1610318554bc51ab2638a04a8b79b,1,0.9399451017379761,Darkness,Lost,Mic Righteous,Mic Righteous,2020,2020,rap,rap
440973,f3df01c35c561c4c2b933984965f8eb56f14be99,299834,c13a83be9233b67a5a864283f1880303d508b1c6,2,0.9277328252792358,Darkness,Anatomy 1:3,Mic Righteous,KING 810,2020,2014,rap,rock
440973,f3df01c35c561c4c2b933984965f8eb56f14be99,37823,5b068834081ab81bc821d94dcbdfb4da3dd0dc73,3,0.9248443841934204,Darkness,Fire in the Booth Part 5,Mic Righteous,Wretch 32,2020,2017,rap,rap
440973,f3df01c35c561c4c2b933984965f8eb56f14be99,229145,2d62e4a39c0f8b234cbe28b2e8755f68193d26a7,4,0.9225691556930542,Darkness,Bears Like This,Mic Righteous,Spillage Village,2020,2014,rap,rap
440973,f3df01c35c561c4c2b933984965f8eb56f14be99,428189,394c0c4d345cc98102de347aeb21d53588b02f96,5,0.9156164526939392,Darkness,Chasing Ghosts,Mic Righteous,Flowz Dilione,2020,2013,rap,rap
440973,f3df01c35c561c4c2b933984965f8eb56f14be99,4556,60ec88789bc737129b80bb22878567993ce07832,6,0.921436607837677,Darkness,DEARLY DEPARTED,Mic Righteous,BROCKHAMPTON,2020,2019,rap,rap
440973,f3df01c35c561c4c2b933984965f8eb56f14be99,107566,cc62e2f396eae56c8ff1c4b262e232f9cde34464,7,0.9165916442871094,Darkness,Nothing Left To Say,Mic Righteous,Cage,2020,2009,rap,rap
440973,f3df01c35c561c4c2b933984965f8eb56f14be99,239722,94988d41128c789e9d8ab5c36d20da75ce2990c2,8,0.916584849357605,Darkness,High On Life Copy,Mic Righteous,Henok Achido,2020,2014,rap,rap
440973,f3df01c35c561c4c2b933984965f8eb56f14be99,194029,803d711efab4a0f843b51289be7d3079d3a826d2,9,0.9198794364929199,Darkness,3 Minutes to Live,Mic Righteous,Yizzy,2020,2019,rap,rap
440973,f3df01c35c561c4c2b933984965f8eb56f14be99,190177,0e5f5bcb08e827e8fd47231ce2f80e95e1d15038,10,0.9171104431152344,Darkness,Family Affair,Mic Righteous,Wale,2020,2011,rap,rap
440973,f3df01c35c561c4c2b933984965f8eb56f14be99,181937,1143990bb1cb9b1e7fef4fef80fabfd961b4ebc9,11,0.9231224656105042,Darkness,Γ. Mosaïque solitaire,Mic Righteous,Damso,2020,2017,rap,rap
440973,f3df01c35c561c4c2b933984965f8eb56f14be99,210340,de0aba941b3acbce4c1687620a851709789e63bf,12,0.9133025407791138,Darkness,Dont Close Your Eyes Ashamed,Mic Righteous,Kxng Crooked x Jonathan Hay,2020,2015,rap,rap
440973,f3df01c35c561c4c2b933984965f8eb56f14be99,51997,03f14acb513d64b49710966dfaa2ebb84813ae55,13,0.9118382930755615,Darkness,The Battle of Hampton Roads,Mic Righteous,Titus Andronicus,2020,2010,rap,rock
440973,f3df01c35c561c4c2b933984965f8eb56f14be99,113292,8057055f93a12e68b670f0105bb2edaf5f03d80e,14,0.9122638702392578,Darkness,Daddys Home,Mic Righteous,JT Music,2020,2018,rap,rap
440973,f3df01c35c561c4c2b933984965f8eb56f14be99,136516,f8b8f5137a9700d195371b37ee8e4f5394434e15,15,0.9125069975852966,Darkness,Ghetto Kyote,Mic Righteous,Devlin,2020,2013,rap,rap
440973,f3df01c35c561c4c2b933984965f8eb56f14be99,515578,a32e9446058ba3dc21a5f67ad1dec03bf58e78bb,16,0.9162396192550659,Darkness,Not Going Back,Mic Righteous,Oliver Walker,2020,2022,rap,rap
440973,f3df01c35c561c4c2b933984965f8eb56f14be99,91257,7747b20b3f5c40b8c3a6bcbf8ffa962e2d009ee8,17,0.9026252031326294,Darkness,Oh Sister,Mic Righteous,Neutral Milk Hotel,2020,2011,rap,rock
440973,f3df01c35c561c4c2b933984965f8eb56f14be99,424148,cffe7f23af69ce7d5d32b21c79e6461221833a63,18,0.9083221554756165,Darkness,Tanjiro Rap Breathe,Mic Righteous,Daddyphatsnaps,2020,2020,rap,rap
440973,f3df01c35c561c4c2b933984965f8eb56f14be99,250766,f1b3b4a107f832fcb7e9f605d414bc83cd14dd90,19,0.9123837947845459,Darkness,Ladies of Anime Cypher,Mic Righteous,HalaCG,2020,2021,rap,rap
440973,f3df01c35c561c4c2b933984965f8eb56f14be99,187332,040903272b4ba49efee1946f50caf99b3242ed19,20,0.9235464334487915,Darkness,Intro,Mic Righteous,Mic Righteous,2020,2013,rap,rap
17891,d652974f51db5332e0773e467e3f900e1ae9f8e8,40070,98a132ace0d425f24ede084906812ac68299478a,1,0.9639449119567871,Basketball,Basketball,Kurtis Blow,Bow Wow,1984,2002,rap,rap
17891,d652974f51db5332e0773e467e3f900e1ae9f8e8,446698,fc4b406cbaf26f52da2f6d2ff1b03fcb686ace04,2,0.9551191926002502,Basketball,Basketball freestyle,Kurtis Blow,DJ Blazin,1984,2016,rap,rap
17891,d652974f51db5332e0773e467e3f900e1ae9f8e8,88777,b5edb15c6e7babe9648a5afe2540bc1f57199286,3,0.838585615158081,Basketball,Basketball Jones,Kurtis Blow,Barry White,1984,1996,rap,rap
17891,d652974f51db5332e0773e467e3f900e1ae9f8e8,378602,5a425d789e116057c19bb2c14a14c57872aecf88,4,0.8455536365509033,Basketball,Hoopla,Kurtis Blow,KyleYouMadeThat,1984,2021,rap,rap
17891,d652974f51db5332e0773e467e3f900e1ae9f8e8,331284,6118e697c03db73cc81d085a5cd03b2400d57b1b,5,0.7856999635696411,Basketball,Football Rap,Kurtis Blow,LL Cool J,1984,1986,rap,rap
17891,d652974f51db5332e0773e467e3f900e1ae9f8e8,446955,dd4465f2f73b6273c9d0ca3522bbc243467c88ed,6,0.8105787038803101,Basketball,Sports Based Freestyle,Kurtis Blow,Lil B,1984,2014,rap,rap
17891,d652974f51db5332e0773e467e3f900e1ae9f8e8,118637,292d197400e3e4891afa636ae256a286d625d9cd,7,0.7456072568893433,Basketball,XXL Freshman Freestyle: OJ da Juiceman,Kurtis Blow,OJ da Juiceman,1984,2010,rap,rap
17891,d652974f51db5332e0773e467e3f900e1ae9f8e8,81935,292e4fc502253bd4cbd3f7674bdd6dfd93aaf30d,8,0.813586413860321,Basketball,Basketball Jones,Kurtis Blow,Cheech & Chong,1984,1973,rap,rock
17891,d652974f51db5332e0773e467e3f900e1ae9f8e8,470795,9687126e31729fcef19d194ea1393e4668322658,9,0.8014147281646729,Basketball,Shooting Hoops,Kurtis Blow,G. Love & Special Sauce,1984,1994,rap,pop
17891,d652974f51db5332e0773e467e3f900e1ae9f8e8,340266,13a5dd0a9bbf4d5651eb02c5a257144a8bbe6fdf,10,0.7344695329666138,Basketball,2014 All Star Rosters,Kurtis Blow,NBA (Archives),1984,2014,rap,misc
17891,d652974f51db5332e0773e467e3f900e1ae9f8e8,90948,73f6f828081d84a79ae19964e49150f4b96929da,11,0.7644305229187012,Basketball,Gay Human Bones,Kurtis Blow,Harlem,1984,2010,rap,rock
17891,d652974f51db5332e0773e467e3f900e1ae9f8e8,159132,82c76935a569ddfdb9f1e47e2e94bcc4eb1a94cd,12,0.7282723784446716,Basketball,Jimmy Butler Is Your Father,Kurtis Blow,Froggy Fresh,1984,2015,rap,rap
17891,d652974f51db5332e0773e467e3f900e1ae9f8e8,149726,39574c77d86ad767fa3883d491d1f2b829a919cf,13,0.7782052755355835,Basketball,NBA Stole My Swag,Kurtis Blow,Lil B,1984,2014,rap,rap
17891,d652974f51db5332e0773e467e3f900e1ae9f8e8,356568,41ef94f34a0ed702c59f1ad5cebfb573337923eb,14,0.7674250602722168,Basketball,​sportz,Kurtis Blow,Judah & the Lion,1984,2019,rap,rock
17891,d652974f51db5332e0773e467e3f900e1ae9f8e8,158850,fef55abb03ebb6adfac32c6933b85331970c131c,15,0.7557272911071777,Basketball,Lakers national anthem 2010,Kurtis Blow,Ice Cube,1984,2008,rap,rap
17891,d652974f51db5332e0773e467e3f900e1ae9f8e8,69091,9ad0eee38b103c7c55df016ae151fb79313e36e3,16,0.7380735874176025,Basketball,Jump On It,Kurtis Blow,Sir Mix-a-Lot,1984,1996,rap,rap
17891,d652974f51db5332e0773e467e3f900e1ae9f8e8,293767,56b147a9269e7413e30d419ca14d9b381e0490da,17,0.7361634373664856,Basketball,Brians Back,Kurtis Blow,The Beach Boys,1984,1998,rap,pop
17891,d652974f51db5332e0773e467e3f900e1ae9f8e8,455377,28f4c5eae0445a3e57b8c05bd3b9f4186cf9301b,18,0.7539184093475342,Basketball,Dream Team,Kurtis Blow,Michael Franti & Spearhead,1984,1994,rap,rap
17891,d652974f51db5332e0773e467e3f900e1ae9f8e8,96126,5834375c5472c66c08f7509e026f94e610b5b66c,19,0.7506781816482544,Basketball,R.U.T.S.,Kurtis Blow,Andy Mineo & Wordsplayed,1984,2017,rap,rap
17891,d652974f51db5332e0773e467e3f900e1ae9f8e8,272639,645f30445fa9cdde30d3dff2a75ae0eec05b20fb,20,0.7052397727966309,Basketball,Harden Soul Remix,Kurtis Blow,Stephen Curry,1984,2013,rap,rap
151415,eb28149dd075bb7191b831e80214706f0e410de9,424184,055814baf1059dd5caca44b1946c7e224eaff786,1,0.9425770044326782,Real Shit,Fucking Around,Tay Capone,Jeezy,2015,2015,rap,pop
151415,eb28149dd075bb7191b831e80214706f0e410de9,243621,ee8334ffffd5c42358c9c0e78bf125168f00c547,2,0.9340543746948242,Real Shit,Hit Em Up,Tay Capone,Jose Guapo,2015,2015,rap,rap
151415,eb28149dd075bb7191b831e80214706f0e410de9,21841,09bcee165efc8c8177deb7dcb75cc4f26c6113af,3,0.9386179447174072,Real Shit,Beef,Tay Capone,Tee Grizzley,2015,2017,rap,rap
151415,eb28149dd075bb7191b831e80214706f0e410de9,405208,52d025093249e60e8cddd0810da598e13c9af250,4,0.9185686707496643,Real Shit,Slide Music 2,Tay Capone,Xanman,2015,2019,rap,rap
151415,eb28149dd075bb7191b831e80214706f0e410de9,169808,2ddea442fa1bb81932a79946ba6c4fa2777c0e43,5,0.934203028678894,Real Shit,300 Spartans,Tay Capone,Sy Ari da Kid,2015,2014,rap,rap
151415,eb28149dd075bb7191b831e80214706f0e410de9,493740,deb46b828702be934796b62f0ce806b5ce1ad875,6,0.9333974123001099,Real Shit,Outlaw Starz,Tay Capone,Dkoolpharaoh,2015,2018,rap,rap
151415,eb28149dd075bb7191b831e80214706f0e410de9,277613,737098553c30ce9ff61034b89ff73802ee5b1c8c,7,0.9376525282859802,Real Shit,Joe Jackson/ Consigliere,Tay Capone,Twisted Insane,2015,2015,rap,rap
151415,eb28149dd075bb7191b831e80214706f0e410de9,409384,e082464ddbefe1184bae14bccd135046147c17d6,8,0.9387543201446533,Real Shit,Fake Lil Wayne - Long Live King Von Quando Rondo Diss,Tay Capone,Swillz,2015,2020,rap,rap
151415,eb28149dd075bb7191b831e80214706f0e410de9,416461,0de4603f2472e7b9358d1db7490fca5974ce0bba,9,0.930802583694458,Real Shit,Location Location,Tay Capone,Chuuwee & Trizz,2015,2016,rap,rap
151415,eb28149dd075bb7191b831e80214706f0e410de9,83959,f07194a17bd0e1ec7e0fd21166ce5133f17c7f61,10,0.9271277785301208,Real Shit,Slide,Tay Capone,Sada Baby,2015,2020,rap,rap
151415,eb28149dd075bb7191b831e80214706f0e410de9,123269,4d172a27f5640061ae70e62773831479d259b8e1,11,0.9348276257514954,Real Shit,50 for 50,Tay Capone,2605,2015,2016,rap,rap
151415,eb28149dd075bb7191b831e80214706f0e410de9,175570,060ab57b6c2c0c338d1f2a9a6bb057a7199a2720,12,0.9316425919532776,Real Shit,SHINIGAMI PT. 2,Tay Capone,6ix9ine,2015,2018,rap,rap
151415,eb28149dd075bb7191b831e80214706f0e410de9,22250,34b26ba2e08a6d75fe8a067dfe973c75f77a84f1,13,0.9258108139038086,Real Shit,Bklu Flaggin Intro,Tay Capone,Bklue Rollxn,2015,2016,rap,rap
151415,eb28149dd075bb7191b831e80214706f0e410de9,96295,d0b8a593b234e09f4dd191c49978cb9787ab9d71,14,0.9313007593154907,Real Shit,Freestyle Pt. 2,Tay Capone,Young Pappy,2015,2014,rap,rap
151415,eb28149dd075bb7191b831e80214706f0e410de9,28651,14924299e6585065d0df37893d312cb3932b32c7,15,0.9307613372802734,Real Shit,Get At Me Dog,Tay Capone,DMX,2015,1998,rap,rap
151415,eb28149dd075bb7191b831e80214706f0e410de9,42813,fa7abac03c3c79174040cf5ab05ed7576e18a9fe,16,0.9289648532867432,Real Shit,All I Know,Tay Capone,Da Real Gee Money,2015,2016,rap,misc
151415,eb28149dd075bb7191b831e80214706f0e410de9,396960,40e39a68b99b21eca62e724ca3fb1e5bb3970103,17,0.9304617643356323,Real Shit,Crash Out,Tay Capone,Blac Youngsta,2015,2020,rap,rap
151415,eb28149dd075bb7191b831e80214706f0e410de9,38696,1694d14aa33c5798c5c78996cfb0b501c31eb3fe,18,0.9344775676727295,Real Shit,Lil Snupe Meek Mill Freestyle Part 2,Tay Capone,Lil' Snupe,2015,2013,rap,rap
151415,eb28149dd075bb7191b831e80214706f0e410de9,24362,bc865373e81ee4e2d4b9b90ac2ad2e44eb85315e,19,0.9259956479072571,Real Shit,0 to 300,Tay Capone,Lil Durk,2015,2014,rap,rap
151415,eb28149dd075bb7191b831e80214706f0e410de9,94638,b4595776227ae1c7539a9960ee3c682516320903,20,0.9307236075401306,Real Shit,HPNGC,Tay Capone,Injury Reserve,2015,2019,rap,rap
242944,44b1da970ccb85a23b79f616fac887fc883c1dbf,277987,1ed45ce687dbc34e52442148e69e2b70847321c8,1,0.860160231590271,Sleep In,Wake Up,Telekinesis,Now United,2015,2020,pop,pop
242944,44b1da970ccb85a23b79f616fac887fc883c1dbf,407416,fe50f91d24a2acef35c41343cafc103ecd2d0ff5,2,0.8180336356163025,Sleep In,Wake Up Sleeper,Telekinesis,Wildwood Kin,2015,2019,pop,pop
242944,44b1da970ccb85a23b79f616fac887fc883c1dbf,25425,b36eec78589b200790dabf0679e927281756cd60,3,0.8373698592185974,Sleep In,불면증 Insomnia,Telekinesis,Stray Kids,2015,2018,pop,pop
242944,44b1da970ccb85a23b79f616fac887fc883c1dbf,124811,3a69dbc8719e7cfd002fe20f5e175de442c39bfc,4,0.8323936462402344,Sleep In,Night Crawler,Telekinesis,Chris Webby,2015,2017,pop,rap
242944,44b1da970ccb85a23b79f616fac887fc883c1dbf,175371,840a1d1b798766c7096d8529cecfffc81aab4ac2,5,0.8394930362701416,Sleep In,The Dreamer,Telekinesis,I the Mighty,2015,2012,pop,rock
242944,44b1da970ccb85a23b79f616fac887fc883c1dbf,115934,d8a0a7a01983bb885300acb26ff849853eb2b841,6,0.8384601473808289,Sleep In,Under the Knife,Telekinesis,Rise Against,2015,2006,pop,rock
242944,44b1da970ccb85a23b79f616fac887fc883c1dbf,164646,d7c06f362eadfb7829d40f3d6fd03b196978a969,7,0.8575748205184937,Sleep In,Eyes Wide Shut,Telekinesis,JLS,2015,2010,pop,pop
242944,44b1da970ccb85a23b79f616fac887fc883c1dbf,382521,1ec174cf9cd28776f5e0129c07bfa45dfeb7a8db,8,0.8357268571853638,Sleep In,Day Is Done,Telekinesis,Chef'Special,2015,2014,pop,rap
242944,44b1da970ccb85a23b79f616fac887fc883c1dbf,369092,3dae5f5983bdf3c2a35869b73ec399bc9bacd8cb,9,0.8448222875595093,Sleep In,Before I Wake Up,Telekinesis,Hi-Rez,2015,2011,pop,rap
242944,44b1da970ccb85a23b79f616fac887fc883c1dbf,178960,6e55f39e8160a60604cb347e80cb984b75e88eeb,10,0.8421874046325684,Sleep In,If I Dont Wake Up,Telekinesis,Suicidal Tendencies,2015,1988,pop,rock
242944,44b1da970ccb85a23b79f616fac887fc883c1dbf,356177,dca63687bbd85535c0a46d6af5c3fb8ea81fe427,11,0.8528117537498474,Sleep In,Dont Wake Me Up,Telekinesis,outsiderX,2015,2021,pop,rap
242944,44b1da970ccb85a23b79f616fac887fc883c1dbf,309260,423fe0d5b496477dfc8d7dfee83e82b88e6767bb,12,0.836963415145874,Sleep In,Tomorrow,Telekinesis,Downplay,2015,2004,pop,rock
242944,44b1da970ccb85a23b79f616fac887fc883c1dbf,416671,89104169fbfe7952a25964e0aec8572ea57453d5,13,0.8411970138549805,Sleep In,Nightmare,Telekinesis,Chris Brown,2015,2019,pop,rb
242944,44b1da970ccb85a23b79f616fac887fc883c1dbf,101245,5728173773ad88d8be2491afdba531942f85a7c3,14,0.817326545715332,Sleep In,Photosynthesis,Telekinesis,Korantemaa,2015,2017,pop,pop
242944,44b1da970ccb85a23b79f616fac887fc883c1dbf,130308,911a18bdd49646861e1525216088b3fdbc79c433,15,0.8309528827667236,Sleep In,Song for the Sleepless,Telekinesis,Ollie MN,2015,2017,pop,rock
242944,44b1da970ccb85a23b79f616fac887fc883c1dbf,128491,744385b409f6d0620332f312e0ee32cdd090a719,16,0.8296188712120056,Sleep In,​ghosts 👻,Telekinesis,shinigami,2015,2016,pop,rap
242944,44b1da970ccb85a23b79f616fac887fc883c1dbf,262986,d842611ccbca7eb4875147a736be1255de026fe6,17,0.8186696767807007,Sleep In,Seize The Night,Telekinesis,Will Varley,2015,2015,pop,pop
242944,44b1da970ccb85a23b79f616fac887fc883c1dbf,369168,dad75f9e23de8bd7c8d0008f5e2508081bf1c2e9,18,0.8195754885673523,Sleep In,The Alarming Sound of a Still Small Voice,Telekinesis,Saosin,2015,2009,pop,pop
242944,44b1da970ccb85a23b79f616fac887fc883c1dbf,285945,1636514ca1abd82057efbe97f95fa2cb12b35bc4,19,0.8287290334701538,Sleep In,Early Morning Silence,Telekinesis,Glue,2015,2005,pop,rap
242944,44b1da970ccb85a23b79f616fac887fc883c1dbf,13893,4503aba23de8015b378f4f72ed563a94c1f6811a,20,0.8305264115333557,Sleep In,Coffee Single Version,Telekinesis,Miguel,2015,2014,pop,rb
506823,627e3947aeb2f7ce00ed3f1a5f5aa3ba528c10eb,311032,11a38da2f206ef64a190137464fa280a1907da7a,1,0.7879667282104492,Rock  Roll Alchemy,Vague Rock Song,Peter Doherty & Frdric Lo,Sun Kil Moon,2022,2017,rock,rock
506823,627e3947aeb2f7ce00ed3f1a5f5aa3ba528c10eb,475508,2f1276683d743ec9ac8c4b86469c8d5a07ca8a02,2,0.7505881786346436,Rock  Roll Alchemy,King Kong Five,Peter Doherty & Frdric Lo,Mano Negra,2022,1989,rock,rock
506823,627e3947aeb2f7ce00ed3f1a5f5aa3ba528c10eb,47703,6c5ca0ba925433d362ba0edf3e952adc8f766335,3,0.7783487439155579,Rock  Roll Alchemy,Rock N Roll,Peter Doherty & Frdric Lo,Yasiin Bey,2022,1999,rock,rap
506823,627e3947aeb2f7ce00ed3f1a5f5aa3ba528c10eb,407980,b651318bdea073ce1dfa9348d90e853a9a18b160,4,0.7549504041671753,Rock  Roll Alchemy,Anthem for a Lost Cause,Peter Doherty & Frdric Lo,Manic Street Preachers,2022,2013,rock,rock
506823,627e3947aeb2f7ce00ed3f1a5f5aa3ba528c10eb,163381,357d23631316a498635a650811353203255cf0be,5,0.7761995792388916,Rock  Roll Alchemy,The Top 200 Tracks of the 1990s,Peter Doherty & Frdric Lo,Pitchfork,2022,2010,rock,misc
506823,627e3947aeb2f7ce00ed3f1a5f5aa3ba528c10eb,285253,084abbd503cbdb9cd6425616ba14c3a23a9454a1,6,0.7637337446212769,Rock  Roll Alchemy,A Word on My Ear,Peter Doherty & Frdric Lo,Flanders & Swann,2022,1951,rock,pop
506823,627e3947aeb2f7ce00ed3f1a5f5aa3ba528c10eb,445184,c0493a4e97dca26ecf7cad4cf6c4688cf5fcad89,7,0.7574888467788696,Rock  Roll Alchemy,Evening Chai,Peter Doherty & Frdric Lo,Blue Scholars,2022,2004,rock,rap
506823,627e3947aeb2f7ce00ed3f1a5f5aa3ba528c10eb,107456,fd7cde778bf1a59633199b40ca9f9d7abca62533,8,0.7432384490966797,Rock  Roll Alchemy,The Irish Ballad,Peter Doherty & Frdric Lo,Tom Lehrer,2022,1953,rock,pop
506823,627e3947aeb2f7ce00ed3f1a5f5aa3ba528c10eb,421591,b2b9278ee419114ddc3c4cda5f6ba44422434a1e,9,0.7589415311813354,Rock  Roll Alchemy,Sam’s Song,Peter Doherty & Frdric Lo,Sammy Davis Jr.,2022,2015,rock,pop
506823,627e3947aeb2f7ce00ed3f1a5f5aa3ba528c10eb,483239,03a180cc7083fbb97636d7324a3ac1086113a96b,10,0.7679116725921631,Rock  Roll Alchemy,Whats Next on the Menu?,Peter Doherty & Frdric Lo,Pete Rock & C.L. Smooth,2022,1993,rock,rap
506823,627e3947aeb2f7ce00ed3f1a5f5aa3ba528c10eb,254539,e816eedfe8b3e3fe59bad3c7f67f5ce9e1f37f6d,11,0.7358037829399109,Rock  Roll Alchemy,The Story of a Rock and Roll Band,Peter Doherty & Frdric Lo,Randy Newman,2022,1979,rock,pop
506823,627e3947aeb2f7ce00ed3f1a5f5aa3ba528c10eb,455595,1733dcd39094c28cbab14e5231db28ae8a843884,12,0.747111976146698,Rock  Roll Alchemy,The Last Song,Peter Doherty & Frdric Lo,The Smashing Pumpkins,2022,1996,rock,rock
506823,627e3947aeb2f7ce00ed3f1a5f5aa3ba528c10eb,242056,333db91c9ff26ecfaaa2e917ecb9df9d83681f42,13,0.7655848264694214,Rock  Roll Alchemy,Music Is My Everything,Peter Doherty & Frdric Lo,Blu & Exile,2022,2020,rock,rap
506823,627e3947aeb2f7ce00ed3f1a5f5aa3ba528c10eb,435773,71404e52e03145010402346ee9d238f1c81ac626,14,0.7463005781173706,Rock  Roll Alchemy,The Mountain Whippoorwill,Peter Doherty & Frdric Lo,Stephen Vincent Bent,2022,2015,rock,misc
506823,627e3947aeb2f7ce00ed3f1a5f5aa3ba528c10eb,353228,6fcc476ee20213dc9ac2d26100cf42fec2ebbb58,15,0.7392969131469727,Rock  Roll Alchemy,That Song,Peter Doherty & Frdric Lo,Amaranthe,2022,2016,rock,rock
506823,627e3947aeb2f7ce00ed3f1a5f5aa3ba528c10eb,65402,2172cd03057ef6ce66396d819cd5e98e21581010,16,0.7714524269104004,Rock  Roll Alchemy,Alesund,Peter Doherty & Frdric Lo,Sun Kil Moon,2022,2010,rock,rock
506823,627e3947aeb2f7ce00ed3f1a5f5aa3ba528c10eb,382569,6906d1d669bf0e1bd181705d5fd270fc5abaf63c,17,0.7536104321479797,Rock  Roll Alchemy,Burning Bridges,Peter Doherty & Frdric Lo,Bon Jovi,2022,2015,rock,rock
506823,627e3947aeb2f7ce00ed3f1a5f5aa3ba528c10eb,383102,2eaa1f937885e5b671c35f273d4114dcd12eea7c,18,0.7571759819984436,Rock  Roll Alchemy,Bloodline,Peter Doherty & Frdric Lo,Dan Tyminski,2022,2017,rock,country
506823,627e3947aeb2f7ce00ed3f1a5f5aa3ba528c10eb,139137,ad5469ad123c86d7e6548080144c9756757e5350,19,0.7707667946815491,Rock  Roll Alchemy,Story,Peter Doherty & Frdric Lo,Shahmen,2022,2015,rock,rap
506823,627e3947aeb2f7ce00ed3f1a5f5aa3ba528c10eb,142273,f8f27104a93cc3dc2752fb9bcaa20b634059d2b8,20,0.7367753982543945,Rock  Roll Alchemy,Pie,Peter Doherty & Frdric Lo,Dwayne Johnson,2022,2001,rock,rap
441300,edfbc6a9bf940734615899607dc99220acd51082,158661,f3e9ccfb5434a9c56c36bede2022047227aa02f0,1,0.903603732585907,Where Are You Know,Wide Open,Chris Sails,Mac Mall,2018,1999,rap,rap
441300,edfbc6a9bf940734615899607dc99220acd51082,234215,92a0033b89f8509bbc844cd4727ca7455c4a7ac3,2,0.886443555355072,Where Are You Know,Hold You Down,Chris Sails,Jennifer Lopez,2018,2005,rap,pop
441300,edfbc6a9bf940734615899607dc99220acd51082,294677,d2a99be72f2885c58619e4276611a293305eec04,3,0.8785797357559204,Where Are You Know,Wait On Me,Chris Sails,Larry June,2018,2021,rap,rap
441300,edfbc6a9bf940734615899607dc99220acd51082,9168,4fbc8d0756cb208bcce74943e36d13d411f3cd05,4,0.8810163736343384,Where Are You Know,Gravity,Chris Sails,Brent Faiyaz & DJ Dahi,2018,2021,rap,rap
441300,edfbc6a9bf940734615899607dc99220acd51082,5293,7df9ae7e7aa6631b2923e06e887ea7ed298019f0,5,0.8954800367355347,Where Are You Know,I.M.Y I Miss You,Chris Sails,Kodak Black,2018,2015,rap,rap
441300,edfbc6a9bf940734615899607dc99220acd51082,248046,8802f657e9ab63a626cdcca61258fb08c32bb5fd,6,0.8990687727928162,Where Are You Know,Just One of Your Kisses,Chris Sails,Lil Rob,2018,2004,rap,rap
441300,edfbc6a9bf940734615899607dc99220acd51082,154478,033e57691aa7b0a500adcaf0dffa63cb6ea304e5,7,0.8840601444244385,Where Are You Know,Got Me Waiting,Chris Sails,Fantasia,2018,2004,rap,rb
441300,edfbc6a9bf940734615899607dc99220acd51082,107399,7511840636bc8e3641ddb8c1a6960c809bbff2e2,8,0.8880572319030762,Where Are You Know,I Wanna Be Down,Chris Sails,Tink,2018,2019,rap,rap
441300,edfbc6a9bf940734615899607dc99220acd51082,53098,debb9ebd17c9580120d7065833ad38c2049cd387,9,0.8939111232757568,Where Are You Know,On Me,Chris Sails,Charle$,2018,2018,rap,rb
441300,edfbc6a9bf940734615899607dc99220acd51082,92796,cd4363f31cf0ab7ea5c22f1ebc596f30a65847ee,10,0.8836177587509155,Where Are You Know,All You Can Handle,Chris Sails,Adam Saleh,2018,2017,rap,pop
441300,edfbc6a9bf940734615899607dc99220acd51082,38284,e0956794270740a392c0c3a0a91295b729190526,11,0.8765014410018921,Where Are You Know,High off You,Chris Sails,Yo Trane,2018,2016,rap,rb
441300,edfbc6a9bf940734615899607dc99220acd51082,498610,c0520f427838af7543b75cd936d9294a4e54dc3f,12,0.8815165758132935,Where Are You Know,What You Won’t Do,Chris Sails,Savannah Cristina,2018,2019,rap,rb
441300,edfbc6a9bf940734615899607dc99220acd51082,223617,8d7ea4f1fadb326d44f4c6a5f6b514b426604653,13,0.8866949677467346,Where Are You Know,Exist,Chris Sails,Sal Houdini,2018,2016,rap,rb
441300,edfbc6a9bf940734615899607dc99220acd51082,359176,cca7a96835d2adfb4b8b16ccaab00dad90620339,14,0.8914688229560852,Where Are You Know,Dont Push Me Away,Chris Sails,Kirko Bangz,2018,2010,rap,rap
441300,edfbc6a9bf940734615899607dc99220acd51082,288136,a0223f47cf6d0776a6ebd6d1db809d3f652cf196,15,0.896043062210083,Where Are You Know,I Seen That Light,Chris Sails,Lil B,2018,2011,rap,rap
441300,edfbc6a9bf940734615899607dc99220acd51082,71194,11ca049028d3c099437013ab189a93588651f624,16,0.877738356590271,Where Are You Know,Ecstasy,Chris Sails,Tinashe,2018,2012,rap,rb
441300,edfbc6a9bf940734615899607dc99220acd51082,41357,847b7d60f43b264ef75442341f4c60516b0a2c38,17,0.892998456954956,Where Are You Know,Distance,Chris Sails,Phora,2018,2016,rap,rap
441300,edfbc6a9bf940734615899607dc99220acd51082,368771,c5cb00d0cfaf149df7344f2f217af703ade1a805,18,0.8786685466766357,Where Are You Know,On My Way,Chris Sails,Kid Travis,2018,2020,rap,rb
441300,edfbc6a9bf940734615899607dc99220acd51082,255952,229b143da9bcc1d7781eb40132150c79587e51b0,19,0.8875092267990112,Where Are You Know,Changed for You,Chris Sails,Deante' Hitchcock,2018,2019,rap,rap
441300,edfbc6a9bf940734615899607dc99220acd51082,194349,ddd24fe92d0e42360cc664d1252dc446d8db2b68,20,0.8887625932693481,Where Are You Know,Potion of Hearts,Chris Sails,Shady Moon,2018,2021,rap,rap
59058,1c71651fbfefe48a0d3c917fbcd14105c33783a9,475423,ba6967dd350fd41e42effb0ede50adb13c297868,1,0.8248445987701416,Know My Ting,Barking Challenge,Ghetts,Rex P,2017,2018,rap,rb
59058,1c71651fbfefe48a0d3c917fbcd14105c33783a9,499519,33eb98f1beaf2a0e80804ce6fb2464cdb1d52c22,2,0.8083750605583191,Know My Ting,Ayo Ayo,Ghetts,Devin Di Dakta,2017,2016,rap,rb
59058,1c71651fbfefe48a0d3c917fbcd14105c33783a9,39862,b8736c4543ea98182f0ad5710f9b1fc73e5bc44c,3,0.8150238990783691,Know My Ting,Been Wavey,Ghetts,B Young,2017,2017,rap,rap
59058,1c71651fbfefe48a0d3c917fbcd14105c33783a9,411254,a02f931e9e9ce5dfd29ffaa1800c1da769889f65,4,0.8173561096191406,Know My Ting,Killa,Ghetts,Alicai Harley,2017,2018,rap,rb
59058,1c71651fbfefe48a0d3c917fbcd14105c33783a9,43768,d454058510c8a1c9fee0390597070e8cb96c5933,5,0.8203428387641907,Know My Ting,Uptown Top Ranking,Ghetts,Althea and Donna,2017,1977,rap,rock
59058,1c71651fbfefe48a0d3c917fbcd14105c33783a9,495516,d9f4c4e343d3ac16361e19f73a412a92c50c7a75,6,0.8133007884025574,Know My Ting,Tek Off,Ghetts,Popcaan,2017,2010,rap,rap
59058,1c71651fbfefe48a0d3c917fbcd14105c33783a9,269356,80d639e3353be50654b53125afe1787ed78046b0,7,0.8098368644714355,Know My Ting,Gyal from South,Ghetts,CertzMo/Mskeng,2017,2017,rap,rap
59058,1c71651fbfefe48a0d3c917fbcd14105c33783a9,468689,141f2310edd249bef518812a50dc9e63413c9cfc,8,0.8164340257644653,Know My Ting,Hollywood Take Three,Ghetts,Hardy Caprio,2017,2017,rap,rap
59058,1c71651fbfefe48a0d3c917fbcd14105c33783a9,476088,a3ad51c1a65e970403085af3ece23a0faf533109,9,0.7851585149765015,Know My Ting,Nice Tingz Divas,Ghetts,Vybz Kartel,2017,2020,rap,pop
59058,1c71651fbfefe48a0d3c917fbcd14105c33783a9,462858,815f595d8ba947fa87fe459904520a714b3d1561,10,0.7905271053314209,Know My Ting,2018 Summer UK Jam Medley,Ghetts,Bilal Shahid,2017,2018,rap,rb
59058,1c71651fbfefe48a0d3c917fbcd14105c33783a9,310468,8aa713389ca22a8e1e8cb91b72d0d162e0fb0096,11,0.8050112128257751,Know My Ting,Anoti,Ghetts,M.I Abaga,2017,2008,rap,rap
59058,1c71651fbfefe48a0d3c917fbcd14105c33783a9,119079,706ef3439dc0177ece5c01b9cae3d592d689a54d,12,0.809309184551239,Know My Ting,The Don  the Boss,Ghetts,Busta Rhymes & Vybz Kartel,2017,2020,rap,rap
59058,1c71651fbfefe48a0d3c917fbcd14105c33783a9,207321,e42037f982148c4b90ed090794ec6ea2058f2d5d,13,0.8122270703315735,Know My Ting,Secret Refix,Ghetts,Shenseea,2017,2018,rap,rap
59058,1c71651fbfefe48a0d3c917fbcd14105c33783a9,31704,9e21ee4199cc92497e0459fcc7eb89cbd945f7c7,14,0.8129507303237915,Know My Ting,Senseless Remix,Ghetts,Stefflon Don,2017,2018,rap,rap
59058,1c71651fbfefe48a0d3c917fbcd14105c33783a9,429674,9766b9a3d6aaa4830cebf00faefb6fcea68cc300,15,0.7831581830978394,Know My Ting,Leslie,Ghetts,Tommy Ice,2017,2019,rap,rap
59058,1c71651fbfefe48a0d3c917fbcd14105c33783a9,95052,df9ef6a663820731d295c3537b339dc0fe53da64,16,0.8046185970306396,Know My Ting,Explore Ya,Ghetts,MoStack,2017,2017,rap,rap
59058,1c71651fbfefe48a0d3c917fbcd14105c33783a9,459360,b89ab299bb880aa94da27820f256633c4cd3abab,17,0.8107863664627075,Know My Ting,Midnight,Ghetts,SainteYSM,2017,2021,rap,rap
59058,1c71651fbfefe48a0d3c917fbcd14105c33783a9,362563,fcbea60e88a6319bfa7c93bb51a89d411ad1c6c0,18,0.8166454434394836,Know My Ting,Fix Tings,Ghetts,Demarco,2017,2020,rap,pop
59058,1c71651fbfefe48a0d3c917fbcd14105c33783a9,151943,e95401442d526867216f51720e5b5161b8ca9ab4,19,0.7992765307426453,Know My Ting,Gold,Ghetts,Alicai Harley,2017,2017,rap,rb
59058,1c71651fbfefe48a0d3c917fbcd14105c33783a9,18885,c4383f1140bb83d954b2cac72aee9312368a2708,20,0.80539470911026,Know My Ting,Body Migos Version,Ghetts,Sean Paul,2017,2017,rap,rap
293296,4c79468fc59ed59ee278f400e5a7f62f148c9ed5,128945,0ed862061a3613e1c70b33958b0546a79a076ab5,1,0.9075586795806885,Ugly as Fuck,Take Me High,2 Live Crew,Pac Div,1991,2011,rap,rap
293296,4c79468fc59ed59ee278f400e5a7f62f148c9ed5,283205,e0364c099277dbedd54517e2253839b934df508a,2,0.8932490348815918,Ugly as Fuck,Ugly Bitches,2 Live Crew,Coolio,1991,1994,rap,rap
293296,4c79468fc59ed59ee278f400e5a7f62f148c9ed5,263730,17e8c0bbcd423958d5e3fca9053da7c7b26fbeab,3,0.9040519595146179,Ugly as Fuck,Project Bitch,2 Live Crew,Cash Money Millionaires,1991,2000,rap,pop
293296,4c79468fc59ed59ee278f400e5a7f62f148c9ed5,218273,ba1d7037478b639be98fb0f0d0e439bfcbb4dc1f,4,0.8950862884521484,Ugly as Fuck,Shes So Ugly,2 Live Crew,Hilltop Hoods,1991,2009,rap,rap
293296,4c79468fc59ed59ee278f400e5a7f62f148c9ed5,268084,e00f87b1b6678b60e9bb78618601a99f5d88cec4,5,0.8950191140174866,Ugly as Fuck,Asshole Naked,2 Live Crew,Luke,1991,1996,rap,rap
293296,4c79468fc59ed59ee278f400e5a7f62f148c9ed5,459585,29ab281b3483ff6eade69082bf5ba6ff88801343,6,0.8842141628265381,Ugly as Fuck,Out My Face,2 Live Crew,Yelawolf,1991,2010,rap,rap
293296,4c79468fc59ed59ee278f400e5a7f62f148c9ed5,514840,3f4ca07f368092803dce692ee54eda094ca81c8e,7,0.8862487077713013,Ugly as Fuck,All Alone,2 Live Crew,Or Barak,1991,2022,rap,rap
293296,4c79468fc59ed59ee278f400e5a7f62f148c9ed5,332758,2cfbc171bf5cf7a417298500714b4761fce380e3,8,0.9022247791290283,Ugly as Fuck,Da First Date,2 Live Crew,Tear Da Club Up Thugs,1991,2000,rap,pop
293296,4c79468fc59ed59ee278f400e5a7f62f148c9ed5,127723,6dc2d6528724e7833fdadfcecfb0d194b4f33fb5,9,0.8940814137458801,Ugly as Fuck,Fatty Girl,2 Live Crew,Ludacris,1991,2003,rap,rap
293296,4c79468fc59ed59ee278f400e5a7f62f148c9ed5,211436,724fba8d3929b114ff218c65fc1ce64425faea4a,10,0.8897634744644165,Ugly as Fuck,Slutty Girls,2 Live Crew,Knightowl,1991,2013,rap,rap
293296,4c79468fc59ed59ee278f400e5a7f62f148c9ed5,10630,bf21ce6b8ed57875a070eaf034799acf2dbc9ff3,11,0.900679349899292,Ugly as Fuck,Touch Eem Body,2 Live Crew,"XXXTENTACION, Bass Santana, Kin$oul & Reddz",1991,2019,rap,rap
293296,4c79468fc59ed59ee278f400e5a7f62f148c9ed5,411319,74a2dabeda25e63fe75a9180c86e1e55b72450db,12,0.8799059391021729,Ugly as Fuck,Aint No Bitches,2 Live Crew,Too $hort,1991,1999,rap,rap
293296,4c79468fc59ed59ee278f400e5a7f62f148c9ed5,471431,ac1fcadeb42d17bc88a4414e27574daf25f97953,13,0.8998574018478394,Ugly as Fuck,Sloppy Tuna,2 Live Crew,Hefna Gwap X T-Shyne,1991,2013,rap,rap
293296,4c79468fc59ed59ee278f400e5a7f62f148c9ed5,136488,f08f5365eb269fc18b75c468583553b8845068e9,14,0.8962936401367188,Ugly as Fuck,BET Uncut,2 Live Crew,Father,1991,2015,rap,rap
293296,4c79468fc59ed59ee278f400e5a7f62f148c9ed5,259937,3ba0f2eeb918bc05ad2d2948e5c31f8439cb1ed6,15,0.8935832977294922,Ugly as Fuck,Sleep Freestyle,2 Live Crew,"Tyler, The Creator",1991,2012,rap,rap
293296,4c79468fc59ed59ee278f400e5a7f62f148c9ed5,470344,c7215fd7636b7d3e0dddd798e76bd4ded489c9ac,16,0.8830099701881409,Ugly as Fuck,Girl Like You,2 Live Crew,Zak Downtown,1991,2013,rap,rap
293296,4c79468fc59ed59ee278f400e5a7f62f148c9ed5,133484,bcacb6e1ba501ae2d15f215280919657fc4cb4fd,17,0.896129846572876,Ugly as Fuck,On Fire Tonight,2 Live Crew,Cam'ron,1991,2002,rap,rap
293296,4c79468fc59ed59ee278f400e5a7f62f148c9ed5,255041,e69d075a64e72d25e1612e84a7cb64cb32fff303,18,0.8955661058425903,Ugly as Fuck,I Dont Give a Fuck,2 Live Crew,Nature,1991,2000,rap,rap
293296,4c79468fc59ed59ee278f400e5a7f62f148c9ed5,257607,bf11be272ce5aae6d034a23a6043ecc048f45454,19,0.8935374021530151,Ugly as Fuck,Purple hills - radio edit,2 Live Crew,D12,1991,2015,rap,pop
293296,4c79468fc59ed59ee278f400e5a7f62f148c9ed5,111618,ee3f6e321aca7c421568e0483a9c7564247dd708,20,0.8871538043022156,Ugly as Fuck,Body a Canvas,2 Live Crew,K CAMP,1991,2018,rap,rap
288390,042c844f59993e7c99d8ec3cde2d4cbd55c506f6,436867,34499bb6b50532ab959398cfd4702cae6a84d166,1,0.8516494035720825,Make It Happen,Someone,RFS DU SOL,Brian Culbertson,2021,2015,pop,pop
288390,042c844f59993e7c99d8ec3cde2d4cbd55c506f6,32172,937de21a1a923fc9b6b6a2fdb9cbf19186dc1e6a,2,0.8354352116584778,Make It Happen,Together,RFS DU SOL,Sia,2021,2020,pop,pop
288390,042c844f59993e7c99d8ec3cde2d4cbd55c506f6,155951,96b95ddd6346a17ba886a6faeb7d3694a46d817b,3,0.8415798544883728,Make It Happen,Forever For Always For Love,RFS DU SOL,Lalah Hathaway,2021,2004,pop,rb
288390,042c844f59993e7c99d8ec3cde2d4cbd55c506f6,496535,571572462ed38337a93d6f7ddd8fb6df69e4b467,4,0.8359742164611816,Make It Happen,Let Me Love You One More Time,RFS DU SOL,Bananarama,2021,1993,pop,rock
288390,042c844f59993e7c99d8ec3cde2d4cbd55c506f6,284041,bb7dba541cef6c0c17acbfbca38aeb431724a564,5,0.8277053236961365,Make It Happen,Love Will Make Me Stay,RFS DU SOL,Butterfly Boucher,2021,2015,pop,pop
288390,042c844f59993e7c99d8ec3cde2d4cbd55c506f6,81198,bb7ce27ad4a9d00d3eda20b08c42eea4c2e16164,6,0.8212934136390686,Make It Happen,Love Changes Everything,RFS DU SOL,Andrew Lloyd Webber,2021,1989,pop,pop
288390,042c844f59993e7c99d8ec3cde2d4cbd55c506f6,295691,83d94647bf8561f8f88b1f7862111ad6ee081800,7,0.8280495405197144,Make It Happen,Can Love Find A Way,RFS DU SOL,Janine Teoso,2021,2017,pop,pop
288390,042c844f59993e7c99d8ec3cde2d4cbd55c506f6,184377,bf10a9c41722efb5bc5a00d6acb832eb60c46a01,8,0.8371347188949585,Make It Happen,I Still Believe,RFS DU SOL,Brenda K. Starr,2021,1988,pop,pop
288390,042c844f59993e7c99d8ec3cde2d4cbd55c506f6,265608,205ebec48e9e51d03522e31f445def323ccbd6c1,9,0.820212185382843,Make It Happen,Luv Can,RFS DU SOL,Bon Jovi,2021,2020,pop,rock
288390,042c844f59993e7c99d8ec3cde2d4cbd55c506f6,499727,d30c79edaab949164211433f4022903e3a7cd895,10,0.8152337074279785,Make It Happen,Why Cant We Be Together,RFS DU SOL,Piolo Pascual,2021,2015,pop,pop
288390,042c844f59993e7c99d8ec3cde2d4cbd55c506f6,65412,66a44889add9712261f61652bbb44d7f79b87a41,11,0.829308271408081,Make It Happen,True Believer,RFS DU SOL,Avicii,2021,2015,pop,pop
288390,042c844f59993e7c99d8ec3cde2d4cbd55c506f6,499023,404a2cf906d421a3346c1cb53c564dbdbfac0810,12,0.8290703296661377,Make It Happen,Second Chance,RFS DU SOL,Hillsong UNITED,2021,2007,pop,pop
288390,042c844f59993e7c99d8ec3cde2d4cbd55c506f6,39288,d75e9776bc9222951417b5913330df2c0434faba,13,0.8274281024932861,Make It Happen,Nothings Gonna Change My Love For You,RFS DU SOL,Westlife,2021,2006,pop,pop
288390,042c844f59993e7c99d8ec3cde2d4cbd55c506f6,217110,1d1f03032d47d06fc705644953e2c57ae23abfcd,14,0.8363809585571289,Make It Happen,This Love,RFS DU SOL,Kadhja Bonet,2021,2016,pop,rb
288390,042c844f59993e7c99d8ec3cde2d4cbd55c506f6,427133,09a12cc8150c8ca569969e45de8f718259fdde2f,15,0.813373327255249,Make It Happen,Love to Burn,RFS DU SOL,Neil Young & Crazy Horse,2021,1990,pop,rock
288390,042c844f59993e7c99d8ec3cde2d4cbd55c506f6,319363,bafa3258aa01b0df5fd887108544283ee9174a52,16,0.8186212182044983,Make It Happen,Light Up The Sky,RFS DU SOL,Girls Generation,2021,2017,pop,pop
288390,042c844f59993e7c99d8ec3cde2d4cbd55c506f6,429426,c5b783baf5090933b136883923678c05360b58fd,17,0.8233188390731812,Make It Happen,Love Is All,RFS DU SOL,Malcolm Roberts,2021,2015,pop,pop
288390,042c844f59993e7c99d8ec3cde2d4cbd55c506f6,113076,76087650a3737119871c56235a2272d864fab37d,18,0.8249311447143555,Make It Happen,Suddenly Its Magic,RFS DU SOL,Cunnie Williams,2021,1993,pop,pop
288390,042c844f59993e7c99d8ec3cde2d4cbd55c506f6,156377,b6c15d2a528e50e988443d5377c9622a88d09c36,19,0.8154124021530151,Make It Happen,Love Will Lead You Back,RFS DU SOL,Taylor Dayne,2021,1990,pop,pop
288390,042c844f59993e7c99d8ec3cde2d4cbd55c506f6,245641,044d8b28c41bda50694d65c7422219bf47a6f9b5,20,0.8342798948287964,Make It Happen,Post Modern Fade,RFS DU SOL,Cottonwood Firing Squad,2021,2017,pop,rock
344696,767fa74f115b7bddd89f3f08daf8984f74346bfa,85416,80957222b648f7564a77c3052818c4679f83b71a,1,0.9091775417327881,Relentless Storm,20th Year Anniversary Cypher,Sicknature,Bone Thugs-N-Harmony,2013,2013,rap,rap
344696,767fa74f115b7bddd89f3f08daf8984f74346bfa,121693,86291b528a25c8d8a83bb1bc0464ae0ebf5b44c3,2,0.902315616607666,Relentless Storm,G,Sicknature,G-Mo Skee,2013,2016,rap,rap
344696,767fa74f115b7bddd89f3f08daf8984f74346bfa,381516,8172ee0553e9d7afcbaa1c30a76c4d1c7d3da407,3,0.9070658683776855,Relentless Storm,The Antidote,Sicknature,C-Mob,2013,2012,rap,rap
344696,767fa74f115b7bddd89f3f08daf8984f74346bfa,238131,9f43b685787d9aebb802930952d4a9307a277b38,4,0.8795650005340576,Relentless Storm,Fuck Worldstar,Sicknature,Lockness Monsta,2013,2012,rap,rap
344696,767fa74f115b7bddd89f3f08daf8984f74346bfa,480952,9073110e822f0af1a88eade0e06c017598bb3be7,5,0.8939943313598633,Relentless Storm,Rappers Do Not Like Me,Sicknature,Crypt & Futuristic,2013,2021,rap,rap
344696,767fa74f115b7bddd89f3f08daf8984f74346bfa,117615,70554ab686761b99ed3ccbff350d4da9f51dd363,6,0.9081581830978394,Relentless Storm,10 Minutes,Sicknature,Stormzy,2013,2015,rap,rap
344696,767fa74f115b7bddd89f3f08daf8984f74346bfa,162095,abdadc8f34889e5f6d1247aad6df330444c5f08d,7,0.9038504958152771,Relentless Storm,Same Day,Sicknature,Horseshoe G.A.N.G,2013,2015,rap,rap
344696,767fa74f115b7bddd89f3f08daf8984f74346bfa,273512,c2600d7008f656d9ce46f68c08b85506c46f40e3,8,0.9065965414047241,Relentless Storm,Niggas Off The Street,Sicknature,N.O.T.S. (Rap),2013,1992,rap,rap
344696,767fa74f115b7bddd89f3f08daf8984f74346bfa,355273,9630906aba60012c744c90f412c29cb16bf7a1ed,9,0.8965984582901001,Relentless Storm,The King is Down Rakim Diss,Sicknature,Freddie Foxxx,2013,2006,rap,rap
344696,767fa74f115b7bddd89f3f08daf8984f74346bfa,411743,5c2d854088bf018a3188802775c50621d0bf6a46,10,0.8810123801231384,Relentless Storm,Most Murderous Music Freestyle,Sicknature,Apathy,2013,2012,rap,rap
344696,767fa74f115b7bddd89f3f08daf8984f74346bfa,28388,1a49d0b87bb7cd7bd4310c1d67f523720a2d96dd,11,0.9022756814956665,Relentless Storm,Death to Mumble Rap,Sicknature,GAWNE,2013,2019,rap,rap
344696,767fa74f115b7bddd89f3f08daf8984f74346bfa,150761,a28d98754f456dd65bfd1fc97d02c09b6a27a88e,12,0.9004946947097778,Relentless Storm,Mission Statement,Sicknature,Chris Webby,2013,2012,rap,rap
344696,767fa74f115b7bddd89f3f08daf8984f74346bfa,145514,e10cabb0e68126c1bcc5be8e2bcb59062d0d6ba6,13,0.908158540725708,Relentless Storm,360 Bars,Sicknature,The Game,2013,2007,rap,rap
344696,767fa74f115b7bddd89f3f08daf8984f74346bfa,440651,824ef7d4258d4086d41819c469bb018d556565ed,14,0.8904569149017334,Relentless Storm,Tight Pants Are For Girls,Sicknature,Termanology,2013,2010,rap,rap
344696,767fa74f115b7bddd89f3f08daf8984f74346bfa,236983,deb9a2ec9fcf4a853c249b61fb149a835d0932d7,15,0.8841788172721863,Relentless Storm,F.H.H.,Sicknature,RJD2,2013,2002,rap,rap
344696,767fa74f115b7bddd89f3f08daf8984f74346bfa,226783,3377a5dff0ce25bbe1710a12d30fca6f998df8fc,16,0.9010246396064758,Relentless Storm,Gangster Rapper,Sicknature,Ice Cube,2013,2013,rap,rap
344696,767fa74f115b7bddd89f3f08daf8984f74346bfa,236157,0b077342484399d415e84f26409eea4030700b35,17,0.900469183921814,Relentless Storm,My Lifestyle Remix,Sicknature,Fat Joe,2013,2001,rap,rap
344696,767fa74f115b7bddd89f3f08daf8984f74346bfa,349516,429d3144b32b509ea4a1ec71690cbfaf6d022f42,18,0.885880172252655,Relentless Storm,Kizz My Black Azz,Sicknature,MC Ren,2013,1992,rap,rap
344696,767fa74f115b7bddd89f3f08daf8984f74346bfa,462125,a91aec035fc08c5db28a7e05001c367880f50551,19,0.8936823606491089,Relentless Storm,Ruff Ruff,Sicknature,Boogie Down Productions,2013,1992,rap,rap
344696,767fa74f115b7bddd89f3f08daf8984f74346bfa,489232,f14c3796832b8c1770b79b9c3977bf74f5a81eb2,20,0.8997354507446289,Relentless Storm,Absolute Control,Sicknature,Kwame Jhosef,2013,2013,rap,rap
296325,2d7d2146b62697c3746ad2915f6c647b0792acaa,73572,b34a7f9702601860bd767a9f1e6e6820d92ab060,1,0.9167675971984863,One More Time,Just Rhymin with Biz,YONAS,Big Daddy Kane,1997,1988,rap,rap
296325,2d7d2146b62697c3746ad2915f6c647b0792acaa,78544,c869e1402b6e0a72947fafaa0f99263af83b36b7,2,0.9075769186019897,One More Time,Hey Now,YONAS,Hoodie Allen,1997,2012,rap,rap
296325,2d7d2146b62697c3746ad2915f6c647b0792acaa,11352,01b0854ffe81f6f86d16081bc6d2e339f15e7ad0,3,0.9115206003189087,One More Time,Closer to My Dreams,YONAS,Drake,1997,2007,rap,rap
296325,2d7d2146b62697c3746ad2915f6c647b0792acaa,37428,56d77c1ed2e8290c2f90add219a0b78abaa82ceb,4,0.9002994298934937,One More Time,Fruit Punch,YONAS,Kaiydo,1997,2016,rap,rap
296325,2d7d2146b62697c3746ad2915f6c647b0792acaa,218731,55e06c67c74bef2d1aeaf573f2cc311d7a833583,5,0.9012328386306763,One More Time,Sleeping Pills,YONAS,Ivan B,1997,2018,rap,rap
296325,2d7d2146b62697c3746ad2915f6c647b0792acaa,311078,12ea6b9c2ec311fc2a9d3f865004bd1bebf81319,6,0.9026479721069336,One More Time,Knock Out,YONAS,Jake Miller,1997,2012,rap,rap
296325,2d7d2146b62697c3746ad2915f6c647b0792acaa,25846,f0f488363aec80e5d4396a20eadee37fdcadbc86,7,0.9053692817687988,One More Time,Fire in the Booth,YONAS,Drake,1997,2018,rap,rap
296325,2d7d2146b62697c3746ad2915f6c647b0792acaa,123920,91137ac3117f095f9b0d9e3f9bac8246422edf60,8,0.9104242920875549,One More Time,Cool with Me,YONAS,The Rap Game Clan,1997,2016,rap,rap
296325,2d7d2146b62697c3746ad2915f6c647b0792acaa,438926,2721c404c1b39d07900bc94139b07661500d4613,9,0.9026622176170349,One More Time,Get It Together,YONAS,James Brown,1997,1991,rap,rb
296325,2d7d2146b62697c3746ad2915f6c647b0792acaa,142221,450c95b3a955181223e5fa7f907f57c137db4a2d,10,0.9090439677238464,One More Time,Westwood Freestyle,YONAS,Wiley,1997,2008,rap,rap
296325,2d7d2146b62697c3746ad2915f6c647b0792acaa,400092,05642d480d1bd5b79164e6648677f17360a6dce5,11,0.9032843112945557,One More Time,Poetic Justice Remix,YONAS,Justin Starling,1997,2012,rap,rap
296325,2d7d2146b62697c3746ad2915f6c647b0792acaa,426437,53cd73d38949c9fb8f78f52309abbab6103bcf58,12,0.9040299654006958,One More Time,Selfish Freestyle,YONAS,Hit-Boy,1997,2013,rap,rap
296325,2d7d2146b62697c3746ad2915f6c647b0792acaa,122689,c4ee4b4ee885db0ed91f4f2e4c9046d66757809e,13,0.8979091644287109,One More Time,Mucky Weekend,YONAS,Dub Pistols,1997,2012,rap,pop
296325,2d7d2146b62697c3746ad2915f6c647b0792acaa,69798,0197131de42c47b5ae398f908ad158caf12bad55,14,0.9098701477050781,One More Time,40 Years of Hip-Hop,YONAS,The Hood Internet,1997,2017,rap,rap
296325,2d7d2146b62697c3746ad2915f6c647b0792acaa,50857,bef3037cd3879ac9e7ded83133516273e62a0c5a,15,0.9019397497177124,One More Time,One and Only,YONAS,Los (Cherfin Music),1997,2011,rap,rap
296325,2d7d2146b62697c3746ad2915f6c647b0792acaa,427150,84d90ad753a917321ae4eb6b9a13a722dab74ca7,16,0.9086998701095581,One More Time,From The Drop,YONAS,MJ Cole & Wiley,1997,2010,rap,rap
296325,2d7d2146b62697c3746ad2915f6c647b0792acaa,405345,b74ab688167a681204eb5ca4346464e3d04fe7dd,17,0.9052133560180664,One More Time,2AM,YONAS,Jay Wile,1997,2019,rap,rap
296325,2d7d2146b62697c3746ad2915f6c647b0792acaa,204691,5ca44793848e07220a7ced244d01dbdd5efec267,18,0.9080054759979248,One More Time,Step 20,YONAS,Wiley,1997,2013,rap,rap
296325,2d7d2146b62697c3746ad2915f6c647b0792acaa,208093,d98c7c1badee6fc3d93523e84322c6eff3c34f2d,19,0.903095543384552,One More Time,No Sleep Remix,YONAS,ReasonHD,1997,2014,rap,rap
296325,2d7d2146b62697c3746ad2915f6c647b0792acaa,393797,6df96c36e697b27aa48813fbf127d7f40772ee2b,20,0.9004971385002136,One More Time,When Thugs Cry,YONAS,Youngs Teflon,1997,2014,rap,rap
310892,2fb689105cf5c01a3fa02cc4e908c6d38d5fd776,124702,09cf0cc28349da7349ca2d450766dde70f85df16,1,0.8410773277282715,If You Hadnt But You Did From Two On The Aisle 1951,An Open Letter: the Introduction,Kristin Chenoweth,Nicotine,2015,2017,pop,rb
310892,2fb689105cf5c01a3fa02cc4e908c6d38d5fd776,452464,7d1c3839f0ddd1a8739994d8c6349d49bf71af95,2,0.8377658128738403,If You Hadnt But You Did From Two On The Aisle 1951,​the 1 the long pond studio sessions,Kristin Chenoweth,Taylor Swift,2015,2020,pop,pop
310892,2fb689105cf5c01a3fa02cc4e908c6d38d5fd776,326290,1757c5c565c13156a0022441176c5761581efc31,3,0.8243381977081299,If You Hadnt But You Did From Two On The Aisle 1951,A Hug Too Long,Kristin Chenoweth,Gabby's World,2015,2015,pop,rock
310892,2fb689105cf5c01a3fa02cc4e908c6d38d5fd776,30885,4fd6c722d80c87e76752bbfd2048c0be6ea1ca00,4,0.8372576236724854,If You Hadnt But You Did From Two On The Aisle 1951,Partners in Crime,Kristin Chenoweth,FINNEAS,2015,2019,pop,pop
310892,2fb689105cf5c01a3fa02cc4e908c6d38d5fd776,455083,0196f85998571b9c5cd87c418189a2f0caca9a0f,5,0.8096104860305786,If You Hadnt But You Did From Two On The Aisle 1951,If I Were You I’d Be Through with Me,Kristin Chenoweth,The Divine Comedy,2015,1997,pop,pop
310892,2fb689105cf5c01a3fa02cc4e908c6d38d5fd776,388793,758ccc443cba9401232afc510c6f893a9681bd04,6,0.8345133066177368,If You Hadnt But You Did From Two On The Aisle 1951,We Almost Had A Baby,Kristin Chenoweth,Emmy The Great,2015,2009,pop,pop
310892,2fb689105cf5c01a3fa02cc4e908c6d38d5fd776,380909,11ec75a9f86f77df48ce38b5a4bd0226eb7ce9ce,7,0.8267459273338318,If You Hadnt But You Did From Two On The Aisle 1951,Burning Tears,Kristin Chenoweth,Clodelle,2015,2021,pop,pop
310892,2fb689105cf5c01a3fa02cc4e908c6d38d5fd776,493,72cf0b9d14a255add49fc1f9e16b323a0ecc5e7d,8,0.8325798511505127,If You Hadnt But You Did From Two On The Aisle 1951,Teenage Fever,Kristin Chenoweth,Drake,2015,2017,pop,pop
310892,2fb689105cf5c01a3fa02cc4e908c6d38d5fd776,133292,ea481802b4905dc92a3cefb306fe50f378b97dc6,9,0.827760636806488,If You Hadnt But You Did From Two On The Aisle 1951,The Place You Love,Kristin Chenoweth,Have Mercy,2015,2014,pop,rock
310892,2fb689105cf5c01a3fa02cc4e908c6d38d5fd776,102525,37609380d143cc976bceb0de8c6b58913c4ef5d3,10,0.8323378562927246,If You Hadnt But You Did From Two On The Aisle 1951,X Offender,Kristin Chenoweth,Blondie,2015,1976,pop,rock
310892,2fb689105cf5c01a3fa02cc4e908c6d38d5fd776,458507,bb1fc3206f0549f7cbcb681ea3f6d7b9eb2a8465,11,0.8349262475967407,If You Hadnt But You Did From Two On The Aisle 1951,Why,Kristin Chenoweth,Zack Hemsey,2015,2010,pop,pop
310892,2fb689105cf5c01a3fa02cc4e908c6d38d5fd776,172505,9fe319a1f75cd4b48c14b5b6149e6b8873802437,12,0.8096868991851807,If You Hadnt But You Did From Two On The Aisle 1951,Could Be You,Kristin Chenoweth,Allah-Las,2015,2016,pop,rock
310892,2fb689105cf5c01a3fa02cc4e908c6d38d5fd776,243491,05915d8f99336f65db1fc6ed532fb4d1bc9f12e2,13,0.824063241481781,If You Hadnt But You Did From Two On The Aisle 1951,If I...,Kristin Chenoweth,Foxy Brown,2015,1996,pop,rap
310892,2fb689105cf5c01a3fa02cc4e908c6d38d5fd776,268267,a3306c9dea87436547332993aa092af181600c1e,14,0.8246362805366516,If You Hadnt But You Did From Two On The Aisle 1951,Pretty Girl from Michigan,Kristin Chenoweth,The Avett Brothers,2015,2012,pop,rock
310892,2fb689105cf5c01a3fa02cc4e908c6d38d5fd776,359857,445d2ca137d8779dff29ef4766788d8efefd0acb,15,0.8133531808853149,If You Hadnt But You Did From Two On The Aisle 1951,Why Am I Not Going Under Walter?,Kristin Chenoweth,Glocca Morra,2015,2012,pop,rock
310892,2fb689105cf5c01a3fa02cc4e908c6d38d5fd776,240614,11df791752bcd58bb94a23821fd22e5b5c3c5e00,16,0.826412558555603,If You Hadnt But You Did From Two On The Aisle 1951,Favorite What If,Kristin Chenoweth,Ashley Kutcher,2015,2021,pop,pop
310892,2fb689105cf5c01a3fa02cc4e908c6d38d5fd776,477710,ddd2d1c7b4a29d22af9205d6907ef83919aa524e,17,0.815803050994873,If You Hadnt But You Did From Two On The Aisle 1951,I Wish You Were Dead,Kristin Chenoweth,Bored Nothing,2015,2012,pop,pop
310892,2fb689105cf5c01a3fa02cc4e908c6d38d5fd776,365914,e944fb10cd46c0cef800bfba019c16ceacd5725a,18,0.8078418970108032,If You Hadnt But You Did From Two On The Aisle 1951,Last to Know,Kristin Chenoweth,P!nk,2015,2004,pop,rock
310892,2fb689105cf5c01a3fa02cc4e908c6d38d5fd776,490018,4417f28353fa0830e3ca1e12811af8440237ea3d,19,0.8333559036254883,If You Hadnt But You Did From Two On The Aisle 1951,Truthful,Kristin Chenoweth,Heavy D & The Boyz,2015,1993,pop,rap
310892,2fb689105cf5c01a3fa02cc4e908c6d38d5fd776,455784,278f9fa63f9701cd497f80ed2333bb946655018c,20,0.8325719237327576,If You Hadnt But You Did From Two On The Aisle 1951,Falling In love,Kristin Chenoweth,Randel Alexander,2015,2011,pop,rap
210688,a6a2f18e1555176620302110ad85171c18fbb033,245720,aa13822118abb70832990475ee8d6fbe9b3fb0ca,1,0.8968858122825623,I Love You,Love I Hear,Alex Clare,Stephen Sondheim,2011,1962,pop,pop
210688,a6a2f18e1555176620302110ad85171c18fbb033,407025,91be07b54c24922533a44bcad2404503f6faaeae,2,0.8936198949813843,I Love You,The I Love You Song,Alex Clare,Charles Aznavour,2011,1974,pop,pop
210688,a6a2f18e1555176620302110ad85171c18fbb033,398991,43c2331484b482b63f54a201bc2a57278af4a16d,3,0.8882460594177246,I Love You,Couldnt Have Said It Better,Alex Clare,Meat Loaf,2011,2003,pop,rock
210688,a6a2f18e1555176620302110ad85171c18fbb033,3930,5e1647109f70a7a2008016ceead2d0bfbdbcb881,4,0.8903177380561829,I Love You,​love language,Alex Clare,Ariana Grande,2011,2020,pop,rb
210688,a6a2f18e1555176620302110ad85171c18fbb033,435637,375df8d7b88a943255db122c62a1300b22072c8f,5,0.8963676691055298,I Love You,I Love You,Alex Clare,Lee Clayton,2011,1979,pop,rock
210688,a6a2f18e1555176620302110ad85171c18fbb033,232560,e044961bc6b362e3237afb87e24fda1d3c92a422,6,0.8905283212661743,I Love You,I Love You,Alex Clare,Ed Sheeran,2011,2005,pop,pop
210688,a6a2f18e1555176620302110ad85171c18fbb033,107173,a6f60a3b8ea10cef575f4a3751b672ce3c417a52,7,0.8726592659950256,I Love You,Till You Tell Me To Leave,Alex Clare,TV Girl,2011,2016,pop,pop
210688,a6a2f18e1555176620302110ad85171c18fbb033,138075,57a297b11d11d42915c87636dfc0d6b226d0ab7c,8,0.8877400159835815,I Love You,Promise,Alex Clare,"James Snyder, Jenna Leigh Green, Christopher Johnson, Matt Doyle & Keili Lefkovitz",2011,2008,pop,pop
210688,a6a2f18e1555176620302110ad85171c18fbb033,62637,1a3ff73891276fc81a2c0c6530c9a1f6d8a2932f,9,0.8775787353515625,I Love You,If You Say So,Alex Clare,Lea Michele,2011,2014,pop,rock
210688,a6a2f18e1555176620302110ad85171c18fbb033,30817,d6c02d57ae881c533e10d68640d3959d1180e85a,10,0.8837263584136963,I Love You,The Cry,Alex Clare,Tory Lanez,2011,2019,pop,rb
210688,a6a2f18e1555176620302110ad85171c18fbb033,484647,399131fbf0d8447f1870e32c45c6abb9b1fe7ae8,11,0.8899381160736084,I Love You,My Letter to You,Alex Clare,Jaycob Curlee,2011,2016,pop,pop
210688,a6a2f18e1555176620302110ad85171c18fbb033,377086,fd537bebec5d349ced95d78a6438d2e72ae84d8f,12,0.8873275518417358,I Love You,Lost,Alex Clare,Van der Graaf Generator,2011,1970,pop,rock
210688,a6a2f18e1555176620302110ad85171c18fbb033,385314,eee02ed6445642fb05faae7272a5ced4ca33b6c5,13,0.8710328340530396,I Love You,Put You Into Words,Alex Clare,Clare Dunn,2011,2018,pop,country
210688,a6a2f18e1555176620302110ad85171c18fbb033,191643,ebffcebc37ae9ef443e84323b5131710bd5b8c76,14,0.888355553150177,I Love You,Love Letter,Alex Clare,Shwayze,2011,2011,pop,rap
210688,a6a2f18e1555176620302110ad85171c18fbb033,324686,2ef5c42476a787d7b4156d96e9f996936a87e5d6,15,0.8853336572647095,I Love You,Tell Me a Lie,Alex Clare,Njomza,2011,2013,pop,rap
210688,a6a2f18e1555176620302110ad85171c18fbb033,128202,3e73f1ef9301d25e22853ef26a4a4804456c0174,16,0.8600962162017822,I Love You,The Camper Velourium I: Faint of Hearts,Alex Clare,Coheed and Cambria,2011,2003,pop,rock
210688,a6a2f18e1555176620302110ad85171c18fbb033,240862,142b8be73a55452c9c12041a8abb297d94312ce0,17,0.8672785758972168,I Love You,Tatiana,Alex Clare,Pee Wee Gaskins,2011,2008,pop,pop
210688,a6a2f18e1555176620302110ad85171c18fbb033,109400,0ef871aaf5a002cef47ed755399e11854077dbd0,18,0.8823527097702026,I Love You,Proud of Me,Alex Clare,Mahalia,2011,2018,pop,rb
210688,a6a2f18e1555176620302110ad85171c18fbb033,78154,825ecdde2b8da4bec1144bdadfb440646b23e709,19,0.8928955793380737,I Love You,Pop Danthology 2014,Alex Clare,Daniel Kim (CAN),2011,2014,pop,rap
210688,a6a2f18e1555176620302110ad85171c18fbb033,466079,8e871f2e2a4fd6d91b524f639914a8fbda6c2a4c,20,0.8645517826080322,I Love You,Lover like You,Alex Clare,Gorgon City,2011,2014,pop,pop
473269,603c1678471df82964c12c3f8bad98f3614fde05,417355,f2fbc5a77fea5d5b503bc57325e07d0568a71db8,1,0.8392324447631836,Magic,Heavy Love Affair,Kisch,Marvin Gaye,2021,1981,pop,rb
473269,603c1678471df82964c12c3f8bad98f3614fde05,60446,2b291a22bf7f286c107e329db9167aa8d5ce62e0,2,0.8028393983840942,Magic,Love is Wicked,Kisch,Brick & Lace,2021,2007,pop,pop
473269,603c1678471df82964c12c3f8bad98f3614fde05,135219,20b74e8b1629312ef9e73e15f32d5ccb4ed638f0,3,0.7920717597007751,Magic,Magical,Kisch,Demi Lovato,2021,2019,pop,pop
473269,603c1678471df82964c12c3f8bad98f3614fde05,388288,334bddca6823f2951f025a3f9cf296449b33b6a4,4,0.8253397941589355,Magic,Love Is a Magical Thing,Kisch,Anna Biller,2021,2016,pop,pop
473269,603c1678471df82964c12c3f8bad98f3614fde05,281541,ac18708cc1bac526eb11b4f2ab007f186ca0b48e,5,0.8201115131378174,Magic,Love Hurts,Kisch,Happy Hour (Florida),2021,2019,pop,rock
473269,603c1678471df82964c12c3f8bad98f3614fde05,438954,9542e628793498f9fed630d67253f472a47cd10f,6,0.816196084022522,Magic,Love Me To Death,Kisch,The Mission,2021,1986,pop,pop
473269,603c1678471df82964c12c3f8bad98f3614fde05,54291,1cc557335ed3ac736ed11cbf068d5939bf214b6d,7,0.8298962712287903,Magic,Number 13,Kisch,Nothing But Thieves,2021,2017,pop,rock
473269,603c1678471df82964c12c3f8bad98f3614fde05,230899,73cb42db0707299964341cbdbb75e0a2cd8bd336,8,0.8156486749649048,Magic,Black Magic,Kisch,The-Dream,2021,2015,pop,rb
473269,603c1678471df82964c12c3f8bad98f3614fde05,129692,309bec6982f2292e86aee9b0bafa3cb46f72a316,9,0.7806205749511719,Magic,Sleeping In the Fire,Kisch,W.A.S.P.,2021,1984,pop,rock
473269,603c1678471df82964c12c3f8bad98f3614fde05,206449,896a6c4eb8a12d204ecb870d8a90ce013591218e,10,0.8088427186012268,Magic,Trippy Love,Kisch,King Iso,2021,2019,pop,rap
473269,603c1678471df82964c12c3f8bad98f3614fde05,451082,6f46d1426b254240b48be2dc47c9682adc98dbad,11,0.815895140171051,Magic,Your Love,Kisch,Michael W. Smith,2021,2018,pop,pop
473269,603c1678471df82964c12c3f8bad98f3614fde05,308392,0ada4108f328e0584b79ace7b22d355205a9120f,12,0.8119227290153503,Magic,Somethings In The Air,Kisch,SAULT,2021,2019,pop,pop
473269,603c1678471df82964c12c3f8bad98f3614fde05,303535,7c251735dcfc803174f5134178b935b38200d934,13,0.8190007209777832,Magic,You Are My Love,Kisch,Freddie Jackson,2021,1986,pop,pop
473269,603c1678471df82964c12c3f8bad98f3614fde05,317577,97029cc39121d6aeee7022ca84afea83054a6628,14,0.7913632392883301,Magic,LOVE IS JUST A BAD ACID TRIP,Kisch,Original God,2021,2018,pop,rock
473269,603c1678471df82964c12c3f8bad98f3614fde05,166190,f92360a57bd8f43fb2f093b5faa2357698e5a461,15,0.8073286414146423,Magic,Addicted Pt. II,Kisch,JMSN,2021,2014,pop,rb
473269,603c1678471df82964c12c3f8bad98f3614fde05,87098,dd2e671f6184480a6670fbc17fad6efa6d62b6f7,16,0.7959407567977905,Magic,Love Foolosophy,Kisch,Jamiroquai,2021,2001,pop,pop
473269,603c1678471df82964c12c3f8bad98f3614fde05,379209,49ffb56cd81632cda3d094c99c5a50432a1f1420,17,0.8176838159561157,Magic,Crazy Love,Kisch,MC Jin,2021,2012,pop,rap
473269,603c1678471df82964c12c3f8bad98f3614fde05,267651,d5df639fc86e321f93f9b9312a132b44b1cec07a,18,0.804157018661499,Magic,Love Can Be,Kisch,Yeek,2021,2015,pop,pop
473269,603c1678471df82964c12c3f8bad98f3614fde05,272728,4e82c051a789feec863ef2e32daeb3afbc10ec06,19,0.7986794710159302,Magic,Love Love Kiss Kiss,Kisch,Alkaline Trio,2021,2008,pop,rock
473269,603c1678471df82964c12c3f8bad98f3614fde05,192360,8bdf98a70982b6df9134ffd948bcdc090934114a,20,0.8140056729316711,Magic,​psycho heart,Kisch,nobigdyl.,2021,2018,pop,rap
440126,91ea9a22b53070e1cf4b7636649489848eb69f0d,273965,4266209c21707579a4c97b41d3433944dd27ab25,1,0.8606364727020264,Bible Love,Common Freestyle | LA Leakers Freestyle 119,Unknown T,Common,2021,2021,rap,rap
440126,91ea9a22b53070e1cf4b7636649489848eb69f0d,89298,23da1c1b402e62c960972d6b66f57d4e16bcec44,2,0.8443942070007324,Bible Love,You Have Been Loved,Unknown T,George Michael,2021,1997,rap,pop
440126,91ea9a22b53070e1cf4b7636649489848eb69f0d,318799,595740bfa184e36803e91ae6a27d89e75b5f684b,3,0.8174921274185181,Bible Love,Fed Up,Unknown T,Jucee Froot,2021,2017,rap,rap
440126,91ea9a22b53070e1cf4b7636649489848eb69f0d,329752,7d503195538debe3e9d157e98d8a1b384cdaea3a,4,0.8453508019447327,Bible Love,Big Mama Unconditional Love,Unknown T,LL Cool J,2021,2002,rap,rap
440126,91ea9a22b53070e1cf4b7636649489848eb69f0d,66955,9c4ef9fe5da0e6d6153fc6d73022c723a7f197ed,5,0.8554211854934692,Bible Love,Art of Deception,Unknown T,Ace Hood,2021,2013,rap,rap
440126,91ea9a22b53070e1cf4b7636649489848eb69f0d,5084,796a24d5ea79f7e8353e32bf2782ed6cee203278,6,0.8455530405044556,Bible Love,The Book of Soul,Unknown T,Ab-Soul,2021,2012,rap,rap
440126,91ea9a22b53070e1cf4b7636649489848eb69f0d,129643,74e19a3f1a42db396a5efff6b7c54eb5ca0a60fe,7,0.8511999249458313,Bible Love,My Love For You,Unknown T,The Game,2021,2006,rap,rap
440126,91ea9a22b53070e1cf4b7636649489848eb69f0d,486221,c931caf8878ee16ff0dba93d789e063007d15141,8,0.8487080931663513,Bible Love,RUNAWAY GIRL,Unknown T,Priddy Ugly,2021,2017,rap,rb
440126,91ea9a22b53070e1cf4b7636649489848eb69f0d,219373,7bfef59bb2643269a30bb464e3fdf12210f745d6,9,0.8400533199310303,Bible Love,Say Somethin,Unknown T,SoulChef,2021,2010,rap,rap
440126,91ea9a22b53070e1cf4b7636649489848eb69f0d,50144,1d8a5f7389b265299e979029df939f6afa25f13c,10,0.8416134119033813,Bible Love,4am,Unknown T,JBee,2021,2021,rap,rap
440126,91ea9a22b53070e1cf4b7636649489848eb69f0d,261224,61eccdc321e54014d90f50a28e4bcdda47a178ed,11,0.8493349552154541,Bible Love,Due Time,Unknown T,KAHUKX,2021,2022,rap,rap
440126,91ea9a22b53070e1cf4b7636649489848eb69f0d,405093,aec00accaabfd3dde1687b7f0e6b2682927c5b91,12,0.8401448726654053,Bible Love,Birthday,Unknown T,NetNobody,2021,2018,rap,pop
440126,91ea9a22b53070e1cf4b7636649489848eb69f0d,503037,1ed4f7d3a99564148b11b26b76e50c2347b08e3c,13,0.8428566455841064,Bible Love,Fallback,Unknown T,Phife Dawg,2021,2022,rap,rap
440126,91ea9a22b53070e1cf4b7636649489848eb69f0d,167024,5edcbf4e7b5b1d4964e89120a55ede8bfcef33c8,14,0.8460333943367004,Bible Love,Homecoming/Love Is,Unknown T,Jay Prince,2021,2016,rap,rap
440126,91ea9a22b53070e1cf4b7636649489848eb69f0d,315331,6bac572cc7a24debd61b2848d67dddd0bfc974a6,15,0.8478343486785889,Bible Love,War  Wonders,Unknown T,D Smoke,2021,2021,rap,rap
440126,91ea9a22b53070e1cf4b7636649489848eb69f0d,126226,31d099c2abd7efc1627e9a62926add930780576d,16,0.8529860973358154,Bible Love,Letter To Pun,Unknown T,Cuban Link,2021,2005,rap,rap
440126,91ea9a22b53070e1cf4b7636649489848eb69f0d,279913,10ba8999e2018173c0b37ac523c4931fd1b03ef5,17,0.843574047088623,Bible Love,Black Rose,Unknown T,Klashnekoff,2021,2004,rap,rap
440126,91ea9a22b53070e1cf4b7636649489848eb69f0d,288660,073a4570ef792ff03cbbd348976d3838409aa657,18,0.8483012914657593,Bible Love,And They Said,Unknown T,South Park Mexican,2021,2014,rap,rap
440126,91ea9a22b53070e1cf4b7636649489848eb69f0d,69845,7b5667e47e56f467ffecc2f2fdc756c96d91d69a,19,0.8461840152740479,Bible Love,Thats My Kid,Unknown T,Tech N9ne,2021,2013,rap,rap
440126,91ea9a22b53070e1cf4b7636649489848eb69f0d,185083,61d0c1192f1b2dd391163b4ddf1a106872d7eb20,20,0.8304336071014404,Bible Love,So Fresh,Unknown T,Will Smith,2021,1999,rap,rap
327331,76b6ebb9cf4a410bc3986200fdf364963d0c7e14,337188,0afc8f16d243f440940e165125ebfeec6b35fbae,1,0.8459144830703735,Barely Finished,We Get By,BrvndonP & Mission,Derek Pope,2017,2018,rap,rap
327331,76b6ebb9cf4a410bc3986200fdf364963d0c7e14,514221,cea9c35791468e31a38d7b977c6f7a3dbfcbbe45,2,0.7978540658950806,Barely Finished,Our Time,BrvndonP & Mission,Black Prez,2017,2022,rap,rap
327331,76b6ebb9cf4a410bc3986200fdf364963d0c7e14,463202,229a685b39d56862f7958e5f9d50dbcda79c6977,3,0.8115375638008118,Barely Finished,So I Say,BrvndonP & Mission,Zak Downtown,2017,2016,rap,rap
327331,76b6ebb9cf4a410bc3986200fdf364963d0c7e14,198559,25ee87e6faf431d1fa08bf01808ddb0fa9018bdc,4,0.8387972116470337,Barely Finished,13 Months in 6 Minutes,BrvndonP & Mission,The Wrens,2017,2003,rap,rock
327331,76b6ebb9cf4a410bc3986200fdf364963d0c7e14,176447,6738199076c7014917103020fe8c0aa8b89840cd,5,0.8267810940742493,Barely Finished,OT OD sketch.mp3,BrvndonP & Mission,Andy Mineo,2017,2019,rap,rap
327331,76b6ebb9cf4a410bc3986200fdf364963d0c7e14,153220,fbe14b393d1400472c59a79a845c1ce90c87f445,6,0.8213996887207031,Barely Finished,Solitude,BrvndonP & Mission,JXN,2017,2018,rap,pop
327331,76b6ebb9cf4a410bc3986200fdf364963d0c7e14,471931,dd564504375272aad96a4804a7b0b84a37346724,7,0.8085248470306396,Barely Finished,Long Way To Go,BrvndonP & Mission,Ben Folds,2017,2015,rap,rock
327331,76b6ebb9cf4a410bc3986200fdf364963d0c7e14,471708,1672c2bf36e8c5f9d480fc1d1854f3fd4f4a5216,8,0.806475043296814,Barely Finished,High on Life,BrvndonP & Mission,Rebelution,2017,2016,rap,pop
327331,76b6ebb9cf4a410bc3986200fdf364963d0c7e14,166439,35d3a9cf04a2d43afe0b02d52ec46d94be164ca7,9,0.8215809464454651,Barely Finished,Level Up International Remix,BrvndonP & Mission,Sway,2017,2012,rap,rap
327331,76b6ebb9cf4a410bc3986200fdf364963d0c7e14,398342,9a435b02e7b7057bccbbdcee0fcf27c1e6efa3fe,10,0.8290728330612183,Barely Finished,STANDOUT,BrvndonP & Mission,MIKE,2017,2017,rap,rap
327331,76b6ebb9cf4a410bc3986200fdf364963d0c7e14,215195,d288be1344b7ad3c2eaa441e5f85123ea903a5de,11,0.8357176780700684,Barely Finished,Opening Doors,BrvndonP & Mission,Original Broadway Cast of Merrily We Roll Along,2017,1982,rap,pop
327331,76b6ebb9cf4a410bc3986200fdf364963d0c7e14,77898,dc3e4469dffe851243c53dbbe52626d902fe90e0,12,0.8274279236793518,Barely Finished,2019,BrvndonP & Mission,Bazanji,2017,2019,rap,rap
327331,76b6ebb9cf4a410bc3986200fdf364963d0c7e14,300377,48fdfaa35e8785f786cad4e7328f52b64ea2853c,13,0.8176037073135376,Barely Finished,El Tiempo,BrvndonP & Mission,Eddie Zuko,2017,2017,rap,misc
327331,76b6ebb9cf4a410bc3986200fdf364963d0c7e14,83613,f93ca005a5d4f12b6849b042f82856b33c61f1ce,14,0.78754723072052,Barely Finished,Up We Go,BrvndonP & Mission,Lights,2017,2014,rap,pop
327331,76b6ebb9cf4a410bc3986200fdf364963d0c7e14,442128,7e2b42db9358c0149f94dcf0ef5ee86550050df6,15,0.7966805696487427,Barely Finished,Clockout,BrvndonP & Mission,Devo,2017,1979,rap,rock
327331,76b6ebb9cf4a410bc3986200fdf364963d0c7e14,374457,2645a458323a0f193ef41ccc51e356545f63cd4c,16,0.815779983997345,Barely Finished,Start To Finish,BrvndonP & Mission,Slizzy McGuire,2017,2017,rap,rap
327331,76b6ebb9cf4a410bc3986200fdf364963d0c7e14,419800,82aeb70dc3eb070cf4abde26c49a3aaba8c474b5,17,0.803061306476593,Barely Finished,Panther,BrvndonP & Mission,Langa Mavuso,2017,2020,rap,rb
327331,76b6ebb9cf4a410bc3986200fdf364963d0c7e14,90994,601c545cd631e5fb273381cf48ebc1a86fb4e425,18,0.8306416273117065,Barely Finished,Sunday Roast,BrvndonP & Mission,Nerve (AUS),2017,2019,rap,rap
327331,76b6ebb9cf4a410bc3986200fdf364963d0c7e14,200353,18de18d3514869e4f55aa298d98dd9a86bee410f,19,0.8165239095687866,Barely Finished,GET READY,BrvndonP & Mission,Black Eyed Peas,2017,2018,rap,rap
327331,76b6ebb9cf4a410bc3986200fdf364963d0c7e14,174871,96a12244d17ad7a55a2c82c8f829900af35f3470,20,0.809083104133606,Barely Finished,The Walk,BrvndonP & Mission,Dobre Brothers,2017,2017,rap,rap
291568,1aad187e98ea199adb48dda1ae43b6b21275fbc8,105093,0e9941612e3437c435cc2768f4cbf3f95cd4b2a5,1,0.9217135906219482,Alpaca,IngleWeird,Conway the Machine,Drakeo the Ruler,2018,2021,rap,rap
291568,1aad187e98ea199adb48dda1ae43b6b21275fbc8,5767,cebedb8e7131993465b4dc6970310cbd615c4dd2,2,0.9062962532043457,Alpaca,Pimpin Aint Eazy,Conway the Machine,Kodak Black,2018,2019,rap,rap
291568,1aad187e98ea199adb48dda1ae43b6b21275fbc8,23089,7febf9c769812317770891644b6a9880515ca08c,3,0.9114798307418823,Alpaca,Out Tha Mud,Conway the Machine,Roddy Ricch,2018,2019,rap,rap
291568,1aad187e98ea199adb48dda1ae43b6b21275fbc8,217419,5b09a1fb0dc907aab5a4c3122121d37fb6ae5bc5,4,0.9161738157272339,Alpaca,How I Act Remix,Conway the Machine,Ice Cube,2018,2009,rap,rap
291568,1aad187e98ea199adb48dda1ae43b6b21275fbc8,151415,eb28149dd075bb7191b831e80214706f0e410de9,5,0.9165768027305603,Alpaca,Real Shit,Conway the Machine,Tay Capone,2018,2015,rap,rap
291568,1aad187e98ea199adb48dda1ae43b6b21275fbc8,232062,f49f8350826d34aee3b8449d264add79f3c2cd7c,6,0.9117065668106079,Alpaca,Calm Down,Conway the Machine,Young Pappy,2018,2014,rap,rap
291568,1aad187e98ea199adb48dda1ae43b6b21275fbc8,373912,0087570dc61c3b0405dbb823adc35a08f0535076,7,0.9040623307228088,Alpaca,Bullet Holez in My Neck,Conway the Machine,Conway the Machine,2018,2018,rap,rap
291568,1aad187e98ea199adb48dda1ae43b6b21275fbc8,155715,89a2a4afb6d792c786bf635b4f8c22ac77e9943b,8,0.9124268293380737,Alpaca,Hate Me Now Freestyle,Conway the Machine,Cam'ron,2018,2002,rap,rap
291568,1aad187e98ea199adb48dda1ae43b6b21275fbc8,424105,17ab7f08e1721576c1d04473669dfe83ba256f51,9,0.9128024578094482,Alpaca,Mr. Fuji,Conway the Machine,Westside Gunn,2018,2016,rap,rap
291568,1aad187e98ea199adb48dda1ae43b6b21275fbc8,196987,2fdf97dd5261e84c8cea7fbab1ac9ba3a9bac56d,10,0.9053289294242859,Alpaca,Keys to the Street,Conway the Machine,Tee Grizzley,2018,2018,rap,rap
291568,1aad187e98ea199adb48dda1ae43b6b21275fbc8,42393,93d8373b316714fe6264a7b1cdb9af3725f4404d,11,0.9083974361419678,Alpaca,Step Up,Conway the Machine,The Game,2018,2015,rap,rap
291568,1aad187e98ea199adb48dda1ae43b6b21275fbc8,240415,8137600e74d7e01fbccc0fe98c47c47a5073acdd,12,0.9019160270690918,Alpaca,Real Nigga,Conway the Machine,Omelly,2018,2014,rap,rap
291568,1aad187e98ea199adb48dda1ae43b6b21275fbc8,332691,7b7b8aafa18eff5dc848ae5d4fb37f77d083ed9d,13,0.908077597618103,Alpaca,Whole Thang Remix,Conway the Machine,UnoTheActivist,2018,2015,rap,rap
291568,1aad187e98ea199adb48dda1ae43b6b21275fbc8,223503,9507332088f3ee34d0d247494b22b8af431dd868,14,0.9077008962631226,Alpaca,Sus J. $tash Diss,Conway the Machine,Bukkweat Bill,2018,2015,rap,rap
291568,1aad187e98ea199adb48dda1ae43b6b21275fbc8,18358,ba46ef6745febd02561ee1005719d39128ee8ec9,15,0.9005115628242493,Alpaca,Yella Diamonds,Conway the Machine,Rick Ross,2018,2012,rap,rap
291568,1aad187e98ea199adb48dda1ae43b6b21275fbc8,57486,4514246f6e57edd0fcac16231c9a8689e065aca9,16,0.9104717373847961,Alpaca,The Come Up,Conway the Machine,J. Cole,2018,2007,rap,rap
291568,1aad187e98ea199adb48dda1ae43b6b21275fbc8,507083,27f2ae24579d57dd3f8f5ae8d1f4a9d611eede8f,17,0.8993909358978271,Alpaca,Join Em,Conway the Machine,KenTheMan,2018,2022,rap,rap
291568,1aad187e98ea199adb48dda1ae43b6b21275fbc8,134440,a595391bc8394ca21410fdcc96bdddf3b7bca45f,18,0.8995749950408936,Alpaca,In My Ways,Conway the Machine,9lokkNine,2018,2019,rap,rap
291568,1aad187e98ea199adb48dda1ae43b6b21275fbc8,418138,16c50d188955d337084dc53ce10f8c803cde52a6,19,0.893092930316925,Alpaca,Lil Nigga Aint Mine,Conway the Machine,Jaheim,2018,2001,rap,rb
291568,1aad187e98ea199adb48dda1ae43b6b21275fbc8,129266,9cd287649d79bb03eae0d040235e058a95f93556,20,0.9049313068389893,Alpaca,Mutumbo,Conway the Machine,Sada Baby,2018,2019,rap,rap
142621,08f634023e675015487610e6d9e5ac73b7224802,128453,60303e492c4b86ddbcd4d5b5eaf03aa7402c2237,1,0.8608341217041016,Make You Mine,Make You Mine,Mike Williams,Fudasca,2020,2020,pop,rap
142621,08f634023e675015487610e6d9e5ac73b7224802,180542,a10268bd4d2e70cfde6f02393c16434b371cbba7,2,0.8021765351295471,Make You Mine,All Duet,Mike Williams,Cherub,2020,2015,pop,pop
142621,08f634023e675015487610e6d9e5ac73b7224802,415308,286f039c6334d64232344145b41d140d65b30ff7,3,0.843321681022644,Make You Mine,You,Mike Williams,Claudia Barretto,2020,2017,pop,pop
142621,08f634023e675015487610e6d9e5ac73b7224802,428528,c3cc22cac92afffcf75a528635ee71c125bb1f09,4,0.8316925168037415,Make You Mine,​parallel universe,Mike Williams,Alaina Castillo,2020,2021,pop,pop
142621,08f634023e675015487610e6d9e5ac73b7224802,90467,f9f7b52476f3fc34d247b107e79bc2fb867ee6aa,5,0.8120389580726624,Make You Mine,Try Sleeping With A Broken Heart Remix,Mike Williams,Alicia Keys,2020,2011,pop,rb
142621,08f634023e675015487610e6d9e5ac73b7224802,125753,622910c400da40cbb3cc028404b1ac3c22542d74,6,0.8216257095336914,Make You Mine,Make You Mine,Mike Williams,High Valley,2020,2014,pop,country
142621,08f634023e675015487610e6d9e5ac73b7224802,382277,6efd26d6fabe3e447ec73e7252039dc0957aeb14,7,0.8363527655601501,Make You Mine,Make You Mine,Mike Williams,Talay Riley,2020,2011,pop,pop
142621,08f634023e675015487610e6d9e5ac73b7224802,128151,4d08037538398e3f963e0086ca0a8f44e8ab3b1d,8,0.8140905499458313,Make You Mine,Im Your Boogie Man,Mike Williams,KC and the Sunshine Band,2020,1977,pop,pop
142621,08f634023e675015487610e6d9e5ac73b7224802,496627,5cff3fbfcf8185d6707d392022b3477fed82fe26,9,0.8502956032752991,Make You Mine,Make You Mine,Mike Williams,Joe Jonas,2020,2011,pop,pop
142621,08f634023e675015487610e6d9e5ac73b7224802,10091,d94e48b7a8c1dbf81bf7807f524b28f5caa2cc64,10,0.8269191980361938,Make You Mine,One Touch,Mike Williams,Baauer,2020,2014,pop,rap
142621,08f634023e675015487610e6d9e5ac73b7224802,316365,f2e828e031fb889ecd8e2df5e4c090186011dfc0,11,0.8318251967430115,Make You Mine,I Wanna Make You Mine,Mike Williams,Safire,2020,1988,pop,pop
142621,08f634023e675015487610e6d9e5ac73b7224802,294897,a84478bf5d31a35200bf04fe188a60e5b2fdf8f9,12,0.8030465841293335,Make You Mine,When Im with You,Mike Williams,Simple Plan,2020,2002,pop,rock
142621,08f634023e675015487610e6d9e5ac73b7224802,365174,bddfe13b68bef2d19396cb9bf5bb830f41ae50f8,13,0.8117260932922363,Make You Mine,Scream Out My Name,Mike Williams,Rozz Dyliams,2020,2013,pop,rap
142621,08f634023e675015487610e6d9e5ac73b7224802,393776,8a4ac7ed5e5826f54d161e65373e5161962078f0,14,0.798163115978241,Make You Mine,I Just Wanna,Mike Williams,Chris Echols,2020,2014,pop,rb
142621,08f634023e675015487610e6d9e5ac73b7224802,327367,fef6c85f8973b26ed3f8a16fec71e3c401f7b565,15,0.8134109973907471,Make You Mine,I Want You To Need Me,Mike Williams,Cline Dion,2020,2000,pop,rock
142621,08f634023e675015487610e6d9e5ac73b7224802,471373,2f09ad6af63ad8f9c2ab0ce5fbec8a76a69769c1,16,0.8182196617126465,Make You Mine,Set Me Up,Mike Williams,Kelly Kiara,2020,2019,pop,rb
142621,08f634023e675015487610e6d9e5ac73b7224802,343238,b8b72a67736b518a4fe7b66dc3a48322abd8a0fe,17,0.7756237983703613,Make You Mine,My Side,Mike Williams,lophiile & NSTASIA,2020,2019,pop,rb
142621,08f634023e675015487610e6d9e5ac73b7224802,351330,d8ab82003a54169f80e20cdbafdf6607a4dbf7ef,18,0.8109134435653687,Make You Mine,I Just Wanna Be With You,Mike Williams,E-Type,2020,1996,pop,pop
142621,08f634023e675015487610e6d9e5ac73b7224802,9933,9c8d1cc85292d9ba64fb7976c93acb1d3600feac,19,0.8037949800491333,Make You Mine,I Want to Write You a Song,Mike Williams,I Want to Write You a Song Lyrics - One Direction,2020,2015,pop,pop
142621,08f634023e675015487610e6d9e5ac73b7224802,264451,7f9724792244491a9d0c3ffb8f13a09707b2aceb,20,0.8120777606964111,Make You Mine,Make You Mine,Mike Williams,Us The Duo,2020,2014,pop,pop
19214,a3587a2c50bd1cffab65209617bdd8e84e88a5d3,93634,834e3c0b45b29a497ee1c2424585b983659a66eb,1,0.9645360708236694,Eyes Closed,Eyez Closed,Kanye West,Snoop Dogg,2011,2011,rap,rap
19214,a3587a2c50bd1cffab65209617bdd8e84e88a5d3,377396,3c018f5ff0d28089457d4d75fd2b2bdb5a9375cc,2,0.9409465193748474,Eyes Closed,​angels may cry,Kanye West,shinigami,2011,2020,rap,rap
19214,a3587a2c50bd1cffab65209617bdd8e84e88a5d3,240250,1add48ce58305f5c9879ecf1bb9d1fd318ca384b,3,0.9317034482955933,Eyes Closed,Del mar county fair 2008,Kanye West,underscores & Maxwell Young,2011,2021,rap,pop
19214,a3587a2c50bd1cffab65209617bdd8e84e88a5d3,318698,6add5456242d580e6116b5c583a5844e97628519,4,0.9327832460403442,Eyes Closed,Infinite Scroll,Kanye West,P.O.S.,2011,2017,rap,rap
19214,a3587a2c50bd1cffab65209617bdd8e84e88a5d3,341287,41e07028e0f8c5cf57c621623039ca5635dc9fad,5,0.9237387180328369,Eyes Closed,White Light,Kanye West,Luna Blake,2011,2016,rap,pop
19214,a3587a2c50bd1cffab65209617bdd8e84e88a5d3,327846,c87414afe465a8eb9746774eeb4eec3692914c08,6,0.9347735643386841,Eyes Closed,Shallow,Kanye West,Marlon Craft,2011,2019,rap,rap
19214,a3587a2c50bd1cffab65209617bdd8e84e88a5d3,300828,ff78961b3154f69ab048bfb9a6ee7c64dd196647,7,0.935749351978302,Eyes Closed,Be A Better Man,Kanye West,King Lil G,2011,2008,rap,rap
19214,a3587a2c50bd1cffab65209617bdd8e84e88a5d3,176919,245bb6a0d48fd051c95f00353e166f775f14516e,8,0.9407647848129272,Eyes Closed,Out There,Kanye West,Joey Cool,2011,2016,rap,rap
19214,a3587a2c50bd1cffab65209617bdd8e84e88a5d3,339048,69c291d431303b67f14ef3f67a3be14b80818b16,9,0.9362072348594666,Eyes Closed,Dark Thoughts,Kanye West,Hi-Rez,2011,2012,rap,rap
19214,a3587a2c50bd1cffab65209617bdd8e84e88a5d3,514140,9d34fa9b8de83abeaddb6f7a678736abb4b44cbb,10,0.9309645295143127,Eyes Closed,Let You Go,Kanye West,KEPIK & Conor Clinch,2011,2022,rap,pop
19214,a3587a2c50bd1cffab65209617bdd8e84e88a5d3,384696,d5a01a4b1d113bde0a31ac0eaebb8f34f81a288b,11,0.9327864646911621,Eyes Closed,JAY JAY OKOCHA,Kanye West,Crave Moore,2011,2017,rap,rap
19214,a3587a2c50bd1cffab65209617bdd8e84e88a5d3,503082,2fcfbe27369b6ba4a11c307c3f08ef1ce11d9884,12,0.929957926273346,Eyes Closed,Tastes likecopper,Kanye West,Sewerperson,2011,2022,rap,rap
19214,a3587a2c50bd1cffab65209617bdd8e84e88a5d3,199239,4ac8d864cd514a697d6fbee4990c9287cd7342b5,13,0.9294946193695068,Eyes Closed,DROP DEAD,Kanye West,Gvllow,2011,2017,rap,rap
19214,a3587a2c50bd1cffab65209617bdd8e84e88a5d3,229039,6fac578d92ad837b439b7061d0ecce5a5f4fa4f1,14,0.9327794909477234,Eyes Closed,Cant Go Back,Kanye West,Kojey Radical,2011,2019,rap,rap
19214,a3587a2c50bd1cffab65209617bdd8e84e88a5d3,6799,05d0cf3d59f880d81bf1b092d939da4a6e43bdec,15,0.9346871376037598,Eyes Closed,Cudi Zone,Kanye West,Kid Cudi,2011,2009,rap,rap
19214,a3587a2c50bd1cffab65209617bdd8e84e88a5d3,160615,06cd17fdb1fb5e52636ee46ef8ef2ed853177043,16,0.9315284490585327,Eyes Closed,Sucker,Kanye West,Two Door Cinema Club,2011,2016,rap,rock
19214,a3587a2c50bd1cffab65209617bdd8e84e88a5d3,139866,304c62b9a557c669e951960c44a72f3580a2b5fa,17,0.9300673007965088,Eyes Closed,Leon Best,Kanye West,CASISDEAD,2011,2012,rap,rap
19214,a3587a2c50bd1cffab65209617bdd8e84e88a5d3,280057,2940ab47d4c93af916a6a24b4a53bd0a7a5d511d,18,0.9274073839187622,Eyes Closed,​the wørst day øf my life was the day yøu tried tø kill yøurself,Kanye West,czyby,2011,2018,rap,rb
19214,a3587a2c50bd1cffab65209617bdd8e84e88a5d3,481368,2f54df777079b4d468866806390f68052333eccf,19,0.9286931157112122,Eyes Closed,Dino,Kanye West,Payday (PJ),2011,2020,rap,rap
19214,a3587a2c50bd1cffab65209617bdd8e84e88a5d3,338448,3b6bfe55b355b6ee3ae58509f19444780ded1c78,20,0.926872193813324,Eyes Closed,Worst Year,Kanye West,Aklesso & GAWVI,2011,2020,rap,rap
260738,de88e8fd3cef5c1009b93a14b9016cf9e4727ec8,146988,a3c2283cde26444d3b1448dc766e05525fbea778,1,0.7896453142166138,Across The Universe - triple j Like A Version,Good Morning World Dr. Stone,AURORA,Studio Yuraki,2019,2019,pop,pop
260738,de88e8fd3cef5c1009b93a14b9016cf9e4727ec8,166174,690292ec5b78b64e47866896269d787b8bb7e8d1,2,0.7615257501602173,Across The Universe - triple j Like A Version,Across the Universe,AURORA,David Bowie,2019,1975,pop,rb
260738,de88e8fd3cef5c1009b93a14b9016cf9e4727ec8,294472,3246aed8ddf20bbc9ab84ed075ea0c802bedb626,3,0.7461237907409668,Across The Universe - triple j Like A Version,Affin Affin,AURORA,RoTation,2019,2018,pop,pop
260738,de88e8fd3cef5c1009b93a14b9016cf9e4727ec8,225759,f4b6b988ffe1373e12a83ddd6b00f5b360c116f7,4,0.7824975252151489,Across The Universe - triple j Like A Version,Twisted Dreams,AURORA,Jay Park (),2019,2019,pop,rap
260738,de88e8fd3cef5c1009b93a14b9016cf9e4727ec8,148782,51a5cb2fdb4037467c2b79c97d542b8e8772aa03,5,0.7811716198921204,Across The Universe - triple j Like A Version,My Story,AURORA,Limoblaze,2019,2018,pop,rap
260738,de88e8fd3cef5c1009b93a14b9016cf9e4727ec8,20400,55276be3a7e7a051154e5880e262991249a301f8,6,0.770838737487793,Across The Universe - triple j Like A Version,Run Jozi Godly,AURORA,AKA,2019,2014,pop,rap
260738,de88e8fd3cef5c1009b93a14b9016cf9e4727ec8,183065,e0910a7532cea81f0862c89847e8e6d0f5f2d2aa,7,0.7790893316268921,Across The Universe - triple j Like A Version,Top of the World,AURORA,Russ,2019,2021,pop,rap
260738,de88e8fd3cef5c1009b93a14b9016cf9e4727ec8,243572,5486b87c4e5e04d0e90bba9448397e4c070f2cec,8,0.7794514894485474,Across The Universe - triple j Like A Version,Bridges in the Sky,AURORA,Dream Theater,2019,2011,pop,rock
260738,de88e8fd3cef5c1009b93a14b9016cf9e4727ec8,71816,f2895e7d43c3f16cde9acf7e02559165112c8bf5,9,0.7849510908126831,Across The Universe - triple j Like A Version,Metamorphosis,AURORA,Aura da Prophet,2019,2016,pop,rap
260738,de88e8fd3cef5c1009b93a14b9016cf9e4727ec8,66429,4e08bc6f2395a10b6af3526680ecdad812ec780d,10,0.7580888867378235,Across The Universe - triple j Like A Version,Thank You,AURORA,EMTee,2019,2017,pop,rap
260738,de88e8fd3cef5c1009b93a14b9016cf9e4727ec8,300087,7bfc32a5fd80dc54383babeef602a69403c6faee,11,0.762653648853302,Across The Universe - triple j Like A Version,Hanuman Chaleesa English Translation,AURORA,Krishna Das,2019,2014,pop,misc
260738,de88e8fd3cef5c1009b93a14b9016cf9e4727ec8,70014,8d0392adbdd0f83e7214b6f9a92b1cf57e9d6f4a,12,0.7502143383026123,Across The Universe - triple j Like A Version,Here to Mars,AURORA,Coheed and Cambria,2019,2015,pop,rock
260738,de88e8fd3cef5c1009b93a14b9016cf9e4727ec8,503412,482ec01e27e454846f0cc97d8a7f89a9f2266fd3,13,0.778319776058197,Across The Universe - triple j Like A Version,Everybody Wants To Rule The World,AURORA,Robert Glasper,2019,2022,pop,rb
260738,de88e8fd3cef5c1009b93a14b9016cf9e4727ec8,218804,2e89573082e93e8fe79bfca9c1e0a47c610bb666,14,0.7725634574890137,Across The Universe - triple j Like A Version,Crossing Field,AURORA,Jonathan Young,2019,2016,pop,rock
260738,de88e8fd3cef5c1009b93a14b9016cf9e4727ec8,56500,de0e3562a55d83c785db8a9a5b4e7cc24b3c26fb,15,0.7795344591140747,Across The Universe - triple j Like A Version,Hapi,AURORA,"Spillage Village, Benji. & EARTHGANG",2019,2020,pop,rap
260738,de88e8fd3cef5c1009b93a14b9016cf9e4727ec8,264554,f43d370b562840ea9cb31c36c61db176570520cd,16,0.7542018890380859,Across The Universe - triple j Like A Version,Up  Awake,AURORA,KO-JO Cue & Lil Shaker,2019,2017,pop,rap
260738,de88e8fd3cef5c1009b93a14b9016cf9e4727ec8,487860,61e7a32334df97e77adabf66277a26cf44f4813f,17,0.7586595416069031,Across The Universe - triple j Like A Version,Wengie — EMPIRE Romanized,AURORA,Genius Romanizations,2019,2019,pop,pop
260738,de88e8fd3cef5c1009b93a14b9016cf9e4727ec8,73594,707681524bc4447d4b57f9fecde8046eb0c8dd28,18,0.7570216655731201,Across The Universe - triple j Like A Version,Centre Of My Life,AURORA,Hillsong London,2019,2015,pop,pop
260738,de88e8fd3cef5c1009b93a14b9016cf9e4727ec8,393617,39c16e963d125998fb78ad6c058098508de19910,19,0.7590600848197937,Across The Universe - triple j Like A Version,SAHARA,AURORA,DREAMCATCHER,2019,2020,pop,rock
260738,de88e8fd3cef5c1009b93a14b9016cf9e4727ec8,219731,43adc55358cc999dde919a33412ea728789de040,20,0.7702154517173767,Across The Universe - triple j Like A Version,Unforgettable,AURORA,Khled Siddq,2019,2017,pop,rap
423766,505988421c3786fe2637dea628c7f3546862741a,455538,ee7aac2160b4d30de15fb4e49b7fc743067a9e2d,1,0.8603942394256592,​seventeen,What I Do Audio,keshi,LG Izz,2019,2019,rb,rap
423766,505988421c3786fe2637dea628c7f3546862741a,353,179d3b81d84427159e84dcbe7d4784b7e83f5221,2,0.8414204716682434,​seventeen,How Bout Now,keshi,Drake,2019,2014,rb,rap
423766,505988421c3786fe2637dea628c7f3546862741a,154499,528eabd8c2db3326ccbd4e50df852d9bde51b3d5,3,0.8506168127059937,​seventeen,Close Friends Remake,keshi,Layton Greene,2019,2019,rb,rb
423766,505988421c3786fe2637dea628c7f3546862741a,292452,d8b2eb15673a0ba226516ddde51157ffafa7883e,4,0.8193276524543762,​seventeen,Let Me In,keshi,"Fakecake, Amera Hpone",2019,2019,rb,pop
423766,505988421c3786fe2637dea628c7f3546862741a,143185,4e450a1c1e8ec7e78f4d67c7f860b6f8c7bfe661,5,0.8405497074127197,​seventeen,You Were My Everything,keshi,Kenneth,2019,2017,rb,pop
423766,505988421c3786fe2637dea628c7f3546862741a,170907,2d7d3a71e00804e0abab5d466adf64aca6b01cbc,6,0.8358405828475952,​seventeen,How You Been?,keshi,Thundamentals,2019,2011,rb,rap
423766,505988421c3786fe2637dea628c7f3546862741a,9685,9a938b9e8b2beffdadf9f817cc98037a13889fea,7,0.8330942988395691,​seventeen,Somebody Else,keshi,Mario,2019,2013,rb,rap
423766,505988421c3786fe2637dea628c7f3546862741a,353123,0c246473fe4b3606d1d8131ae0cc5d76f4e4c8f2,8,0.8102340698242188,​seventeen,Family Name,keshi,Trophy Eyes,2019,2014,rb,rock
423766,505988421c3786fe2637dea628c7f3546862741a,67825,1010df6825c3fbc52b83f8ec6a86d155bbebf838,9,0.8336343765258789,​seventeen,HOODIES,keshi,JayXander,2019,2020,rb,pop
423766,505988421c3786fe2637dea628c7f3546862741a,40030,8f44e5d1eb0a12d4c068042e8621a9ac8fd97b6c,10,0.8248958587646484,​seventeen,Body Aint Me,keshi,Pink Sweat$,2019,2019,rb,rb
423766,505988421c3786fe2637dea628c7f3546862741a,35789,f20a0b04d8fcd0904d0289d32f3c97aef10eb397,11,0.8363323211669922,​seventeen,My Boo,keshi,VEDO,2019,2016,rb,rb
423766,505988421c3786fe2637dea628c7f3546862741a,507749,5bbb41c1055ed028047fec7bc6b7f0e9f560bf7a,12,0.8379620313644409,​seventeen,The Deep South,keshi,TheHxliday,2019,2022,rb,rap
423766,505988421c3786fe2637dea628c7f3546862741a,51338,d41a077a65f1c05e5ab00eceac4cb87fec3d1658,13,0.8240395784378052,​seventeen,Not That Simple,keshi,Mike Posner,2019,2015,rb,pop
423766,505988421c3786fe2637dea628c7f3546862741a,365,9258b95bdc6f24026b18e443bcb6d9e56c7862f7,14,0.8364217877388,​seventeen,Still Think About You,keshi,A Boogie wit da Hoodie,2019,2016,rb,rap
423766,505988421c3786fe2637dea628c7f3546862741a,292773,43d6d8b3553e923412bde398e3a0f0dbed37c7a0,15,0.8413258790969849,​seventeen,Blacked Out Whip,keshi,Bri-C,2019,2020,rb,pop
423766,505988421c3786fe2637dea628c7f3546862741a,257288,dc0539ec53881ed1686433edbb298f3fae2c95ee,16,0.847923755645752,​seventeen,Pandoras Box,keshi,Wiki,2019,2017,rb,rap
423766,505988421c3786fe2637dea628c7f3546862741a,240354,c6eb52a553d88ffe3dc7e03e4c5a6fecf4ede824,17,0.8023393154144287,​seventeen,Need U,keshi,JMSN,2019,2014,rb,rb
423766,505988421c3786fe2637dea628c7f3546862741a,396718,5c141fbfa140ac50e969fcfae9d533e8b063d6cc,18,0.8383300304412842,​seventeen,You,keshi,AG CLUB,2019,2019,rb,pop
423766,505988421c3786fe2637dea628c7f3546862741a,41357,847b7d60f43b264ef75442341f4c60516b0a2c38,19,0.8482904434204102,​seventeen,Distance,keshi,Phora,2019,2016,rb,rap
423766,505988421c3786fe2637dea628c7f3546862741a,216631,bf9abb8f7dd2d42a7f9ff40fffc6f8873b97bde7,20,0.8103353381156921,​seventeen,Youngblood,keshi,Quasimoto,2019,2013,rb,rap
145118,376aec90cbd034a9ccca0818586da5997f1b364c,460626,7ffee1247c99fab9736ccf91e5b4f13a93bba87b,1,0.7834756374359131,MOP,Bicky Robby,Borgore,Fat Nick,2018,2016,rap,rap
145118,376aec90cbd034a9ccca0818586da5997f1b364c,342699,62390ee9d0d5b2d7184e544085f0077528f3e207,2,0.7688454985618591,MOP,Bobby Johnson,Borgore,Stickz,2018,2014,rap,rap
145118,376aec90cbd034a9ccca0818586da5997f1b364c,28151,6783a91792b4d0912100baf495b6a53d724c3836,3,0.7619537115097046,MOP,Status,Borgore,NAV,2018,2020,rap,rap
145118,376aec90cbd034a9ccca0818586da5997f1b364c,8414,fb11d778dccb63e218d342f57c3c65a6bb5cfa1f,4,0.7601025104522705,MOP,Killer,Borgore,Eminem,2018,2020,rap,rap
145118,376aec90cbd034a9ccca0818586da5997f1b364c,318282,e041cf9066770aefd1f85680620f6ad2bcb3079f,5,0.7764825820922852,MOP,$200 Haircuts,Borgore,Rio Da Yung OG,2018,2020,rap,rap
145118,376aec90cbd034a9ccca0818586da5997f1b364c,173571,7214ba5c94e7ab6453945a86defb8bf72fa2dede,6,0.766220211982727,MOP,I Got Five On It,Borgore,Luniz,2018,2010,rap,rap
145118,376aec90cbd034a9ccca0818586da5997f1b364c,55007,5c8e222b9ebe76aa47d5df9ad68baa25ccba4d2c,7,0.761726975440979,MOP,Interlude,Borgore,"Quality Control, Offset & Lil Yachty",2018,2017,rap,rap
145118,376aec90cbd034a9ccca0818586da5997f1b364c,23469,8bdf057923749c63709247b5c98a6eb2ae5ee183,8,0.7754769325256348,MOP,Malibu,Borgore,Migos,2018,2021,rap,rap
145118,376aec90cbd034a9ccca0818586da5997f1b364c,377974,8ecda2a6a4b9ec3dc021ec52f81217cafd6f03dc,9,0.751968264579773,MOP,RUN ME DOWN,Borgore,Giggs,2018,2019,rap,rap
145118,376aec90cbd034a9ccca0818586da5997f1b364c,452282,7a0dee06411e29aaa4d00f8dac0c3ab793568d25,10,0.7594594955444336,MOP,Quiet Money,Borgore,AZ,2018,2001,rap,rap
145118,376aec90cbd034a9ccca0818586da5997f1b364c,176258,ec0bec4a154126a6ddaf6da815067aecafcf5615,11,0.7547396421432495,MOP,Vodka,Borgore,London Jae,2018,2018,rap,rap
145118,376aec90cbd034a9ccca0818586da5997f1b364c,321660,df0c929046174fd41961ce2942b790447edb6b38,12,0.7575964331626892,MOP,Rinky 2K,Borgore,Freaky,2018,2016,rap,rap
145118,376aec90cbd034a9ccca0818586da5997f1b364c,169327,0e168a0688c48eff7a9c3eea347da63bff129c52,13,0.7418695688247681,MOP,Pop iiT,Borgore,Desiigner,2018,2018,rap,rap
145118,376aec90cbd034a9ccca0818586da5997f1b364c,144154,8424d23c8fadca958ad639855f26c9df49535215,14,0.7412039637565613,MOP,Numbers Remix,Borgore,MO3,2018,2018,rap,rap
145118,376aec90cbd034a9ccca0818586da5997f1b364c,454968,2a6a375c7c363e888bf99ea77c5fbba1df278cef,15,0.7546797394752502,MOP,Flip It,Borgore,MoneyMarr,2018,2019,rap,rap
145118,376aec90cbd034a9ccca0818586da5997f1b364c,259298,377a4da5cdbba62bbbf11351297e5d62af65d7a0,16,0.7635546922683716,MOP,StreetHeat Back2Back Link Up TV,Borgore,KB & Safone,2018,2014,rap,rap
145118,376aec90cbd034a9ccca0818586da5997f1b364c,279497,aec9b755bf71303899418919b30ee28ae64afe0b,17,0.7445868253707886,MOP,1st  10,Borgore,Ludacris,2018,2000,rap,rap
145118,376aec90cbd034a9ccca0818586da5997f1b364c,453337,e81e59d69016ead68a46c737d5d153a4ecf2a855,18,0.7578218579292297,MOP,Glock On My Cock,Borgore,Lil Andi,2018,2018,rap,rap
145118,376aec90cbd034a9ccca0818586da5997f1b364c,448909,07911cc16bb6cd98eaa57231e33f1885b4207547,19,0.7532294392585754,MOP,Gotta Pose,Borgore,Kanye West,2018,2015,rap,rap
145118,376aec90cbd034a9ccca0818586da5997f1b364c,245473,329dc7abd929bfe331a850da872d1e86790d97ef,20,0.7598879337310791,MOP,Step On The Opps,Borgore,NCAA JoeMoney,2018,2019,rap,rap
337490,f5a3fff67ab785a243ca2e2fcc392172165eb624,417201,f6ee06aa86285f873f92042477b89006da0b6d73,1,0.9365741014480591,Higher,Raise The Bar,Dream Junkies,Blake Whiteley,2013,2016,rap,rap
337490,f5a3fff67ab785a243ca2e2fcc392172165eb624,336799,05cc4d3e6590019cb7c975b96de5ca84c834353f,2,0.9193295240402222,Higher,Higher,Dream Junkies,Fashawn,2013,2015,rap,rap
337490,f5a3fff67ab785a243ca2e2fcc392172165eb624,75581,7b3cbc51eac03c9e85ec5bb8474bafde51e7a97d,3,0.9019984006881714,Higher,Eagles,Dream Junkies,Canon,2013,2016,rap,rap
337490,f5a3fff67ab785a243ca2e2fcc392172165eb624,188269,243fdce608d2ca0f327322aad1a780f6724888d7,4,0.9174311757087708,Higher,Mandarin Oranges Part 2,Dream Junkies,Little Simz,2013,2014,rap,rap
337490,f5a3fff67ab785a243ca2e2fcc392172165eb624,403486,b2a26cbd44638e6006def29d330d1d26ab509c60,5,0.9090967178344727,Higher,Up,Dream Junkies,The LaFontaines,2013,2018,rap,rap
337490,f5a3fff67ab785a243ca2e2fcc392172165eb624,441987,b087a7d0228b30f02300e6bdee1b242bc9671e0b,6,0.9150346517562866,Higher,Kendrick Lamar - Untitled 07 / Levitate Remix By EA$Y TAVEN,Dream Junkies,EA$Y TAVEN,2013,2016,rap,rap
337490,f5a3fff67ab785a243ca2e2fcc392172165eb624,38016,00b06515030e50c208ea22a34739347361fcd3c8,7,0.9105173349380493,Higher,Top of the World,Dream Junkies,Kimbra,2013,2017,rap,pop
337490,f5a3fff67ab785a243ca2e2fcc392172165eb624,401053,177a1abe84e788ec592a0d14a40ecfd9ba716d63,8,0.9080221652984619,Higher,Lawdamercy,Dream Junkies,Cambatta,2013,2013,rap,rap
337490,f5a3fff67ab785a243ca2e2fcc392172165eb624,434271,04bef15da42439fa38c41262150b42ebbee5c4ad,9,0.9192085862159729,Higher,Bravo,Dream Junkies,Danny Bravo,2013,2013,rap,rap
337490,f5a3fff67ab785a243ca2e2fcc392172165eb624,273521,49028716191aeff49c44a686542f7b37aec9e34d,10,0.8948832154273987,Higher,High,Dream Junkies,Lecrae,2013,2010,rap,rap
337490,f5a3fff67ab785a243ca2e2fcc392172165eb624,380124,e933de98cda4dbac5f01e8c67823d54f4919825a,11,0.9173910617828369,Higher,Victory Party Hands Up In The Sky,Dream Junkies,Sterling Daniels,2013,2016,rap,rap
337490,f5a3fff67ab785a243ca2e2fcc392172165eb624,474270,20ede9ec2e34fdbcc6ac6f6d8af5a0170b9a41e4,12,0.9019813537597656,Higher,Two Weeks,Dream Junkies,Bliss n Eso,2013,2015,rap,rap
337490,f5a3fff67ab785a243ca2e2fcc392172165eb624,354045,734d2b44b5109ef5ab3930127c701cb0f5b3c997,13,0.9042044878005981,Higher,Level Up,Dream Junkies,Trevor Spitta,2013,2016,rap,rap
337490,f5a3fff67ab785a243ca2e2fcc392172165eb624,357192,d024cc41e2de15283a41cab58d7dc3084f989351,14,0.9164834022521973,Higher,DMX Prayer,Dream Junkies,Blaklez,2013,2019,rap,rap
337490,f5a3fff67ab785a243ca2e2fcc392172165eb624,34123,868e27be3ece969d2409a671d15720ae27221a3c,15,0.898848295211792,Higher,Never Land,Dream Junkies,Andy Mineo,2013,2014,rap,rap
337490,f5a3fff67ab785a243ca2e2fcc392172165eb624,7264,243d1a1a7370457dbb01e99905f8173c74445e12,16,0.9148138761520386,Higher,Hallelujah,Dream Junkies,Logic,2013,2017,rap,rap
337490,f5a3fff67ab785a243ca2e2fcc392172165eb624,134481,ce597dc2c2976732cf34fb9b5afdc364bf39b9c5,17,0.8988695740699768,Higher,The Plan,Dream Junkies,J. Cole,2013,2010,rap,rap
337490,f5a3fff67ab785a243ca2e2fcc392172165eb624,473054,df6f4a5fa5a0837b3ab3e48983aafed3907a2892,18,0.9155395030975342,Higher,God Be My Witness,Dream Junkies,Uzuhan,2013,2019,rap,rap
337490,f5a3fff67ab785a243ca2e2fcc392172165eb624,4496,3ec1f3cb62daa43a4e9b3750687d1dc82c21b140,19,0.8932968378067017,Higher,Interlude: Shadow,Dream Junkies,BTS,2013,2020,rap,rap
337490,f5a3fff67ab785a243ca2e2fcc392172165eb624,418183,6b7873859d259500e7ba3ece10f226ae8e18d995,20,0.9062893986701965,Higher,Weigh Up / Positive,Dream Junkies,Chip,2013,2015,rap,rap
15892,b21471aa59b7e1f63b829ac96bfc0abbb3e67579,149226,68c7fae384d14ae48eec451d8b8b39a2d21b4c23,1,0.9122961759567261,Thats Life,My Diamonds,88-Keys,Dribbles,2019,2013,rap,rap
15892,b21471aa59b7e1f63b829ac96bfc0abbb3e67579,150247,6e8fe6c83b36905aded51bab70e2a54955680969,2,0.9120001792907715,Thats Life,Castaway,88-Keys,Yung Pinch,2019,2018,rap,rap
15892,b21471aa59b7e1f63b829ac96bfc0abbb3e67579,60345,98dbdcc0e2ec4530f701887b32738a558e4f39fa,3,0.9002811908721924,Thats Life,​things can’t stay the same,88-Keys,BROCKHAMPTON,2019,2020,rap,rap
15892,b21471aa59b7e1f63b829ac96bfc0abbb3e67579,278540,2fabd50136fabb0894ec50617130424bf789566e,4,0.90967857837677,Thats Life,Dear Maiden,88-Keys,Poetic Death,2019,2013,rap,rap
15892,b21471aa59b7e1f63b829ac96bfc0abbb3e67579,315931,9808cbd36dfb2947c69f54cd961bb4eb89182966,5,0.8954364061355591,Thats Life,Get Rich or Die Tryin,88-Keys,YSN Fab,2019,2020,rap,rap
15892,b21471aa59b7e1f63b829ac96bfc0abbb3e67579,281732,fbc46978ab629728aad5bfc2df51ce99d08024ec,6,0.900611162185669,Thats Life,Worst Day Ever,88-Keys,Lil Xan,2019,2018,rap,rap
15892,b21471aa59b7e1f63b829ac96bfc0abbb3e67579,160264,d47666169b7c5943ab7d3d8d75134f48685c1cd4,7,0.8943566083908081,Thats Life,Memories,88-Keys,NEFFEX,2019,2016,rap,rap
15892,b21471aa59b7e1f63b829ac96bfc0abbb3e67579,25043,9d9d0cdfc501724143f2672fb4fd6f8afc93bcc5,8,0.905483067035675,Thats Life,Day One A Song About Nothing,88-Keys,Mac Miller,2019,2012,rap,rap
15892,b21471aa59b7e1f63b829ac96bfc0abbb3e67579,207220,58e166280ff4d265bd7b22bf5916187ab2a298f5,9,0.9028074145317078,Thats Life,Murals / Changes,88-Keys,Berner,2019,2016,rap,rap
15892,b21471aa59b7e1f63b829ac96bfc0abbb3e67579,155548,2d708192fd1b6d6ea6e39324fd1a4d597c2437fe,10,0.883053183555603,Thats Life,LiFT ME UP,88-Keys,Zoocci Coke Dope,2019,2022,rap,rap
15892,b21471aa59b7e1f63b829ac96bfc0abbb3e67579,412240,e484f38e27936f84eb7351093e55cab4694be7f4,11,0.8923153877258301,Thats Life,Magic Marker,88-Keys,Jimmy The Human & DMN Benji,2019,2019,rap,rap
15892,b21471aa59b7e1f63b829ac96bfc0abbb3e67579,174801,2234509fc66b212c4219d957bf0039b5a9ba42ad,12,0.8995756506919861,Thats Life,Its killing me,88-Keys,Lil Wayne,2019,2012,rap,rap
15892,b21471aa59b7e1f63b829ac96bfc0abbb3e67579,7400,19969c315d650ba9e51e08b1d72393fa13640db7,13,0.8955039381980896,Thats Life,The Remorse,88-Keys,Drake,2019,2021,rap,rap
15892,b21471aa59b7e1f63b829ac96bfc0abbb3e67579,481334,d0177c40db918b6430568ae28a87091c101482db,14,0.9019523859024048,Thats Life,Flock,88-Keys,LOONY,2019,2018,rap,rb
15892,b21471aa59b7e1f63b829ac96bfc0abbb3e67579,407495,584b2a33767f1cebacec49c38d80bceccbc39fce,15,0.9011950492858887,Thats Life,Bring My Family Back,88-Keys,Faithless,2019,1998,rap,rap
15892,b21471aa59b7e1f63b829ac96bfc0abbb3e67579,111622,1b63fe470fb05b19903672ce147c9ab9200ec536,16,0.8996663093566895,Thats Life,Do You Remember,88-Keys,Ivan B,2019,2015,rap,rap
15892,b21471aa59b7e1f63b829ac96bfc0abbb3e67579,388902,20eb112d7cc410e62be49e1c5e6e2b7c1223fc9a,17,0.8966645002365112,Thats Life,U Gotta Take It One Day At A Time,88-Keys,Spice 1,2019,2004,rap,rap
15892,b21471aa59b7e1f63b829ac96bfc0abbb3e67579,463254,eb6300b8f5de8bf422b52a181415c47578701fdc,18,0.8992167711257935,Thats Life,Fade Out,88-Keys,Bazanji,2019,2019,rap,rap
15892,b21471aa59b7e1f63b829ac96bfc0abbb3e67579,383519,efe86c8a9f51a24d160ea3cceed5e7f26b0f5232,19,0.8990215063095093,Thats Life,The Myth / I Dont,88-Keys,For Those I Love,2019,2021,rap,rock
15892,b21471aa59b7e1f63b829ac96bfc0abbb3e67579,124284,16bfa121fe1e8a620513a03d1e97ac6d6e2a3168,20,0.90702223777771,Thats Life,A Love Story,88-Keys,Ryan Oakes,2019,2016,rap,rap
511946,9735b82dceb7295587d89834b2e0ff4f777f4f55,3001,e43921265869effab05537c64a1f9373a0fd3a7a,1,0.9119300246238708,Who Run This?,Jukebox Joints,Angel De-Mar,A$AP Rocky,2022,2015,rap,rap
511946,9735b82dceb7295587d89834b2e0ff4f777f4f55,90447,7272726f7ab9574861ec2a402204d089cc8a9cf3,2,0.9028896689414978,Who Run This?,Get Buck in Here,Angel De-Mar,DJ Felli Fel,2022,2007,rap,rap
511946,9735b82dceb7295587d89834b2e0ff4f777f4f55,466231,cf83d7ccbab025184225fa2f2727a305baa7a698,3,0.9032313227653503,Who Run This?,No Stones,Angel De-Mar,Kid Ink,2022,2019,rap,rap
511946,9735b82dceb7295587d89834b2e0ff4f777f4f55,494217,49608f8766acf8780852b69d9b1cc497e4a3d7e2,4,0.8914069533348083,Who Run This?,Dirty Airforces,Angel De-Mar,Kofi Stone,2022,2019,rap,rap
511946,9735b82dceb7295587d89834b2e0ff4f777f4f55,133500,192cf6b31ddb45f8b1f6112266ca8191d14002dc,5,0.8866335153579712,Who Run This?,MOTHER LOVER,Angel De-Mar,City Morgue,2022,2021,rap,rap
511946,9735b82dceb7295587d89834b2e0ff4f777f4f55,312217,a70d5e856d5d9959088a258dd1e0238a72659add,6,0.8935776948928833,Who Run This?,Murder Bop,Angel De-Mar,Richi (MaliStrip),2022,2020,rap,rap
511946,9735b82dceb7295587d89834b2e0ff4f777f4f55,385927,3a9c9844b8a4e57fda70d703b90f81647d7ebd2b,7,0.889716386795044,Who Run This?,Twerk,Angel De-Mar,Tech N9ne,2022,2008,rap,rap
511946,9735b82dceb7295587d89834b2e0ff4f777f4f55,505006,a097574d64b5342bbc24406ef74b37008891c474,8,0.8846662044525146,Who Run This?,Ice Cream,Angel De-Mar,Falz,2022,2022,rap,rap
511946,9735b82dceb7295587d89834b2e0ff4f777f4f55,44111,90bc8d66233986c3be30e55937d4ff5705663c6e,9,0.8789178133010864,Who Run This?,Tie Your Mother Down,Angel De-Mar,Queen,2022,1977,rap,rock
511946,9735b82dceb7295587d89834b2e0ff4f777f4f55,500374,08a3122d0ab430bd5390e26d02f34d4c712bff60,10,0.8875095844268799,Who Run This?,​save her,Angel De-Mar,Yung Kayo,2022,2022,rap,rap
511946,9735b82dceb7295587d89834b2e0ff4f777f4f55,455756,7c6eab98b144704c3ca2b4cc50138d2d96d437e5,11,0.8792886734008789,Who Run This?,On Top,Angel De-Mar,Mary J. Blige,2022,2022,rap,rb
511946,9735b82dceb7295587d89834b2e0ff4f777f4f55,162356,15ee6f6b2575ba52487992c9c4387de3942698d8,12,0.8889912962913513,Who Run This?,90210 Demo,Angel De-Mar,Travis Scott,2022,2019,rap,rap
511946,9735b82dceb7295587d89834b2e0ff4f777f4f55,233164,53ce43bad48cc6d4f92bea131f26d72f5783c8b7,13,0.8953849077224731,Who Run This?,Hip Hop is Dead Freestyle,Angel De-Mar,BBC Radio,2022,2014,rap,rap
511946,9735b82dceb7295587d89834b2e0ff4f777f4f55,320236,f98e2fd503910b552dca4e8f5e8e877a6807854c,14,0.889107346534729,Who Run This?,Victory,Angel De-Mar,Moosh & Twist,2022,2016,rap,rap
511946,9735b82dceb7295587d89834b2e0ff4f777f4f55,127931,0514c7f47e47916cafb34ad6ecacffe67e03b79c,15,0.8821861743927002,Who Run This?,Pretty Muthafucka,Angel De-Mar,Lil Debbie,2022,2014,rap,rap
511946,9735b82dceb7295587d89834b2e0ff4f777f4f55,476114,c53604f476997d24be7b010998525ff25288b8b1,16,0.8941538333892822,Who Run This?,Im Good,Angel De-Mar,Amplify Dot,2022,2013,rap,rap
511946,9735b82dceb7295587d89834b2e0ff4f777f4f55,69259,f4ab982b70bcf860deb0cd8583710343c2ae2fb9,17,0.88933265209198,Who Run This?,Harlem Streets,Angel De-Mar,Cam'ron,2022,2004,rap,rap
511946,9735b82dceb7295587d89834b2e0ff4f777f4f55,225166,aa9eb7214103ff93a3ca7d5c1a4b9aa559282f1a,18,0.8788230419158936,Who Run This?,​ferrari fitness,Angel De-Mar,bbno$,2022,2017,rap,rap
511946,9735b82dceb7295587d89834b2e0ff4f777f4f55,220525,04bfc2cec66165603393563ef5f03198a26d9069,19,0.8900089263916016,Who Run This?,Steal the Show,Angel De-Mar,Ice Cube,2022,2006,rap,rap
511946,9735b82dceb7295587d89834b2e0ff4f777f4f55,127119,d9681d177b5ae6f3c472b30cc4f7e002be8bef3c,20,0.8867708444595337,Who Run This?,Beautiful Lie,Angel De-Mar,Ryan Leslie,2022,2012,rap,rap
40839,dc607f9428fed5386f55b06cc416ed82dbd4003e,273585,d6add871fc3fb6cb96dce1ef027b45e7785dd5e5,1,0.7734880447387695,Waterloo,Sweet Surrender,Cast Of Mamma Mia! Here We Go Again,Bread,2018,1972,pop,rock
40839,dc607f9428fed5386f55b06cc416ed82dbd4003e,149569,0faf01f22c5b6245eeb46d1184c603e01e5043db,2,0.7696332335472107,Waterloo,Trenches,Cast Of Mamma Mia! Here We Go Again,Tauren Wells,2018,2020,pop,pop
40839,dc607f9428fed5386f55b06cc416ed82dbd4003e,275734,28a82e30b68eee65a3e5b6dbe63da768485d967b,3,0.7452583312988281,Waterloo,Foe or Friend,Cast Of Mamma Mia! Here We Go Again,Bad Wolves,2018,2019,pop,rock
40839,dc607f9428fed5386f55b06cc416ed82dbd4003e,104076,04c2f1ddc9f336f6b501c76f494233e7f549cdef,4,0.7425211668014526,Waterloo,Pretty Low,Cast Of Mamma Mia! Here We Go Again,Expire,2018,2014,pop,rock
40839,dc607f9428fed5386f55b06cc416ed82dbd4003e,248139,d3cdb5764cc7f1ae3a3f67f2bbff158ae341e3d6,5,0.7582073211669922,Waterloo,Avalon,Cast Of Mamma Mia! Here We Go Again,Professor Green,2018,2012,pop,rap
40839,dc607f9428fed5386f55b06cc416ed82dbd4003e,349140,002eac51349cff4d9fd8dceb7f60466b4e30ad98,6,0.7494411468505859,Waterloo,Claudette,Cast Of Mamma Mia! Here We Go Again,Algiers,2018,2015,pop,rock
40839,dc607f9428fed5386f55b06cc416ed82dbd4003e,12173,4b7d1f4e8b492dfd1b772f07521102809a76500d,7,0.7491635680198669,Waterloo,A Prayer,Cast Of Mamma Mia! Here We Go Again,Kings Kaleidoscope,2018,2016,pop,rb
40839,dc607f9428fed5386f55b06cc416ed82dbd4003e,266990,ef98ecb0c75c9712058daf68652f9c1bbbbce6bb,8,0.7541055679321289,Waterloo,Barricade,Cast Of Mamma Mia! Here We Go Again,Stars,2018,2007,pop,rock
40839,dc607f9428fed5386f55b06cc416ed82dbd4003e,427821,f1698e4dd95f5e33785891e44592d2f1c9a59f5f,9,0.7410767078399658,Waterloo,Reckless Abandon,Cast Of Mamma Mia! Here We Go Again,Morgan James,2018,2017,pop,rb
40839,dc607f9428fed5386f55b06cc416ed82dbd4003e,153315,f0e06ad5e0821d7c39316cb3f84162a13c921b80,10,0.75140380859375,Waterloo,No Need For Dreaming,Cast Of Mamma Mia! Here We Go Again,MisterWives,2018,2015,pop,pop
40839,dc607f9428fed5386f55b06cc416ed82dbd4003e,100825,0c871d5d950a8c89d052b8ba67cd3d02481ec47d,11,0.7397241592407227,Waterloo,I Knew You Were Trouble Remix,Cast Of Mamma Mia! Here We Go Again,Sammy Adams,2018,2012,pop,rap
40839,dc607f9428fed5386f55b06cc416ed82dbd4003e,424486,12fd0476a9dab29bfd47e9778cdcb7842510782b,12,0.7593587636947632,Waterloo,Vermin,Cast Of Mamma Mia! Here We Go Again,Carcosa,2018,2021,pop,rock
40839,dc607f9428fed5386f55b06cc416ed82dbd4003e,62636,76500d51735184ef195268470cca5106998c57e9,13,0.760287344455719,Waterloo,Nevermore,Cast Of Mamma Mia! Here We Go Again,Jeff Williams,2018,2019,pop,rock
40839,dc607f9428fed5386f55b06cc416ed82dbd4003e,40374,b8f4b382841aec9d5e576f763418489f51ec47ac,14,0.748263955116272,Waterloo,Desecration Smile,Cast Of Mamma Mia! Here We Go Again,Red Hot Chili Peppers,2018,2006,pop,rock
40839,dc607f9428fed5386f55b06cc416ed82dbd4003e,403391,f832d743f3a43109e944ad61e2d5167aa2e1ccfc,15,0.7505450248718262,Waterloo,Control,Cast Of Mamma Mia! Here We Go Again,Loveless (Rock),2018,2021,pop,rock
40839,dc607f9428fed5386f55b06cc416ed82dbd4003e,69026,628e1ebc63944eb420a35b62a1817a966726f3b9,16,0.7276209592819214,Waterloo,Johanna Quartet,Cast Of Mamma Mia! Here We Go Again,Stephen Sondheim,2018,1979,pop,pop
40839,dc607f9428fed5386f55b06cc416ed82dbd4003e,481698,dfa34912716610d56318282b4a8c04279386ab2e,17,0.74484783411026,Waterloo,Empty Grave,Cast Of Mamma Mia! Here We Go Again,Disciple,2018,2016,pop,rock
40839,dc607f9428fed5386f55b06cc416ed82dbd4003e,334709,c18f47641ee215e481058b9ad93fb913fca265a7,18,0.7588474750518799,Waterloo,Dig for Bones,Cast Of Mamma Mia! Here We Go Again,Twelve Foot Ninja,2018,2016,pop,rock
40839,dc607f9428fed5386f55b06cc416ed82dbd4003e,334901,f751965c94b55df6fa94ca2d0f0f40646e4a6ddc,19,0.747356653213501,Waterloo,William It Was Really Something,Cast Of Mamma Mia! Here We Go Again,SALEM (UK),2018,2021,pop,rock
40839,dc607f9428fed5386f55b06cc416ed82dbd4003e,208731,59be83ac9bd18640932a50c2cbe9f3cf4683f5c1,20,0.7572810053825378,Waterloo,Everybody Dies,Cast Of Mamma Mia! Here We Go Again,GAWNE,2018,2019,pop,rap
394518,ab8bde728950bb65b4a12561b1b14934a3c92b41,149845,562ecef8bb01598592d7e9b8e2922293dbb65549,1,0.858158528804779,Simulacra,Rape Room,Jonny 5 + Yak,The Palmer Squares,2001,2012,rap,rap
394518,ab8bde728950bb65b4a12561b1b14934a3c92b41,124603,ebd2b81940e1853ff46cf8ee0b97d379da806472,2,0.8437317609786987,Simulacra,VII. Solo,Jonny 5 + Yak,Dave Malloy,2001,2019,rap,pop
394518,ab8bde728950bb65b4a12561b1b14934a3c92b41,379957,45d3a8c0099a183ea3b4e330ee0f55ce4e532b98,3,0.8431797027587891,Simulacra,Snip Snip,Jonny 5 + Yak,Chill Bump,2001,2012,rap,rap
394518,ab8bde728950bb65b4a12561b1b14934a3c92b41,165621,8c5e5706708903b4cf8dccc4757e67214ab455bf,4,0.8343077898025513,Simulacra,Fat Children,Jonny 5 + Yak,Tim Minchin,2001,2006,rap,pop
394518,ab8bde728950bb65b4a12561b1b14934a3c92b41,115324,1dfdf89d06ce7283a703a3f43c415c435079f3af,5,0.8303142786026001,Simulacra,Strange,Jonny 5 + Yak,Krizz Kaliko,2001,2012,rap,rap
394518,ab8bde728950bb65b4a12561b1b14934a3c92b41,255182,6bc11b2405f25ecd02423c18ffaf0a4360b5ecb2,6,0.8314356803894043,Simulacra,Strange Planet,Jonny 5 + Yak,Homeboy Sandman,2001,2010,rap,rap
394518,ab8bde728950bb65b4a12561b1b14934a3c92b41,254292,094ce0876c8708a48050bb475ac2ce54f4b501d4,7,0.8538717031478882,Simulacra,White Boy,Jonny 5 + Yak,Haystak,2001,2002,rap,rap
394518,ab8bde728950bb65b4a12561b1b14934a3c92b41,492845,9ef3d634fc16794e3e4b96a805bb9c12de939246,8,0.8551030158996582,Simulacra,Leftys Lament,Jonny 5 + Yak,Busdriver,2001,2005,rap,rap
394518,ab8bde728950bb65b4a12561b1b14934a3c92b41,402775,697f919fbf9bb0e2909f3c3d5467c2fc417d5f56,9,0.8408671617507935,Simulacra,Billie Jean 2005 Michael Jackson Tribute Anthem,Jonny 5 + Yak,Necro,2001,2005,rap,rap
394518,ab8bde728950bb65b4a12561b1b14934a3c92b41,33726,3722f4a874d6f84becfeae4761f03c203d7a3274,10,0.8487237095832825,Simulacra,Why You Never Became a Dancer,Jonny 5 + Yak,Whitehouse,2001,2003,rap,rock
394518,ab8bde728950bb65b4a12561b1b14934a3c92b41,336815,5f3dba57bbda4f337349e555b6cfc1be0a659820,11,0.8285956978797913,Simulacra,To Elsie-,Jonny 5 + Yak,William Carlos Williams,2001,2012,rap,misc
394518,ab8bde728950bb65b4a12561b1b14934a3c92b41,95089,dff339144177c0e128cde93c12e952ef4846cbf8,12,0.8346717357635498,Simulacra,Guess Who,Jonny 5 + Yak,Wax,2001,2011,rap,rap
394518,ab8bde728950bb65b4a12561b1b14934a3c92b41,57686,174c39cd74d434cd51c2a838533c3ad4372b1d24,13,0.8353692293167114,Simulacra,Growin Up in the Gutter,Jonny 5 + Yak,Yelawolf,2001,2011,rap,rap
394518,ab8bde728950bb65b4a12561b1b14934a3c92b41,468561,d4c4bfa01a5944c8c2d4d07dd4e99f814cf87785,14,0.8410736322402954,Simulacra,This Form of Life Needs Sex,Jonny 5 + Yak,Allen Ginsberg,2001,2013,rap,misc
394518,ab8bde728950bb65b4a12561b1b14934a3c92b41,433340,46054ab494b5dcd3b46e16e77ab5fcfa16a639eb,15,0.825027346611023,Simulacra,Angst,Jonny 5 + Yak,Sltface,2001,2014,rap,rock
394518,ab8bde728950bb65b4a12561b1b14934a3c92b41,408420,9ae9136ad5864a0e0e893cb83e98e8a541e6befe,16,0.8480769991874695,Simulacra,Sphinxs Coonery,Jonny 5 + Yak,Busdriver,2001,2005,rap,rap
394518,ab8bde728950bb65b4a12561b1b14934a3c92b41,400630,eab6a4fa1691ac15a873777486127ab3ba9f36c9,17,0.8546693921089172,Simulacra,Eye Examination,Jonny 5 + Yak,Del The Funky Homosapien,2001,1992,rap,rap
394518,ab8bde728950bb65b4a12561b1b14934a3c92b41,24862,769e751407775d3fa964e0209a862da6e6f90170,18,0.8422517776489258,Simulacra,I Got It,Jonny 5 + Yak,videogamedunkey,2001,2014,rap,rap
394518,ab8bde728950bb65b4a12561b1b14934a3c92b41,302786,381c588e98019e951d8f87d2c4a838bf29fe1e5b,19,0.8422744274139404,Simulacra,Miss Lucy Had Some Leeches,Jonny 5 + Yak,Emilie Autumn,2001,2006,rap,pop
394518,ab8bde728950bb65b4a12561b1b14934a3c92b41,175168,f70e146b18a078e4224784e875ab5d323c6c7193,20,0.8507980108261108,Simulacra,White Noise,Jonny 5 + Yak,Istasha,2001,2019,rap,rap
156750,5187d21931817c045d0d2e80f3648575451165ca,66572,8f710d101b8d95786939f9550b8f7359ea201bbd,1,0.9340813159942627,Tasting Purple,See You,Skooly,Cash Kidd,2017,2020,rap,rap
156750,5187d21931817c045d0d2e80f3648575451165ca,466210,ffd031e90bed2035640aa226e87c29ad86b0f0a3,2,0.9287562370300293,Tasting Purple,Reality,Skooly,II3SZ,2017,2018,rap,rap
156750,5187d21931817c045d0d2e80f3648575451165ca,60117,93f671318de93c596888c835415d591159ffdeb6,3,0.9314793348312378,Tasting Purple,Became Legends,Skooly,A Boogie wit da Hoodie,2017,2017,rap,rap
156750,5187d21931817c045d0d2e80f3648575451165ca,458969,e87c3733ea86624a55560eb8f096fdcc10f43408,4,0.9314043521881104,Tasting Purple,Drip Flow,Skooly,No Savage,2017,2020,rap,rap
156750,5187d21931817c045d0d2e80f3648575451165ca,93393,4da951eb19d9ed34e5321ee50ed329d565b1f3e7,5,0.9278436303138733,Tasting Purple,Gucci Gucci,Skooly,Flatbush Zombies,2017,2012,rap,rap
156750,5187d21931817c045d0d2e80f3648575451165ca,469329,4478b50c1c9ad4df8e01874aaaded23979ea21a0,6,0.9275194406509399,Tasting Purple,Conceited,Skooly,LBS Kee'vin,2017,2020,rap,rap
156750,5187d21931817c045d0d2e80f3648575451165ca,173256,9f2fd602b5131824cc56c963f4ad56902ff36908,7,0.9307399988174438,Tasting Purple,Fun Time,Skooly,BFB Da Packman,2017,2020,rap,rap
156750,5187d21931817c045d0d2e80f3648575451165ca,27976,4a2f5fda3a0bf4bff7ca25cbe5abe046af3d3a62,8,0.9186701774597168,Tasting Purple,Cadie/The Come Down February,Skooly,Robb Bank$,2017,2012,rap,rap
156750,5187d21931817c045d0d2e80f3648575451165ca,40234,027282a48d8a18cd878eee7fe8ddc043674af26e,9,0.932837724685669,Tasting Purple,Vent Flex Freestyle,Skooly,Moneybagg Yo,2017,2017,rap,rap
156750,5187d21931817c045d0d2e80f3648575451165ca,69204,efbf9575aa9ff20612442211da7e1fa38670fa11,10,0.9306755065917969,Tasting Purple,Hoppas Cypher,Skooly,DJ Hoppa,2017,2015,rap,rap
156750,5187d21931817c045d0d2e80f3648575451165ca,307614,f1e65e6a41220a636ced1b86ac8808fed6dc312c,11,0.9338209629058838,Tasting Purple,Brainstorm,Skooly,Damjonboi,2017,2020,rap,rap
156750,5187d21931817c045d0d2e80f3648575451165ca,49320,1f17b93a6d8e61895451510bb7362493434c3080,12,0.9318475127220154,Tasting Purple,Flex City,Skooly,Robb Bank$,2017,2013,rap,rap
156750,5187d21931817c045d0d2e80f3648575451165ca,349145,4708dfd7553940e6043118f138007d56cbbf95bf,13,0.9308004379272461,Tasting Purple,Goosebumps,Skooly,Tripsixx,2017,2014,rap,rap
156750,5187d21931817c045d0d2e80f3648575451165ca,6769,e0925d73bcb1a24509fce20cbb9d67a17f3bbf13,14,0.9225105047225952,Tasting Purple,Bottle Service,Skooly,Shoreline Mafia,2017,2016,rap,rap
156750,5187d21931817c045d0d2e80f3648575451165ca,113117,8a0e4e192dce4894dbe7de3bf712dad6becb780e,15,0.9288768768310547,Tasting Purple,Queen of Nightmares,Skooly,Asian Doll,2017,2018,rap,rap
156750,5187d21931817c045d0d2e80f3648575451165ca,38375,15a8a2dbad1a8917fc2fc6dae9880589daa27907,16,0.9298774003982544,Tasting Purple,My Thoughts Part II,Skooly,Babyface Ray,2017,2018,rap,rap
156750,5187d21931817c045d0d2e80f3648575451165ca,115946,80e2e057bd4736533bee060cc3766970fe1a3ba1,17,0.9287457466125488,Tasting Purple,Ignorant Confidence,Skooly,Cozz,2017,2018,rap,rap
156750,5187d21931817c045d0d2e80f3648575451165ca,64655,ed7727cd46094057d20e475bcb03eb717fe59c43,18,0.9265678524971008,Tasting Purple,Ca$hDaY fReeStYLe,Skooly,Co Cash & Tay Keith,2017,2018,rap,rap
156750,5187d21931817c045d0d2e80f3648575451165ca,503263,472d2ef5a790566b0a6bded0b2fdf35a38b98c4c,19,0.9270224571228027,Tasting Purple,Sucka Free,Skooly,CEO Trayle,2017,2022,rap,rap
156750,5187d21931817c045d0d2e80f3648575451165ca,343932,175043c92dffc14e40aec1ce034df778bf85f91f,20,0.9162131547927856,Tasting Purple,Self Made 3 Freestyle,Skooly,Rockie Fresh,2017,2013,rap,rap
120648,7ceb8da9dd8dbe6da61d720adfb0db56565a78ef,467347,4429132a0f0c7db753d384975470e5951a7a821c,1,0.9185736179351807,Watrfall,Someone To Hold,IAMDDB,Veronica,2018,1997,rb,rap
120648,7ceb8da9dd8dbe6da61d720adfb0db56565a78ef,241509,7de2510301098241e451efc2ce626a2286c391ec,2,0.9178124666213989,Watrfall,Fire in the Booth Part 1,IAMDDB,Token,2018,2017,rb,rap
120648,7ceb8da9dd8dbe6da61d720adfb0db56565a78ef,485977,33ff691487af7849b3c611ba8feaf948dc786b25,3,0.9008884429931641,Watrfall,Pick Up The Phone Remix,IAMDDB,EA$Y TAVEN,2018,2016,rb,rb
120648,7ceb8da9dd8dbe6da61d720adfb0db56565a78ef,201390,98687de0375da4056f94e26b2d19bc05b3887aa4,4,0.9005922675132751,Watrfall,Goodmorning Sunshine,IAMDDB,Little Brother,2018,2019,rb,rap
120648,7ceb8da9dd8dbe6da61d720adfb0db56565a78ef,281040,5d59cf6f6bff4f565994548b84ca7e63e33be98d,5,0.8953859210014343,Watrfall,Wavy,IAMDDB,Zach Diamond,2018,2020,rb,rap
120648,7ceb8da9dd8dbe6da61d720adfb0db56565a78ef,14212,007af3faeacae9907ee7e4d8cf402caf3921d661,6,0.8974829912185669,Watrfall,You Got It,IAMDDB,Bryson Tiller,2018,2017,rb,rb
120648,7ceb8da9dd8dbe6da61d720adfb0db56565a78ef,219634,4edf2a32c4fa46f8710467766c845d46568b6055,7,0.9026504755020142,Watrfall,NOT Better,IAMDDB,Tabac Roule,2018,2021,rb,rb
120648,7ceb8da9dd8dbe6da61d720adfb0db56565a78ef,80297,1c177d180e4a63400113eea3a486d109a9dd56da,8,0.9071016311645508,Watrfall,Trappin,IAMDDB,Kilo Kish,2018,2013,rb,rap
120648,7ceb8da9dd8dbe6da61d720adfb0db56565a78ef,4646,5e428c4ada838261e794c8f8be4d2a2d26ac6698,9,0.9040565490722656,Watrfall,Wings,IAMDDB,Mac Miller,2018,2018,rb,rap
120648,7ceb8da9dd8dbe6da61d720adfb0db56565a78ef,363205,ce86bda495a9c56fb62f5a42a96cc2a03f95a726,10,0.9063754081726074,Watrfall,West Hollywood Truths,IAMDDB,A2,2018,2017,rb,rap
120648,7ceb8da9dd8dbe6da61d720adfb0db56565a78ef,165362,37392158da742c832bf4826a29152885086fc2b9,11,0.9042974710464478,Watrfall,Live at Es,IAMDDB,Sublime,2018,1992,rb,rock
120648,7ceb8da9dd8dbe6da61d720adfb0db56565a78ef,285367,bfb88e0b592e4d66e7d2d0eb6e17fab533742bf5,12,0.9024838805198669,Watrfall,Best Day Ever Live,IAMDDB,Mac Miller,2018,2013,rb,rap
120648,7ceb8da9dd8dbe6da61d720adfb0db56565a78ef,352325,3260960328471fbffdea6386f7196652c26061fa,13,0.902226448059082,Watrfall,Its alright :,IAMDDB,Kevin Walkman,2018,2021,rb,pop
120648,7ceb8da9dd8dbe6da61d720adfb0db56565a78ef,303706,466a61dd1ff9fbc9e28afdc598207ff090ac83f3,14,0.887907862663269,Watrfall,Ease Your Mind,IAMDDB,More Ease,2018,2020,rb,pop
120648,7ceb8da9dd8dbe6da61d720adfb0db56565a78ef,7264,243d1a1a7370457dbb01e99905f8173c74445e12,15,0.9083725214004517,Watrfall,Hallelujah,IAMDDB,Logic,2018,2017,rb,rap
120648,7ceb8da9dd8dbe6da61d720adfb0db56565a78ef,351310,106ba44c5cd0ada100eb23c8705695acaff6895b,16,0.9075650572776794,Watrfall,Evolution of Beyoncé,IAMDDB,Pentatonix,2018,2013,rb,pop
120648,7ceb8da9dd8dbe6da61d720adfb0db56565a78ef,158568,06972f2c1dacde6e8e90680b971655da31fcd8df,17,0.8876842260360718,Watrfall,Teen Spirit Remix,IAMDDB,SZA,2018,2013,rb,rap
120648,7ceb8da9dd8dbe6da61d720adfb0db56565a78ef,56922,864c3141ce6c74d37fb6208911b099d790a7e6b9,18,0.9015564918518066,Watrfall,Feel Me,IAMDDB,Aeris Roves,2018,2018,rb,pop
120648,7ceb8da9dd8dbe6da61d720adfb0db56565a78ef,314088,5395ebfa13203fa7ef4b016a89cc5ea5d6ef563d,19,0.9047641754150391,Watrfall,The Feel,IAMDDB,A2,2018,2017,rb,rap
120648,7ceb8da9dd8dbe6da61d720adfb0db56565a78ef,81848,ce1c74bb5fb3aa00bcaa16a45b1cd2ab17fbb8e8,20,0.9078227281570435,Watrfall,Wrong Man,IAMDDB,Sam Lachow,2018,2016,rb,rap
110665,eec79378e3b858667535c0f92566d46899f87c56,298834,021d1169fca32407d55db8c637f32af28eaf0257,1,0.9599001407623291,Thumbin,Thumb Thru That Check,Rick Ross,Rocko,2012,2012,rap,pop
110665,eec79378e3b858667535c0f92566d46899f87c56,9450,efe2ba6be457330537dcf7238110ec6faf5a1d35,2,0.835258960723877,Thumbin,Bounce,Rick Ross,2 Chainz,2012,2016,rap,rap
110665,eec79378e3b858667535c0f92566d46899f87c56,192422,3fbace95da67dea798e1f02a2db1d1ae7b2f6c09,3,0.854640543460846,Thumbin,Run The Check Up,Rick Ross,Jeezy,2012,2015,rap,rap
110665,eec79378e3b858667535c0f92566d46899f87c56,223252,9d1f6eddc7d71383d4be787fdc444d56e41e230e,4,0.8256857991218567,Thumbin,Flex,Rick Ross,Migos,2012,2012,rap,rap
110665,eec79378e3b858667535c0f92566d46899f87c56,394962,4e21900bad378edd1e7f70b99a4486aa98e311da,5,0.8500011563301086,Thumbin,Look Back At It,Rick Ross,HeebzStreet,2012,2016,rap,rap
110665,eec79378e3b858667535c0f92566d46899f87c56,351799,69b88ba96130c37ded5fa04f8b6e14b4b5a730bb,6,0.8394781947135925,Thumbin,Touch That Ass,Rick Ross,Rich Boy,2012,2007,rap,rap
110665,eec79378e3b858667535c0f92566d46899f87c56,195280,5d3c7073b415a35e1f72b5bc0c5e33df0647743f,7,0.8289232850074768,Thumbin,Ran Up A Check,Rick Ross,Ca$h Out,2012,2016,rap,rap
110665,eec79378e3b858667535c0f92566d46899f87c56,281025,f72f42daee9171ee8453734f0583cba870d5215b,8,0.8301833271980286,Thumbin,Jesse Owen$,Rick Ross,YNW Melly,2012,2017,rap,rap
110665,eec79378e3b858667535c0f92566d46899f87c56,217825,3c827f1e81fbe74306e78d0e8e40ed643a785e24,9,0.8202857971191406,Thumbin,The Bag Way,Rick Ross,Young Buck,2012,2017,rap,rap
110665,eec79378e3b858667535c0f92566d46899f87c56,399589,d34da238760875afca8bdac78267ff95f41ae142,10,0.8291296362876892,Thumbin,Flexed on Myself,Rick Ross,Larry League,2012,2016,rap,rap
110665,eec79378e3b858667535c0f92566d46899f87c56,58909,76d8652d704a046e303ec2147d4278d97540545e,11,0.8494023084640503,Thumbin,Checc,Rick Ross,Dave East,2012,2017,rap,rap
110665,eec79378e3b858667535c0f92566d46899f87c56,68074,bffd4a8c76f35a717438e0470bf3f5b57adff4cc,12,0.8372220396995544,Thumbin,Check,Rick Ross,Lil Durk,2012,2016,rap,rap
110665,eec79378e3b858667535c0f92566d46899f87c56,51629,9689c4662e74d04a0c3a0f3e73fbd265c715e318,13,0.8305324912071228,Thumbin,Ran Up A Check,Rick Ross,Kodak Black,2012,2015,rap,rap
110665,eec79378e3b858667535c0f92566d46899f87c56,479160,44b42fb6867ebd6d83e5518ec2685452fa327c5a,14,0.8349814414978027,Thumbin,Flex,Rick Ross,Ace Hood,2012,2012,rap,rap
110665,eec79378e3b858667535c0f92566d46899f87c56,309583,a6497036207ac88341659c86c21f9f900c59d0cd,15,0.8219068050384521,Thumbin,Check,Rick Ross,LocateEmilio,2012,2017,rap,rap
110665,eec79378e3b858667535c0f92566d46899f87c56,39389,3bbdbfdc686dbe4df2f9ea1cff45f349a08515e4,16,0.8211672306060791,Thumbin,New Dior,Rick Ross,DigDat,2012,2019,rap,rap
110665,eec79378e3b858667535c0f92566d46899f87c56,474389,15133491e2b5c44d2fbe41e2f0358868717dd291,17,0.8263075351715088,Thumbin,Fendi,Rick Ross,Yungpow,2012,2018,rap,rap
110665,eec79378e3b858667535c0f92566d46899f87c56,271570,0c7f402a4b8020da1a84c5e9446851291e6e77e5,18,0.8154296278953552,Thumbin,In My Bag,Rick Ross,Justine Skye,2012,2021,rap,rb
110665,eec79378e3b858667535c0f92566d46899f87c56,90012,59fb73b1a0e526d43fc97e0fe487b1c369e7df19,19,0.8219305872917175,Thumbin,Gangstas Life,Rick Ross,Nipsey Hussle,2012,2013,rap,rap
110665,eec79378e3b858667535c0f92566d46899f87c56,470081,3a2405995e30e542fd0a84ec34fe8411ea409feb,20,0.8257472515106201,Thumbin,Chin Checc,Rick Ross,J. Stone,2012,2019,rap,rap
46703,21aed08e8c4737bc53dea229f7ac53721d9b8c0c,225222,ba52537e69db989e66017c9bf9cd67f287501d3d,1,0.841623067855835,Dream Team,The Dream Team Is in the House,Niykee Heaton,LA Dream Team,2016,1986,pop,pop
46703,21aed08e8c4737bc53dea229f7ac53721d9b8c0c,222957,3c72d6e68cd44890605a64eaef3a805b51200f36,2,0.7752679586410522,Dream Team,OBON DAY 2021 Song/Anthem,Niykee Heaton,One Britain One Nation (OBON),2016,2021,pop,pop
46703,21aed08e8c4737bc53dea229f7ac53721d9b8c0c,9243,3f7f97db047c388907e8d43b4744a5faa036e160,3,0.7824894785881042,Dream Team,Just Us,Niykee Heaton,DJ Khaled,2016,2019,pop,rb
46703,21aed08e8c4737bc53dea229f7ac53721d9b8c0c,288465,24b704205b2c5e15fb807b717e398ab54b809644,4,0.8049488067626953,Dream Team,Jazzies Groove,Niykee Heaton,Soul II Soul,2016,1989,pop,rb
46703,21aed08e8c4737bc53dea229f7ac53721d9b8c0c,432652,28118d6dbeef034b5c7cd740d97bdb38e9f152f7,5,0.8251720666885376,Dream Team,Team HBK Gang Remix,Niykee Heaton,Lorde,2016,2014,pop,rap
46703,21aed08e8c4737bc53dea229f7ac53721d9b8c0c,157083,cf6e6024bb1a3ac1c3f6bd09daaefcbd1c204313,6,0.8080068826675415,Dream Team,Random Warriors Remix,Niykee Heaton,G-Eazy,2016,2016,pop,rap
46703,21aed08e8c4737bc53dea229f7ac53721d9b8c0c,421665,49e8b5113dbfd0a141f196c5e4c561f3f2f40fee,7,0.8029263019561768,Dream Team,All for One From Barbie and the Three Musketeers,Niykee Heaton,Barbie,2016,2009,pop,pop
46703,21aed08e8c4737bc53dea229f7ac53721d9b8c0c,361472,191377cee76ee6b90d82769755e239875b725e11,8,0.8077229261398315,Dream Team,The League,Niykee Heaton,NerdOut,2016,2017,pop,rap
46703,21aed08e8c4737bc53dea229f7ac53721d9b8c0c,97584,e43d86748945f6e599308c2ab4bf6688ba30fbf7,9,0.8277316689491272,Dream Team,City Kids,Niykee Heaton,Moosh & Twist,2016,2011,pop,rap
46703,21aed08e8c4737bc53dea229f7ac53721d9b8c0c,455377,28f4c5eae0445a3e57b8c05bd3b9f4186cf9301b,10,0.8231345415115356,Dream Team,Dream Team,Niykee Heaton,Michael Franti & Spearhead,2016,1994,pop,rap
46703,21aed08e8c4737bc53dea229f7ac53721d9b8c0c,249658,a71eef69ccecea7fefe02a330ef25ebaa9656a08,11,0.8051934242248535,Dream Team,Dream Perfect,Niykee Heaton,DPR LIVE,2016,2016,pop,rap
46703,21aed08e8c4737bc53dea229f7ac53721d9b8c0c,496060,43cfd116c02eb725fd109bc302439844ae4b8721,12,0.7810612916946411,Dream Team,One World One Dream,Niykee Heaton,Sylver,2016,2008,pop,pop
46703,21aed08e8c4737bc53dea229f7ac53721d9b8c0c,514248,5de521ee4be72b2a2206ee2a5a4559d9145add66,13,0.7988224029541016,Dream Team,Sobe Junto,Niykee Heaton,Emicida Drik Barbosa  Matuê,2016,2022,pop,rap
46703,21aed08e8c4737bc53dea229f7ac53721d9b8c0c,23629,af70f79bdae05a21ae37b0b214aa049c8e54e436,14,0.7966315746307373,Dream Team,Baddest,Niykee Heaton,AKA,2016,2015,pop,rap
46703,21aed08e8c4737bc53dea229f7ac53721d9b8c0c,428944,8d09f8d2435ea97504b9ea7f4a77f5782597497e,15,0.78200364112854,Dream Team,THIS COULD B US,Niykee Heaton,Prince,2016,2015,pop,rb
46703,21aed08e8c4737bc53dea229f7ac53721d9b8c0c,403304,9b8d0a2dd23813369235c057a001b70ac958d65d,16,0.7914214134216309,Dream Team,Fuck Team Sports,Niykee Heaton,CHEWIE,2016,2013,pop,pop
46703,21aed08e8c4737bc53dea229f7ac53721d9b8c0c,279089,d7f2ab0e11b4df0d3faf06abdb5e3fde48ba369a,17,0.7763928771018982,Dream Team,We Can,Niykee Heaton,Ted Poley,2016,2004,pop,rock
46703,21aed08e8c4737bc53dea229f7ac53721d9b8c0c,206592,511ba6100935db689ae30f968420d37265c1a29b,18,0.7842049598693848,Dream Team,Team You,Niykee Heaton,Ma,2016,2015,pop,rb
46703,21aed08e8c4737bc53dea229f7ac53721d9b8c0c,164764,563ace9e5cdd312b163047ef7776110c2a490bf0,19,0.767723560333252,Dream Team,Queens,Niykee Heaton,Saara Aalto,2016,2018,pop,pop
46703,21aed08e8c4737bc53dea229f7ac53721d9b8c0c,75536,c95170f0a9471fcf30f0199ea41c394454eb1ed9,20,0.8007646799087524,Dream Team,No Wheaties,Niykee Heaton,Big K.R.I.T.,2016,2010,pop,rap
409949,1acb23c94336ab8e53b9defb04b1d870efd5109b,15302,00d4efa4636e8d56128a9ea2d2067d8d512a4c1a,1,0.8280031085014343,Dicked Down in Dallas,Fingers Hurting,Trey Lewis & RVSHVD,Lil Wayne,2021,2015,country,rap
409949,1acb23c94336ab8e53b9defb04b1d870efd5109b,59030,04301c6c19534980c1903792901bcec4a5f8f1b5,2,0.8216444253921509,Dicked Down in Dallas,My Bitch 50 Cent Jay-Z and Suge Knight Diss,Trey Lewis & RVSHVD,The Game,2021,2007,country,rap
409949,1acb23c94336ab8e53b9defb04b1d870efd5109b,115862,3d010a372e6d9bb1b0be432e814be822047dfc68,3,0.7962323427200317,Dicked Down in Dallas,On Your Knees,Trey Lewis & RVSHVD,Jeff Williams,2021,2011,country,rock
409949,1acb23c94336ab8e53b9defb04b1d870efd5109b,96607,27db8dc5ca6419ac385d815308c9b48af17d5e58,4,0.7976702451705933,Dicked Down in Dallas,Polk Salad Annie,Trey Lewis & RVSHVD,Tony Joe White,2021,1969,country,country
409949,1acb23c94336ab8e53b9defb04b1d870efd5109b,289460,7c5c6b7e06d642f4536c3d618f21022606c302c0,5,0.8191669583320618,Dicked Down in Dallas,Droppin Names,Trey Lewis & RVSHVD,Dirt Nasty,2021,2007,country,rap
409949,1acb23c94336ab8e53b9defb04b1d870efd5109b,348611,be6c0590148a9b6fdd84d6820fffe1fbe532c464,6,0.8261895775794983,Dicked Down in Dallas,On My Way,Trey Lewis & RVSHVD,Jadakiss,2021,2001,country,rap
409949,1acb23c94336ab8e53b9defb04b1d870efd5109b,363158,c4e9b166696b979e7d21b56deae1b2344f9c5d59,7,0.8168718814849854,Dicked Down in Dallas,STDs From A to Z,Trey Lewis & RVSHVD,HoRiZoN & Ike,2021,2012,country,rap
409949,1acb23c94336ab8e53b9defb04b1d870efd5109b,440146,268d3de46e3ef4aad9f1e1b0e8dee65f75c32b69,8,0.7979879379272461,Dicked Down in Dallas,The Death of Sis Draper,Trey Lewis & RVSHVD,Guy Clark,2021,2013,country,country
409949,1acb23c94336ab8e53b9defb04b1d870efd5109b,335423,230e624a43400dc39e236241d9073dc837ea6985,9,0.8216314315795898,Dicked Down in Dallas,Texas,Trey Lewis & RVSHVD,Playboi Carti,2021,2021,country,rap
409949,1acb23c94336ab8e53b9defb04b1d870efd5109b,133879,b84f67c3a51dc1a649f3c3246d567047eaba5cf6,10,0.8221648931503296,Dicked Down in Dallas,The Bitch Sucks Dick,Trey Lewis & RVSHVD,Too $hort,2021,1985,country,rap
409949,1acb23c94336ab8e53b9defb04b1d870efd5109b,101263,24492e0483534597faa77c8addb99a01767c3f97,11,0.8114839792251587,Dicked Down in Dallas,Black Cadillac,Trey Lewis & RVSHVD,No Blues,2021,2007,country,pop
409949,1acb23c94336ab8e53b9defb04b1d870efd5109b,344303,ad8401bf7c3e5e960d9650ad891b0c0ee0c05deb,12,0.8158780336380005,Dicked Down in Dallas,Elvis Presley BLVD Remix,Trey Lewis & RVSHVD,Rick Ross,2021,2014,country,rap
409949,1acb23c94336ab8e53b9defb04b1d870efd5109b,314707,ab2207a1a71041e08bb3d0acd532d9b988676446,13,0.818063497543335,Dicked Down in Dallas,Sex Drugs Money  Murder,Trey Lewis & RVSHVD,Twiztid,2021,2007,country,rap
409949,1acb23c94336ab8e53b9defb04b1d870efd5109b,379674,11ad9ebb7badeb83ca37835956f126eda0484270,14,0.7880939841270447,Dicked Down in Dallas,KID,Trey Lewis & RVSHVD,Eryn Martin,2021,2021,country,pop
409949,1acb23c94336ab8e53b9defb04b1d870efd5109b,421540,2e8598f7872e77860ccb3bfc04d9b57ead975b25,15,0.8161758184432983,Dicked Down in Dallas,Life o,Trey Lewis & RVSHVD,100s,2021,2013,country,rap
409949,1acb23c94336ab8e53b9defb04b1d870efd5109b,237183,8c95e5f9107aa20c1e8fb458f045128df76e4361,16,0.813939094543457,Dicked Down in Dallas,Aerobix,Trey Lewis & RVSHVD,FBG Goat & Future,2021,2021,country,rap
409949,1acb23c94336ab8e53b9defb04b1d870efd5109b,162117,633321aca25b49519a7219b8b359cc8110bfeb84,17,0.8025134801864624,Dicked Down in Dallas,Still Gettin My Dick Suck,Trey Lewis & RVSHVD,DJ Paul,2021,2002,country,rap
409949,1acb23c94336ab8e53b9defb04b1d870efd5109b,5463,2e1162112e43453a89bfa9eba19466d189b40c3a,18,0.8053240776062012,Dicked Down in Dallas,HOT DEMON BTCHES NEAR U   ,Trey Lewis & RVSHVD,CORPSE & Night Lovell,2021,2021,country,rap
409949,1acb23c94336ab8e53b9defb04b1d870efd5109b,31142,606d673d013bcda9dd663a0d67edf38d960c72b3,19,0.8007022738456726,Dicked Down in Dallas,Break the Bitch Down,Trey Lewis & RVSHVD,Kevin Gates,2021,2014,country,rap
409949,1acb23c94336ab8e53b9defb04b1d870efd5109b,460228,d62c0638d9a221e86870ca29155fdaf64dffecc0,20,0.8088275790214539,Dicked Down in Dallas,Kick Me Down,Trey Lewis & RVSHVD,NO1-NOAH,2021,2016,country,misc
126592,58cb22af05b7a527d84430914ee0caa58e26435c,28586,ca18bf3e28dacd1a88dcc473635fd084653b70e3,1,0.8913001418113708,Slaves Shall Serve,Aigiri Nandini,Behemoth,Brodha V,2004,2014,rock,rap
126592,58cb22af05b7a527d84430914ee0caa58e26435c,89216,bcf35f7b94c3d5d75f1929661b692624e0246f88,2,0.8693150281906128,Slaves Shall Serve,None of Them Knew They Were Robots,Behemoth,Mr. Bungle,2004,1999,rock,rock
126592,58cb22af05b7a527d84430914ee0caa58e26435c,270644,b2f68186801e7b5d40fe0511fa63fc9a0050afdb,3,0.8809585571289062,Slaves Shall Serve,Stellarvore,Behemoth,Watain,2004,2007,rock,rock
126592,58cb22af05b7a527d84430914ee0caa58e26435c,22005,44bc2e55a3234de18d02d7b8dee98bc18587f043,4,0.8700008392333984,Slaves Shall Serve,O Father O Satan O Sun,Behemoth,Behemoth,2004,2014,rock,rock
126592,58cb22af05b7a527d84430914ee0caa58e26435c,267315,eca73c4413d05dc5e6c3f36b7cf89b5e5483c808,5,0.8612400889396667,Slaves Shall Serve,The Ascent,Behemoth,Caligula's Horse,2004,2020,rock,rock
126592,58cb22af05b7a527d84430914ee0caa58e26435c,472266,38b0caf47e33eb0148654a646750a32bfde7ab0b,6,0.881406307220459,Slaves Shall Serve,Phlegmatic,Behemoth,Poetic Death,2004,2013,rock,rap
126592,58cb22af05b7a527d84430914ee0caa58e26435c,167630,e14cdea31af61d86b1dda1d85891750881f1225c,7,0.8798323273658752,Slaves Shall Serve,The Ninth Wave,Behemoth,Blind Guardian,2004,2015,rock,rock
126592,58cb22af05b7a527d84430914ee0caa58e26435c,334748,1de79c55bdc2d935cd8a0688ad368ee5a2d6d74b,8,0.8777397871017456,Slaves Shall Serve,Slaying the Prophets ov Isa,Behemoth,Behemoth,2004,2007,rock,rock
126592,58cb22af05b7a527d84430914ee0caa58e26435c,335369,b2ea8f3eca03b10751659bf968bd34c384a97d12,9,0.8766069412231445,Slaves Shall Serve,Purify,Behemoth,Neurosis,2004,1996,rock,rock
126592,58cb22af05b7a527d84430914ee0caa58e26435c,148210,36a5e29c49dbad1df7030cc984c2ce512b434214,10,0.8861501216888428,Slaves Shall Serve,At the Left Hand ov God,Behemoth,Behemoth,2004,2007,rock,rock
126592,58cb22af05b7a527d84430914ee0caa58e26435c,461934,5daac520946a25dba566d81570642f46f28eb42e,11,0.8705090880393982,Slaves Shall Serve,Mother of Abominations,Behemoth,Cradle of Filth,2004,2004,rock,pop
126592,58cb22af05b7a527d84430914ee0caa58e26435c,222558,f8f118aa11b0a9cd239ee0d6efe9c83a86755848,12,0.8660317063331604,Slaves Shall Serve,Eating the Dead / Negus,Behemoth,Kamau Brathwaite,2004,2018,rock,misc
126592,58cb22af05b7a527d84430914ee0caa58e26435c,382439,d7cabfed6ce5b611fdaeb4cdf2f3085ced95deea,13,0.874980092048645,Slaves Shall Serve,Embodiment,Behemoth,Carcass,2004,1993,rock,rock
126592,58cb22af05b7a527d84430914ee0caa58e26435c,320862,081d3c2cc84169d4a4753424eef09d04b06388ae,14,0.8703257441520691,Slaves Shall Serve,The Lords Prayer,Behemoth,Siouxsie and the Banshees,2004,1979,rock,rock
126592,58cb22af05b7a527d84430914ee0caa58e26435c,60311,72c460b68a1d093f9d1359fd28823adfb750d4a2,15,0.8762749433517456,Slaves Shall Serve,Wichita Vortex Sutra 3,Behemoth,Allen Ginsberg,2004,1966,rock,misc
126592,58cb22af05b7a527d84430914ee0caa58e26435c,384328,ee30e43b26fd82f9172d893cd7bc3c1b6012f044,16,0.8604035377502441,Slaves Shall Serve,Dinard,Behemoth,Iwan Rheon,2004,2015,rock,pop
126592,58cb22af05b7a527d84430914ee0caa58e26435c,158249,4f931a80590077ebd52beeec7541e716c690564c,17,0.8697613477706909,Slaves Shall Serve,Falcon in the Dive,Behemoth,Frank Wildhorn and Nan Knighton,2004,1998,rock,misc
126592,58cb22af05b7a527d84430914ee0caa58e26435c,489430,186d5a43b9f3bd94dd3dda65c6c36d1a39431398,18,0.8787161111831665,Slaves Shall Serve,The Final Fold King Olly Suite,Behemoth,Juno Songs,2004,2021,rock,pop
126592,58cb22af05b7a527d84430914ee0caa58e26435c,340368,1c32935284e27f383ddc81a962f8c0e566239631,19,0.8732714653015137,Slaves Shall Serve,X Generation,Behemoth,Punnfire,2004,2016,rock,misc
126592,58cb22af05b7a527d84430914ee0caa58e26435c,330391,fcb867d2ed66011a070d85827ff888474dda199c,20,0.875518262386322,Slaves Shall Serve,Eye,Behemoth,Neurosis,2004,1996,rock,rock
225223,cae55410cc0c429502d6a28be177deb8dc644b08,394555,f0461d32ce0e36624347fbabb2337a61fd59b23c,1,0.7956211566925049,Little Walter,Cats In The Bag,Tony! Toni! Ton!,Breaking Bad,1988,2008,rb,misc
225223,cae55410cc0c429502d6a28be177deb8dc644b08,115971,cb469196f6e5fc0a0d80118d53e4f80ad5cc80c0,2,0.7260386943817139,Little Walter,Mr. Shorty,Tony! Toni! Ton!,Marty Robbins,1988,1966,rb,country
225223,cae55410cc0c429502d6a28be177deb8dc644b08,38984,39c0ec90c2017f34a152af9e256ae82a7fe35bf8,3,0.66539466381073,Little Walter,To Kill a Mockingbird - Chapter 2a,Tony! Toni! Ton!,Harper Lee,1988,1960,rb,misc
225223,cae55410cc0c429502d6a28be177deb8dc644b08,116342,3824c6f7517e4e4b0a7d6f302a589bed5abf466e,4,0.7603244781494141,Little Walter,Pilot,Tony! Toni! Ton!,Breaking Bad,1988,2008,rb,misc
225223,cae55410cc0c429502d6a28be177deb8dc644b08,358593,d7178edb11c74e95b36798c002e3a1e37dcb3bb2,5,0.7336465120315552,Little Walter,Uncle Walter,Tony! Toni! Ton!,Ben Folds Five,1988,1995,rb,rock
225223,cae55410cc0c429502d6a28be177deb8dc644b08,49418,ec8b18ed9d31d9f6ec9ba5c9d4f46b3e85d3d70a,6,0.7440071702003479,Little Walter,A Raisin in the Sun Act I : Scene I,Tony! Toni! Ton!,Lorraine Hansberry,1988,1959,rb,misc
225223,cae55410cc0c429502d6a28be177deb8dc644b08,469161,a241ee7e7d0c17ccf79db24c9a9d7c9ba9795632,7,0.7187308073043823,Little Walter,Jimmy Lee,Tony! Toni! Ton!,Aretha Franklin,1988,1986,rb,rb
225223,cae55410cc0c429502d6a28be177deb8dc644b08,136439,bded206cb9007e83bfe84650afeceb3c72a76574,8,0.7202081680297852,Little Walter,Harold of the Rocks,Tony! Toni! Ton!,Primus,1988,1990,rb,rock
225223,cae55410cc0c429502d6a28be177deb8dc644b08,35760,a3b8f01f475fee0771587b4d4207357967ed7410,9,0.7118878960609436,Little Walter,Death of a Salesman: Act 2,Tony! Toni! Ton!,Arthur Miller,1988,1986,rb,misc
225223,cae55410cc0c429502d6a28be177deb8dc644b08,284068,d0fe0537b8c51598a31db92668f35bc93d4def6c,10,0.7607241868972778,Little Walter,Over,Tony! Toni! Ton!,Breaking Bad,1988,2009,rb,misc
225223,cae55410cc0c429502d6a28be177deb8dc644b08,51082,2ed9196809084def6bc0bcb01ba9c723896a5ea4,11,0.7612963914871216,Little Walter,Felina,Tony! Toni! Ton!,Breaking Bad,1988,2013,rb,misc
225223,cae55410cc0c429502d6a28be177deb8dc644b08,368018,4bc214a81ae43f44f650177c7b72ed83fa118e04,12,0.7124407887458801,Little Walter,Mack The Knife,Tony! Toni! Ton!,Frank Sinatra,1988,1984,rb,pop
225223,cae55410cc0c429502d6a28be177deb8dc644b08,10728,5d2ce24ccbd1d2a6825c03f58d611fca7a502fca,13,0.7142238020896912,Little Walter,PROM / KING,Tony! Toni! Ton!,Saba,1988,2018,rb,rap
225223,cae55410cc0c429502d6a28be177deb8dc644b08,472078,d9d0161841a81c1580e115fb107de56c33e385ba,14,0.6958476901054382,Little Walter,Baby Brother,Tony! Toni! Ton!,The White Stripes,1988,2007,rb,rock
225223,cae55410cc0c429502d6a28be177deb8dc644b08,51896,9fadb62f35eeac9e396c1ac39663ea95c531c405,15,0.7111614346504211,Little Walter,The Ballad of Curtis Loew,Tony! Toni! Ton!,Lynyrd Skynyrd,1988,1974,rb,rock
225223,cae55410cc0c429502d6a28be177deb8dc644b08,271013,50c996d0120afc8d78c47819ab894395bbecc198,16,0.7552838325500488,Little Walter,Crawl Space,Tony! Toni! Ton!,Breaking Bad,1988,2011,rb,misc
225223,cae55410cc0c429502d6a28be177deb8dc644b08,470817,34e5f5655511d3b4826010e46b1daeabac80b4fc,17,0.7242165803909302,Little Walter,Fly,Tony! Toni! Ton!,Breaking Bad,1988,2010,rb,misc
225223,cae55410cc0c429502d6a28be177deb8dc644b08,294166,a2875b3bf23dda89924b648071b8c78407eda052,18,0.7180691361427307,Little Walter,A Portrait of the Artist as a Young Man Chapter 1,Tony! Toni! Ton!,James Joyce,1988,2012,rb,misc
225223,cae55410cc0c429502d6a28be177deb8dc644b08,186697,79746d54ba88a38c5634a9180e3c08e57e06d9a6,19,0.6948655843734741,Little Walter,Marvins Final Words from How America Got Its Name / Your Lips and Me Reprise,Tony! Toni! Ton!,William Finn,1988,1979,rb,pop
225223,cae55410cc0c429502d6a28be177deb8dc644b08,46845,43c5a6ab8d423d61ff03990cd5d577383a4fb685,20,0.6855870485305786,Little Walter,Dear Santa English Version,Tony! Toni! Ton!,Girls' Generation-TTS,1988,2015,rb,pop
285487,e6a215fb0283b4737ef396e2cc47bc2aff8bd098,235266,e02be1c685439f28af6e0b8096127da8b6c5e9c0,1,0.8960559368133545,FreakNic,Nice  Slow,Mila J,SoMo,2015,2014,rb,rb
285487,e6a215fb0283b4737ef396e2cc47bc2aff8bd098,102082,262210259711b9bc569c0c76dd635fca2099a23c,2,0.8807018995285034,FreakNic,Sex Me Pts. 1-2,Mila J,R. Kelly,2015,1993,rb,rb
285487,e6a215fb0283b4737ef396e2cc47bc2aff8bd098,1993,89bf24c6da3ac5c0c65be5897cb7f8e9fa2b23f4,3,0.8885719776153564,FreakNic,Drunk in Love Remix,Mila J,Beyonc,2015,2014,rb,rb
285487,e6a215fb0283b4737ef396e2cc47bc2aff8bd098,471310,e499b6aadefb0cb34ba23655fee397cac94b88e1,4,0.8886448740959167,FreakNic,Freak Me,Mila J,Campsite Dream,2015,2017,rb,pop
285487,e6a215fb0283b4737ef396e2cc47bc2aff8bd098,512567,e019564ae936e5cc93d147a9aaa3f034925ac184,5,0.8953090906143188,FreakNic,Sex,Mila J,Angelina Michaels,2015,2022,rb,rap
285487,e6a215fb0283b4737ef396e2cc47bc2aff8bd098,323908,f59d97b4a46d7dee857f40fa5345b450928b8ac8,6,0.8897857666015625,FreakNic,Making Love Remix,Mila J,G. Montana,2015,2013,rb,rb
285487,e6a215fb0283b4737ef396e2cc47bc2aff8bd098,29564,341beddffc6426d8ff8dbcabc8dc258fbb8abe58,7,0.8790373206138611,FreakNic,Freak N You,Mila J,DJ Khaled,2015,2019,rb,rap
285487,e6a215fb0283b4737ef396e2cc47bc2aff8bd098,322150,22938ee3125680c910d90bee8e7edccdd0e8bbb6,8,0.8826309442520142,FreakNic,Makin Love,Mila J,Tamar Braxton,2015,2015,rb,rb
285487,e6a215fb0283b4737ef396e2cc47bc2aff8bd098,201703,1eb7bea5f91bd14028e024d5945f23d1c6619b33,9,0.8816432952880859,FreakNic,I Really Wanna Sex Your Body,Mila J,Link (Entertainment),2015,1998,rb,rb
285487,e6a215fb0283b4737ef396e2cc47bc2aff8bd098,55633,bb273a7c775472ecb7e1ed29f3d4956564a5c997,10,0.8861106634140015,FreakNic,Rock Wit You,Mila J,Pleasure P,2015,2015,rb,rb
285487,e6a215fb0283b4737ef396e2cc47bc2aff8bd098,365279,11020d6b9287731896a668eb963d65c3c453da26,11,0.8910338878631592,FreakNic,This Aint Sex,Mila J,Usher,2015,2008,rb,rb
285487,e6a215fb0283b4737ef396e2cc47bc2aff8bd098,186965,1bb3c799f0f4eb5dfc19fc6bcae80d1840306460,12,0.8618900179862976,FreakNic,The Boogie That Be,Mila J,Black Eyed Peas,2015,2003,rb,rap
285487,e6a215fb0283b4737ef396e2cc47bc2aff8bd098,130401,1fea7f43dcc1ebbc7d30bc1f40a9777ebc336361,13,0.8774690628051758,FreakNic,I Dont Wanna Do This Anymore XXXTENTACION Rework,Mila J,Trevor Daniel,2015,2017,rb,misc
285487,e6a215fb0283b4737ef396e2cc47bc2aff8bd098,399087,7948a2399f2fa9990a310d3604a7ef31178b42d4,14,0.8823391199111938,FreakNic,Sex,Mila J,Colette Carr,2015,2012,rb,rap
285487,e6a215fb0283b4737ef396e2cc47bc2aff8bd098,422781,c506d37c1f597a8cda0a57ca5f374338a605babd,15,0.8798186779022217,FreakNic,Keep It Comin,Mila J,Keith Sweat,2015,1991,rb,rb
285487,e6a215fb0283b4737ef396e2cc47bc2aff8bd098,255397,85ee9fadbfdcbf846b35ec0632ea11db70982a83,16,0.878227710723877,FreakNic,Freakin Me,Mila J,Jamie Foxx,2015,2008,rb,pop
285487,e6a215fb0283b4737ef396e2cc47bc2aff8bd098,273772,254111cd971e80506c451180f187f51d4db7d308,17,0.8614382147789001,FreakNic,Come on Get Up,Mila J,Janet Jackson,2015,2001,rb,rb
285487,e6a215fb0283b4737ef396e2cc47bc2aff8bd098,437352,8d939357351a82a8d99026bfd3e2cff9a9038ac6,18,0.8611087799072266,FreakNic,Hottest Thing,Mila J,Usher,2015,2001,rb,rb
285487,e6a215fb0283b4737ef396e2cc47bc2aff8bd098,292339,3492748c93c2b57cc9eb6d218de8aa78e7cd653f,19,0.8742454051971436,FreakNic,Sex Therapy Luda Remix,Mila J,Robin Thicke,2015,2009,rb,rap
285487,e6a215fb0283b4737ef396e2cc47bc2aff8bd098,80301,a6f8e13e4f95f9d412045e5c21ca5805f4719ca6,20,0.8775268197059631,FreakNic,Sex You Up,Mila J,Chris Brown,2015,2017,rb,rb
