query_index,query_song_id,rec_index,rec_song_id,rank,score,query_title,rec_title,query_artist,rec_artist,query_year,rec_year,query_genre,rec_genre
70108,e77b390101fe12212155793e5ae19c9210ace3c5,305857,7a39322e8275199277f24fd9df9d45c82141de1a,1,0.014677419327199459,The General Lee,Generally,Johnny Cash,Juggaknots,1981,2001,country,rap
70108,e77b390101fe12212155793e5ae19c9210ace3c5,447858,139f708a7bff92451d6c8d67bdce7f8972233235,2,0.0008888888987712562,The General Lee,Grays Anatomy Sec. 1 Chap. 1,Johnny Cash,Henry Gray,1981,2013,country,misc
70108,e77b390101fe12212155793e5ae19c9210ace3c5,18751,563dd5e9fdae410609df5458c75b78dcdab8827c,3,0.0013114754110574722,The General Lee,Formatting and Markdown Guide,Johnny Cash,Genius,1981,2016,country,misc
70108,e77b390101fe12212155793e5ae19c9210ace3c5,446957,0cf579503bbf641bf48d2dd22776903da3991a23,4,0.0007843137136660516,The General Lee,The Role of Government in Education,Johnny Cash,Milton Friedman,1981,2014,country,misc
70108,e77b390101fe12212155793e5ae19c9210ace3c5,438014,9ea39f6972d70e7fdae765d75f503390d318957d,5,0.006451612804085016,The General Lee,NCT 2020 : The Past  Future - Ether,Johnny Cash,NCT,1981,2020,country,misc
70108,e77b390101fe12212155793e5ae19c9210ace3c5,231817,1c52a884ed958da4f59c4108a71e2e4a7a9bcbe7,6,0.003539822995662689,The General Lee,Pharaohs,Johnny Cash,Tears for Fears,1981,1985,country,pop
70108,e77b390101fe12212155793e5ae19c9210ace3c5,341629,e7fbc694dfa711ac7120f231ce6619aada28ab73,7,0.001072386046871543,The General Lee,Warning for Russian Citizens Traveling Abroad 09/02/2013,Johnny Cash,Ministry of Foreign Affairs for the Russian Federation,1981,2013,country,misc
70108,e77b390101fe12212155793e5ae19c9210ace3c5,380987,6166e4308079941c4bf58f9cfdd111f1b457c849,8,0.0015810276381671429,The General Lee,GeniusGraph FAQ,Johnny Cash,GeniusGraph,1981,2018,country,misc
70108,e77b390101fe12212155793e5ae19c9210ace3c5,23974,f37e89003a88ed83765c527659abb2d211f1f9ac,9,0.000638977624475956,The General Lee,An Inspector Calls - Act One Setting,Johnny Cash,J. B. Priestley,1981,2013,country,misc
70108,e77b390101fe12212155793e5ae19c9210ace3c5,453532,006a86910ce774d53574da61a7cfbbf3e2b5b39d,10,0.0011396011104807258,The General Lee,Crime News,Johnny Cash,John Mulaney,1981,2009,country,misc
70108,e77b390101fe12212155793e5ae19c9210ace3c5,209560,079a1ddd8693271dce1e8010c24a680cd138805e,11,0.0030075188260525465,The General Lee,Style Bible: Pusha T,Johnny Cash,Fashion Genius,1981,2013,country,misc
70108,e77b390101fe12212155793e5ae19c9210ace3c5,49535,c79b813235b2e613cb277e9d8ac176abd58d0942,12,0.001932367100380361,The General Lee,Pulmonary Function I Outline,Johnny Cash,Human Physiology,1981,2013,country,misc
70108,e77b390101fe12212155793e5ae19c9210ace3c5,282050,28d715d2af363909b6da8744ff8327797699b164,13,0.0012698412174358964,The General Lee,One Black Coffee,Johnny Cash,John Mulaney,1981,2017,country,misc
70108,e77b390101fe12212155793e5ae19c9210ace3c5,380428,1537daecbd4ecb7fa180fd203a377780eae0833f,14,0.000821355264633894,The General Lee,Of Studies,Johnny Cash,Francis Bacon,1981,2014,country,misc
70108,e77b390101fe12212155793e5ae19c9210ace3c5,480797,80976f229de7fc01e50ac69437c5e45fec6325c0,15,0.0014035088242962956,The General Lee,Proposition 3,Johnny Cash,Ludwig Wittgenstein,1981,2013,country,misc
70108,e77b390101fe12212155793e5ae19c9210ace3c5,443412,350f761fad19e6a1669a9568c63cc8ab7715c021,16,0.0006578947650268674,The General Lee,See Mother,Johnny Cash,Toni Morrison,1981,2013,country,rap
70108,e77b390101fe12212155793e5ae19c9210ace3c5,459563,05ce8d269641ff6a498e2d1f4d788ccfe0b12b92,17,0.001176470541395247,The General Lee,Corey Taylor Speaks On Joey Jordisons Departure,Johnny Cash,Slipknot,1981,2014,country,rock
70108,e77b390101fe12212155793e5ae19c9210ace3c5,384740,948369159b5e03f0d52e53e6bfc3926c4a3fe61a,18,0.0021739129442721605,The General Lee,The Kingdom of the Lion,Johnny Cash,Aesop,1981,2012,country,misc
70108,e77b390101fe12212155793e5ae19c9210ace3c5,453627,37426a237b32af9a15ea27436884519715391c89,19,0.0023121386766433716,The General Lee,Statement on Book Deal,Johnny Cash,"Juror B37, George Zimmerman Trial",1981,2013,country,misc
70108,e77b390101fe12212155793e5ae19c9210ace3c5,291341,9682ff9a737c8d9b2d0db22b9da42cd053a33be1,20,0.0008639309089630842,The General Lee,Why Founders Fail: The Product CEO Paradox,Johnny Cash,B Horowitz,1981,2013,country,misc
413632,fcad6c466488eaf32327bba209e4a40a323df09c,32004,d750e1ea79faa9fa9ea674c0b35e7e8f490399cf,1,0.009677419438958168,Long Stretch of Love,Natural Disaster / Aura,Lady A,Chris Brown,2014,2019,country,rb
413632,fcad6c466488eaf32327bba209e4a40a323df09c,391783,2cd56c5c4f915e60925b3eee4820b8a4023c7fb8,2,0.0014035088242962956,Long Stretch of Love,Roland the Roadie and Gertrude the Groupie,Lady A,Dr. Hook,2014,1973,country,rock
413632,fcad6c466488eaf32327bba209e4a40a323df09c,290171,66a2fcc68c61bc92097c76b189993990f8647701,3,0.004166666883975267,Long Stretch of Love,Waiting,Lady A,Oliver Heldens,2014,2016,country,pop
413632,fcad6c466488eaf32327bba209e4a40a323df09c,423232,be43e7045049d8c878f819d1ffebc1131c127a6e,4,0.001408450654707849,Long Stretch of Love,Pencils in the Wind HBO Version,Lady A,Flight of the Conchords,2014,2009,country,pop
413632,fcad6c466488eaf32327bba209e4a40a323df09c,64853,4b8d0ae5cf7576c7f26537fba15f19f2701a7599,5,0.003846153849735856,Long Stretch of Love,No Use I Just Do,Lady A,Hayley Williams,2014,2021,country,pop
413632,fcad6c466488eaf32327bba209e4a40a323df09c,293585,52c7ff74eb8f5880bdb74fd8335edbfad7036ffc,6,0.0007272727089002728,Long Stretch of Love,I Got a Line on You,Lady A,Spirit,2014,1968,country,rock
413632,fcad6c466488eaf32327bba209e4a40a323df09c,179264,3dbde5be9db5dd0dda8d6d1fa97d3950265b16e5,7,0.002116402145475149,Long Stretch of Love,Love Too Deep,Lady A,Ferreck Dawn,2014,2014,country,pop
413632,fcad6c466488eaf32327bba209e4a40a323df09c,439295,4b700bb1b863dc30a7ae8c09eae825503fa3baa3,8,0.0006359300459735096,Long Stretch of Love,Satellite of Love,Lady A,The Velvet Underground,2014,1995,country,rock
413632,fcad6c466488eaf32327bba209e4a40a323df09c,241983,acfd3a3b68d67ffb1c46817bfe6393f22fabad72,9,0.0017857142956927419,Long Stretch of Love,Silent Sigh,Lady A,Badly Drawn Boy,2014,2002,country,pop
413632,fcad6c466488eaf32327bba209e4a40a323df09c,406235,39fe2a7413e097360707d87e7cfd5837555143cc,10,0.002259887056425214,Long Stretch of Love,Big Bird,Lady A,Eddie Floyd,2014,1969,country,pop
413632,fcad6c466488eaf32327bba209e4a40a323df09c,447543,c7bf0974c725408ff437fe510834a6df9057ff93,11,0.00081300811143592,Long Stretch of Love,Just a Touch,Lady A,Keith Sweat,2014,1996,country,rb
413632,fcad6c466488eaf32327bba209e4a40a323df09c,193450,261835f0bbe3c5dae8407d4a4f196a15d8e9073e,12,0.0012944983318448067,Long Stretch of Love,Whos Got Your Love,Lady A,Cheat Codes & Daniel Blume,2014,2019,country,pop
413632,fcad6c466488eaf32327bba209e4a40a323df09c,418487,18e7239f92854e70e2bcbbd0ebc5f75cacfc466e,13,0.0016064257360994816,Long Stretch of Love,Cant Nobody,Lady A,Kelly Rowland,2014,2002,country,rb
413632,fcad6c466488eaf32327bba209e4a40a323df09c,361340,2282fefbfd21b3cbbd95547d924bfdd83bc2bb85,14,0.0008968609618023038,Long Stretch of Love,I Cant Believe,Lady A,112,2014,1996,country,rb
413632,fcad6c466488eaf32327bba209e4a40a323df09c,427769,0c057baf0133b89ed1b6ecd1780340c035cffd93,15,0.0021857924293726683,Long Stretch of Love,I’m Gonna Stay,Lady A,Mary Wells,2014,1961,country,rb
413632,fcad6c466488eaf32327bba209e4a40a323df09c,44096,4e2113bd781281b23086cd6423de1601eb82248e,16,0.0007604562561027706,Long Stretch of Love,Summer of Love,Lady A,Shawn Mendes & Tainy,2014,2021,country,pop
413632,fcad6c466488eaf32327bba209e4a40a323df09c,152555,41bfac07a2cc0aee31e063d3aa9dde2b2b8cb810,17,0.004040404222905636,Long Stretch of Love,My Mind Is Ramblin’,Lady A,The Black Keys,2014,2006,country,rock
413632,fcad6c466488eaf32327bba209e4a40a323df09c,483059,5d71da49f5ebeaa01970668ab4a85d4fa3d0b896,18,0.0015810276381671429,Long Stretch of Love,Nothing Without Love,Lady A,MAX,2014,2013,country,pop
413632,fcad6c466488eaf32327bba209e4a40a323df09c,328568,8600be337f6cd53294a21a3ea9d367af54748010,19,0.0024096386041492224,Long Stretch of Love,Cant Control My Love,Lady A,Total Giovanni,2014,2015,country,pop
413632,fcad6c466488eaf32327bba209e4a40a323df09c,226804,cf5ad8115bc0864b7e458f87f9bfbf4102cdb6e8,20,0.0010152284521609545,Long Stretch of Love,NunWrong,Lady A,Leven Kali,2014,2018,country,rb
72169,4caf07ac74f7e39c9ae70f5d9e512a33bd68287d,127191,8badc01f6456a0540f9e9ceeff8a77812d18ebf5,1,0.01038134004920721,I Ain’t Marching Anymore,WAR,Phil Ochs,Common,1965,2014,country,rap
72169,4caf07ac74f7e39c9ae70f5d9e512a33bd68287d,447559,0a281c11fe9bbeb98c17f6e1aa513c6d3b1f243c,2,0.004166666883975267,I Ain’t Marching Anymore,Red Sleeping Beauty,Phil Ochs,McCarthy,1965,1986,country,pop
72169,4caf07ac74f7e39c9ae70f5d9e512a33bd68287d,367163,9d77305474dafe7cee9b6c4bc7bbf0718e4d5c40,3,0.0014134275261312723,I Ain’t Marching Anymore,Building a Gazebo in the Civil War,Phil Ochs,John Mulaney,1965,2018,country,misc
72169,4caf07ac74f7e39c9ae70f5d9e512a33bd68287d,324037,2cd2e639849a6db87629bf4e7c503430994b3b1b,4,0.0008714597206562757,I Ain’t Marching Anymore,Tsar Nicholas IIs Incompetence,Phil Ochs,Mr. Briggs,1965,2013,country,misc
72169,4caf07ac74f7e39c9ae70f5d9e512a33bd68287d,17004,27fcf0c96d6b309e1d0f9c71c9f134feffc4cd41,5,0.0012232415610924363,I Ain’t Marching Anymore,Birds,Phil Ochs,Death Grips,1965,2013,country,rap
72169,4caf07ac74f7e39c9ae70f5d9e512a33bd68287d,261535,2c48244456e786be15314a801f85c453f59c5f14,6,0.0007751937955617905,I Ain’t Marching Anymore,University of Central Florida-Art History2-Spring2014-2/3/14,Phil Ochs,AnnotatedNotes,1965,2014,country,misc
72169,4caf07ac74f7e39c9ae70f5d9e512a33bd68287d,284877,99a6de5196759269a06439476442e4081c49827a,7,0.004000000189989805,I Ain’t Marching Anymore,Not A Robot But A Ghost,Phil Ochs,Andrew Bird,1965,2009,country,rock
72169,4caf07ac74f7e39c9ae70f5d9e512a33bd68287d,268888,8c2f8d45e451c41db8a45ed769cd20834052ec16,8,0.0033333334140479565,I Ain’t Marching Anymore,Dancing in the Rain,Phil Ochs,Ruth Lorenzo,1965,2014,country,pop
72169,4caf07ac74f7e39c9ae70f5d9e512a33bd68287d,74439,155cc2cfb548f4af8a717be41ccd1373f5497eba,9,0.0007079645874910057,I Ain’t Marching Anymore,Mein Herr,Phil Ochs,Liza Minnelli,1965,1972,country,pop
72169,4caf07ac74f7e39c9ae70f5d9e512a33bd68287d,72803,f2d8b12a37a14a09c726de07718a5c4fbb45fc37,10,0.0007619047537446022,I Ain’t Marching Anymore,Like Em Young,Phil Ochs,Tove Lo,1965,2014,country,pop
72169,4caf07ac74f7e39c9ae70f5d9e512a33bd68287d,263489,9a4c0dcf347f249f2d02a9fcf684ff326048de31,11,0.0017777777975425124,I Ain’t Marching Anymore,My Body,Phil Ochs,Volbeat,1965,2013,country,rock
72169,4caf07ac74f7e39c9ae70f5d9e512a33bd68287d,322907,04edc3df4229f0e6ad6aecd690354a31c5702361,12,0.000806451600510627,I Ain’t Marching Anymore,Beads on One String,Phil Ochs,The Who,1965,2019,country,rock
72169,4caf07ac74f7e39c9ae70f5d9e512a33bd68287d,229007,84a171dfff5659168a5be4173b117f837f755fb9,13,0.0007843137136660516,I Ain’t Marching Anymore,Beijing Taxi,Phil Ochs,Viagra Boys,1965,2018,country,rock
72169,4caf07ac74f7e39c9ae70f5d9e512a33bd68287d,502390,5dd9f43475ddf8dc6b45216048c18f2589fa4671,14,0.004301075357943773,I Ain’t Marching Anymore,American Teenager,Phil Ochs,Ethel Cain,1965,2022,country,pop
72169,4caf07ac74f7e39c9ae70f5d9e512a33bd68287d,163776,e30393f6ab68eb7b1980c4a2eb543fb3648fc6e0,15,0.004123711492866278,I Ain’t Marching Anymore,Down by the riverside,Phil Ochs,Gospel Dream,1965,2015,country,pop
72169,4caf07ac74f7e39c9ae70f5d9e512a33bd68287d,278490,67ac37101b657a1a25ae94c1f3c9a28eeadcdef3,16,0.0042105261236429214,I Ain’t Marching Anymore,Hurry on Sundown,Phil Ochs,Hawkwind,1965,1970,country,rock
72169,4caf07ac74f7e39c9ae70f5d9e512a33bd68287d,78691,66b325c418ac287c5b96e2819d19d8f875d9b809,17,0.001072386046871543,I Ain’t Marching Anymore,HOLD YOU DOWN,Phil Ochs,X Ambassadors,1965,2019,country,pop
72169,4caf07ac74f7e39c9ae70f5d9e512a33bd68287d,355109,9be0e25b21f3c3fdb6e1aabcbbb656afe5c4689d,18,0.0007920791977085173,I Ain’t Marching Anymore,Hippie Soldier,Phil Ochs,The Orwells,1965,2017,country,rock
72169,4caf07ac74f7e39c9ae70f5d9e512a33bd68287d,317405,ad95c04607be36e9c46c7862fd8d2d1696306973,19,0.004395604599267244,I Ain’t Marching Anymore,Tug of War,Phil Ochs,Tilian,1965,2015,country,pop
72169,4caf07ac74f7e39c9ae70f5d9e512a33bd68287d,119299,62064c246dd6a80ad4c14e38e2e66f74e60656dd,20,0.000911161710973829,I Ain’t Marching Anymore,Declaration of War 3/30/2013,Phil Ochs,Democratic People's Republic of Korea,1965,2013,country,misc
360908,4d701b8ea16e60bf2a1c0ed098676da618707953,392688,682d041729d3d0ecb9711aecfe937ad4895bae2c,1,0.009677419438958168,Boys from Back Home,Come Back Home,Scotty McCreery,Nappy Roots,2018,2010,country,pop
360908,4d701b8ea16e60bf2a1c0ed098676da618707953,323852,3360f07be7846af54cc6ddc3144545476710e02a,2,0.0033613445702940226,Boys from Back Home,99 Bottles of Beer,Scotty McCreery,Melvins,2018,2013,country,rock
360908,4d701b8ea16e60bf2a1c0ed098676da618707953,403971,1633da52795fed7e53b88e2d1a81f6a8d9dbc71e,3,0.0058823530562222,Boys from Back Home,Istanbul Not Constantinople,Scotty McCreery,Bart & Baker,2018,2012,country,pop
360908,4d701b8ea16e60bf2a1c0ed098676da618707953,452048,91d8254989ad0184ba9504ad993eddeb4423255e,4,0.00081300811143592,Boys from Back Home,Threat Level Midnight,Scotty McCreery,RealRed (Rapper),2018,2019,country,rap
360908,4d701b8ea16e60bf2a1c0ed098676da618707953,299901,6f8c8e30d1f157432d8ec9db25d1ddddac9fe138,5,0.0008695652359165251,Boys from Back Home,Jump,Scotty McCreery,David Guetta & GLOWINTHEDARK,2018,2018,country,pop
360908,4d701b8ea16e60bf2a1c0ed098676da618707953,365751,6e1e9d80b78fe9e64aac5f5becf260a0738f5c38,6,0.0006349206087179482,Boys from Back Home,Intro,Scotty McCreery,John Grant,2018,2015,country,rock
360908,4d701b8ea16e60bf2a1c0ed098676da618707953,296026,81af1df7c24ac2293fbd49b08c398627c90d8c69,7,0.0011331444839015603,Boys from Back Home,AC/DC CD,Scotty McCreery,The Chats,2018,2020,country,rock
360908,4d701b8ea16e60bf2a1c0ed098676da618707953,29658,d0db4e0c6ecf0c734ffc29608def1731a3b5865f,8,0.0013793103862553835,Boys from Back Home,Look At Me Minecraft Parody,Scotty McCreery,Galaxy Goats,2018,2017,country,rap
360908,4d701b8ea16e60bf2a1c0ed098676da618707953,126348,f70c494cd6cc7abd431e5402d67b9793cda6fbd6,9,0.0008928571478463709,Boys from Back Home,This Is How We Walk on the Moon,Scotty McCreery,Arthur Russell,2018,1994,country,rock
360908,4d701b8ea16e60bf2a1c0ed098676da618707953,495788,5059c9ba203e3b8f5091b5d8b1312a31250de515,10,0.0009523809421807528,Boys from Back Home,Fall Asleep,Scotty McCreery,Yxung Lord,2018,2021,country,rap
360908,4d701b8ea16e60bf2a1c0ed098676da618707953,151347,aeccfe4f1cd707cd3784656c75c54f71258d18f8,11,0.0008908685995265841,Boys from Back Home,Darling Nicki Minaj,Scotty McCreery,Beyonc,2018,2015,country,rb
360908,4d701b8ea16e60bf2a1c0ed098676da618707953,306193,accabeeb13b6f8ead88804757b29158b48afe718,12,0.006451612804085016,Boys from Back Home,Drinking Wine Spo-Dee ODee,Scotty McCreery,Jerry Lee Lewis,2018,1973,country,pop
360908,4d701b8ea16e60bf2a1c0ed098676da618707953,446925,4d66db3bb8f4e34bd063c9cb222fbb1a3a55d07f,13,0.0010695187374949455,Boys from Back Home,Skin on Skin,Scotty McCreery,Franc Moody,2018,2020,country,pop
360908,4d701b8ea16e60bf2a1c0ed098676da618707953,286849,1b27d2ea9a6f88f4334f55b51efdee067447cd6a,14,0.0037735849618911743,Boys from Back Home,Double-Tap Rootbeer,Scotty McCreery,Jack Wall,2018,2015,country,pop
360908,4d701b8ea16e60bf2a1c0ed098676da618707953,318713,1fb542d7586c981acff5caf3f2bf50f5330be001,15,0.000985221704468131,Boys from Back Home,I Love You All,Scotty McCreery,The Soronprfbs,2018,2014,country,pop
360908,4d701b8ea16e60bf2a1c0ed098676da618707953,471684,8427f1cb4bb1ee263ae6d9f7435e653d30ff6fae,16,0.001913875574246049,Boys from Back Home,Up To No Good,Scotty McCreery,Porn Kings,2018,1999,country,pop
360908,4d701b8ea16e60bf2a1c0ed098676da618707953,445563,ce9692a3c3c398cc74e8140d5a5e1fd6e28bf9e4,17,0.0019801980815827847,Boys from Back Home,Bill Lee,Scotty McCreery,Warren Zevon,2018,1980,country,rock
360908,4d701b8ea16e60bf2a1c0ed098676da618707953,164776,cad533cd719347dcaaead4d927c94c7d8fdf33e8,18,0.0057142856530845165,Boys from Back Home,Juggernog Jingle,Scotty McCreery,Activision,2018,2017,country,misc
360908,4d701b8ea16e60bf2a1c0ed098676da618707953,305649,414d12ca6ec0bd0dca659d94b817bc907d80bfb9,19,0.0028368793427944183,Boys from Back Home,Your Wife Is Calling,Scotty McCreery,Lee Ving,2018,2013,country,pop
360908,4d701b8ea16e60bf2a1c0ed098676da618707953,388507,9acb0a09afc332ae5ade2361239d2d6d53dc00ec,20,0.004999999888241291,Boys from Back Home,28. Chorus: He Trusted In God,Scotty McCreery,Handel George Frideric,2018,2015,country,pop
257177,e61052b5dd3ffd91ba4221346efd8015038a012d,329093,59496a896768c1102c3899db51a86ae97223f7e3,1,0.009523809887468815,Elusive Butterfly,Watch Me Fly...,Bob Lind,Crush 40,1966,2000,country,rock
257177,e61052b5dd3ffd91ba4221346efd8015038a012d,66066,d2bc713c5113196bf21fbd5ef9bdf1a390b3ad38,2,0.0007590132881887257,Elusive Butterfly,Hitler Was A Sensitive Man,Bob Lind,AxCx,1966,1999,country,rock
257177,e61052b5dd3ffd91ba4221346efd8015038a012d,153496,87d9e5b88ea1ebe24e6f543e17210c87b504a419,3,0.004081632476300001,Elusive Butterfly,​boxes,Bob Lind,Moses Sumney,1966,2019,country,rock
257177,e61052b5dd3ffd91ba4221346efd8015038a012d,435809,96b9e816c721755db8dcbe4866967ba6ba817c20,4,0.0008196721319109201,Elusive Butterfly,Hometown Hero,Bob Lind,Weekend Nachos,1966,2011,country,pop
257177,e61052b5dd3ffd91ba4221346efd8015038a012d,300177,a8ff31986c05ce5f9807fcc874e1583b3ac0b4df,5,0.0006611570133827627,Elusive Butterfly,Blockhead Fuck Off,Bob Lind,Wormrot,1966,2016,country,rock
257177,e61052b5dd3ffd91ba4221346efd8015038a012d,395091,131905394e0e41dae720cfad8131e61877db5261,6,0.001005025114864111,Elusive Butterfly,Wish you well,Bob Lind,Mick Flannery,1966,2008,country,pop
257177,e61052b5dd3ffd91ba4221346efd8015038a012d,426639,e177b53dbdba36cf120eae67a5a0cd8d7fad82f1,7,0.0008830021834000945,Elusive Butterfly,Let Me Play With Your Poodle,Bob Lind,Tampa Red,1966,1961,country,pop
257177,e61052b5dd3ffd91ba4221346efd8015038a012d,473542,9800bcd8d3d7ab7502c2e21f9bdb38e0d216ca72,8,0.0058823530562222,Elusive Butterfly,Parchman Farm,Bob Lind,John Mayall & The Bluesbreakers,1966,1966,country,rock
257177,e61052b5dd3ffd91ba4221346efd8015038a012d,429230,eea6d7bf19a59cc23f152bce1d342cbceff6d6d8,9,0.0010075566824525595,Elusive Butterfly,The Mouse the Frog and the Hawk,Bob Lind,Aesop,1966,2012,country,misc
257177,e61052b5dd3ffd91ba4221346efd8015038a012d,334331,2f36e8803f338cdf61a76938341f6887190b401e,10,0.0060606058686971664,Elusive Butterfly,A Drop of Nelsons Blood,Bob Lind,Jarvis Cocker,1966,2006,country,pop
257177,e61052b5dd3ffd91ba4221346efd8015038a012d,402104,1679ce97bc8706743829c655f7a3ddc9e69e14fe,11,0.0034782609436661005,Elusive Butterfly,Legend,Bob Lind,Buddy,1966,2018,country,rap
257177,e61052b5dd3ffd91ba4221346efd8015038a012d,147097,3aee1ee08f300c50b9abd243904243194dfc4340,12,0.002597402548417449,Elusive Butterfly,Talk,Bob Lind,Bob Moses,1966,2015,country,pop
257177,e61052b5dd3ffd91ba4221346efd8015038a012d,216484,38971602da9659e44ca8881e99af3c657c5d0968,13,0.004938271827995777,Elusive Butterfly,Lets Go Get Stoned,Bob Lind,Ray Charles,1966,1966,country,rb
257177,e61052b5dd3ffd91ba4221346efd8015038a012d,112632,dc60d89caa75b32e343487c9da44e4b84b9e6432,14,0.0054054055362939835,Elusive Butterfly,Leave It Open,Bob Lind,Kate Bush,1966,1982,country,pop
257177,e61052b5dd3ffd91ba4221346efd8015038a012d,225972,05734e3ae2e1397044749bf6d9de740f03b61809,15,0.002197802299633622,Elusive Butterfly,Daisy,Bob Lind,Laura Marling,1966,2015,country,rock
257177,e61052b5dd3ffd91ba4221346efd8015038a012d,206411,5f826d8e1581722a8c1ce7ba49d57fba1f824ebf,16,0.0037735849618911743,Elusive Butterfly,Damn Gravity,Bob Lind,Okay Kaya,1966,2015,country,rock
257177,e61052b5dd3ffd91ba4221346efd8015038a012d,127788,67700b140961b79ae99fe5a53689a4968017af3f,17,0.0026666666381061077,Elusive Butterfly,The Girls Want to Be with the Girls,Bob Lind,Talking Heads,1966,1978,country,rock
257177,e61052b5dd3ffd91ba4221346efd8015038a012d,406001,bad77eba6baed89b3103bb6fae08ebc73634bb75,18,0.0006125574000179768,Elusive Butterfly,Alton Sterling Statement,Bob Lind,Drake,1966,2016,country,misc
257177,e61052b5dd3ffd91ba4221346efd8015038a012d,339383,fc951a5f955ae57a63b35b2d9a2c7483acf96f8f,19,0.0011461317772045732,Elusive Butterfly,I Loved Another Woman,Bob Lind,Fleetwood Mac,1966,1968,country,rock
257177,e61052b5dd3ffd91ba4221346efd8015038a012d,345042,6b8ac5079f202ae969594ce00abc4a625188d50c,20,0.000735294132027775,Elusive Butterfly,Rob My Plug,Bob Lind,Lil Uzi Vert,1966,2017,country,rap
254135,b778fd3ba61b7a7c18b5153a873a5c671e9a2c88,356104,05d7d8390a5109b9ffeff78e8ee6f1b3ad93fbd9,1,0.009677419438958168,Oblivion,Go Alone,Lost Dog Street Band,Hell Or Highwater,2013,2011,country,pop
254135,b778fd3ba61b7a7c18b5153a873a5c671e9a2c88,450929,1b45a455fff174ed693b3e4d3793850400248a0a,2,0.0013114754110574722,Oblivion,On A Daily OAD,Lost Dog Street Band,Yung6ix,2013,2020,country,rap
254135,b778fd3ba61b7a7c18b5153a873a5c671e9a2c88,268950,cd90482e6df13ee7ed8c06f68f8b0dee1579a569,3,0.0007952286396175623,Oblivion,Working in the Coal Mine,Lost Dog Street Band,Lee Dorsey,2013,1966,country,rock
254135,b778fd3ba61b7a7c18b5153a873a5c671e9a2c88,111773,fdca071615cb51458ed4c3fb4acc1844523b142c,4,0.001226993859745562,Oblivion,Selkirk Grace,Lost Dog Street Band,Robert Burns,2013,2013,country,misc
254135,b778fd3ba61b7a7c18b5153a873a5c671e9a2c88,78467,9cebafd2438ea617d2f543c3f0429f2f1e64510b,5,0.0010899183107540011,Oblivion,I Dont Mind Waiting,Lost Dog Street Band,Juanita Bynum,2013,2006,country,pop
254135,b778fd3ba61b7a7c18b5153a873a5c671e9a2c88,364814,3807e9db57d83239d7e4a820388ef5e69c94549c,6,0.0009195402381010354,Oblivion,Mary Had a Baby,Lost Dog Street Band,Hall & Oates,2013,2006,country,pop
254135,b778fd3ba61b7a7c18b5153a873a5c671e9a2c88,298029,436a6cd21dfff55d2cde9ee0b0c50b5eea002b6b,7,0.0012232415610924363,Oblivion,Climbing Higher Mountains,Lost Dog Street Band,Aretha Franklin,2013,1972,country,rb
254135,b778fd3ba61b7a7c18b5153a873a5c671e9a2c88,295408,b805bdeccf3e2879feff2a768478fd250c1b65f4,8,0.0012048193020746112,Oblivion,Somebody’s Knockin’,Lost Dog Street Band,Eric Clapton,2013,2016,country,rock
254135,b778fd3ba61b7a7c18b5153a873a5c671e9a2c88,344974,1ae24ce5a5343255514a8437eb136982c36122ea,9,0.0011695906287059188,Oblivion,Keepin It Cool,Lost Dog Street Band,Regular Show,2013,2014,country,rock
254135,b778fd3ba61b7a7c18b5153a873a5c671e9a2c88,163021,4133ebae29b8d942efb3235a7fd983da77d5e718,10,0.001687763724476099,Oblivion,Deuteronomy 28,Lost Dog Street Band,Holy Bible (KJV),2013,2017,country,misc
254135,b778fd3ba61b7a7c18b5153a873a5c671e9a2c88,265401,36f49b67a6f590916ad21e3a3cc01538c730e5ac,11,0.0010840108152478933,Oblivion,Shine a Light,Lost Dog Street Band,Spiritualized,2013,1992,country,rock
254135,b778fd3ba61b7a7c18b5153a873a5c671e9a2c88,434740,be31231b8edcc5467f8642e7fab53b81f0afc6e2,12,0.0011730205733329058,Oblivion,The Leaving Shanty,Lost Dog Street Band,Fisherman's Friends,2013,2019,country,pop
254135,b778fd3ba61b7a7c18b5153a873a5c671e9a2c88,152251,4ecfb3adc27abeb292f40cca89440ccbfd993543,13,0.0013029315741732717,Oblivion,Clowns,Lost Dog Street Band,Goldfrapp,2013,2008,country,pop
254135,b778fd3ba61b7a7c18b5153a873a5c671e9a2c88,261405,2cdafb92f089cd70d0336ec5af5a54bcf072577f,14,0.003389830468222499,Oblivion,Intro Life,Lost Dog Street Band,Jeru the Damaja,2013,1994,country,rap
254135,b778fd3ba61b7a7c18b5153a873a5c671e9a2c88,175538,c60b96c65749b3baf2e2c78e3969efa1c47a2d54,15,0.000961538462433964,Oblivion,Burn On,Lost Dog Street Band,Randy Newman,2013,1972,country,rock
254135,b778fd3ba61b7a7c18b5153a873a5c671e9a2c88,442520,5b541e0324d11bf9fcd57f460927ce474c3f3e46,16,0.002424242440611124,Oblivion,Criminal,Lost Dog Street Band,Exitmusic,2013,2018,country,pop
254135,b778fd3ba61b7a7c18b5153a873a5c671e9a2c88,287242,d87cf9222d7cd4104f32fe34b4108167251e23dc,17,0.0014285714132711291,Oblivion,Emily,Lost Dog Street Band,Tourist,2013,2019,country,pop
254135,b778fd3ba61b7a7c18b5153a873a5c671e9a2c88,180497,c9d7dd9e2c08f71bea7e369bb5fa85dd15108505,18,0.0012698412174358964,Oblivion,Lift Thine Eyes Elijah,Lost Dog Street Band,Priests,2013,2015,country,pop
254135,b778fd3ba61b7a7c18b5153a873a5c671e9a2c88,401797,7d23a1f822eb7080e5731b4c4c1b5fea007e2799,19,0.001183431944809854,Oblivion,Come Down,Lost Dog Street Band,Hanni El Khatib,2013,2016,country,rock
254135,b778fd3ba61b7a7c18b5153a873a5c671e9a2c88,488977,1c62c4f5484248a3bf170f10b895d20993c2c778,20,0.0021621622145175934,Oblivion,Light It Up,Lost Dog Street Band,Eleni Foureira,2013,2020,country,pop
380363,a8f7e9d9d3486eadb788fdcc24baa4f4ab5f61f8,407485,ca6c392f6a2ca6b31dba155a1fac19002f67a0a9,1,0.016026625409722328,Officer Norris,Rastaman Wheel Out,Blaze Foley,Chronixx,1999,2014,country,pop
380363,a8f7e9d9d3486eadb788fdcc24baa4f4ab5f61f8,491252,2f0dc1c376f696336d205c4ae834280cb7de9c6b,2,0.0012383901048451662,Officer Norris,Billion Dollar March Madness Bracket,Blaze Foley,Warren Buffett,1999,2014,country,misc
380363,a8f7e9d9d3486eadb788fdcc24baa4f4ab5f61f8,98382,a3da4d6d3f7f7b442d9f5ee3f63374e5634d7326,3,0.003809523768723011,Officer Norris,Know Your Rights When Taking Photos and Making Video and Audio Recordings,Blaze Foley,ACLU Pennsylvania,1999,2014,country,misc
380363,a8f7e9d9d3486eadb788fdcc24baa4f4ab5f61f8,35845,03f05962b4894bf78353a9af84fb93691757fa84,4,0.0008658008882775903,Officer Norris,Introduction Lean In,Blaze Foley,Sheryl Sandberg,1999,2012,country,misc
380363,a8f7e9d9d3486eadb788fdcc24baa4f4ab5f61f8,376627,c7229ab22f51689a142ce61f44d05e0e9fd865c5,5,0.0010695187374949455,Officer Norris,Dont Drive Drunk,Blaze Foley,Stevie Wonder,1999,1984,country,rb
380363,a8f7e9d9d3486eadb788fdcc24baa4f4ab5f61f8,480477,a5ea65d0239854d65e10feb823b54cf8ca0a4616,6,0.0017467249417677522,Officer Norris,Intro,Blaze Foley,Mozzy,1999,2017,country,misc
380363,a8f7e9d9d3486eadb788fdcc24baa4f4ab5f61f8,197621,88539c787128e2cdbec421b6abe9a81bf475d4ba,7,0.0009029345237649977,Officer Norris,College  Career Proof Of Brilliance,Blaze Foley,Mr. Varnell,1999,2013,country,misc
380363,a8f7e9d9d3486eadb788fdcc24baa4f4ab5f61f8,318231,c89de076afc3245eaf2611caeff64f3ddc974793,8,0.0020833334419876337,Officer Norris,Bike rider,Blaze Foley,Mungo's Hi Fi,1999,2014,country,pop
380363,a8f7e9d9d3486eadb788fdcc24baa4f4ab5f61f8,249682,67819b53a3278e061d45294693b1981ebad545c5,9,0.0019047618843615055,Officer Norris,Justin Biebers Arrest Report,Blaze Foley,Miami Beach Police Department,1999,2014,country,misc
380363,a8f7e9d9d3486eadb788fdcc24baa4f4ab5f61f8,462740,c1701d2921faa1f46e691ad55a0cd9044f55969d,10,0.0007130124722607434,Officer Norris,Luke 12,Blaze Foley,Holy Bible (KJV),1999,2017,country,misc
380363,a8f7e9d9d3486eadb788fdcc24baa4f4ab5f61f8,203044,fd2715e29c9cf977333f9f409a7b660df4573ab1,11,0.0006600660271942616,Officer Norris,The One Thing You Cant Replace,Blaze Foley,John Mulaney,1999,2012,country,misc
380363,a8f7e9d9d3486eadb788fdcc24baa4f4ab5f61f8,385449,d8f5cc8634c7895beea5c62714ec34f6cbc27a41,12,0.0007259527919813991,Officer Norris,RFP for Municipal Code Printing Sales Web Hosting and Editing Supplementation Services,Blaze Foley,City of Chicago,1999,2013,country,misc
380363,a8f7e9d9d3486eadb788fdcc24baa4f4ab5f61f8,298938,23dfd8861f1bf7b7be5293bb9f99ec1648b93365,13,0.0016326530603691936,Officer Norris,Fuck Everybody,Blaze Foley,Steel Panther,1999,2019,country,rock
380363,a8f7e9d9d3486eadb788fdcc24baa4f4ab5f61f8,92993,a28924d13c3b286d9d287acc0a71eb02c7109681,14,0.0009324009297415614,Officer Norris,Wengers Career Honours,Blaze Foley,Arsne Wenger,1999,2015,country,misc
380363,a8f7e9d9d3486eadb788fdcc24baa4f4ab5f61f8,435966,29c5b204094b0407fbc443f621e10245d12fa246,15,0.0009153318242169917,Officer Norris,Police Scanner Chatter April 19 2013,Blaze Foley,Boston Police Department,1999,2013,country,rap
380363,a8f7e9d9d3486eadb788fdcc24baa4f4ab5f61f8,236336,e6a33847673eb5012dc99653120befd1ca4c6cef,16,0.0023391812574118376,Officer Norris,Mastermind Unfolds Like A True Crime: The Albums Top Lyrics,Blaze Foley,Baous,1999,2014,country,misc
380363,a8f7e9d9d3486eadb788fdcc24baa4f4ab5f61f8,448776,5f1a2adbbdd0326f641691affbefba84c0fbeea7,17,0.0006269592558965087,Officer Norris,Negative Thinking,Blaze Foley,The Death Set,1999,2005,country,rock
380363,a8f7e9d9d3486eadb788fdcc24baa4f4ab5f61f8,105859,837699d3d325187d5375356ef307a0b9ffde098a,18,0.004347825888544321,Officer Norris,Transcript of George Zimmermans Call to the Police,Blaze Foley,George Zimmerman,1999,2013,country,misc
380363,a8f7e9d9d3486eadb788fdcc24baa4f4ab5f61f8,264688,fc48f0a01b30f78b29f6b3e4122e78ca0a7a6acd,19,0.0016460905317217112,Officer Norris,Drug-Stabbing Time,Blaze Foley,The Clash,1999,1978,country,rock
380363,a8f7e9d9d3486eadb788fdcc24baa4f4ab5f61f8,370532,fad855067168f6ae7f8947582257740cead38c8b,20,0.003738317871466279,Officer Norris,Siren Song,Blaze Foley,Lambia,1999,2019,country,pop
74604,37a43075decca1adc000d4acb32492fcc73bbb6b,10831,3bdd36807a190326a131b4c4cdda4a9b3020ebfa,1,0.010537958703935146,More Girls Like You,We Go High,Kip Moore,Chance the Rapper,2017,2019,country,rap
74604,37a43075decca1adc000d4acb32492fcc73bbb6b,495960,38a782b41ef7eb02e0c868821d4929047084984d,2,0.002877697814255953,More Girls Like You,Wheel,Kip Moore,Team Salvato,2017,2017,country,misc
74604,37a43075decca1adc000d4acb32492fcc73bbb6b,35148,68e05a6a36ecb85adb13395ede9322e2e1a09372,3,0.002298850566148758,More Girls Like You,Intro I Decided.,Kip Moore,Big Sean,2017,2017,country,rap
74604,37a43075decca1adc000d4acb32492fcc73bbb6b,317107,8a132a2ccb68ad145cec3591a5a1023aee07054d,4,0.003960396163165569,More Girls Like You,​zilla is okk,Kip Moore,ZillaKami,2017,2019,country,rock
74604,37a43075decca1adc000d4acb32492fcc73bbb6b,300720,15173c78ff7a2158afbb3ee3278567571deeddff,5,0.0029411765281111,More Girls Like You,Never Back,Kip Moore,Francis and the Lights,2017,2017,country,pop
74604,37a43075decca1adc000d4acb32492fcc73bbb6b,44301,2ed8c971a48ceb3ae14f3467d6c7823a7b0eb8c8,6,0.0011049723252654076,More Girls Like You,Easy Skanking,Kip Moore,Bob Marley & The Wailers,2017,1978,country,rock
74604,37a43075decca1adc000d4acb32492fcc73bbb6b,105635,4920a6d98b7ce0bebfcc23f2ce9dbbbebb88f04c,7,0.0038834952283650637,More Girls Like You,Padstows Farewell,Kip Moore,Nils Brown,2017,2014,country,country
74604,37a43075decca1adc000d4acb32492fcc73bbb6b,440246,de0929d189622c1dd6d14087f8a5956c88f06705,8,0.003809523768723011,More Girls Like You,Dont Forget To Like Share and Subscribe,Kip Moore,Crywank,2017,2017,country,pop
74604,37a43075decca1adc000d4acb32492fcc73bbb6b,32039,e2c07fa64796e6340900c938e8b179f3ecb43f7a,9,0.0007220216793939471,More Girls Like You,I Am Light,Kip Moore,India.Arie,2017,2013,country,rap
74604,37a43075decca1adc000d4acb32492fcc73bbb6b,467190,a6f09d754cd1accb05fefadd9ed3ffbab33efd3b,10,0.0010025062365457416,More Girls Like You,Karate Schnitzel,Kip Moore,Tenacious D,2017,2001,country,rock
74604,37a43075decca1adc000d4acb32492fcc73bbb6b,75427,b6e25c9840ec63165c391992bacaf06501fd55be,11,0.0009195402381010354,More Girls Like You,Legacy,Kip Moore,Rygin King,2017,2018,country,rap
74604,37a43075decca1adc000d4acb32492fcc73bbb6b,375835,2d7bd2217cb0d79c548fe08f09f50a5b09c89c47,12,0.0031250000465661287,More Girls Like You,Return of the Mac n Cheetos,Kip Moore,Burger King,2017,2017,country,rb
74604,37a43075decca1adc000d4acb32492fcc73bbb6b,123733,e9caebcf4657a7e0bbebad032ace52e86a3add9f,13,0.004166666883975267,More Girls Like You,Be Gone,Kip Moore,Brand New,2017,2009,country,rock
74604,37a43075decca1adc000d4acb32492fcc73bbb6b,253219,9d4f2b0876a9850afef36e3376119d0cb32ea8c9,14,0.004301075357943773,More Girls Like You,Listen to the Hummingbird 2019,Kip Moore,Leonard Cohen,2017,2019,country,pop
74604,37a43075decca1adc000d4acb32492fcc73bbb6b,421096,379cfdb7b714dd03dc39e90b5c72e8f7e5177683,15,0.001818181830458343,More Girls Like You,Exodus 3,Kip Moore,Holy Bible (KJV),2017,2017,country,misc
74604,37a43075decca1adc000d4acb32492fcc73bbb6b,470640,79a37c12b1331675e1a1bf80040ba86baced3679,16,0.004651162773370743,More Girls Like You,Sideways,Kip Moore,Bassnectar & Louis Futon,2017,2015,country,pop
74604,37a43075decca1adc000d4acb32492fcc73bbb6b,455115,e990c8c10f0de16999cb2927316a5a801cf680f9,17,0.0032786885276436806,More Girls Like You,I Wait,Kip Moore,Bell Witch,2017,2012,country,misc
74604,37a43075decca1adc000d4acb32492fcc73bbb6b,392511,2c857cd07773a5d395e0603697158bb7f8c43b52,18,0.0007434944272972643,More Girls Like You,Tear My House Down,Kip Moore,Chris Renzema,2017,2020,country,rock
74604,37a43075decca1adc000d4acb32492fcc73bbb6b,363289,a288581b00ef4c7467a91ab44bfa130ecc1993b8,19,0.003418803447857499,More Girls Like You,This Little Light of Mine,Kip Moore,Aretha Franklin,2017,2015,country,rb
74604,37a43075decca1adc000d4acb32492fcc73bbb6b,28451,d09493d8acf03e3d32eed607480271f521d09b75,20,0.0010610079625621438,More Girls Like You,Message to the Blackman in America Chapter 1,Kip Moore,Elijah Muhammad,2017,2012,country,misc
136040,265c3561dffb8ca1c9d85eb3a1eb19dfa1f31875,320134,b09f51a7a5ddf963657737bbc11e347b722a36c4,1,0.009677419438958168,Suck This Cock Gavin,Juicy Cock,Grant MacDonald,Minionz (rap),2015,2017,country,rb
136040,265c3561dffb8ca1c9d85eb3a1eb19dfa1f31875,317289,b35742dc5190664c34ae6fdc2b3f16a35995a3aa,2,0.004878048785030842,Suck This Cock Gavin,Chain Reaction Domino,Grant MacDonald,Don Diablo,2015,2015,country,pop
136040,265c3561dffb8ca1c9d85eb3a1eb19dfa1f31875,391954,7b5a946a8d91c27d2a8d5e90b290c5be2836701c,3,0.005063291173428297,Suck This Cock Gavin,Pressure,Grant MacDonald,Smokepurpp,2015,2019,country,rap
136040,265c3561dffb8ca1c9d85eb3a1eb19dfa1f31875,286225,ebfd4d048089f1e0612a3ade2e9fc9e4740afc63,4,0.004494382068514824,Suck This Cock Gavin,Super Starred Floatin Demo,Grant MacDonald,Kanye West,2015,2020,country,rap
136040,265c3561dffb8ca1c9d85eb3a1eb19dfa1f31875,466620,2e8fb49c04a84eea07022dd341b0e4d342aa4ebc,5,0.0006711409660056233,Suck This Cock Gavin,Fur Coat,Grant MacDonald,Lil Tracy,2015,2016,country,rap
136040,265c3561dffb8ca1c9d85eb3a1eb19dfa1f31875,327354,442514da5cdc2a1e9585f7da51dc24e7f2da4404,6,0.0062500000931322575,Suck This Cock Gavin,Bad Bitch from Tokyo Original,Grant MacDonald,Pop Smoke,2015,2020,country,rap
136040,265c3561dffb8ca1c9d85eb3a1eb19dfa1f31875,188769,42fe0a1eb3cd15d10437d23ab25d3e24c83cb895,7,0.005263158120214939,Suck This Cock Gavin,ATTENTION,Grant MacDonald,Miley Cyrus,2015,2022,country,pop
136040,265c3561dffb8ca1c9d85eb3a1eb19dfa1f31875,167437,e51060ad162d92d0c376f0eafe6feff82a48c67f,8,0.0063492064364254475,Suck This Cock Gavin,Coco Puffs,Grant MacDonald,Borgore,2015,2018,country,pop
136040,265c3561dffb8ca1c9d85eb3a1eb19dfa1f31875,439643,5177e16aa7611fad0dc9eb4101376ef2fe7e148f,9,0.004938271827995777,Suck This Cock Gavin,Bitch Im Posh,Grant MacDonald,Princess Nokia,2015,2012,country,rap
136040,265c3561dffb8ca1c9d85eb3a1eb19dfa1f31875,181632,8e96c89effec782f180fdbdedfa54a092f1672ce,10,0.005633802618831396,Suck This Cock Gavin,She Did That,Grant MacDonald,Tamar Braxton,2015,2013,country,rb
136040,265c3561dffb8ca1c9d85eb3a1eb19dfa1f31875,509831,8ddc7813ea4abca339b365c59a09396a361d19b7,11,0.005797101650387049,Suck This Cock Gavin,Dick flavored soda the Anthem,Grant MacDonald,Nigga Minaj,2015,2022,country,rap
136040,265c3561dffb8ca1c9d85eb3a1eb19dfa1f31875,362162,738b9899f70568ecdf3fdae16fffa1175a63a8af,12,0.004347825888544321,Suck This Cock Gavin,Whats That Noise?,Grant MacDonald,S.O.D.,2015,1985,country,rock
136040,265c3561dffb8ca1c9d85eb3a1eb19dfa1f31875,105270,b183aa6e80faf462a5bb875ee8e6414cb53a29d6,13,0.004761904943734407,Suck This Cock Gavin,Suck My Dick,Grant MacDonald,Horsedick.Mpeg,2015,2013,country,rap
136040,265c3561dffb8ca1c9d85eb3a1eb19dfa1f31875,339573,48c1b4525264948b51f3c08d09dcc19b291a8228,14,0.0055555556900799274,Suck This Cock Gavin,Mutilated for Sexual Purposes,Grant MacDonald,Torsofuck,2015,2004,country,rock
136040,265c3561dffb8ca1c9d85eb3a1eb19dfa1f31875,33924,14678f431ed8f89bf9551e565204d3c872079714,15,0.0009501187596470118,Suck This Cock Gavin,​untitled 07 | levitate,Grant MacDonald,Kendrick Lamar,2015,2016,country,rap
136040,265c3561dffb8ca1c9d85eb3a1eb19dfa1f31875,374094,0b1f73f469174c9e6732a3bbd90eda87558f7b4d,16,0.005970149300992489,Suck This Cock Gavin,Whered The Cheese Go?,Grant MacDonald,Ween,2015,2003,country,pop
136040,265c3561dffb8ca1c9d85eb3a1eb19dfa1f31875,344705,81131e43e6ba04b9fbf0c80d5effc1124b74500c,17,0.004705882165580988,Suck This Cock Gavin,Thanks For Nothing,Grant MacDonald,Dope,2015,2001,country,pop
136040,265c3561dffb8ca1c9d85eb3a1eb19dfa1f31875,463288,5f44ccde9e47cdb7c402692de28d46be186a340d,18,0.004444444552063942,Suck This Cock Gavin,Touché,Grant MacDonald,Stela Cole,2015,2022,country,pop
136040,265c3561dffb8ca1c9d85eb3a1eb19dfa1f31875,192700,d29bc3e589844758d3ead466e815b1005f656dd1,19,0.0010638297535479069,Suck This Cock Gavin,Wobby Woo,Grant MacDonald,Yung Turd,2015,2014,country,rap
136040,265c3561dffb8ca1c9d85eb3a1eb19dfa1f31875,285463,ff484aaa7707018568cd25ff9befd8fb0fc22e10,20,0.005479452200233936,Suck This Cock Gavin,Psychosexual,Grant MacDonald,Arca,2015,2020,country,pop
452800,f98f783b75011bbeccd55006fc31ec15106f687a,195628,25d95fd52e38194eb6bfe303128cef2af17fd79e,1,0.009677419438958168,Cadillacin,What You Know About It?,The Cadillac Three,Big K.R.I.T.,2017,2014,country,rap
452800,f98f783b75011bbeccd55006fc31ec15106f687a,333884,a6ab287f7919aadbe05d5f9ac567c079bd6633a7,2,0.0010638297535479069,Cadillacin,I Convinced You to Beat Your Wife on a Daily Basis,The Cadillac Three,AxCx,2017,1999,country,rock
452800,f98f783b75011bbeccd55006fc31ec15106f687a,323852,3360f07be7846af54cc6ddc3144545476710e02a,3,0.004938271827995777,Cadillacin,99 Bottles of Beer,The Cadillac Three,Melvins,2017,2013,country,rock
452800,f98f783b75011bbeccd55006fc31ec15106f687a,111942,960d4cf98da8843869a63e375fa51390d62e2209,4,0.0007590132881887257,Cadillacin,I Love You All Radio Mix feat. Michael Fassbender,The Cadillac Three,The Soronprfbs,2017,2014,country,rock
452800,f98f783b75011bbeccd55006fc31ec15106f687a,464237,0678a1d639ce4c249fac6af5c10e6db2b060e723,5,0.0006525285425595939,Cadillacin,​tokyo tea,The Cadillac Three,shawn wasabi,2017,2020,country,pop
452800,f98f783b75011bbeccd55006fc31ec15106f687a,269588,e02ca02032e527b663a6e88437ad057a7b14abdd,6,0.0011363636003807187,Cadillacin,Career Suicide Is Not Real Suicide,The Cadillac Three,Woods of Ypres,2017,2012,country,rock
452800,f98f783b75011bbeccd55006fc31ec15106f687a,296026,81af1df7c24ac2293fbd49b08c398627c90d8c69,7,0.0018691589357331395,Cadillacin,AC/DC CD,The Cadillac Three,The Chats,2017,2020,country,rock
452800,f98f783b75011bbeccd55006fc31ec15106f687a,55360,d98f3fd90db9c3911b87843f7b05f210da1e995b,8,0.004878048785030842,Cadillacin,Working Man,The Cadillac Three,Rush,2017,1974,country,rock
452800,f98f783b75011bbeccd55006fc31ec15106f687a,338945,d02363241edb4233b974cd133fcb5e8349eb5698,9,0.000821355264633894,Cadillacin,Dinner Bell,The Cadillac Three,They Might Be Giants,2017,1992,country,rock
452800,f98f783b75011bbeccd55006fc31ec15106f687a,183887,1a486290254065dab8dc08c478fd59d393829020,10,0.0009090909152291715,Cadillacin,Untitled 3,The Cadillac Three,I Wrote Haikus About Cannibalism In Your Yearbook,2017,2010,country,rock
452800,f98f783b75011bbeccd55006fc31ec15106f687a,85678,ebab312cdf36bfc32ae1a18eed10512c8fe8404a,11,0.0006462035817094147,Cadillacin,123 dayz up,The Cadillac Three,Kim Petras,2017,2019,country,pop
452800,f98f783b75011bbeccd55006fc31ec15106f687a,83152,e72d7b6f7e104512016cca3f69422bea4c03ba11,12,0.002209944650530815,Cadillacin,We Do The Stonecutters Song,The Cadillac Three,The Simpsons,2017,1997,country,misc
452800,f98f783b75011bbeccd55006fc31ec15106f687a,77256,afc1434b041f18566e2339ae76fff04b899a1d6a,13,0.0023809524718672037,Cadillacin,All Alone,The Cadillac Three,Acid Ghost,2017,2015,country,rock
452800,f98f783b75011bbeccd55006fc31ec15106f687a,412627,aafd546250d97b7d9acceda20ddb720108abc2b4,14,0.0036697247996926308,Cadillacin,I like the things you say,The Cadillac Three,Junkie,2017,2016,country,rock
452800,f98f783b75011bbeccd55006fc31ec15106f687a,48064,c7c46873e9adbe13651166854273c9bcfb21600d,15,0.0006589785916730762,Cadillacin,Sexy Chick,The Cadillac Three,David Guetta,2017,2009,country,pop
452800,f98f783b75011bbeccd55006fc31ec15106f687a,376101,92d7808c69fe76c9ae174886f8c067cc1c978c25,16,0.002739726100116968,Cadillacin,Buy That Man a Beer,The Cadillac Three,Jon Pardi,2017,2019,country,country
452800,f98f783b75011bbeccd55006fc31ec15106f687a,286849,1b27d2ea9a6f88f4334f55b51efdee067447cd6a,17,0.0016736402176320553,Cadillacin,Double-Tap Rootbeer,The Cadillac Three,Jack Wall,2017,2015,country,pop
452800,f98f783b75011bbeccd55006fc31ec15106f687a,341314,0ebd5a3be571a3a46d9403df3f54f84166b2aa49,18,0.001005025114864111,Cadillacin,Suicide on the Train,The Cadillac Three,WPK,2017,2019,country,rap
452800,f98f783b75011bbeccd55006fc31ec15106f687a,177674,ae2e8ea71f2c92e9e0b73f09a94bccf1efca8485,19,0.0008695652359165251,Cadillacin,Got You,The Cadillac Three,Amyl and the Sniffers,2017,2019,country,rock
452800,f98f783b75011bbeccd55006fc31ec15106f687a,488621,9f1efa4a2a4dc7cab680bc162b66ac9d2633f85d,20,0.0027027027681469917,Cadillacin,Intro to Warm Beer and Cold Women,The Cadillac Three,Tom Waits,2017,1975,country,pop
391688,77f283fa78ac60923e0ba30a2e628c651f31bb04,203171,beea742c5ff2eff0e972db08c6f9398f7073d4e7,1,0.009677419438958168,A Day for the Cat in the Hat,Your Day,Stephen Flaherty,Dave Malloy,2001,2016,misc,pop
391688,77f283fa78ac60923e0ba30a2e628c651f31bb04,214291,acced5953b07a773a46fec3f765c06b87e81fd66,2,0.0007168458541855216,A Day for the Cat in the Hat,Boring,Stephen Flaherty,Lil Mariko,2001,2021,misc,pop
391688,77f283fa78ac60923e0ba30a2e628c651f31bb04,491024,6b6395cb898e1aa9fc0f5347eeb0a581967f00c6,3,0.0006700167432427406,A Day for the Cat in the Hat,Never Land,Stephen Flaherty,Bliss n Eso,2001,2010,misc,rap
391688,77f283fa78ac60923e0ba30a2e628c651f31bb04,418094,860494d34290aca3216b24179270dcba3aa433d1,4,0.0007604562561027706,A Day for the Cat in the Hat,Interstellar,Stephen Flaherty,Excision & Dion Timmer,2001,2015,misc,pop
391688,77f283fa78ac60923e0ba30a2e628c651f31bb04,255097,74271ece229ea1a2468dbfe59a584f0bed6763f5,5,0.0006420545978471637,A Day for the Cat in the Hat,Waking Bliss,Stephen Flaherty,Flight Facilities,2001,2014,misc,pop
391688,77f283fa78ac60923e0ba30a2e628c651f31bb04,470894,1fd994b0db7f5e049c11b0ae6c7fef599566eb56,6,0.000856531027238816,A Day for the Cat in the Hat,Ill Be By Your Side,Stephen Flaherty,Cathy Heller,2001,2014,misc,pop
391688,77f283fa78ac60923e0ba30a2e628c651f31bb04,345863,74a2568cb48f7532676ade610e2ba90f85dc7890,7,0.0011695906287059188,A Day for the Cat in the Hat,Your Young Voice,Stephen Flaherty,Jonny Muir,2001,2021,misc,country
391688,77f283fa78ac60923e0ba30a2e628c651f31bb04,120523,3aa9a45d747a70ea7279d41a96e321227374044b,8,0.0008403361425735056,A Day for the Cat in the Hat,​gray,Stephen Flaherty,slenderbodies,2001,2016,misc,pop
391688,77f283fa78ac60923e0ba30a2e628c651f31bb04,182226,52ef2af616afa37595b406c2bbfefef723a5cce1,9,0.003100775182247162,A Day for the Cat in the Hat,Rainy Days,Stephen Flaherty,Lucky3rd,2001,2018,misc,rap
391688,77f283fa78ac60923e0ba30a2e628c651f31bb04,162683,2c592231baae03c3992b70ddf06f07370f75ab20,10,0.001550387591123581,A Day for the Cat in the Hat,Head South,Stephen Flaherty,Modest Mouse,2001,1996,misc,rock
391688,77f283fa78ac60923e0ba30a2e628c651f31bb04,399162,9e1d7ac3c2b69d9312f206b844b8522115dffeed,11,0.0019801980815827847,A Day for the Cat in the Hat,People Move Along,Stephen Flaherty,Pipe-eye,2001,2015,misc,rock
391688,77f283fa78ac60923e0ba30a2e628c651f31bb04,80932,19aca606a1ffbc8b993da6a5940d28490157206e,12,0.0008438818622380495,A Day for the Cat in the Hat,Ibiza,Stephen Flaherty,The Prodigy,2001,2015,misc,pop
391688,77f283fa78ac60923e0ba30a2e628c651f31bb04,477489,9183aa3b9beb8a92fd9ac82446d8be67ffeafa4a,13,0.0017467249417677522,A Day for the Cat in the Hat,Rainwater,Stephen Flaherty,Lemon Demon,2001,2005,misc,pop
391688,77f283fa78ac60923e0ba30a2e628c651f31bb04,257956,3db1aa24b253c8375e0dc14eeeb2375251c4faa1,14,0.002139037474989891,A Day for the Cat in the Hat,P110 - Aystar OhNoFreestyle,Stephen Flaherty,Aystar,2001,2015,misc,rap
391688,77f283fa78ac60923e0ba30a2e628c651f31bb04,270897,4c6eae8382a44eae5b5a9e8929513f708ad9c6d2,15,0.003225806402042508,A Day for the Cat in the Hat,Avocado Toast,Stephen Flaherty,Sexy Pigeon,2001,2020,misc,rock
391688,77f283fa78ac60923e0ba30a2e628c651f31bb04,498320,62be313a78bb8e103e247882081f5fe27e3b258c,16,0.000665557396132499,A Day for the Cat in the Hat,Go Tell Aunt Rhody,Stephen Flaherty,Woody Guthrie,2001,1999,misc,pop
391688,77f283fa78ac60923e0ba30a2e628c651f31bb04,415637,b4422da98d717041a8490d2358d862a28ba48a23,17,0.0008281573536805809,A Day for the Cat in the Hat,Forever Drunk,Stephen Flaherty,Russian Village Boys,2001,2020,misc,pop
391688,77f283fa78ac60923e0ba30a2e628c651f31bb04,198768,a3bb7258fc7c3695f7d884917dbdc5355231f7cb,18,0.0060606058686971664,A Day for the Cat in the Hat,Buick Mackane / Big Dumb Sex,Stephen Flaherty,Guns N' Roses,2001,1993,misc,rock
391688,77f283fa78ac60923e0ba30a2e628c651f31bb04,152128,23ddb39d8a3c5cbd57f41d00129b020035bf0c68,19,0.0063492064364254475,A Day for the Cat in the Hat,Still Raining Still Dreaming,Stephen Flaherty,The Jimi Hendrix Experience,2001,1968,misc,rock
391688,77f283fa78ac60923e0ba30a2e628c651f31bb04,89191,a0c63b3531743ced74d4e86eb691930a068b786d,20,0.002116402145475149,A Day for the Cat in the Hat,Bananas And Blow,Stephen Flaherty,Ween,2001,2000,misc,rock
202729,2fb162779e1c68875a1406c2f288d0ef32430a60,59380,f4b0f2b27cb0eb1f8c20946134de6004fa07db92,1,0.010483871214091778,Eye of the Storm,Prince of Peace,Ryan Stevenson,Hillsong UNITED,2015,2015,misc,pop
202729,2fb162779e1c68875a1406c2f288d0ef32430a60,494296,681a0dffc6cd2f9cec4992377e76138b2e996f35,2,0.0011142061557620764,Eye of the Storm,Where Did My Snowman Go,Ryan Stevenson,Petula Clark,2015,2015,misc,pop
202729,2fb162779e1c68875a1406c2f288d0ef32430a60,17684,261d33267108f8c125924b45cdb91accce78f6fd,3,0.0016393442638218403,Eye of the Storm,Slip,Ryan Stevenson,Elliot Moss,2015,2013,misc,pop
202729,2fb162779e1c68875a1406c2f288d0ef32430a60,6097,cd97e9ee2d2ae61a8d126052758ed591f3da1214,4,0.0007017544121481478,Eye of the Storm,Cotton Eye Joe,Ryan Stevenson,Rednex,2015,1994,misc,country
202729,2fb162779e1c68875a1406c2f288d0ef32430a60,410171,b8f86d0368b864f0e926693e5e28dd2d76c00b81,5,0.0054054055362939835,Eye of the Storm,Uncloudy Day,Ryan Stevenson,The Staple Singers,2015,1966,misc,pop
202729,2fb162779e1c68875a1406c2f288d0ef32430a60,336298,cb5384c9af0009ea519bd2f9dc4d0cb1ecac90b8,6,0.005479452200233936,Eye of the Storm,Acid Food,Ryan Stevenson,Mogwai,2015,2006,misc,rock
202729,2fb162779e1c68875a1406c2f288d0ef32430a60,134456,188710f6719ef0a83435e5ec4d518db5a6958b73,7,0.0009195402381010354,Eye of the Storm,Hole in the Roof,Ryan Stevenson,AronChupa & Little Sis Nora,2015,2019,misc,pop
202729,2fb162779e1c68875a1406c2f288d0ef32430a60,185647,c642f2c40b3431306685f4ed3ac0a75399035e3c,8,0.0055555556900799274,Eye of the Storm,Silence,Ryan Stevenson,Don Diablo,2015,2016,misc,pop
202729,2fb162779e1c68875a1406c2f288d0ef32430a60,116781,c51cb0feee9f8400ace85c02dd3018379d776e9f,9,0.0015686274273321033,Eye of the Storm,The Ellan Vannin Tragedy,Ryan Stevenson,Richard Hawley,2015,2010,misc,country
202729,2fb162779e1c68875a1406c2f288d0ef32430a60,232188,210b0f3149ee81d1d23faa46c1df01bcce661c7f,10,0.005333333276212215,Eye of the Storm,Drift Away,Ryan Stevenson,Liz Vice,2015,2018,misc,rb
202729,2fb162779e1c68875a1406c2f288d0ef32430a60,161608,cfe603f110f4c60a4c27e90f0ca4e212546daaf3,11,0.0017467249417677522,Eye of the Storm,Anywhere but Here,Ryan Stevenson,Five Finger Death Punch,2015,2013,misc,rock
202729,2fb162779e1c68875a1406c2f288d0ef32430a60,293485,a1a2e7b250c186c393cad21e0b29484baf6813d4,12,0.0006441223667934537,Eye of the Storm,Crooked Shadows,Ryan Stevenson,Dashboard Confessional,2015,2018,misc,rock
202729,2fb162779e1c68875a1406c2f288d0ef32430a60,384311,22266f7d079ccb03125329f1fe0df79042aa85b9,13,0.0006462035817094147,Eye of the Storm,To Enter Your Mountain,Ryan Stevenson,Bathory,2015,1991,misc,rock
202729,2fb162779e1c68875a1406c2f288d0ef32430a60,110938,64b13eeae013293f5c25a8e45c99ce8cd2b1101d,14,0.0008849557489156723,Eye of the Storm,Stormalong John,Ryan Stevenson,Assassin's Creed Sea Shanties,2015,2016,misc,country
202729,2fb162779e1c68875a1406c2f288d0ef32430a60,339302,d453c2bacc1a33d209535de17ef9e0e12d265011,15,0.0007827788940630853,Eye of the Storm,Ignition,Ryan Stevenson,TobyMac,2015,2007,misc,rock
202729,2fb162779e1c68875a1406c2f288d0ef32430a60,353343,397d6a42df5dc715baea9ec99868debcb95f33fe,16,0.0008247422520071268,Eye of the Storm,Gathering of Ancient Tribes,Ryan Stevenson,Goat,2015,2014,misc,rock
202729,2fb162779e1c68875a1406c2f288d0ef32430a60,111310,db8c134fd87e86cd325d38a160b743ba7d1ed556,17,0.000736648275051266,Eye of the Storm,The World It Softly Lulls,Ryan Stevenson,Hiatus Kaiyote,2015,2012,misc,pop
202729,2fb162779e1c68875a1406c2f288d0ef32430a60,483012,c3be3b19f775e9b695b412948548b12a563f3e2f,18,0.0017937219236046076,Eye of the Storm,Hosanna,Ryan Stevenson,Harry Belafonte,2015,1956,misc,pop
202729,2fb162779e1c68875a1406c2f288d0ef32430a60,379087,86bad4986cca29f736cc6887f3f5d38f77990771,19,0.0012499999720603228,Eye of the Storm,ANNIVERSARY,Ryan Stevenson,Duran Duran,2015,2021,misc,pop
202729,2fb162779e1c68875a1406c2f288d0ef32430a60,83257,3f55fffd883f39b38d1cedb27562f2670e3e2d45,20,0.0019607844296842813,Eye of the Storm,In This River,Ryan Stevenson,Black Label Society,2015,2005,misc,rock
187593,c1df923203536a0833ee57775996ec70c298584f,402019,a17a57a71f99fed99bfaeb694ea97f11300f1bf2,1,0.009677419438958168,Chill Out,The Ultimate Vacation,Naman,Chamillionaire,2015,2007,misc,rap
187593,c1df923203536a0833ee57775996ec70c298584f,385449,d8f5cc8634c7895beea5c62714ec34f6cbc27a41,2,0.0011695906287059188,Chill Out,RFP for Municipal Code Printing Sales Web Hosting and Editing Supplementation Services,Naman,City of Chicago,2015,2013,misc,misc
187593,c1df923203536a0833ee57775996ec70c298584f,191466,61daf78e4dbe88f4f946a0aa8a9b012bb25bbef3,3,0.0022346368059515953,Chill Out,Song Annotation Assignment,Naman,Dr. Daniel Gerling,2015,2013,misc,misc
187593,c1df923203536a0833ee57775996ec70c298584f,161744,7de12173aa42547f1262701ecf5eef0e5ab9abd1,4,0.004545454401522875,Chill Out,Intro,Naman,Drake,2015,2007,misc,rap
187593,c1df923203536a0833ee57775996ec70c298584f,180068,4eab2d8325df4cd95cf8ef03fc78caa5addcf4d0,5,0.000684931525029242,Chill Out,The Abduction of Margaret,Naman,The Decemberists,2015,2009,misc,rock
187593,c1df923203536a0833ee57775996ec70c298584f,319086,0e00a68ee2bab6b0f019d041e797f8530a8fddce,6,0.0009070294909179211,Chill Out,Internet at NPR,Naman,NPR,2015,2014,misc,misc
187593,c1df923203536a0833ee57775996ec70c298584f,493776,7d94bf064d3a1748fb666c236ce0caccb9ef81b1,7,0.004347825888544321,Chill Out,Lottery Interlude,Naman,Lottery Billz,2015,2020,misc,rap
187593,c1df923203536a0833ee57775996ec70c298584f,152311,ae31d065d29de674bc7dabdca5e3d0ba7bfa9193,8,0.0031746032182127237,Chill Out,Thus Spoke,Naman,Silent Planet,2015,2018,misc,rock
187593,c1df923203536a0833ee57775996ec70c298584f,78199,77daec0df1d8e0b2fe12f1d1fe2d2adf7045ae44,9,0.0015748031437397003,Chill Out,Australia,Naman,Attic Abasement,2015,2010,misc,pop
187593,c1df923203536a0833ee57775996ec70c298584f,387924,ef2999c2ddcd9d728e9d7242c47b1b656d703439,10,0.0014388489071279764,Chill Out,Donald Trump Skit,Naman,Method Man,2015,1998,misc,rap
187593,c1df923203536a0833ee57775996ec70c298584f,462726,bffd9264a5e973a605b3bac4b995177e425ae209,11,0.0028368793427944183,Chill Out,Mid-term Lit Terms,Naman,Mr. Briggs,2015,2013,misc,misc
187593,c1df923203536a0833ee57775996ec70c298584f,181838,8479de397055bd0a066821ca61841b2018854f5b,12,0.00148148147854954,Chill Out,Myrtle Beach,Naman,Sunny Ledfurd,2015,2007,misc,country
187593,c1df923203536a0833ee57775996ec70c298584f,451806,ba5157427f55dc3c9a1f4d385b7162ef653f024c,13,0.0031250000465661287,Chill Out,Wild One,Naman,Colleen Green,2015,2015,misc,rock
187593,c1df923203536a0833ee57775996ec70c298584f,323845,475080201742600b589471e5150852b92975cd96,14,0.0007448789547197521,Chill Out,Heatwave,Naman,MELVV,2015,2018,misc,pop
187593,c1df923203536a0833ee57775996ec70c298584f,328128,f6fd075729cf47fe4ddaaef6934525209ad2b061,15,0.0006814310327172279,Chill Out,Endicott,Naman,Kid Creole and The Coconuts,2015,1985,misc,pop
187593,c1df923203536a0833ee57775996ec70c298584f,430875,2bee8528860d13b486a5eb9d36f31ebd0c4b3b18,16,0.0006249999860301614,Chill Out,Strange Timez Robert Smith AURORA Remix,Naman,Gorillaz,2015,2020,misc,pop
187593,c1df923203536a0833ee57775996ec70c298584f,224718,8398ee5e4c6f89ea240ec2bb4d648f80fdcf8bb6,17,0.0020833334419876337,Chill Out,Terrible Angels,Naman,CocoRosie,2015,2004,misc,pop
187593,c1df923203536a0833ee57775996ec70c298584f,333556,565bae8de9d94c8fd18932bb2e6d426eb97e9663,18,0.0034782609436661005,Chill Out,Verizon to Acquire AOL: Official CEO Statements,Naman,Lowell McAdam and Tim Armstrong,2015,2015,misc,misc
187593,c1df923203536a0833ee57775996ec70c298584f,348826,6fd67c0a207ce861cb624ee4f40a90a60e04dd88,19,0.004040404222905636,Chill Out,The Art of Self Destruction Part One,Naman,Nine Inch Nails,2015,1995,misc,rock
187593,c1df923203536a0833ee57775996ec70c298584f,152602,f5a3bdc8efd6dbe77040a57d3f5d7c456aeddbce,20,0.0014652014942839742,Chill Out,A Boy And A Girl,Naman,Eric Whitacre,2015,2010,misc,pop
323949,b675123bacb1fea38c607285fabf1d6958f5c64b,389734,3d533fe0c6eea7d6a9904b0517bb0d56b0a22982,1,0.014343086630105972,The Godfather 2 Scene 2,The Godfather 2 Scene 1,The Godfather (Film),The Godfather (Film),1974,1974,misc,misc
323949,b675123bacb1fea38c607285fabf1d6958f5c64b,307940,d9a413bf9d8ef38bac0a10f92dc1cb8f217e4936,2,0.0006525285425595939,The Godfather 2 Scene 2,Blue Shift,The Godfather (Film),Lemaitre,1974,2010,misc,pop
323949,b675123bacb1fea38c607285fabf1d6958f5c64b,107049,ff8121389b19d91b50e66bd2646d8a95a3ade0bb,3,0.0008771930006332695,The Godfather 2 Scene 2,Hoes On My Dick,The Godfather (Film),Kreayshawn,1974,2011,misc,rap
323949,b675123bacb1fea38c607285fabf1d6958f5c64b,365883,a2e9ce9f1c40af1720cac036b6c32946a4c6c5bd,4,0.0006504065240733325,The Godfather 2 Scene 2,A Days Routine Interlude,The Godfather (Film),Xavier Wulf,1974,2018,misc,rap
323949,b675123bacb1fea38c607285fabf1d6958f5c64b,457681,b599fe5d438c5cd2eca8e15523fa17bc6d1fa936,5,0.0016460905317217112,The Godfather 2 Scene 2,Long Year,The Godfather (Film),AUDREY NUNA,1974,2021,misc,rb
323949,b675123bacb1fea38c607285fabf1d6958f5c64b,442182,76465776a5bd96323cdcc55819c69a0b7b61657a,6,0.0009501187596470118,The Godfather 2 Scene 2,Drake  DJ Semtex Interview,The Godfather (Film),Drake,1974,2017,misc,rap
323949,b675123bacb1fea38c607285fabf1d6958f5c64b,406510,3e0cdbe3e1f70e0ab9bced2b56ac9de048a2aff6,7,0.0006734006456099451,The Godfather 2 Scene 2,To The Club,The Godfather (Film),Spankox,1974,2015,misc,pop
323949,b675123bacb1fea38c607285fabf1d6958f5c64b,318012,10fcc4216d5f9b3a4a99c7be056f06dc50360089,8,0.00162601622287184,The Godfather 2 Scene 2,Our New World,The Godfather (Film),Dream Theater,1974,2016,misc,rock
323949,b675123bacb1fea38c607285fabf1d6958f5c64b,209549,f001cbcc16a582e6cdc181fcef4b26d634af9830,9,0.0006791171617805958,The Godfather 2 Scene 2,Auld Lang Syne,The Godfather (Film),Pentatonix,1974,2020,misc,pop
323949,b675123bacb1fea38c607285fabf1d6958f5c64b,382188,8bc6edf1084bca78fe5b3d23aee969d96a2d3a7c,10,0.0006578947650268674,The Godfather 2 Scene 2,My Friend,The Godfather (Film),EDX,1974,2016,misc,pop
323949,b675123bacb1fea38c607285fabf1d6958f5c64b,333873,c59e63ce23bc8fc9897a0053c7716fe764a1074b,11,0.0016064257360994816,The Godfather 2 Scene 2,III. The Callifax Collection Company,The Godfather (Film),BecauseThe.Com,1974,2013,misc,rap
323949,b675123bacb1fea38c607285fabf1d6958f5c64b,387724,4677c54700a19fffd6dc1dc1dee3116578c83af5,12,0.0018518518190830946,The Godfather 2 Scene 2,Girls,The Godfather (Film),Lena Dunham,1974,2013,misc,misc
323949,b675123bacb1fea38c607285fabf1d6958f5c64b,156817,4dc59334c1a0cb0f59022038760fb0ad9a62297d,13,0.001476014731451869,The Godfather 2 Scene 2,I Didnt Mean to Turn You On,The Godfather (Film),Cherrelle,1974,1984,misc,rb
323949,b675123bacb1fea38c607285fabf1d6958f5c64b,312821,7c8a34384a4492c82220fb246bbb26ca16d83bec,14,0.004395604599267244,The Godfather 2 Scene 2,The Bowling Song,The Godfather (Film),Raffi,1974,1985,misc,pop
323949,b675123bacb1fea38c607285fabf1d6958f5c64b,469924,b7d02fc9f38996f844fadba2f5df733c62988cb8,15,0.001176470541395247,The Godfather 2 Scene 2,World Without End,The Godfather (Film),Laurie Anderson,1974,1994,misc,pop
323949,b675123bacb1fea38c607285fabf1d6958f5c64b,108902,004cc57862cf8d940f0395546d00b59867af08f9,16,0.0028368793427944183,The Godfather 2 Scene 2,Sally Brown,The Godfather (Film),The Dreadnoughts,1974,2010,misc,pop
323949,b675123bacb1fea38c607285fabf1d6958f5c64b,339574,5f56bc354c63c6eaeaac1edee819fabdfbc113ca,17,0.004347825888544321,The Godfather 2 Scene 2,Thirsty,The Godfather (Film),Marvin Sapp,1974,2007,misc,pop
323949,b675123bacb1fea38c607285fabf1d6958f5c64b,277018,e669cdcc1ca10eaba1babe6af82db03d3e694268,18,0.0006711409660056233,The Godfather 2 Scene 2,This Old Man,The Godfather (Film),Raffi,1974,1980,misc,pop
323949,b675123bacb1fea38c607285fabf1d6958f5c64b,393324,c9e7a14451230f057d3d304462ab69ad6df49a42,19,0.005633802618831396,The Godfather 2 Scene 2,The Young Lutherans Guide to the Orchestra,The Godfather (Film),Garrison Keillor,1974,1992,misc,country
323949,b675123bacb1fea38c607285fabf1d6958f5c64b,434414,b1e73b13d665e02958654cdba7082d2f43388098,20,0.0006441223667934537,The Godfather 2 Scene 2,The Last Stop Reprise,The Godfather (Film),Dave Matthews Band,1974,1998,misc,rock
413204,5619d8dad88f076287e3eca7ba0e16ec2d77be8b,455858,2d3152fe6aafa7b98ffac79b0b87d7b0cd65357b,1,0.009677419438958168,My Five Year Plan,The Plan,Listener,A-1 (Rap),2009,2015,misc,rap
413204,5619d8dad88f076287e3eca7ba0e16ec2d77be8b,139006,58b610a61554d92a80ee0df8e8d4d40fcb7678cc,2,0.0027027027681469917,My Five Year Plan,Dreamcast,Listener,Blank Banshee,2009,2012,misc,misc
413204,5619d8dad88f076287e3eca7ba0e16ec2d77be8b,140011,cc1f7b7189d20f284274a37dd274b6da372b1efc,3,0.0015873016091063619,My Five Year Plan,Pianist Hands,Listener,Drake,2009,2006,misc,rap
413204,5619d8dad88f076287e3eca7ba0e16ec2d77be8b,445200,15166b6dc69d38982f6f6c11d5ab9a69f1f5160e,4,0.0011799409985542297,My Five Year Plan,Untitled,Listener,Type O Negative,2009,1996,misc,rock
413204,5619d8dad88f076287e3eca7ba0e16ec2d77be8b,141672,5d562bdb7fb06f2e35bd15f68a62855b819f33a6,5,0.0008281573536805809,My Five Year Plan,Ornament,Listener,Crystal Castles,2009,2016,misc,rock
413204,5619d8dad88f076287e3eca7ba0e16ec2d77be8b,390584,be1ed9ac956732fe59d84d3abf4913408375cabd,6,0.003846153849735856,My Five Year Plan,Driving Along,Listener,Harry Nilsson,2009,1971,misc,pop
413204,5619d8dad88f076287e3eca7ba0e16ec2d77be8b,244826,6dc513098853189b2915add61019a8ada3301a42,7,0.0008771930006332695,My Five Year Plan,Butter Dog,Listener,Lil Eli Norf,2009,2020,misc,rap
413204,5619d8dad88f076287e3eca7ba0e16ec2d77be8b,282995,d6571e22a53a0cbc9d7284e1ba7380056b52a99e,8,0.0038834952283650637,My Five Year Plan,Brian Song Monty Python Sings,Listener,Monty Python,2009,1989,misc,pop
413204,5619d8dad88f076287e3eca7ba0e16ec2d77be8b,447303,c5948d4f7c41cd0d101ef1e282b29727e59b40fc,9,0.0007207207381725311,My Five Year Plan,Daniel 2 NRSV,Listener,New Testament,2009,2013,misc,misc
413204,5619d8dad88f076287e3eca7ba0e16ec2d77be8b,403122,acf0350768fdc343e07b1ac0eb9ac6b1e3444072,10,0.0008421052480116487,My Five Year Plan,Iron Fields,Listener,Triarii,2009,2011,misc,pop
413204,5619d8dad88f076287e3eca7ba0e16ec2d77be8b,324236,80640826a1c9a49948c359711d9b8c1be47996e3,11,0.0008492568740621209,My Five Year Plan,Cruisin,Listener,Michael Nesmith,2009,1979,misc,pop
413204,5619d8dad88f076287e3eca7ba0e16ec2d77be8b,310921,c3add73b71ec9c581b8853c8b791e1f14f0cc897,12,0.0026315790601074696,My Five Year Plan,Bossy,Listener,Iambadkidmaceii,2009,2020,misc,rap
413204,5619d8dad88f076287e3eca7ba0e16ec2d77be8b,354609,0e44c46a703ade7b10791393acf0362e6bfcac8f,13,0.0016597510548308492,My Five Year Plan,Oranges Grow on Trees,Listener,Blue's Clues,2009,2001,misc,rock
413204,5619d8dad88f076287e3eca7ba0e16ec2d77be8b,15290,ca1e162ac2c49b377d8a52d9ae284a6ff489c5bd,14,0.003960396163165569,My Five Year Plan,Reading Rainbow Theme Song,Listener,Chaka Khan,2009,1983,misc,misc
413204,5619d8dad88f076287e3eca7ba0e16ec2d77be8b,409575,7d5d232d80f077e0b7e90d95d6d88ac6e6454c7f,15,0.0006299212691374123,My Five Year Plan,Rhode Island Is Famous For You,Listener,Blossom Dearie,2009,2003,misc,pop
413204,5619d8dad88f076287e3eca7ba0e16ec2d77be8b,373746,36df044b954f2de9f0e53635ea3015fd134e726e,16,0.0009259259095415473,My Five Year Plan,The Bluebells of Scotland,Listener,The Corries,2009,1972,misc,pop
413204,5619d8dad88f076287e3eca7ba0e16ec2d77be8b,481962,41df767fd9ba442d581c775950ffa25e54e8dbe7,17,0.000638977624475956,My Five Year Plan,Thick Skin,Listener,Limp Wrist,2009,2017,misc,rock
413204,5619d8dad88f076287e3eca7ba0e16ec2d77be8b,303034,07d7d580e5d06840a5718818acf3504d786bae27,18,0.002739726100116968,My Five Year Plan,Kids Prelude,Listener,The Midnight,2009,2018,misc,pop
413204,5619d8dad88f076287e3eca7ba0e16ec2d77be8b,199150,df90776b418280b5f8d86fb5c4ae9b694779e58b,19,0.0007029877160675824,My Five Year Plan,You Can’t Judge a Book by Looking at the Cover,Listener,Bo Diddley,2009,1962,misc,rock
413204,5619d8dad88f076287e3eca7ba0e16ec2d77be8b,199172,96937d9a46ac76ab14f248155e6385da466fc57b,20,0.0011204482289031148,My Five Year Plan,Obey The Beard,Listener,Psychostick,2009,2014,misc,rock
98486,48bd22d62233b8e0ee5396c3aaa4d7f4b721b527,147094,3dea8438f005845f89634f02f5ee0755b6074141,1,0.016129031777381897,Grendel Chapter 1,Grendel Chapter 2,John Gardner,John Gardner,2014,2014,misc,misc
98486,48bd22d62233b8e0ee5396c3aaa4d7f4b721b527,463253,25c8d02a1d1cfe02c15b92180591e1e5e1d1d92f,2,0.0007272727089002728,Grendel Chapter 1,Mayday,John Gardner,PhaseOne & Modestep,2014,2019,misc,rock
98486,48bd22d62233b8e0ee5396c3aaa4d7f4b721b527,84428,99e85fce78ff73441a64dc2d042d67c8ec6c236c,3,0.003508772002533078,Grendel Chapter 1,Ram On,John Gardner,Paul McCartney,2014,1971,misc,rock
98486,48bd22d62233b8e0ee5396c3aaa4d7f4b721b527,143383,135d802ff5b431b936710b2432ee93ad0da11b7a,4,0.0006677796482108533,Grendel Chapter 1,Drink That Cum,John Gardner,Grant MacDonald,2014,2013,misc,country
98486,48bd22d62233b8e0ee5396c3aaa4d7f4b721b527,155514,8f06be48d387780dddee273534085283776f39c6,5,0.0006568144308403134,Grendel Chapter 1,SCP Series,John Gardner,The SCP Foundation,2014,2010,misc,misc
98486,48bd22d62233b8e0ee5396c3aaa4d7f4b721b527,206998,884c8789f0c28fe28b11b89dbcd2ac22e7cf7d9c,6,0.0006163328071124852,Grendel Chapter 1,A logarithmic timeline of the universe,John Gardner,RobotWisdom,2014,2003,misc,misc
98486,48bd22d62233b8e0ee5396c3aaa4d7f4b721b527,207520,b3fec794f73cce031e31d22d8f7fb0cd5ff74185,7,0.0007561436505056918,Grendel Chapter 1,Chasing The Wild,John Gardner,Hippie Sabotage,2014,2017,misc,pop
98486,48bd22d62233b8e0ee5396c3aaa4d7f4b721b527,416004,8e18292601d3cddb444c584983ab2749e4dd9d9b,8,0.0010335916886106133,Grendel Chapter 1,Strong Me Strong,John Gardner,Yellowman,2014,1984,misc,pop
98486,48bd22d62233b8e0ee5396c3aaa4d7f4b721b527,97277,28d9d1de58a504d10fd5785dec0d1cc613cc39eb,9,0.004938271827995777,Grendel Chapter 1,Reggae,John Gardner,black midi,2014,2019,misc,rock
98486,48bd22d62233b8e0ee5396c3aaa4d7f4b721b527,173337,fb091d10a3f16ad4ab65e3c4558763a1a571dd21,10,0.0038834952283650637,Grendel Chapter 1,Misfit Lunatic,John Gardner,MISSIO,2014,2019,misc,pop
98486,48bd22d62233b8e0ee5396c3aaa4d7f4b721b527,478967,3dc0e5213f206832b0a4f2c1f313613b8d366bab,11,0.0007067137630656362,Grendel Chapter 1,Good Neck,John Gardner,Speedy Ortiz,2014,2015,misc,rock
98486,48bd22d62233b8e0ee5396c3aaa4d7f4b721b527,376202,c9c4a2ddae2c63bc3ce12cddb5941749dbb1c95f,12,0.001010101055726409,Grendel Chapter 1,No Words,John Gardner,Big Wild,2014,2019,misc,pop
98486,48bd22d62233b8e0ee5396c3aaa4d7f4b721b527,329685,dda54a8efbada83d371d015f4fbbd7483690d8ab,13,0.001123595517128706,Grendel Chapter 1,Tease Her,John Gardner,Anthony B,2014,2008,misc,pop
98486,48bd22d62233b8e0ee5396c3aaa4d7f4b721b527,314758,91f4e0fc364ba1e27c57a6ae2b22103a3210eec8,14,0.0023121386766433716,Grendel Chapter 1,Wayfaring Stranger,John Gardner,Traditional,2014,2019,misc,country
98486,48bd22d62233b8e0ee5396c3aaa4d7f4b721b527,360278,faf0174e743fa295af99557b71c0d717800e195f,15,0.000665557396132499,Grendel Chapter 1,Scared,John Gardner,Judah & the Lion,2014,2014,misc,pop
98486,48bd22d62233b8e0ee5396c3aaa4d7f4b721b527,317245,038885941e69d9d73276f7883ef8fe84c178b256,16,0.0009049773798324168,Grendel Chapter 1,Prototype,John Gardner,Septicflesh,2014,2014,misc,rock
98486,48bd22d62233b8e0ee5396c3aaa4d7f4b721b527,276765,ae2b6b47ae4d963e1edd5836e9f3e45df54a41f1,17,0.002721088472753763,Grendel Chapter 1,The Dragonet Prophecy,John Gardner,Tui T. Sutherland,2014,2013,misc,pop
98486,48bd22d62233b8e0ee5396c3aaa4d7f4b721b527,123816,88753cbd6bb453422ddb5f28c7b5aac4029898b3,18,0.0007843137136660516,Grendel Chapter 1,This House Is Not for Sale,John Gardner,Bon Jovi,2014,2016,misc,rock
98486,48bd22d62233b8e0ee5396c3aaa4d7f4b721b527,487721,88aa384468eefeafb8c122f4083e6f20480a5c45,19,0.0007504690438508987,Grendel Chapter 1,Hold Tight,John Gardner,Ch-Fu,2014,2001,misc,pop
98486,48bd22d62233b8e0ee5396c3aaa4d7f4b721b527,134843,5ef787688e12ce4145a48633e037b35bd0d8e607,20,0.004040404222905636,Grendel Chapter 1,Woke Up,John Gardner,Ramriddlz,2014,2017,misc,misc
225705,5483c402f443a81b03a748ff5103dc4386103536,389636,19ae4bdd3221b7374a290f4d77f32ce3f4da0bbd,1,0.013869382441043854,Architect of Destruction,The Playbook,How I Met Your Mother,How I Met Your Mother,2010,2009,misc,misc
225705,5483c402f443a81b03a748ff5103dc4386103536,256879,add711b0c2788901672cd6f02ad95bc115ecab40,2,0.0011869436129927635,Architect of Destruction,Two Hits And The Joint Turned,How I Met Your Mother,Yonder Mountain String Band,2010,2015,misc,pop
225705,5483c402f443a81b03a748ff5103dc4386103536,256216,5f2c28bdb12f32efd8328cb306c203229480d0d7,3,0.001398601452820003,Architect of Destruction,Fluffy,How I Met Your Mother,Ween,2010,1996,misc,country
225705,5483c402f443a81b03a748ff5103dc4386103536,224181,f49abf741a32a642a022015394212a1d7311837c,4,0.0014134275261312723,Architect of Destruction,Sleeper,How I Met Your Mother,Ty Segall,2010,2013,misc,pop
225705,5483c402f443a81b03a748ff5103dc4386103536,275403,1aab481e69301a1aba11f20f255a33fa2c46e807,5,0.0031250000465661287,Architect of Destruction,Hang On,How I Met Your Mother,Weezer,2010,2010,misc,rock
225705,5483c402f443a81b03a748ff5103dc4386103536,349520,a5adc93d038c57ca4bb92cc56a6252394c0cc78d,6,0.0008908685995265841,Architect of Destruction,Bitter Sweet,How I Met Your Mother,Bandit Gang Marco,2010,2014,misc,rap
225705,5483c402f443a81b03a748ff5103dc4386103536,107880,322b6277c56ed2dbf6f8b0807d0e3c2812ad9a24,7,0.0009216589969582856,Architect of Destruction,All of Them,How I Met Your Mother,Young Dolph,2010,2017,misc,rap
225705,5483c402f443a81b03a748ff5103dc4386103536,318174,76f4453cb22d6b54b0c4cd6c3d391059462356ce,8,0.004444444552063942,Architect of Destruction,Thats My Bae,How I Met Your Mother,Juan100,2010,2017,misc,rap
225705,5483c402f443a81b03a748ff5103dc4386103536,36808,5d281e32682a8c0fb7aa3cbc7a818368cfe10127,9,0.0011594202369451523,Architect of Destruction,Wiggle Wine,How I Met Your Mother,Donchez Dacres,2010,2018,misc,rb
225705,5483c402f443a81b03a748ff5103dc4386103536,487080,199563fa2602e4e05bf9bb8be59fdef0958236ce,10,0.0006768189487047493,Architect of Destruction,Ska ska ska,How I Met Your Mother,The Skatalites,2010,1994,misc,pop
225705,5483c402f443a81b03a748ff5103dc4386103536,112882,fbe497c9b2e0c0fd7f1dce87a3adc1076bc4beb9,11,0.0012012012302875519,Architect of Destruction,Kanye West  Taylor Swift’s ‘Famous’ Lyric Phone Conversation,How I Met Your Mother,Kanye West,2010,2016,misc,misc
225705,5483c402f443a81b03a748ff5103dc4386103536,370688,6ec44babfc52b64b3c3cb8d2fc90d36fb7209ced,12,0.003809523768723011,Architect of Destruction,Diddy Wah Diddy,How I Met Your Mother,Bo Diddley,2010,1958,misc,rock
225705,5483c402f443a81b03a748ff5103dc4386103536,427981,69dc00ad5a6ff54efc4e4071f23425acbab312cc,13,0.002797202905640006,Architect of Destruction,Come Into Knowledge,How I Met Your Mother,RAMP (USA),2010,1977,misc,pop
225705,5483c402f443a81b03a748ff5103dc4386103536,438316,6727b3ceedb0e7f06594e714c966ad98bff165a7,14,0.0007476635510101914,Architect of Destruction,Solid State Reprise,How I Met Your Mother,Jonathan Coulton,2010,2017,misc,rock
225705,5483c402f443a81b03a748ff5103dc4386103536,158419,beb412c5847845d83ff82eb59bc71ea8afc78cba,15,0.0007434944272972643,Architect of Destruction,Waterfall,How I Met Your Mother,Charli XCX,2010,2017,misc,pop
225705,5483c402f443a81b03a748ff5103dc4386103536,258908,5bbdbfa5d8e343b07bbac377da9fda7df674c235,16,0.0017467249417677522,Architect of Destruction,Racist Coffee,How I Met Your Mother,Julian Smith,2010,2010,misc,rap
225705,5483c402f443a81b03a748ff5103dc4386103536,494477,0595c843d7296935b4a3050dc37c224c25971ceb,17,0.0007339449366554618,Architect of Destruction,Against the Law,How I Met Your Mother,Kess - A.K.A - Kess the MC,2010,1997,misc,rap
225705,5483c402f443a81b03a748ff5103dc4386103536,88652,495d320f9dba77a0a20a7d671a2430699c93a67f,18,0.0006644517998211086,Architect of Destruction,Feels Right,How I Met Your Mother,Jocelyn Alice,2010,2016,misc,pop
225705,5483c402f443a81b03a748ff5103dc4386103536,8592,2cb8732e456de15be4df8fbac242a82a1f30ca17,19,0.0010416667209938169,Architect of Destruction,​in my miNd,How I Met Your Mother,Maty Noyes,2010,2016,misc,pop
225705,5483c402f443a81b03a748ff5103dc4386103536,418954,7dbd3fe03d5ca0f042e6d9706d831ae4997d5cd8,20,0.0006896551931276917,Architect of Destruction,Hot Patootie - Bless My Soul,How I Met Your Mother,Meat Loaf,2010,2015,misc,pop
251211,ff79978412924defcd7444806ff90dd7e0e59e7e,502934,4989ec719a219a6712fe7807a1f9acdc6db08699,1,0.009677419438958168,Wholl Pay Reparations on My Soul?,Mother,Gil Scott-Heron,Michael Bubl,1970,2022,misc,pop
251211,ff79978412924defcd7444806ff90dd7e0e59e7e,355460,456f58af34bcbe21659ade241104c2a789c282ed,2,0.0008247422520071268,Wholl Pay Reparations on My Soul?,When Harvard Met Suge: What do Rappers Have in Common with NYTimes Wedded Couples?,Gil Scott-Heron,ATodd,1970,2013,misc,misc
251211,ff79978412924defcd7444806ff90dd7e0e59e7e,333451,71a4f506f79d519c0d903ba97eecd0e31e7f64f0,3,0.0014184396713972092,Wholl Pay Reparations on My Soul?,Giroud 2014/15 Goals All Competitions,Gil Scott-Heron,Olivier Giroud,1970,2014,misc,misc
251211,ff79978412924defcd7444806ff90dd7e0e59e7e,215832,2c9cd01dc5b63fb5b6e0049d939b3896f2fb8462,4,0.0008948546019382775,Wholl Pay Reparations on My Soul?,Tweets About New Album and New Rules,Gil Scott-Heron,JAY-Z,1970,2013,misc,misc
251211,ff79978412924defcd7444806ff90dd7e0e59e7e,252905,528147ef7aa699a013a8a778a3ba11c528347030,5,0.0006568144308403134,Wholl Pay Reparations on My Soul?,NYTimes Op-Ed: A Plea for Caution From Russia,Gil Scott-Heron,  (Vladimir Putin),1970,2013,misc,misc
251211,ff79978412924defcd7444806ff90dd7e0e59e7e,43310,ada69fd4d927f7e80b1c6be9e58e2f83d245863f,6,0.0011799409985542297,Wholl Pay Reparations on My Soul?,Hard Work,Gil Scott-Heron,The U.S. Army Airborne,1970,2015,misc,pop
251211,ff79978412924defcd7444806ff90dd7e0e59e7e,246083,0b4ad93fccaf578addb4da7677b4a36e14073e82,7,0.0010282776784151793,Wholl Pay Reparations on My Soul?,Chicago: Gangster City The Players,Gil Scott-Heron,DJay Kennedy,1970,2015,misc,misc
251211,ff79978412924defcd7444806ff90dd7e0e59e7e,225063,e486bc06869a3d1b4d2c5a3f21e65c5ad2447000,8,0.003846153849735856,Wholl Pay Reparations on My Soul?,Run It,Gil Scott-Heron,My Morning Jacket,1970,2020,misc,rock
251211,ff79978412924defcd7444806ff90dd7e0e59e7e,408148,1596263147fbd388e5c4d7a65029199e2c85e97f,9,0.0006441223667934537,Wholl Pay Reparations on My Soul?,If Teardrops Were Pennies,Gil Scott-Heron,Porter Wagoner & Dolly Parton,1970,1973,misc,country
251211,ff79978412924defcd7444806ff90dd7e0e59e7e,177579,1adb678b344cb2b29af83323145a7fff936f131a,10,0.0008908685995265841,Wholl Pay Reparations on My Soul?,Television Rules the Nation,Gil Scott-Heron,Daft Punk,1970,2005,misc,pop
251211,ff79978412924defcd7444806ff90dd7e0e59e7e,373974,607b30c3d862bcfb4314ec6624af2b5152f138f2,11,0.0057142856530845165,Wholl Pay Reparations on My Soul?,This Time,Gil Scott-Heron,Waylon Jennings,1970,1974,misc,country
251211,ff79978412924defcd7444806ff90dd7e0e59e7e,248703,a7b4d8152e74da99ca4a5d3a35a92056760b031c,12,0.0010126582346856594,Wholl Pay Reparations on My Soul?,Play Game,Gil Scott-Heron,Black Thought,1970,2021,misc,rap
251211,ff79978412924defcd7444806ff90dd7e0e59e7e,417886,42122e361a2534e56e4e0d30f556585734d33603,13,0.0006814310327172279,Wholl Pay Reparations on My Soul?,Myself,Gil Scott-Heron,Hoodrich Pablo Juan,1970,2019,misc,rap
251211,ff79978412924defcd7444806ff90dd7e0e59e7e,69660,00d9db984e1c697096ca4ac4a54afef0fcb6846b,14,0.0006944444612599909,Wholl Pay Reparations on My Soul?,Fifty Nifty United States,Gil Scott-Heron,Ray Charles (Songwriter),1970,2014,misc,rock
251211,ff79978412924defcd7444806ff90dd7e0e59e7e,299688,67e24a90b5f20e2ac9f19400a21a699ff450df53,15,0.0015037594130262733,Wholl Pay Reparations on My Soul?,Land of the Free?,Gil Scott-Heron,Pennywise,1970,2001,misc,rock
251211,ff79978412924defcd7444806ff90dd7e0e59e7e,317165,8265a71448a752f6464a86c600878384ef504285,16,0.0007130124722607434,Wholl Pay Reparations on My Soul?,The marines hymn,Gil Scott-Heron,The goldman band,1970,1987,misc,pop
251211,ff79978412924defcd7444806ff90dd7e0e59e7e,76813,e0e1af2c0fe30f916e01bec0838f5cbf1e60a749,17,0.0012383901048451662,Wholl Pay Reparations on My Soul?,Out of Space,Gil Scott-Heron,The Prodigy,1970,1992,misc,rock
251211,ff79978412924defcd7444806ff90dd7e0e59e7e,379291,54dd61ec56f1763f9b2500fec7d56cc344066b95,18,0.0012539185117930174,Wholl Pay Reparations on My Soul?,I Bet the Trees Are Thinking,Gil Scott-Heron,Rudy Francisco,1970,2017,misc,misc
251211,ff79978412924defcd7444806ff90dd7e0e59e7e,384885,63f7dbc56c8b070a14ddff80b7a2b1168281433d,19,0.002366863889619708,Wholl Pay Reparations on My Soul?,Continuum,Gil Scott-Heron,Allen Curnow,1970,2014,misc,misc
251211,ff79978412924defcd7444806ff90dd7e0e59e7e,93863,14693abd0c52c9d775e473a8cd5102dc3471badb,20,0.0010000000474974513,Wholl Pay Reparations on My Soul?,Act Won Things Fall Apart,Gil Scott-Heron,The Roots,1970,1999,misc,rap
274349,1e32c5e79eee5f446a0a054c8e0db9ac84081ff9,293936,4bec9acafbe59e3df69984ab236a7a15cee52f4c,1,0.010633284226059914,Purple Giraffe,Okay Awesome,How I Met Your Mother,How I Met Your Mother,2005,2005,misc,misc
274349,1e32c5e79eee5f446a0a054c8e0db9ac84081ff9,333884,a6ab287f7919aadbe05d5f9ac567c079bd6633a7,2,0.0008676789584569633,Purple Giraffe,I Convinced You to Beat Your Wife on a Daily Basis,How I Met Your Mother,AxCx,2005,1999,misc,rock
274349,1e32c5e79eee5f446a0a054c8e0db9ac84081ff9,231606,905b56aa325c32ea982a30160e8d6993794cc1f4,3,0.0012987012742087245,Purple Giraffe,Gay/Not Gay,How I Met Your Mother,King Missile,2005,1998,misc,pop
274349,1e32c5e79eee5f446a0a054c8e0db9ac84081ff9,323852,3360f07be7846af54cc6ddc3144545476710e02a,4,0.003100775182247162,Purple Giraffe,99 Bottles of Beer,How I Met Your Mother,Melvins,2005,2013,misc,rock
274349,1e32c5e79eee5f446a0a054c8e0db9ac84081ff9,495788,5059c9ba203e3b8f5091b5d8b1312a31250de515,5,0.0009302325779572129,Purple Giraffe,Fall Asleep,How I Met Your Mother,Yxung Lord,2005,2021,misc,rap
274349,1e32c5e79eee5f446a0a054c8e0db9ac84081ff9,286849,1b27d2ea9a6f88f4334f55b51efdee067447cd6a,6,0.0009661835501901805,Purple Giraffe,Double-Tap Rootbeer,How I Met Your Mother,Jack Wall,2005,2015,misc,pop
274349,1e32c5e79eee5f446a0a054c8e0db9ac84081ff9,111942,960d4cf98da8843869a63e375fa51390d62e2209,7,0.0062500000931322575,Purple Giraffe,I Love You All Radio Mix feat. Michael Fassbender,How I Met Your Mother,The Soronprfbs,2005,2014,misc,rock
274349,1e32c5e79eee5f446a0a054c8e0db9ac84081ff9,296026,81af1df7c24ac2293fbd49b08c398627c90d8c69,8,0.0011363636003807187,Purple Giraffe,AC/DC CD,How I Met Your Mother,The Chats,2005,2020,misc,rock
274349,1e32c5e79eee5f446a0a054c8e0db9ac84081ff9,55360,d98f3fd90db9c3911b87843f7b05f210da1e995b,9,0.0031496062874794006,Purple Giraffe,Working Man,How I Met Your Mother,Rush,2005,1974,misc,rock
274349,1e32c5e79eee5f446a0a054c8e0db9ac84081ff9,293715,703f746195c59f6537468dbeeb2419260613394b,10,0.002116402145475149,Purple Giraffe,Women: Natures Punching Bag,How I Met Your Mother,AxCx,2005,1999,misc,rock
274349,1e32c5e79eee5f446a0a054c8e0db9ac84081ff9,220127,e7f6e2a828112b1e772fd8f02adeed32564c1297,11,0.000936768134124577,Purple Giraffe,One Tequila,How I Met Your Mother,Darius Rucker,2005,2013,misc,country
274349,1e32c5e79eee5f446a0a054c8e0db9ac84081ff9,277404,4a1c4fcb17be83b7266bd57f7b49b985d2ce67dd,12,0.0008316008606925607,Purple Giraffe,Cool Guitars,How I Met Your Mother,Thackery Jimmy,2005,2015,misc,pop
274349,1e32c5e79eee5f446a0a054c8e0db9ac84081ff9,177674,ae2e8ea71f2c92e9e0b73f09a94bccf1efca8485,13,0.0006546644726768136,Purple Giraffe,Got You,How I Met Your Mother,Amyl and the Sniffers,2005,2019,misc,rock
274349,1e32c5e79eee5f446a0a054c8e0db9ac84081ff9,76028,3ecec1ae525ceb8e357765b53c7264696cadd147,14,0.0007707129116170108,Purple Giraffe,Too Much,How I Met Your Mother,Sufjan Stevens,2005,2010,misc,pop
274349,1e32c5e79eee5f446a0a054c8e0db9ac84081ff9,459725,9ae72e8fd80941096a90ccf94c0423b8e6e4bc94,15,0.0021052630618214607,Purple Giraffe,Beer Banjos  Boobies,How I Met Your Mother,Fly Rich Double,2005,2019,misc,rap
274349,1e32c5e79eee5f446a0a054c8e0db9ac84081ff9,239767,5ea71e18187814bfd9424af9c6e5c51025583d7c,16,0.0024844720028340816,Purple Giraffe,Doing It to Country Songs,How I Met Your Mother,Blake Shelton,2005,2016,misc,country
274349,1e32c5e79eee5f446a0a054c8e0db9ac84081ff9,377218,191d26ba09000cfa5a918a7884ce22aafbd27732,17,0.0009546539513394237,Purple Giraffe,Heart Shaped World,How I Met Your Mother,Chris Isaak,2005,1989,misc,pop
274349,1e32c5e79eee5f446a0a054c8e0db9ac84081ff9,77256,afc1434b041f18566e2339ae76fff04b899a1d6a,18,0.0012422360014170408,Purple Giraffe,All Alone,How I Met Your Mother,Acid Ghost,2005,2015,misc,rock
274349,1e32c5e79eee5f446a0a054c8e0db9ac84081ff9,83152,e72d7b6f7e104512016cca3f69422bea4c03ba11,19,0.001374570420011878,Purple Giraffe,We Do The Stonecutters Song,How I Met Your Mother,The Simpsons,2005,1997,misc,misc
274349,1e32c5e79eee5f446a0a054c8e0db9ac84081ff9,488621,9f1efa4a2a4dc7cab680bc162b66ac9d2633f85d,20,0.0026845638640224934,Purple Giraffe,Intro to Warm Beer and Cold Women,How I Met Your Mother,Tom Waits,2005,1975,misc,pop
465187,c275cd6b8a7d8254d84156d7d9636bfe37cd39bf,272969,cc49ccbdb4bfd50237a2bf7c6c8110d6b9a999f6,1,0.009677419438958168,Torias Song,Hibiscus feat. Naji,Papooz,MadBliss,2016,2016,misc,rb
465187,c275cd6b8a7d8254d84156d7d9636bfe37cd39bf,386036,28c9dc02b6e04e973ee7b49bd075cd1bbd25ca7e,2,0.00148148147854954,Torias Song,WATCH OUT,Papooz,Quadeca,2016,2020,misc,rap
465187,c275cd6b8a7d8254d84156d7d9636bfe37cd39bf,283215,b24d301f867f1ef10947aff6217450b04cb04cdb,3,0.001005025114864111,Torias Song,Morning,Papooz,Janet Jackson,2016,1993,misc,rb
465187,c275cd6b8a7d8254d84156d7d9636bfe37cd39bf,474197,8c5509c2232f5c4b3b57c5384c7e5afcf1aa90c5,4,0.0018018018454313278,Torias Song,Tomahawk,Papooz,Wild Yaks,2016,2009,misc,rock
465187,c275cd6b8a7d8254d84156d7d9636bfe37cd39bf,48565,788ad74e60d1bffaf1e345c20caaf32f24a3291d,5,0.0007858546450734138,Torias Song,Love For That,Papooz,Mura Masa,2016,2014,misc,pop
465187,c275cd6b8a7d8254d84156d7d9636bfe37cd39bf,354707,fb4a97354c05d95797acf48973906dcd2375248d,6,0.0016460905317217112,Torias Song,Grot,Papooz,St. Vincent,2016,2012,misc,rock
465187,c275cd6b8a7d8254d84156d7d9636bfe37cd39bf,458471,e27f91cf2401f949f92e8cfb3bc70b432ed2ae7e,7,0.0007079645874910057,Torias Song,Between Mind and Heart,Papooz,Enigma,2016,2000,misc,pop
465187,c275cd6b8a7d8254d84156d7d9636bfe37cd39bf,111785,5514578ce126062b64fbfd235ccac81bed970f0c,8,0.0007874015718698502,Torias Song,Mr. Wright,Papooz,The Claypool Lennon Delirium,2016,2016,misc,rock
465187,c275cd6b8a7d8254d84156d7d9636bfe37cd39bf,344345,39b331a29ea3c418e57c493c7c90cfdd2996a9b8,9,0.0020833334419876337,Torias Song,Confetti,Papooz,The Lemonheads,2016,1992,misc,rock
465187,c275cd6b8a7d8254d84156d7d9636bfe37cd39bf,138966,68f067e30ef05e9afcdd08e65394c179b57480d0,10,0.0022727272007614374,Torias Song,In the End Mellen Gi Remix,Papooz,Tommee Profitt,2016,2019,misc,rock
465187,c275cd6b8a7d8254d84156d7d9636bfe37cd39bf,220036,279475e095201a2518d07ca7e967b25233022788,11,0.004999999888241291,Torias Song,Sexy DVD,Papooz,Lemon Demon,2016,2010,misc,pop
465187,c275cd6b8a7d8254d84156d7d9636bfe37cd39bf,210279,df1a96c7d079b3c445dadc08651a7eeebd558320,12,0.0014492754125967622,Torias Song,The Man,Papooz,Goat Girl,2016,2018,misc,rock
465187,c275cd6b8a7d8254d84156d7d9636bfe37cd39bf,324915,cf85b6f3b5e17d83d563d8b0894b31bdf808d50e,13,0.0014134275261312723,Torias Song,BREAK LAW,Papooz,Dog Blood,2016,2019,misc,pop
465187,c275cd6b8a7d8254d84156d7d9636bfe37cd39bf,262508,5194785cbe2c7c156226bf802b68e33f9d8b3308,14,0.00296296295709908,Torias Song,Trust No One,Papooz,Zeal & Ardor,2016,2020,misc,rock
465187,c275cd6b8a7d8254d84156d7d9636bfe37cd39bf,505292,00495dbe16bc4062af2aff2d695264311b9c59e2,15,0.0016666667070239782,Torias Song,Tricky,Papooz,Majestic,2016,2022,misc,pop
465187,c275cd6b8a7d8254d84156d7d9636bfe37cd39bf,135410,efaaf12da7e92266e30fdd1bf3991247fa3b2d5d,16,0.0032786885276436806,Torias Song,Her Strut,Papooz,Bob Seger,2016,1980,misc,pop
465187,c275cd6b8a7d8254d84156d7d9636bfe37cd39bf,309845,4d3e0edf3ce540bf47776cef6aadf666a7e6aa23,17,0.0030303029343485832,Torias Song,Watch it Burn,Papooz,Camo & Krooked,2016,2011,misc,pop
465187,c275cd6b8a7d8254d84156d7d9636bfe37cd39bf,429286,ac9c7b18bf1d7e70e9ffb4f0a3b22b2adc76942c,18,0.0007272727089002728,Torias Song,​you got me,Papooz,dumblonde,2016,2015,misc,pop
465187,c275cd6b8a7d8254d84156d7d9636bfe37cd39bf,449736,de9582269e3a6befe4148d3e8215f90185d97d04,19,0.0008830021834000945,Torias Song,East Bound And Down,Papooz,Midland,2016,2018,misc,country
465187,c275cd6b8a7d8254d84156d7d9636bfe37cd39bf,104217,e0fc4ea59be09746b4a0d94e5cf28ab8b14587be,20,0.0010282776784151793,Torias Song,Maneuvering,Papooz,iLoveMakonnen,2016,2014,misc,rap
384536,f639e5ca1031bf29c63317f1d64dc7e47f086351,484218,434651274ffe782df9cf31017696d7170b88f38a,1,0.009677419438958168,Who Are We Fooling?,Beautiful  Fragile,Brooke Fraser,Dan Caplen,2010,2016,pop,rb
384536,f639e5ca1031bf29c63317f1d64dc7e47f086351,460690,4e25646924880f8e9388433c610ca6e60fc6df2e,2,0.0017021276289597154,Who Are We Fooling?,The Inch Worm,Brooke Fraser,Paul McCartney,2010,2012,pop,pop
384536,f639e5ca1031bf29c63317f1d64dc7e47f086351,189704,32cb89bba3d44d02ca8dc27e6c4e01d15644c904,3,0.0016597510548308492,Who Are We Fooling?,The Hukilau Song,Brooke Fraser,Bing Crosby,2010,1964,pop,pop
384536,f639e5ca1031bf29c63317f1d64dc7e47f086351,192112,7f9f62fc1e5dcfa8766519146ad2f1ea3e3a3881,4,0.0017094017239287496,Who Are We Fooling?,In a Beautiful Place Out in the Country,Brooke Fraser,Boards of Canada,2010,2000,pop,pop
384536,f639e5ca1031bf29c63317f1d64dc7e47f086351,428903,04ef831273a17fcf0642322e9fd5f5bc415243e9,5,0.0016806722851470113,Who Are We Fooling?,Sheila,Brooke Fraser,Morphine,2010,1993,pop,rock
384536,f639e5ca1031bf29c63317f1d64dc7e47f086351,345501,89dbc12c169523d22485eec556db18a8b26d7e8c,6,0.001754386001266539,Who Are We Fooling?,The Man in Blacks Blues,Brooke Fraser,Destroyer,2010,2020,pop,pop
384536,f639e5ca1031bf29c63317f1d64dc7e47f086351,115712,5dfc29a7448384e6834737b1ec42713807528aea,7,0.0010498687624931335,Who Are We Fooling?,Coopers Dream,Brooke Fraser,Twin Peaks (TV),2010,2013,pop,misc
384536,f639e5ca1031bf29c63317f1d64dc7e47f086351,17150,496e63414039d0545f760a2421e513732e392a81,8,0.0014440433587878942,Who Are We Fooling?,One,Brooke Fraser,Three Dog Night,2010,1969,pop,rock
384536,f639e5ca1031bf29c63317f1d64dc7e47f086351,465146,de50c54eab31c24e1e75210a106d68e532492202,9,0.0018518518190830946,Who Are We Fooling?,Take me Take me,Brooke Fraser,Perfume,2010,2008,pop,pop
384536,f639e5ca1031bf29c63317f1d64dc7e47f086351,413347,b10eaee87c543a9abab60968804aa899082c7ecf,10,0.0017699114978313446,Who Are We Fooling?,I Felt You,Brooke Fraser,The Microphones,2010,1999,pop,pop
384536,f639e5ca1031bf29c63317f1d64dc7e47f086351,344344,ad6788b54565ff83aa5b60a2f04f0ca79fc30b27,11,0.0009195402381010354,Who Are We Fooling?,Beautiful Burnout,Brooke Fraser,Underworld,2010,2007,pop,pop
384536,f639e5ca1031bf29c63317f1d64dc7e47f086351,162349,e581a7be6469e733e39e67ab6d7029357faf5ef2,12,0.0014336917083710432,Who Are We Fooling?,Bike Lane,Brooke Fraser,Stephen Malkmus & The Jicks,2010,2018,pop,rock
384536,f639e5ca1031bf29c63317f1d64dc7e47f086351,66460,4e6bf01c905a856b63d60b0f2e06e1f91e7dedee,13,0.0006319115054793656,Who Are We Fooling?,Main Title: Prologue Pt. 1,Brooke Fraser,Alan Menken,2010,2017,pop,pop
384536,f639e5ca1031bf29c63317f1d64dc7e47f086351,171946,748232515d55acb633c1cf40c01ff2324aa8c3a0,14,0.001818181830458343,Who Are We Fooling?,Shine On,Brooke Fraser,The Kooks,2010,2008,pop,rock
384536,f639e5ca1031bf29c63317f1d64dc7e47f086351,260813,4fa658e8ed382ef8608fee83c3220192eac8d751,15,0.004999999888241291,Who Are We Fooling?,Overground,Brooke Fraser,Siouxsie and the Banshees,2010,1978,pop,rock
384536,f639e5ca1031bf29c63317f1d64dc7e47f086351,243978,0aa4add8a1b36788f58a8f838ed0aa3a80d37799,16,0.0018433179939165711,Who Are We Fooling?,Everybody Album Trailer,Brooke Fraser,Logic,2010,2017,pop,rap
384536,f639e5ca1031bf29c63317f1d64dc7e47f086351,270696,caddc43b038fc57d6f2e9b138b7194105322fc4e,17,0.001687763724476099,Who Are We Fooling?,Nighttime Birds,Brooke Fraser,The Gathering,2010,1997,pop,pop
384536,f639e5ca1031bf29c63317f1d64dc7e47f086351,477024,349c41802de658b1d078b4047cdb6e6d3d38b1e8,18,0.001716738217510283,Who Are We Fooling?,You Are So Beautiful,Brooke Fraser,Michael Bolton,2010,2011,pop,pop
384536,f639e5ca1031bf29c63317f1d64dc7e47f086351,42435,f7e6c9f090d208164ab685dc4628d6dd6aa6f3f6,19,0.004878048785030842,Who Are We Fooling?,Worstward Ho,Brooke Fraser,Samuel Beckett,2010,1984,pop,misc
384536,f639e5ca1031bf29c63317f1d64dc7e47f086351,245811,accb2b2410a14df3fad903316317607b4ba929bc,20,0.0015625000232830644,Who Are We Fooling?,Shes as Beautiful as a Foot,Brooke Fraser,Blue yster Cult,2010,1972,pop,rock
410455,dc43ea630a9e25ba4fd860d743ec3f9cb7cbbdec,304019,174f3eac2dcfa33e48112df4cf6b7ee5a2231b4b,1,0.00937500037252903,Let Me Be There,Trading Places,Ekolu,JAHKOY,2015,2014,pop,rb
410455,dc43ea630a9e25ba4fd860d743ec3f9cb7cbbdec,20013,55272644f6475801c7fa5f86488f45f4f1b58866,2,0.0010416667209938169,Let Me Be There,How to Embed Text and Annotations,Ekolu,Genius,2015,2014,pop,misc
410455,dc43ea630a9e25ba4fd860d743ec3f9cb7cbbdec,139006,58b610a61554d92a80ee0df8e8d4d40fcb7678cc,3,0.001687763724476099,Let Me Be There,Dreamcast,Ekolu,Blank Banshee,2015,2012,pop,misc
410455,dc43ea630a9e25ba4fd860d743ec3f9cb7cbbdec,282995,d6571e22a53a0cbc9d7284e1ba7380056b52a99e,4,0.002116402145475149,Let Me Be There,Brian Song Monty Python Sings,Ekolu,Monty Python,2015,1989,pop,pop
410455,dc43ea630a9e25ba4fd860d743ec3f9cb7cbbdec,310921,c3add73b71ec9c581b8853c8b791e1f14f0cc897,5,0.0015325670829042792,Let Me Be There,Bossy,Ekolu,Iambadkidmaceii,2015,2020,pop,rap
410455,dc43ea630a9e25ba4fd860d743ec3f9cb7cbbdec,375988,abf822367c9d343682995dea08e6bbe6d7e38dd0,6,0.003846153849735856,Let Me Be There,L Ron Hubbard Was Way Cool,Ekolu,Home Is Where,2015,2021,pop,rock
410455,dc43ea630a9e25ba4fd860d743ec3f9cb7cbbdec,209549,f001cbcc16a582e6cdc181fcef4b26d634af9830,7,0.0007692307699471712,Let Me Be There,Auld Lang Syne,Ekolu,Pentatonix,2015,2020,pop,pop
410455,dc43ea630a9e25ba4fd860d743ec3f9cb7cbbdec,177807,2f8d1b8a0f0838ac7042a2813e1accb52461e244,8,0.0006722689140588045,Let Me Be There,Keishas Intro Skit,Ekolu,Tory Lanez,2015,2015,pop,rb
410455,dc43ea630a9e25ba4fd860d743ec3f9cb7cbbdec,390584,be1ed9ac956732fe59d84d3abf4913408375cabd,9,0.002030456904321909,Let Me Be There,Driving Along,Ekolu,Harry Nilsson,2015,1971,pop,pop
410455,dc43ea630a9e25ba4fd860d743ec3f9cb7cbbdec,307940,d9a413bf9d8ef38bac0a10f92dc1cb8f217e4936,10,0.0007797271246090531,Let Me Be There,Blue Shift,Ekolu,Lemaitre,2015,2010,pop,pop
410455,dc43ea630a9e25ba4fd860d743ec3f9cb7cbbdec,303034,07d7d580e5d06840a5718818acf3504d786bae27,11,0.0016949152341112494,Let Me Be There,Kids Prelude,Ekolu,The Midnight,2015,2018,pop,pop
410455,dc43ea630a9e25ba4fd860d743ec3f9cb7cbbdec,312983,187a233513e830285dd2598211b9923bd9d628a2,12,0.004347825888544321,Let Me Be There,The World Would Run Better,Ekolu,KONGOS,2015,2016,pop,rock
410455,dc43ea630a9e25ba4fd860d743ec3f9cb7cbbdec,406510,3e0cdbe3e1f70e0ab9bced2b56ac9de048a2aff6,13,0.000808080832939595,Let Me Be There,To The Club,Ekolu,Spankox,2015,2015,pop,pop
410455,dc43ea630a9e25ba4fd860d743ec3f9cb7cbbdec,365883,a2e9ce9f1c40af1720cac036b6c32946a4c6c5bd,14,0.0007532956660725176,Let Me Be There,A Days Routine Interlude,Ekolu,Xavier Wulf,2015,2018,pop,rap
410455,dc43ea630a9e25ba4fd860d743ec3f9cb7cbbdec,277018,e669cdcc1ca10eaba1babe6af82db03d3e694268,15,0.000821355264633894,Let Me Be There,This Old Man,Ekolu,Raffi,2015,1980,pop,pop
410455,dc43ea630a9e25ba4fd860d743ec3f9cb7cbbdec,55693,aae6b7b7126aa7539c45bce81688e66a9e02f782,16,0.0007751937955617905,Let Me Be There,Huggy Wuggy,Ekolu,MOB Games,2015,2021,pop,pop
410455,dc43ea630a9e25ba4fd860d743ec3f9cb7cbbdec,354609,0e44c46a703ade7b10791393acf0362e6bfcac8f,17,0.0010666666785255075,Let Me Be There,Oranges Grow on Trees,Ekolu,Blue's Clues,2015,2001,pop,rock
410455,dc43ea630a9e25ba4fd860d743ec3f9cb7cbbdec,240255,dd930fc8d8b3d7cb658923b55ca148bea0dcd773,18,0.0008928571478463709,Let Me Be There,Motivational Song,Ekolu,Algernon Cadwallader,2015,2008,pop,rock
410455,dc43ea630a9e25ba4fd860d743ec3f9cb7cbbdec,15290,ca1e162ac2c49b377d8a52d9ae284a6ff489c5bd,19,0.0021052630618214607,Let Me Be There,Reading Rainbow Theme Song,Ekolu,Chaka Khan,2015,1983,pop,misc
410455,dc43ea630a9e25ba4fd860d743ec3f9cb7cbbdec,338714,28c2ef21edcba34a02b8e88f06a92e0ee12f3819,20,0.0018779343226924539,Let Me Be There,Thousand Cranes,Ekolu,Hiroshima,2015,1989,pop,pop
172123,3319023d94ea21550533b44f74f00d1077279c40,105291,90c4f6c5a6ad7cb5a1464f925210c5d7577ec8b0,1,0.00937500037252903,This Masquerade,Never Alone,Leon Russell,The Amity Affliction,1972,2014,pop,rock
172123,3319023d94ea21550533b44f74f00d1077279c40,419449,89a9e685903976c5c4578802bdeb51bedd7b5a6d,2,0.004347825888544321,This Masquerade,Glass,Leon Russell,Blood Cultures,1972,2019,pop,pop
172123,3319023d94ea21550533b44f74f00d1077279c40,337166,f23bc15adde0dbda8f4a6a0f01c115fbd32d9fe8,3,0.004761904943734407,This Masquerade,A Thousand Years,Leon Russell,Tom Rosenthal,1972,2013,pop,pop
172123,3319023d94ea21550533b44f74f00d1077279c40,460960,72e2490f69d89bab231246eace939a04874510f2,4,0.0030303029343485832,This Masquerade,Lost Due to Incompetence,Leon Russell,Cheech & Chong,1972,1979,pop,pop
172123,3319023d94ea21550533b44f74f00d1077279c40,36509,b8311971e273b23d5d8540342150dfe7ff655005,5,0.0009803922148421407,This Masquerade,Im Shipping Up to Boston,Leon Russell,Dropkick Murphys,1972,2005,pop,rock
172123,3319023d94ea21550533b44f74f00d1077279c40,367113,60f7b0a469c180dea6029a1a2d4d6d0bc708005e,6,0.0011527377646416426,This Masquerade,I Overlooked an Orchid,Leon Russell,Mickey Gilley,1972,1974,pop,pop
172123,3319023d94ea21550533b44f74f00d1077279c40,397466,7c93003df20bd60d89c76a9a82efa441b8959373,7,0.0014652014942839742,This Masquerade,Guwop Talks Sauce,Leon Russell,Q Da Fool,1972,2015,pop,rap
172123,3319023d94ea21550533b44f74f00d1077279c40,113585,2549367c426955ae753d2924c2157313285c3ac8,8,0.003508772002533078,This Masquerade,Arrested Development Intro,Leon Russell,Ron Howard,1972,2014,pop,misc
172123,3319023d94ea21550533b44f74f00d1077279c40,309843,e9670a5884e2dc1abfb1b9bddc98ae3f860ba4f4,9,0.003448275849223137,This Masquerade,Thinking And Drinking,Leon Russell,Amos Milburn,1972,1952,pop,rb
172123,3319023d94ea21550533b44f74f00d1077279c40,372891,3c400873476f6df2725d0babe0092a4f7127acb8,10,0.003809523768723011,This Masquerade,Again,Leon Russell,SG Lewis,1972,2018,pop,pop
172123,3319023d94ea21550533b44f74f00d1077279c40,401979,780d455642d6104d8465cf4e71d8636d45530f9d,11,0.001166180707514286,This Masquerade,A Man A City Live Fillmore West Dec. 15 1969,Leon Russell,King Crimson,1972,1997,pop,rock
172123,3319023d94ea21550533b44f74f00d1077279c40,485218,4232098360628d100a0fbf687766d15304e667e2,12,0.002739726100116968,This Masquerade,Shes My Girl,Leon Russell,Ariel Pink's Haunted Graffiti,1972,2002,pop,pop
172123,3319023d94ea21550533b44f74f00d1077279c40,245314,5beff66ad2c23b413140b34f4de04808ec301557,13,0.0011111111380159855,This Masquerade,Tabia,Leon Russell,Prabh Deep (Music),1972,2021,pop,rap
172123,3319023d94ea21550533b44f74f00d1077279c40,373143,e49825b3598990b8a3994d8a5291d87c86377b3a,14,0.0014184396713972092,This Masquerade,Lost In Sound,Leon Russell,ROY KNOX,1972,2019,pop,pop
172123,3319023d94ea21550533b44f74f00d1077279c40,332162,548a511c6f1874d3bfbafad923b07bcad9eb4328,15,0.0028985508251935244,This Masquerade,Wild Kidz,Leon Russell,Vintage Culture & Ricci,1972,2016,pop,pop
172123,3319023d94ea21550533b44f74f00d1077279c40,16239,613ca392d809cc492df1efb2ceaf610fe2d73956,16,0.0020000000949949026,This Masquerade,Shes Lost Control,Leon Russell,Joy Division,1972,1979,pop,rock
172123,3319023d94ea21550533b44f74f00d1077279c40,370022,a3ed8ecaafdfa714c58cbee989fdac7b8a5c836c,17,0.0011594202369451523,This Masquerade,Not Giving In,Leon Russell,Imagine Dragons,1972,2013,pop,pop
172123,3319023d94ea21550533b44f74f00d1077279c40,360297,31db7dccefaf76bf034932cd7c45dff0f5dfea4d,18,0.00147058826405555,This Masquerade,Change Your Mind,Leon Russell,Inner Wave,1972,2013,pop,pop
172123,3319023d94ea21550533b44f74f00d1077279c40,396591,0f7556b3e96984edda4bf1d6e4cfe916fc7734ea,19,0.0012618296314030886,This Masquerade,I just want my Pinky,Leon Russell,Pinky (YouTube),1972,2020,pop,pop
172123,3319023d94ea21550533b44f74f00d1077279c40,332700,4e1af46d75d7b4d00774e2a6ab93662fff5f78b8,20,0.003225806402042508,This Masquerade,Road Trip,Leon Russell,Diet Cig,1972,2017,pop,rock
261621,0a5a0a1b73ad8c77e432528be2652ef425ba0e0e,463556,110568a65f30144588a09b9554ae8fd654955b80,1,0.014487179927527905,Where is My Mind?,Where Is My Mind?,Unlike Pluto,Nada Surf,2018,1999,pop,pop
261621,0a5a0a1b73ad8c77e432528be2652ef425ba0e0e,389315,740df6974ef108efaf6dc99cffbd830715f483a8,2,0.0007843137136660516,Where is My Mind?,Collapse,Unlike Pluto,In Her Own Words,2018,2016,pop,rock
261621,0a5a0a1b73ad8c77e432528be2652ef425ba0e0e,371715,a4ca189e0320c6caa865e4a18b7523ff33045474,3,0.0009876543190330267,Where is My Mind?,Special Poem 6 A Joke,Unlike Pluto,Team Salvato,2018,2017,pop,misc
261621,0a5a0a1b73ad8c77e432528be2652ef425ba0e0e,176665,67d6527f3dd4b59ae5de4945dc7aeab4bdf23162,4,0.0009389671613462269,Where is My Mind?,Blow You Up,Unlike Pluto,Yogi,2018,2016,pop,pop
261621,0a5a0a1b73ad8c77e432528be2652ef425ba0e0e,74667,a65801402e1285f7b5035bf32cda3598b676261c,5,0.0006182380020618439,Where is My Mind?,Baba Says Cool for Thought,Unlike Pluto,Lupe Fiasco,2018,2007,pop,misc
261621,0a5a0a1b73ad8c77e432528be2652ef425ba0e0e,474613,3fffbfe00094aa70eca03d747b9d02009bc81432,6,0.0019607844296842813,Where is My Mind?,El Dorado,Unlike Pluto,Ashley McBryde,2018,2018,pop,country
261621,0a5a0a1b73ad8c77e432528be2652ef425ba0e0e,494329,af999248a002aa27d6f473277190c03b9462aa21,7,0.005333333276212215,Where is My Mind?,Khyber Pass,Unlike Pluto,Ministry,2018,2006,pop,rock
261621,0a5a0a1b73ad8c77e432528be2652ef425ba0e0e,137485,7480e890d0d5fc45726ce2c42fa03020f54c26a6,8,0.00148148147854954,Where is My Mind?,Arcadia,Unlike Pluto,Apparat,2018,2007,pop,pop
261621,0a5a0a1b73ad8c77e432528be2652ef425ba0e0e,402901,9c2fd6d56b35b73d4b0226c09881b0d96922a923,9,0.0006504065240733325,Where is My Mind?,Does He Know,Unlike Pluto,Jason Michael Carroll,2018,2015,pop,country
261621,0a5a0a1b73ad8c77e432528be2652ef425ba0e0e,486140,b7984a62e1f6b0718319130cc80a876156c92fe7,10,0.000735294132027775,Where is My Mind?,Il Máquillage Lady,Unlike Pluto,Sister Sledge,2018,1982,pop,pop
261621,0a5a0a1b73ad8c77e432528be2652ef425ba0e0e,99869,e4855ba80c155593f40a13b0a145ec469a5503d1,11,0.004819277208298445,Where is My Mind?,Scars That Im Hiding,Unlike Pluto,From Ashes to New,2018,2020,pop,rock
261621,0a5a0a1b73ad8c77e432528be2652ef425ba0e0e,74385,5f255262a7e63f1274373406558e2bc08c97bc44,12,0.0020833334419876337,Where is My Mind?,Alone Together,Unlike Pluto,Aubrey Peeples,2018,2015,pop,pop
261621,0a5a0a1b73ad8c77e432528be2652ef425ba0e0e,421765,4cbd8e647c0f7d487a99357901408524606d96aa,13,0.004999999888241291,Where is My Mind?,Midnight Rider,Unlike Pluto,Zach Williams,2018,2017,pop,rock
261621,0a5a0a1b73ad8c77e432528be2652ef425ba0e0e,268184,669b4f3a40d0429517d578321987c08164150891,14,0.0025316455867141485,Where is My Mind?,Lets Talk,Unlike Pluto,Rogue,2018,2019,pop,pop
261621,0a5a0a1b73ad8c77e432528be2652ef425ba0e0e,64055,ecbbc6daeda52eed849c8cca2d274ab9c92d3fd6,15,0.001208459259942174,Where is My Mind?,Heroes,Unlike Pluto,Zayde Wolf,2018,2016,pop,rock
261621,0a5a0a1b73ad8c77e432528be2652ef425ba0e0e,348549,6fad1b16d4dca5ceeb8f253791dbde25a84624c1,16,0.0010752688394859433,Where is My Mind?,Theme from Banjo,Unlike Pluto,Bob's Burgers,2018,2017,pop,pop
261621,0a5a0a1b73ad8c77e432528be2652ef425ba0e0e,508448,79d15bd94cf7005f7b77f4db58a70fa49ec694f0,17,0.0016460905317217112,Where is My Mind?,​aisle 4,Unlike Pluto,GAYLE,2018,2022,pop,pop
261621,0a5a0a1b73ad8c77e432528be2652ef425ba0e0e,452729,a3a31fb72d2602286603aebcf985bf7247d9969e,18,0.0011976048117503524,Where is My Mind?,Scent of a Woman,Unlike Pluto,Cheap Trick,2018,2003,pop,pop
261621,0a5a0a1b73ad8c77e432528be2652ef425ba0e0e,318157,d8fb9f35da5fce2ac5376f9eaed60dde9e9787ce,19,0.004395604599267244,Where is My Mind?,Desire Come and Get It,Unlike Pluto,Gene Loves Jezebel,2018,1986,pop,pop
261621,0a5a0a1b73ad8c77e432528be2652ef425ba0e0e,380521,f616bc8e7b462f982a77a0ed89906102628892a3,20,0.0006920415326021612,Where is My Mind?,I Know,Unlike Pluto,MLB Drippyy,2018,2019,pop,rap
213951,c5ad0447bbcdad2935bb0ff11ffe6563e0181a2d,233286,0139b66b7e9a4f3ac39ed6a050d71bbe9980557e,1,0.015493959188461304,Runaways,Runaway,Lowell,David Soh,2018,2018,pop,pop
213951,c5ad0447bbcdad2935bb0ff11ffe6563e0181a2d,433941,cf6b9ce98fcdaa0449ddecd4ab660554fd39fa58,2,0.0008456659852527082,Runaways,Bret Easton Ellis Podcast - Kanye Excerpt On Runaway,Lowell,Bret Easton Ellis,2018,2013,pop,misc
213951,c5ad0447bbcdad2935bb0ff11ffe6563e0181a2d,129740,344aced3b121d73464582f639f14cd437e0f354f,3,0.0015625000232830644,Runaways,The Colour and the Shape,Lowell,Foo Fighters,2018,1997,pop,rock
213951,c5ad0447bbcdad2935bb0ff11ffe6563e0181a2d,470197,b5c48c11ea127e34ac097a78cae13afcf37ffc61,4,0.0023952096235007048,Runaways,The Runaway Train,Lowell,Michael Holliday,2018,2015,pop,pop
213951,c5ad0447bbcdad2935bb0ff11ffe6563e0181a2d,508034,0070123df9b7b729ea99144aac837ba343fb4b02,5,0.0006514657870866358,Runaways,​​​​nothing left to say,Lowell,Jades,2018,2022,pop,pop
213951,c5ad0447bbcdad2935bb0ff11ffe6563e0181a2d,405700,150e4e1e7350e8a4d7e46ee9edeaba887b3f579b,6,0.0014035088242962956,Runaways,When You Dream,Lowell,Barenaked Ladies,2018,1998,pop,rock
213951,c5ad0447bbcdad2935bb0ff11ffe6563e0181a2d,257521,52ed279b704cadbf739dffbf30b864a199d7d594,7,0.0010928962146863341,Runaways,Kimye,Lowell,Bart Baker,2018,2016,pop,rap
213951,c5ad0447bbcdad2935bb0ff11ffe6563e0181a2d,204264,491f2e0141825bf58ec1ce2c2bbd058b4653e36b,8,0.0027027027681469917,Runaways,Hollywood,Lowell,The Cranberries,2018,1996,pop,rock
213951,c5ad0447bbcdad2935bb0ff11ffe6563e0181a2d,353835,07821b18f9b34635250d75b953e7c2fa0b6d8094,9,0.0006535947904922068,Runaways,Airport,Lowell,The Motors,2018,1978,pop,rock
213951,c5ad0447bbcdad2935bb0ff11ffe6563e0181a2d,38053,042bb2473a0639a466e9c53403e2b4ca97e4d92b,10,0.0006153846043162048,Runaways,Five Best Verses On Kanye Wests My Beautiful Dark Twisted Fantasy,Lowell,Genius,2018,2015,pop,misc
213951,c5ad0447bbcdad2935bb0ff11ffe6563e0181a2d,354030,5b2246ee1b52518241cdda1b17d3a8b24762903f,11,0.0012307692086324096,Runaways,Marooned,Lowell,Wire,2018,1978,pop,rock
213951,c5ad0447bbcdad2935bb0ff11ffe6563e0181a2d,251651,a46f83495e54047eccd255654bb1c96e25b77f2f,12,0.0006677796482108533,Runaways,Runaway Lover,Lowell,Madonna,2018,2000,pop,pop
213951,c5ad0447bbcdad2935bb0ff11ffe6563e0181a2d,211064,b28427dc45a1b247077705eb8d0a837730249f97,13,0.0006791171617805958,Runaways,Driva Man,Lowell,Max Roach,2018,1960,pop,pop
213951,c5ad0447bbcdad2935bb0ff11ffe6563e0181a2d,24433,79aa554f280aebd315f1ab6bbbe14fcfb263ff0b,14,0.0008097165846265852,Runaways,Lil Peep Discography,Lowell,Lil Peep,2018,2018,pop,misc
213951,c5ad0447bbcdad2935bb0ff11ffe6563e0181a2d,150329,0d46bffbb4e741335ef3f5d1f9a571f012b6c41d,15,0.0026315790601074696,Runaways,Slave To The Wage,Lowell,Placebo,2018,2000,pop,rock
213951,c5ad0447bbcdad2935bb0ff11ffe6563e0181a2d,294396,6f241fe7e374ced9fd05bcdd97ef2e9148cf1c62,16,0.003846153849735856,Runaways,Judaiya,Lowell,Mumzy Stranger,2018,2016,pop,rb
213951,c5ad0447bbcdad2935bb0ff11ffe6563e0181a2d,449894,4a8952865cfaf92e875a3b8bdd37cc680b1f8952,17,0.0021052630618214607,Runaways,Sexy Little Girl Princess,Lowell,Lisa Germano,2018,1994,pop,rock
213951,c5ad0447bbcdad2935bb0ff11ffe6563e0181a2d,314792,9819f23d2de654c6c912f888468ad8fab41bdd49,18,0.001476014731451869,Runaways,Caught with the Meat in Your Mouth,Lowell,Dead Boys,2018,1977,pop,rock
213951,c5ad0447bbcdad2935bb0ff11ffe6563e0181a2d,514872,63899019db7ae3bbffd6eec9d8e8a823204a1e3d,19,0.001149425283074379,Runaways,She Died Last Night,Lowell,POORSTACY,2018,2022,pop,rock
213951,c5ad0447bbcdad2935bb0ff11ffe6563e0181a2d,359498,4b11935e15d95faf73a893bba3fae7ac36d7c34f,20,0.0010416667209938169,Runaways,SHIMMER,Lowell,Ocean Grove,2018,2020,pop,rock
106952,7262ea1dc57000f78abdd0e506f65ee1b84798a6,210284,d3b75bbae1cef123016e61bf62bc76905ffaeeeb,1,0.012184874154627323,花요일 Blooming Day,You Are My Sunshine,EXO-CBX,Londrelle,2018,2019,pop,rb
106952,7262ea1dc57000f78abdd0e506f65ee1b84798a6,365924,bb4b96e9f75490c0a16fca8bd401d3a5cb05ba60,2,0.0057142856530845165,花요일 Blooming Day,I Cant Stay Away,EXO-CBX,The Veronicas,2018,2007,pop,pop
106952,7262ea1dc57000f78abdd0e506f65ee1b84798a6,188726,4f3ad7a47f1faddd9ae8fc1fe8d64087b1a6c75b,3,0.0006153846043162048,花요일 Blooming Day,Body Bumpin Yippie-Yi-Yo,EXO-CBX,Public Announcement,2018,1998,pop,rb
106952,7262ea1dc57000f78abdd0e506f65ee1b84798a6,142939,3635b9cac6a0fa343bff36141f230905058d7540,4,0.0060606058686971664,花요일 Blooming Day,Little Arrow,EXO-CBX,Big Thief,2018,2016,pop,rock
106952,7262ea1dc57000f78abdd0e506f65ee1b84798a6,145973,7d00337a3e0bc6a9051ccddc77e7046713895682,5,0.0008676789584569633,花요일 Blooming Day,Slow,EXO-CBX,Tinashe,2018,2012,pop,rb
106952,7262ea1dc57000f78abdd0e506f65ee1b84798a6,30357,b9d07b43373f10e5a94cf47ed9916f39468f7c5d,6,0.005333333276212215,花요일 Blooming Day,Spoon Me,EXO-CBX,Elliphant,2018,2016,pop,pop
106952,7262ea1dc57000f78abdd0e506f65ee1b84798a6,163262,412935d83721a78159ae4d01f41835ecd0fb72c2,7,0.002597402548417449,花요일 Blooming Day,Foggy Notion,EXO-CBX,The Velvet Underground,2018,1985,pop,rock
106952,7262ea1dc57000f78abdd0e506f65ee1b84798a6,395925,78602337a3346fab39d36b26ac6170674c19d552,8,0.001374570420011878,花요일 Blooming Day,Night Owl,EXO-CBX,The Righteous Brothers,2018,1964,pop,rock
106952,7262ea1dc57000f78abdd0e506f65ee1b84798a6,326727,974e59735627ec98ad2216db03b58923050aa681,9,0.0018018018454313278,花요일 Blooming Day,One Night Gigolo,EXO-CBX,H-Town,2018,1994,pop,rb
106952,7262ea1dc57000f78abdd0e506f65ee1b84798a6,512320,63bae0ee87d53b7436263c8410f9b72e0a5c9382,10,0.002139037474989891,花요일 Blooming Day,Push It Up,EXO-CBX,Confidence Man,2018,2022,pop,pop
106952,7262ea1dc57000f78abdd0e506f65ee1b84798a6,428494,98faa7cb276ab6a49e685724e65ae809a1fcab7e,11,0.0008281573536805809,花요일 Blooming Day,The Ostrich,EXO-CBX,The Primitives (NYC),2018,1964,pop,rock
106952,7262ea1dc57000f78abdd0e506f65ee1b84798a6,174233,93428a8c70210ab94701ffb7d949c9d10a479f33,12,0.0024844720028340816,花요일 Blooming Day,More Cowbell,EXO-CBX,Saturday Night Live,2018,2000,pop,misc
106952,7262ea1dc57000f78abdd0e506f65ee1b84798a6,301373,e4ab6aefb9b24c4952e2ad9637cb1ce884a76a4c,13,0.0007736943662166595,花요일 Blooming Day,Think,EXO-CBX,The Rolling Stones,2018,1966,pop,rock
106952,7262ea1dc57000f78abdd0e506f65ee1b84798a6,226912,94606c9ffb1d8c0eabd24e2d678a13f6a5c1ee28,14,0.0006722689140588045,花요일 Blooming Day,Cant Get You Out Of My Head,EXO-CBX,johnny goth,2018,2020,pop,pop
106952,7262ea1dc57000f78abdd0e506f65ee1b84798a6,305053,b0c9c6e0eb7096f3309374f70d7a257f77852937,15,0.0034782609436661005,花요일 Blooming Day,Fuckin Up Young,EXO-CBX,The Dirty Nil,2018,2017,pop,rock
106952,7262ea1dc57000f78abdd0e506f65ee1b84798a6,377542,39c785d6b69a0a1291b923b4f4297628e48e4c2b,16,0.0011904762359336019,花요일 Blooming Day,Let Me Down Easy,EXO-CBX,Bettye LaVette,2018,1965,pop,rb
106952,7262ea1dc57000f78abdd0e506f65ee1b84798a6,2983,0c7efadd2eb993990fca13787a8101eb95cae1a3,17,0.0051282052882015705,花요일 Blooming Day,Thursday,EXO-CBX,The Weeknd,2018,2011,pop,rb
106952,7262ea1dc57000f78abdd0e506f65ee1b84798a6,188249,3d4dd7d53e3df61ca6c88e2d9a05b20ebdeae2de,18,0.0026315790601074696,花요일 Blooming Day,Sam7a,EXO-CBX,Lil Freeny .ft Maman,2018,2019,pop,rap
106952,7262ea1dc57000f78abdd0e506f65ee1b84798a6,21989,fe7954492e680229ef974e8d3ba3fc69e6544979,19,0.0007766990456730127,花요일 Blooming Day,Play It Cool,EXO-CBX,Steve Aoki & MONSTA X,2018,2019,pop,pop
106952,7262ea1dc57000f78abdd0e506f65ee1b84798a6,89576,2291893a02df2f7aed066e09da7c17da38cf5a9e,20,0.001176470541395247,花요일 Blooming Day,Vinyl,EXO-CBX,William Michael Morgan,2018,2016,pop,country
352698,c09e64c4d822775af86726ef843a8c6fc9442fd3,161702,57fe9955388b79fb15acd1c3d8a07a5b13c2529b,1,0.015172735787928104,Church,Drunk Text Message to God,Far East Movement,Watsky,2016,2014,pop,misc
352698,c09e64c4d822775af86726ef843a8c6fc9442fd3,371394,26e31978b049809273133caac8c29fda9a37613d,2,0.0007677543326281011,Church,Lil Arnies Upgrade Guide - Revelations,Far East Movement,Game Genius,2016,2016,pop,misc
352698,c09e64c4d822775af86726ef843a8c6fc9442fd3,350362,4864bb8a493208845df12f2bf953dcfbdc2dc6f3,3,0.00074074073927477,Church,The Wheels on the Bus,Far East Movement,Mother Goose Club,2016,2016,pop,pop
352698,c09e64c4d822775af86726ef843a8c6fc9442fd3,385775,26a8ce888b7e578f530ee328a736d1f011d5529d,4,0.0006688963039778173,Church,When the Lights Go Down,Far East Movement,DJ Snake,2016,2019,pop,pop
352698,c09e64c4d822775af86726ef843a8c6fc9442fd3,218765,d25a6894e02a4c9f2b8364faa900ed0914b8feaf,5,0.0006557377055287361,Church,Motorola,Far East Movement,Gorgon City,2016,2018,pop,pop
352698,c09e64c4d822775af86726ef843a8c6fc9442fd3,341221,a6d16f5cef15f70a4bc6856defefc757cb81f787,6,0.001398601452820003,Church,What is the Longest Disambiguation Page on Wikipedia?,Far East Movement,ATodd,2016,2014,pop,misc
352698,c09e64c4d822775af86726ef843a8c6fc9442fd3,405028,b59ca158782a28488d930673b81b6abe042fbaa7,7,0.0024096386041492224,Church,Boys of Belfast,Far East Movement,The Irish Rovers,2016,2015,pop,pop
352698,c09e64c4d822775af86726ef843a8c6fc9442fd3,197953,24c8d649da0fefb467dea333a6a6f741fa83e612,8,0.0006791171617805958,Church,Mate Um Bonito Hoje Mesmo,Far East Movement,Marcioz,2016,2018,pop,pop
352698,c09e64c4d822775af86726ef843a8c6fc9442fd3,294631,23bb2063fa81e76f7627b7f6bedae65be0052963,9,0.005797101650387049,Church,Do You Like Worms,Far East Movement,The Beach Boys,2016,1993,pop,pop
352698,c09e64c4d822775af86726ef843a8c6fc9442fd3,220165,f13deac3a3536805d42776570a95bb0b50cbd8a8,10,0.0006172839784994721,Church,Didnt We,Far East Movement,Jimmy Webb,2016,1968,pop,pop
352698,c09e64c4d822775af86726ef843a8c6fc9442fd3,497895,d0192b222bfa4a83b4d1e5020dd94a4e5de0ca9f,11,0.0006578947650268674,Church,Now Or Never,Far East Movement,Mystery Skulls,2016,2020,pop,pop
352698,c09e64c4d822775af86726ef843a8c6fc9442fd3,131317,0583ded19f382e70342a3e186de2b41fe43d41a2,12,0.0010443864157423377,Church,African,Far East Movement,Peter Tosh,2016,1977,pop,rb
352698,c09e64c4d822775af86726ef843a8c6fc9442fd3,261447,9424a4de8911f8e8992b6c410b23add8c04fc994,13,0.0006600660271942616,Church,My Party,Far East Movement,Kings of Leon,2016,2007,pop,rock
352698,c09e64c4d822775af86726ef843a8c6fc9442fd3,62545,ee9e1a7a5f0b5d959727a3f58bd931b732df57ad,14,0.0006399999838322401,Church,Your Body Remix,Far East Movement,Cat Dealers,2016,2016,pop,pop
352698,c09e64c4d822775af86726ef843a8c6fc9442fd3,366306,fc8a7f9e82c206d14373234c5e16a42c4ea71db2,15,0.0006299212691374123,Church,Often// Waves,Far East Movement,Weekend,2016,2019,pop,rap
352698,c09e64c4d822775af86726ef843a8c6fc9442fd3,160203,22be4d0dbf93d78293c5e223aa11d2ae24c7cf14,16,0.002247191034257412,Church,Review of Kim Burrells Home,Far East Movement,Frank Ocean,2016,2010,pop,misc
352698,c09e64c4d822775af86726ef843a8c6fc9442fd3,356295,728b41557f9489c641457cd2a19d7f9f8ce1167a,17,0.0007312614470720291,Church,Still Sleepless,Far East Movement,D.O.D & Carla Monroe,2016,2021,pop,pop
352698,c09e64c4d822775af86726ef843a8c6fc9442fd3,506416,549d281aa8d7c2fec21a5ffb38a75cea82a82dcd,18,0.0060606058686971664,Church,Monday Thru Sunday,Far East Movement,Cochise,2016,2022,pop,rap
352698,c09e64c4d822775af86726ef843a8c6fc9442fd3,350426,a3a8922a9d83fe8a678a7e0bb09b2caa8e55c1f4,19,0.000742115022148937,Church,Im Carrying,Far East Movement,Paul McCartney & Wings,2016,1978,pop,rock
352698,c09e64c4d822775af86726ef843a8c6fc9442fd3,368405,9727f469115036e5e5b8c50bb6e43ed801791746,20,0.0007104795658960938,Church,Mystery Train,Far East Movement,Junior Parker,2016,1953,pop,country
469583,354ba0cd482b394b47c49a0c6a4c88921b98690c,14700,ec2410e531c3c713fc82474908659705312f0491,1,0.01587301678955555,Wont Let Me Out,Locked Up,C-Murder,Akon,2005,2004,pop,rap
469583,354ba0cd482b394b47c49a0c6a4c88921b98690c,403751,a059422ae4c8fa7bafef9b93ded6600298420d10,2,0.0015936255222186446,Wont Let Me Out,UK Drill Videos be like... Get Man Down,C-Murder,MBbants,2005,2020,pop,misc
469583,354ba0cd482b394b47c49a0c6a4c88921b98690c,337221,413bfff4a45ee0b106c57a56e3ad4ced64b3df32,3,0.0009090909152291715,Wont Let Me Out,A View From the Bridge,C-Murder,Arthur Miller,2005,2014,pop,misc
469583,354ba0cd482b394b47c49a0c6a4c88921b98690c,244699,576aba9df0e4c9f49d953e5420569bd1e405cb3e,4,0.0008888888987712562,Wont Let Me Out,Public Service Announcement SSLP,C-Murder,Eminem,2005,1999,pop,pop
469583,354ba0cd482b394b47c49a0c6a4c88921b98690c,167110,2edcb1df3ac7f43fb126a593ec4de650c1ae53ea,5,0.0007692307699471712,Wont Let Me Out,Is It A Banger?,C-Murder,Odd Mob,2005,2015,pop,pop
469583,354ba0cd482b394b47c49a0c6a4c88921b98690c,470104,d17e68963cc45e47e7d27a29a53f8db1eaad0f32,6,0.0006711409660056233,Wont Let Me Out,Hook,C-Murder,Kizz Daniel,2005,2020,pop,pop
469583,354ba0cd482b394b47c49a0c6a4c88921b98690c,501605,803ef32a382a78257c3b7e2d7d2f797f9a0fadc4,7,0.003960396163165569,Wont Let Me Out,Payback,C-Murder,Skrillex & Virtual Riot,2005,2022,pop,pop
469583,354ba0cd482b394b47c49a0c6a4c88921b98690c,493140,4b280ae155ac9ee7fa28e5d44db82927f1d27358,8,0.0006600660271942616,Wont Let Me Out,The Boys In The Bright White Sports Car,C-Murder,Trooper (CAN),2005,1976,pop,pop
469583,354ba0cd482b394b47c49a0c6a4c88921b98690c,430560,456c26863f43043105e3365b3d658ebc87c91c02,9,0.0010554089676588774,Wont Let Me Out,Shady Grove,C-Murder,Among The Oak & Ash,2005,2010,pop,pop
469583,354ba0cd482b394b47c49a0c6a4c88921b98690c,211654,20edaf2cffa62bc7ba948f5180a76c85253b5edc,10,0.0009756097570061684,Wont Let Me Out,Chacal,C-Murder,LIZZ LOV3,2005,2016,pop,rap
469583,354ba0cd482b394b47c49a0c6a4c88921b98690c,181192,3c88b01b6e4094ee519752924495a289a9f780a0,11,0.00154440151527524,Wont Let Me Out,The Stranger Part 2 Chapter 3,C-Murder,Albert Camus,2005,2014,pop,misc
469583,354ba0cd482b394b47c49a0c6a4c88921b98690c,213088,d9923d3937f483af93e0db9a9c6d715d60b639b5,12,0.0006896551931276917,Wont Let Me Out,Rick N Morty,C-Murder,Soulja Boy,2005,2021,pop,rap
469583,354ba0cd482b394b47c49a0c6a4c88921b98690c,298437,6ee7bf200c52f5648010994fbe2143048dcfe5c8,13,0.0007092198356986046,Wont Let Me Out,Silver Velvet,C-Murder,The Courtneys,2005,2017,pop,rock
469583,354ba0cd482b394b47c49a0c6a4c88921b98690c,83960,1c88e2742a317d9022ba7bb4c7806478c9ca6f95,14,0.0007843137136660516,Wont Let Me Out,ION Want It,C-Murder,Yo Gotti,2005,2013,pop,rap
469583,354ba0cd482b394b47c49a0c6a4c88921b98690c,165587,a6750ece2e98b0bf9231ea8ed583378c5cb4904a,15,0.001550387591123581,Wont Let Me Out,La song,C-Murder,Lewis Watson,2005,2017,pop,rock
469583,354ba0cd482b394b47c49a0c6a4c88921b98690c,126246,7ce9abf0983778086dcf5e61e3692e0e9151180a,16,0.0015873016091063619,Wont Let Me Out,Boomin,C-Murder,21 Savage,2005,2017,pop,rap
469583,354ba0cd482b394b47c49a0c6a4c88921b98690c,25023,0a12c911ec23b4aafbd45abbd8e48fd6e5459432,17,0.0015384615398943424,Wont Let Me Out,Waves Tame Impala Remix,C-Murder,Miguel,2005,2016,pop,rb
469583,354ba0cd482b394b47c49a0c6a4c88921b98690c,85076,48cc450c766f055619bb37bd5015ada554072318,18,0.005970149300992489,Wont Let Me Out,The Rainbow,C-Murder,Talk Talk,2005,1988,pop,rock
469583,354ba0cd482b394b47c49a0c6a4c88921b98690c,295165,0bdab95d82a75f883a3962b59d645a4d8e187389,19,0.0009345794678665698,Wont Let Me Out,Hold Her Down,C-Murder,Toad the Wet Sprocket,2005,1991,pop,pop
469583,354ba0cd482b394b47c49a0c6a4c88921b98690c,167658,c28543423678498c4b8e0afafd6cbec6ec35a83b,20,0.003418803447857499,Wont Let Me Out,The Dark Knight Rises: Final Scene,C-Murder,Christopher Nolan,2005,2012,pop,misc
502898,3e8b6840e5215b936d1a63b3906f3fbbdf520a05,35995,0e8a7faf47ee0304478b46c5e63e7f3353f4401d,1,0.009677419438958168,Northern Lights,FALLEN Part 2,Ella Henderson,Jaden,2022,2018,pop,rap
502898,3e8b6840e5215b936d1a63b3906f3fbbdf520a05,150766,b6f59047eb81da419e6a3bf7790863b701c8cdf6,2,0.0007233272772282362,Northern Lights,Eggplant,Ella Henderson,Michael Franks,2022,1976,pop,pop
502898,3e8b6840e5215b936d1a63b3906f3fbbdf520a05,103458,2896b4f4e91c5a25aa3d98f80397eba994b4defb,3,0.0018957345746457577,Northern Lights,Blessin Pt. 1,Ella Henderson,Deeman Ohhrite,2022,2015,pop,rap
502898,3e8b6840e5215b936d1a63b3906f3fbbdf520a05,236758,298c2ad2290be0b295f26e27c93898367f2fa154,4,0.0014388489071279764,Northern Lights,For the Baby,Ella Henderson,DaBaby,2022,2018,pop,rap
502898,3e8b6840e5215b936d1a63b3906f3fbbdf520a05,318343,6801c1c18695ada37d4b06be2d194a59e72e325d,5,0.000665557396132499,Northern Lights,Him or Me,Ella Henderson,TODAY,2022,1988,pop,rb
502898,3e8b6840e5215b936d1a63b3906f3fbbdf520a05,326727,974e59735627ec98ad2216db03b58923050aa681,6,0.001005025114864111,Northern Lights,One Night Gigolo,Ella Henderson,H-Town,2022,1994,pop,rb
502898,3e8b6840e5215b936d1a63b3906f3fbbdf520a05,512320,63bae0ee87d53b7436263c8410f9b72e0a5c9382,7,0.005797101650387049,Northern Lights,Push It Up,Ella Henderson,Confidence Man,2022,2022,pop,pop
502898,3e8b6840e5215b936d1a63b3906f3fbbdf520a05,212112,e66516e58a64bfb1b075c0634c7ce1322b5f8370,8,0.0019047618843615055,Northern Lights,I Must Be Wrong,Ella Henderson,Bane's World,2022,2016,pop,pop
502898,3e8b6840e5215b936d1a63b3906f3fbbdf520a05,409122,570a2ac182abc0c54c5bde6bf1b640040b1c7ea2,9,0.0007194244535639882,Northern Lights,Rolling Down My Face,Ella Henderson,Amerie,2022,2005,pop,rb
502898,3e8b6840e5215b936d1a63b3906f3fbbdf520a05,340304,fd3334b2b576faac91342a191f7210297ca23c3a,10,0.0011799409985542297,Northern Lights,Shake It Up,Ella Henderson,E.G. Daily,2022,1983,pop,pop
502898,3e8b6840e5215b936d1a63b3906f3fbbdf520a05,236081,bdfb7dbd9ffde4fcbcea11b645113d92e0ee1803,11,0.0014925373252481222,Northern Lights,I Do Whatcha Say Boo,Ella Henderson,Jon B,2022,1998,pop,rb
502898,3e8b6840e5215b936d1a63b3906f3fbbdf520a05,460211,1dd1b8d3a28b63b27989d37283d79991a4f31b6f,12,0.0007181328255683184,Northern Lights,It Aint the Meat Its the Motion,Ella Henderson,Maria Muldaur,2022,1974,pop,pop
502898,3e8b6840e5215b936d1a63b3906f3fbbdf520a05,395925,78602337a3346fab39d36b26ac6170674c19d552,13,0.00074074073927477,Northern Lights,Night Owl,Ella Henderson,The Righteous Brothers,2022,1964,pop,rock
502898,3e8b6840e5215b936d1a63b3906f3fbbdf520a05,167843,5b58fa522a8086072a4d07081c18d9d2541b731e,14,0.00154440151527524,Northern Lights,Every Day of the Week,Ella Henderson,Jade,2022,1994,pop,rb
502898,3e8b6840e5215b936d1a63b3906f3fbbdf520a05,440521,d701089379f0ec74d89b6014fc20c37f21c1c8e7,15,0.002797202905640006,Northern Lights,Id Run Away,Ella Henderson,The Jayhawks,2022,1995,pop,country
502898,3e8b6840e5215b936d1a63b3906f3fbbdf520a05,377542,39c785d6b69a0a1291b923b4f4297628e48e4c2b,16,0.0006861063302494586,Northern Lights,Let Me Down Easy,Ella Henderson,Bettye LaVette,2022,1965,pop,rb
502898,3e8b6840e5215b936d1a63b3906f3fbbdf520a05,188249,3d4dd7d53e3df61ca6c88e2d9a05b20ebdeae2de,17,0.004301075357943773,Northern Lights,Sam7a,Ella Henderson,Lil Freeny .ft Maman,2022,2019,pop,rap
502898,3e8b6840e5215b936d1a63b3906f3fbbdf520a05,123502,8c92e6320976c1dfb46c702370c560b5620f2757,18,0.002072538947686553,Northern Lights,Baby Snakes,Ella Henderson,Frank Zappa,2022,1979,pop,rock
502898,3e8b6840e5215b936d1a63b3906f3fbbdf520a05,95840,451d4edbcc7c9dcb53a5756191ae6144b10cd5a6,19,0.0026490066666156054,Northern Lights,Balenciaga,Ella Henderson,Cheat Codes,2022,2018,pop,pop
502898,3e8b6840e5215b936d1a63b3906f3fbbdf520a05,55219,be29397cea2fc1c9cde06dc9b909cd18405419b0,20,0.0008298755274154246,Northern Lights,GOT MY NUMBER,Ella Henderson,MONSTA X,2022,2020,pop,pop
45255,a4c0a37c435724e77cc34862519c8e10f8a344e3,116193,c63afe369aab14858b36fddec4d4540cc862bf9d,1,0.009523809887468815,3 AM,뭐해 What Are You Up To,HAIM,Kang Daniel,2020,2019,pop,pop
45255,a4c0a37c435724e77cc34862519c8e10f8a344e3,113585,2549367c426955ae753d2924c2157313285c3ac8,2,0.0028368793427944183,3 AM,Arrested Development Intro,HAIM,Ron Howard,2020,2014,pop,misc
45255,a4c0a37c435724e77cc34862519c8e10f8a344e3,460960,72e2490f69d89bab231246eace939a04874510f2,3,0.0022857142612338066,3 AM,Lost Due to Incompetence,HAIM,Cheech & Chong,2020,1979,pop,pop
45255,a4c0a37c435724e77cc34862519c8e10f8a344e3,419449,89a9e685903976c5c4578802bdeb51bedd7b5a6d,4,0.0036036036908626556,3 AM,Glass,HAIM,Blood Cultures,2020,2019,pop,pop
45255,a4c0a37c435724e77cc34862519c8e10f8a344e3,401979,780d455642d6104d8465cf4e71d8636d45530f9d,5,0.001072386046871543,3 AM,A Man A City Live Fillmore West Dec. 15 1969,HAIM,King Crimson,2020,1997,pop,rock
45255,a4c0a37c435724e77cc34862519c8e10f8a344e3,153951,75eb037b5a9afde2503feccbbb2babb88cc0e0cf,6,0.0021739129442721605,3 AM,Bill Murray,HAIM,Gorillaz,2020,2007,pop,rock
45255,a4c0a37c435724e77cc34862519c8e10f8a344e3,397466,7c93003df20bd60d89c76a9a82efa441b8959373,7,0.0013245033333078027,3 AM,Guwop Talks Sauce,HAIM,Q Da Fool,2020,2015,pop,rap
45255,a4c0a37c435724e77cc34862519c8e10f8a344e3,164722,021736404f9544fe2e736497b8cc1a36ccf8b936,8,0.003738317871466279,3 AM,Just Like Christmas,HAIM,Low,2020,1999,pop,pop
45255,a4c0a37c435724e77cc34862519c8e10f8a344e3,337166,f23bc15adde0dbda8f4a6a0f01c115fbd32d9fe8,9,0.002298850566148758,3 AM,A Thousand Years,HAIM,Tom Rosenthal,2020,2013,pop,pop
45255,a4c0a37c435724e77cc34862519c8e10f8a344e3,510747,7025e82e90c6f0def5073923e18b153168068b22,10,0.0006825938471592963,3 AM,Dimension,HAIM,Excision,2020,2022,pop,pop
45255,a4c0a37c435724e77cc34862519c8e10f8a344e3,404595,b64ba1dfcba0977e01127630b81107e732ea3c80,11,0.003448275849223137,3 AM,You Lost the Starlight in Your Eyes,HAIM,Hammock,2020,2010,pop,pop
45255,a4c0a37c435724e77cc34862519c8e10f8a344e3,16239,613ca392d809cc492df1efb2ceaf610fe2d73956,12,0.001716738217510283,3 AM,Shes Lost Control,HAIM,Joy Division,2020,1979,pop,rock
45255,a4c0a37c435724e77cc34862519c8e10f8a344e3,373143,e49825b3598990b8a3994d8a5291d87c86377b3a,13,0.0012903226306661963,3 AM,Lost In Sound,HAIM,ROY KNOX,2020,2019,pop,pop
45255,a4c0a37c435724e77cc34862519c8e10f8a344e3,36509,b8311971e273b23d5d8540342150dfe7ff655005,14,0.0009153318242169917,3 AM,Im Shipping Up to Boston,HAIM,Dropkick Murphys,2020,2005,pop,rock
45255,a4c0a37c435724e77cc34862519c8e10f8a344e3,415784,879676be48d87e7b2e1badb6eafd0e34617c1cef,15,0.000613496929872781,3 AM,Pablo Escobar,HAIM,Dubdogz,2020,2020,pop,pop
45255,a4c0a37c435724e77cc34862519c8e10f8a344e3,505886,c8f7849575ad24a88d7ce9924618f99ca45c9cc3,16,0.0030075188260525465,3 AM,TV BABY V.2 LATCH KEY MARCH,HAIM,Kilo Kish,2020,2022,pop,pop
45255,a4c0a37c435724e77cc34862519c8e10f8a344e3,81177,2d21a6c588c8d3b23ded35e3f7ec25baf2a87822,17,0.0006451613153330982,3 AM,Slip Away,HAIM,Oh Wonder,2020,2017,pop,pop
45255,a4c0a37c435724e77cc34862519c8e10f8a344e3,332162,548a511c6f1874d3bfbafad923b07bcad9eb4328,18,0.002366863889619708,3 AM,Wild Kidz,HAIM,Vintage Culture & Ricci,2020,2016,pop,pop
45255,a4c0a37c435724e77cc34862519c8e10f8a344e3,360297,31db7dccefaf76bf034932cd7c45dff0f5dfea4d,19,0.0013289035996422172,3 AM,Change Your Mind,HAIM,Inner Wave,2020,2013,pop,pop
45255,a4c0a37c435724e77cc34862519c8e10f8a344e3,396701,e075b7f19731dda69e6bfd447b98f6f11e5b6def,20,0.0006493506371043622,3 AM,HEAT,HAIM,L.A. Rose,2020,2019,pop,rb
500150,d321054046456bb70d75f7bc1fee4fc3ad740b15,501018,84fc5fc8cb2281d121f1d460dfbe90dec7c352d0,1,0.014977375976741314,Blixky What,Top of the City,Nas EBK x Yagi B Trend,MoMoney Moo,2022,2022,rap,rap
500150,d321054046456bb70d75f7bc1fee4fc3ad740b15,123624,5f378db8af0ae8997d76fb132b910c26f548a397,2,0.0013605442363768816,Blixky What,Here For My Habits,Nas EBK x Yagi B Trend,ngie,2022,2018,rap,pop
500150,d321054046456bb70d75f7bc1fee4fc3ad740b15,334173,2d387ced560ac8be5e5ae90feffdb8628e7217ff,3,0.0025316455867141485,Blixky What,Free Crack III Intro,Nas EBK x Yagi B Trend,Lil Bibby,2022,2015,rap,rap
500150,d321054046456bb70d75f7bc1fee4fc3ad740b15,222992,1467da237e4ad0f4bd0aca4521790fbf6f28ee37,4,0.0006666666595265269,Blixky What,Add It Up,Nas EBK x Yagi B Trend,Lil Uzi Vert,2022,2020,rap,rap
500150,d321054046456bb70d75f7bc1fee4fc3ad740b15,166689,b429053f70bef91767293d94ae35798c6c8eda12,5,0.0006600660271942616,Blixky What,Cant Delete You,Nas EBK x Yagi B Trend,Joey Gatto,2022,2017,rap,pop
500150,d321054046456bb70d75f7bc1fee4fc3ad740b15,276283,2b61d0d9069587f7160fdc0bbdb7a530ed49cfa0,6,0.0055555556900799274,Blixky What,Wristwork,Nas EBK x Yagi B Trend,Richy Samo,2022,2016,rap,rap
500150,d321054046456bb70d75f7bc1fee4fc3ad740b15,209326,f7d244456f69aa46cbe98e0661deb04c3c0a9598,7,0.0006172839784994721,Blixky What,HAHAHAHAHA,Nas EBK x Yagi B Trend,Jasiah,2022,2017,rap,rap
500150,d321054046456bb70d75f7bc1fee4fc3ad740b15,278382,3506e712dfd352769aeab004b7743b1bd2aac88c,8,0.0007207207381725311,Blixky What,Everybody Must Get Stoned,Nas EBK x Yagi B Trend,Cypress Hill,2022,1995,rap,rap
500150,d321054046456bb70d75f7bc1fee4fc3ad740b15,47544,05290bb411c46afe5b454ee510ae7b86e8a4a130,9,0.0006191950524225831,Blixky What,I’m With Stupid,Nas EBK x Yagi B Trend,Static-X,2022,2000,rap,rock
500150,d321054046456bb70d75f7bc1fee4fc3ad740b15,361100,d77619f4e1cace4de108ec0b2bd9bd4c6256879f,10,0.0023952096235007048,Blixky What,One More Time,Nas EBK x Yagi B Trend,Sy Ari da Kid,2022,2015,rap,rb
500150,d321054046456bb70d75f7bc1fee4fc3ad740b15,401800,d445535a7f85a257aa653e3316da80a7c86afae1,11,0.0015936255222186446,Blixky What,Trip 2 Cali,Nas EBK x Yagi B Trend,Cuban Doll,2022,2017,rap,misc
500150,d321054046456bb70d75f7bc1fee4fc3ad740b15,322100,ee892de5e0bd9495acfd8f3b14118aa4d821c023,12,0.0014134275261312723,Blixky What,​mama looking down at me,Nas EBK x Yagi B Trend,convolk,2022,2018,rap,rap
500150,d321054046456bb70d75f7bc1fee4fc3ad740b15,106934,e65fe2a0e05926c10bc367e32ee5d78aeca17758,13,0.0010498687624931335,Blixky What,Rick and Morty,Nas EBK x Yagi B Trend,AJ The Kid,2022,2019,rap,rap
500150,d321054046456bb70d75f7bc1fee4fc3ad740b15,67882,b5b882e553acb000edee2344dd6fdddd5f52937c,14,0.0010695187374949455,Blixky What,Switch Up,Nas EBK x Yagi B Trend,R. Kelly,2022,2015,rap,rb
500150,d321054046456bb70d75f7bc1fee4fc3ad740b15,149413,182c576eaf9158f734db20220b24b72cf07ad5dd,15,0.0012461058795452118,Blixky What,Used to Be,Nas EBK x Yagi B Trend,Jack Harlow,2022,2017,rap,rap
500150,d321054046456bb70d75f7bc1fee4fc3ad740b15,142918,16cf089268f8a9fc3db5a867da0b1837a9a9caa7,16,0.000606060610152781,Blixky What,Night Off,Nas EBK x Yagi B Trend,Teddy Swims,2022,2019,rap,rb
500150,d321054046456bb70d75f7bc1fee4fc3ad740b15,24215,1592d7be46cf4f84d9df848a3f5d87fbdeb1443f,17,0.0007259527919813991,Blixky What,Caliber,Nas EBK x Yagi B Trend,Desiigner,2022,2016,rap,rap
500150,d321054046456bb70d75f7bc1fee4fc3ad740b15,436898,387be2ba78f55452cd211a0465ca11d7c98df586,18,0.0029850746504962444,Blixky What,Hittin Like,Nas EBK x Yagi B Trend,Travis Porter,2022,2015,rap,rap
500150,d321054046456bb70d75f7bc1fee4fc3ad740b15,318250,ce1bf2b53ee4afe4b44d97bcf22d54b66a267151,19,0.0021052630618214607,Blixky What,Sauce Like the Drip,Nas EBK x Yagi B Trend,Yung Bans,2022,2017,rap,rap
500150,d321054046456bb70d75f7bc1fee4fc3ad740b15,139428,924669453236a64a18d51187cc7532291d268a47,20,0.000992555869743228,Blixky What,Im Gon Win,Nas EBK x Yagi B Trend,DeJ Loaf,2022,2016,rap,rap
179031,a8a1faf10184e7c890b0a7466eb959a347271ac9,6338,39f5fc16025de4cb3be1386d7e453a9fe3208df3,1,0.015023041516542435,Pinocchio Story Freestyle Style Live At Hollywood Bowl 2015,Pinocchio Story,Kanye West,Kanye West,2015,2008,rap,pop
179031,a8a1faf10184e7c890b0a7466eb959a347271ac9,162924,4f86cea5801626cbfa309e3d255a55b29d0b35a9,2,0.004494382068514824,Pinocchio Story Freestyle Style Live At Hollywood Bowl 2015,Juice Streaming Version,Kanye West,Chance the Rapper,2015,2019,rap,misc
179031,a8a1faf10184e7c890b0a7466eb959a347271ac9,133587,a6d0b9b2a41f6066e33a7a4ea38a27490da10b38,3,0.0032786885276436806,Pinocchio Story Freestyle Style Live At Hollywood Bowl 2015,Alec Eiffel,Kanye West,Pixies,2015,1991,rap,rock
179031,a8a1faf10184e7c890b0a7466eb959a347271ac9,129090,5c7ea2f17e2847067b6a5f03f8b7a2aaf89e9890,4,0.0011627906933426857,Pinocchio Story Freestyle Style Live At Hollywood Bowl 2015,Guys Named Todd,Kanye West,George Carlin,2015,2001,rap,pop
179031,a8a1faf10184e7c890b0a7466eb959a347271ac9,317192,33aa9a9b4118e413ef51842af7dcb88cc9dbfc76,5,0.0029850746504962444,Pinocchio Story Freestyle Style Live At Hollywood Bowl 2015,Shes A Killer,Kanye West,Justin OH,2015,2018,rap,pop
179031,a8a1faf10184e7c890b0a7466eb959a347271ac9,49553,3afd9e0f2a65c721a8e073915f232a7801b5ab7a,6,0.0033333334140479565,Pinocchio Story Freestyle Style Live At Hollywood Bowl 2015,409,Kanye West,The Beach Boys,2015,1962,rap,pop
179031,a8a1faf10184e7c890b0a7466eb959a347271ac9,479507,3e07f57c63a1a9681abddea2133777c9d5d2fde4,7,0.0034782609436661005,Pinocchio Story Freestyle Style Live At Hollywood Bowl 2015,I Know a Place The Creek Song,Kanye West,BIuey,2015,2021,rap,pop
179031,a8a1faf10184e7c890b0a7466eb959a347271ac9,104146,25d84939adab2efb493dfc2a7497690a569c2d78,8,0.004545454401522875,Pinocchio Story Freestyle Style Live At Hollywood Bowl 2015,2014 NFC Championship Postgame Rant,Kanye West,Richard Sherman (Athlete),2015,2014,rap,misc
179031,a8a1faf10184e7c890b0a7466eb959a347271ac9,335541,b60dde1a2f1e0807deaf9f9af8677caa584e507b,9,0.0036036036908626556,Pinocchio Story Freestyle Style Live At Hollywood Bowl 2015,Preface,Kanye West,Whirr,2015,2011,rap,pop
179031,a8a1faf10184e7c890b0a7466eb959a347271ac9,51919,ae823dd8d1651bc46cebf9cf4b107a484e2f8033,10,0.0008988764020614326,Pinocchio Story Freestyle Style Live At Hollywood Bowl 2015,Ku Ku,Kanye West,Bilal Saeed,2015,2012,rap,pop
179031,a8a1faf10184e7c890b0a7466eb959a347271ac9,29978,4b6db3b0afe8df4e8b232f401729b550a6ab8e1b,11,0.003508772002533078,Pinocchio Story Freestyle Style Live At Hollywood Bowl 2015,Low Rider,Kanye West,War,2015,1975,rap,rock
179031,a8a1faf10184e7c890b0a7466eb959a347271ac9,380105,603c6310cba85f924c1ae07bc2de286392437b68,12,0.0037735849618911743,Pinocchio Story Freestyle Style Live At Hollywood Bowl 2015,Cherry Cola,Kanye West,Eagles of Death Metal,2015,2006,rap,rock
179031,a8a1faf10184e7c890b0a7466eb959a347271ac9,118366,5eece0f38414da742959a9104153e7a0c190c39f,13,0.0006299212691374123,Pinocchio Story Freestyle Style Live At Hollywood Bowl 2015,Grazing In The Grass,Kanye West,The Friends of Distinction,2015,1969,rap,rb
179031,a8a1faf10184e7c890b0a7466eb959a347271ac9,94483,07dcc460f300b44fea2cb7292a39f4827ecd8f1b,14,0.001687763724476099,Pinocchio Story Freestyle Style Live At Hollywood Bowl 2015,Jim Brown,Kanye West,Wiz Khalifa,2015,2014,rap,rap
179031,a8a1faf10184e7c890b0a7466eb959a347271ac9,418087,b94299f654c17fcc819ff4c79d34066051a5cfaf,15,0.0008791208965703845,Pinocchio Story Freestyle Style Live At Hollywood Bowl 2015,Spotify premium ad 2,Kanye West,Spotify,2015,2019,rap,pop
179031,a8a1faf10184e7c890b0a7466eb959a347271ac9,85299,ab09df8f29396a08feeb62db1066d56d589ea865,16,0.0021739129442721605,Pinocchio Story Freestyle Style Live At Hollywood Bowl 2015,Chef Curry With The Pot,Kanye West,Ayesha Curry,2015,2014,rap,rap
179031,a8a1faf10184e7c890b0a7466eb959a347271ac9,43658,5d1922c0a61b6d84dd97ec5d1d9220134b1c7304,17,0.0006546644726768136,Pinocchio Story Freestyle Style Live At Hollywood Bowl 2015,Hand on My Gat,Kanye West,PolitikZ,2015,2016,rap,rap
179031,a8a1faf10184e7c890b0a7466eb959a347271ac9,133923,f989d9ffdc61951e25080cadc504a25c03d23d0c,18,0.0030303029343485832,Pinocchio Story Freestyle Style Live At Hollywood Bowl 2015,Deep in the Night Interlude,Kanye West,Tinashe,2015,2014,rap,rb
179031,a8a1faf10184e7c890b0a7466eb959a347271ac9,269208,f4550463a24993f25f619a5e8cb5f01352a21bc5,19,0.004166666883975267,Pinocchio Story Freestyle Style Live At Hollywood Bowl 2015,Real Cool Time,Kanye West,The Stooges,2015,1969,rap,rock
179031,a8a1faf10184e7c890b0a7466eb959a347271ac9,254687,108c4e9579dc8882df14e0e8018d7a62a3ffe153,20,0.003389830468222499,Pinocchio Story Freestyle Style Live At Hollywood Bowl 2015,Everytime,Kanye West,Louis Cole,2015,2018,rap,pop
363324,ed7c90bc11459bb69bf914cd13156282dd2bc1b5,141579,0a8c63e9ecb640deb072bb3df8cccff9103c1ee2,1,0.0113100316375494,Pull Up to the Spot,Roc wit U,Playboi Carti,Young Thug,2019,2016,rap,rap
363324,ed7c90bc11459bb69bf914cd13156282dd2bc1b5,317912,ca867d5f0cbf446eb92b85e8934034ea81dd7d75,2,0.002298850566148758,Pull Up to the Spot,The reddit Front Page is Not a Meritocracy,Playboi Carti,ATodd,2019,2014,rap,misc
363324,ed7c90bc11459bb69bf914cd13156282dd2bc1b5,24269,702482a37942c6638cc0e4b65391cd4415453369,3,0.0008849557489156723,Pull Up to the Spot,Messis Career Honours,Playboi Carti,Lionel Messi,2019,2014,rap,misc
363324,ed7c90bc11459bb69bf914cd13156282dd2bc1b5,338554,31b9fcfb38fe9b9be947ce376b14d56d6c3b17f1,4,0.0007029877160675824,Pull Up to the Spot,What About the 10000-Hour Rule?,Playboi Carti,Tim Ferriss,2019,2013,rap,misc
363324,ed7c90bc11459bb69bf914cd13156282dd2bc1b5,319516,12afe769d1d9796e6db4b2cc3fa624aa10244c2a,5,0.0017316017765551805,Pull Up to the Spot,Bonnie  Clyde,Playboi Carti,2Scratch,2019,2018,rap,pop
363324,ed7c90bc11459bb69bf914cd13156282dd2bc1b5,44352,f8956585ca1e4e66b67043a96825a299fbb6fb08,6,0.0007220216793939471,Pull Up to the Spot,Interlude: For Us by Us,Playboi Carti,Solange,2019,2016,rap,rb
363324,ed7c90bc11459bb69bf914cd13156282dd2bc1b5,46195,e8a812a523b61478003372ce9f40b774f5baea16,7,0.002721088472753763,Pull Up to the Spot,Young Abu Dhabi,Playboi Carti,Chinx,2019,2015,rap,rap
363324,ed7c90bc11459bb69bf914cd13156282dd2bc1b5,392424,64cad2f8909f5c5b67834e174a2548860972a1e4,8,0.0007968127611093223,Pull Up to the Spot,Most Searched Books August 2013,Playboi Carti,Google Trends,2019,2013,rap,misc
363324,ed7c90bc11459bb69bf914cd13156282dd2bc1b5,447392,abd8c838aaf7e24c09a54388d17a0f1b28f4116b,9,0.005970149300992489,Pull Up to the Spot,Cool,Playboi Carti,White Reaper,2019,2014,rap,pop
363324,ed7c90bc11459bb69bf914cd13156282dd2bc1b5,511331,9835f231cba04ce7068f015ade3a8b4e538861b7,10,0.0060606058686971664,Pull Up to the Spot,Toyboat,Playboi Carti,Sharon Van Etten,2019,2022,rap,pop
363324,ed7c90bc11459bb69bf914cd13156282dd2bc1b5,305412,7d1c04e1cbc7c499937d61bb388cf523eba30ad6,11,0.0010899183107540011,Pull Up to the Spot,Sautéed Asparagus / Me Time Sauce,Playboi Carti,2 Chainz,2019,2013,rap,misc
363324,ed7c90bc11459bb69bf914cd13156282dd2bc1b5,437976,823d9aa3f10e3b5188ce26c7312b688c1b4cfbe9,12,0.0009900990407913923,Pull Up to the Spot,Brighter Future,Playboi Carti,Big Gigantic,2019,2016,rap,pop
363324,ed7c90bc11459bb69bf914cd13156282dd2bc1b5,221656,e2df384407d4df3930a41be4367cc3a8786d4014,13,0.00615384615957737,Pull Up to the Spot,52 Fabrics,Playboi Carti,Skooly,2019,2018,rap,rap
363324,ed7c90bc11459bb69bf914cd13156282dd2bc1b5,492302,389901e716313cd4a9aabe815fd6a028fe766e6f,14,0.000798403169028461,Pull Up to the Spot,Preservatives,Playboi Carti,Algernon Cadwallader,2019,2011,rap,rock
363324,ed7c90bc11459bb69bf914cd13156282dd2bc1b5,276286,61b36c2a959a54db8f44c0d330cd1a4fcc6d7515,15,0.0013422819320112467,Pull Up to the Spot,I Dont Wanna Go Home,Playboi Carti,Wiz Khalifa,2019,2017,rap,rap
363324,ed7c90bc11459bb69bf914cd13156282dd2bc1b5,284734,b96ff971cdddd632e9a60d4f1e82832ec6e2f9f0,16,0.0007380073657259345,Pull Up to the Spot,Efa Wo Ho Ben,Playboi Carti,E.L,2019,2019,rap,rap
363324,ed7c90bc11459bb69bf914cd13156282dd2bc1b5,444951,cfab8cc0d40046f541bb63939964e4174462ada1,17,0.0006319115054793656,Pull Up to the Spot,Little Metal Box,Playboi Carti,"Red Shirt, Blue Shirt",2019,2016,rap,pop
363324,ed7c90bc11459bb69bf914cd13156282dd2bc1b5,266532,f01e341168bca6d697745e9658249f03ba93a60f,18,0.0007042253273539245,Pull Up to the Spot,Skin,Playboi Carti,Jamie Woon,2019,2015,rap,rb
363324,ed7c90bc11459bb69bf914cd13156282dd2bc1b5,326667,930c1cee2578436fcec095265a20b7f7ba2010e5,19,0.005797101650387049,Pull Up to the Spot,Super Fly,Playboi Carti,Jauz,2019,2018,rap,pop
363324,ed7c90bc11459bb69bf914cd13156282dd2bc1b5,128174,4b6d87ff3e73a7e7bbec2e59a1d76e28e2a65ce1,20,0.001098901149816811,Pull Up to the Spot,Be Thankful for What You’ve Got,Playboi Carti,Massive Attack,2019,1991,rap,rb
137148,0b5da9ddda0f17c737dd5fbbd1055e4225491459,238789,4fa9432363a1bd7f716392a406e68a08e9069a63,1,0.009677419438958168,Motivation,Men of Respect,Lil Wayne,Mathematics,2005,2013,rap,rap
137148,0b5da9ddda0f17c737dd5fbbd1055e4225491459,370646,3ad175f226aac5b3c4bcc294756255c36e265767,2,0.0012539185117930174,Motivation,Plur Genocide,Lil Wayne,Carnage,2005,2018,rap,pop
137148,0b5da9ddda0f17c737dd5fbbd1055e4225491459,503130,6c0058aa65f511e284e874bd429abd45ed3c5b3c,3,0.0011869436129927635,Motivation,Happy Stutter,Lil Wayne,Suave Lee,2005,2022,rap,rap
137148,0b5da9ddda0f17c737dd5fbbd1055e4225491459,328224,b49d3c0e6e86f5f3b8abe67972b1c2a1e9f79e21,4,0.0011019284138455987,Motivation,The Hat Store,Lil Wayne,Jank,2005,2015,rap,rock
137148,0b5da9ddda0f17c737dd5fbbd1055e4225491459,256345,6193a116cfd407e2f308f225afb7c658a5daa18d,5,0.0011976048117503524,Motivation,Time And Space - Outro,Lil Wayne,Lido,2005,2018,rap,pop
137148,0b5da9ddda0f17c737dd5fbbd1055e4225491459,284662,8188b32e9368177b3856bdb51fbd9a3ded0be31b,6,0.0012012012302875519,Motivation,Driver,Lil Wayne,Pendulum,2005,2020,rap,pop
137148,0b5da9ddda0f17c737dd5fbbd1055e4225491459,125025,ab75bfd6e38fd0f1c11ddf5870f029e33f02c801,7,0.001355932210572064,Motivation,Wake Up,Lil Wayne,Cheese People,2005,2008,rap,pop
137148,0b5da9ddda0f17c737dd5fbbd1055e4225491459,391490,a23ec66e9330c981a08adb93f89e772e87a44a9e,8,0.0013377926079556346,Motivation,I Dont Give a Shit,Lil Wayne,GG Allin & The Scumfucs,2005,1983,rap,rock
137148,0b5da9ddda0f17c737dd5fbbd1055e4225491459,37434,ec178eeb96ad2f6367108196c3cf763d6b8f3cad,9,0.0011527377646416426,Motivation,On I Go,Lil Wayne,Fiona Apple,2005,2020,rap,rock
137148,0b5da9ddda0f17c737dd5fbbd1055e4225491459,71000,c49e3eedcb7081110424b3767bcc991dc62faf6e,10,0.0011111111380159855,Motivation,DJ Turn It Up,Lil Wayne,Yellow Claw,2005,2013,rap,pop
137148,0b5da9ddda0f17c737dd5fbbd1055e4225491459,335420,7762dde02748c68e5906b92fa7f631a5441d37eb,11,0.001398601452820003,Motivation,I’m Tired of This,Lil Wayne,Joshua Bassett,2005,2020,rap,pop
137148,0b5da9ddda0f17c737dd5fbbd1055e4225491459,445183,2843ccb77906808e438450f95ccd337b88606d9c,12,0.0012195121962577105,Motivation,Erica America,Lil Wayne,Jens Lekman,2005,2012,rap,rock
137148,0b5da9ddda0f17c737dd5fbbd1055e4225491459,113223,eb46a96ecd275d245c81c7390454b083ae0ae630,13,0.0011049723252654076,Motivation,Ur Girls Favorite Food,Lil Wayne,Dolan Twins,2005,2017,rap,rap
137148,0b5da9ddda0f17c737dd5fbbd1055e4225491459,222221,5f9fb7ade721437a2e59cdbafb8dcc6e76a0fc6d,14,0.003846153849735856,Motivation,Beat Laments the World,Lil Wayne,Nujabes,2005,2003,rap,rap
137148,0b5da9ddda0f17c737dd5fbbd1055e4225491459,257817,da8ef192491da5049976f7851aab420e079cc9c5,15,0.0012461058795452118,Motivation,In Time,Lil Wayne,CAZZETTE,2005,2018,rap,pop
137148,0b5da9ddda0f17c737dd5fbbd1055e4225491459,144245,1050a4e8061fd3fde8b8dc98f587405370d21c7f,16,0.0011730205733329058,Motivation,A Dedicated Instrumental,Lil Wayne,Jon Bellion,2005,2013,rap,pop
137148,0b5da9ddda0f17c737dd5fbbd1055e4225491459,207347,19f91b9545665e866ba9a7e00e24b67aef0ec89e,17,0.0009569377871230245,Motivation,The Little Fly,Lil Wayne,Seamus Kennedy,2005,1991,rap,rock
137148,0b5da9ddda0f17c737dd5fbbd1055e4225491459,436217,acec596e8878ef6a577caa5d8275eb2b1ff6a6d3,18,0.0011904762359336019,Motivation,In With the New,Lil Wayne,Inclination,2005,2017,rap,rock
137148,0b5da9ddda0f17c737dd5fbbd1055e4225491459,458599,9a0915440187423a860b00c840b5bcc01406fa80,19,0.0013422819320112467,Motivation,Lights Up,Lil Wayne,Flight Facilities,2005,2021,rap,pop
137148,0b5da9ddda0f17c737dd5fbbd1055e4225491459,506567,361c1ce458c293fbfbca0980976ef17f56edcb94,20,0.0011142061557620764,Motivation,Drowning,Lil Wayne,Mura Masa,2005,2022,rap,pop
326790,297a1ad591be96bb5ba82c285b75eb6491618441,129602,efbba158ed78c3101f39ff43193801301524a062,1,0.009677419438958168,At It Again,Madchild vs Daylyt,Chris Webby,King of the Dot,2012,2015,rap,rap
326790,297a1ad591be96bb5ba82c285b75eb6491618441,40269,3ca10ddc5d558a55b34e3ef40682f3b23ccb869a,2,0.0006920415326021612,At It Again,742617000027,Chris Webby,Slipknot,2012,1999,rap,rock
326790,297a1ad591be96bb5ba82c285b75eb6491618441,316931,6fb531fbbfa119edafd2ab2a00d898aebd120127,3,0.001208459259942174,At It Again,Careers In Combat,Chris Webby,Parquet Courts,2012,2012,rap,rock
326790,297a1ad591be96bb5ba82c285b75eb6491618441,266592,2603e1a871f67c83f73e4a1c4e11c502529857a7,4,0.0028985508251935244,At It Again,Dice,Chris Webby,Puzzle (Fletcher Shears),2012,2016,rap,pop
326790,297a1ad591be96bb5ba82c285b75eb6491618441,318121,44e766afc7e63a62a5870229af324c5c86a9c59a,5,0.0006993007264100015,At It Again,Frozen,Chris Webby,Madonna & Sickick,2012,2021,rap,pop
326790,297a1ad591be96bb5ba82c285b75eb6491618441,391678,16ed1ed99d38fec2dcca06af3bab85cfb927e2b1,6,0.0026315790601074696,At It Again,Go Slowly Now Sands of Time,Chris Webby,Tuomas Holopainen,2012,2014,rap,rock
326790,297a1ad591be96bb5ba82c285b75eb6491618441,204554,01a9d350926724b983e54a5b0bfebf5abbb17f9c,7,0.0026143791619688272,At It Again,Hunter,Chris Webby,Deep Throat Choir,2012,2017,rap,pop
326790,297a1ad591be96bb5ba82c285b75eb6491618441,227682,0738374b240e8355a2752db5da0076de9c996322,8,0.0034782609436661005,At It Again,Looking for Satellites,Chris Webby,David Bowie,2012,1997,rap,rock
326790,297a1ad591be96bb5ba82c285b75eb6491618441,256906,d5b741ada03f448f630c2f93922fa1870fc65181,9,0.0006430867942981422,At It Again,Unforgivable 1,Chris Webby,Hodge Stansson,2012,2006,rap,misc
326790,297a1ad591be96bb5ba82c285b75eb6491618441,412669,731b06263c5e28e9c9b14ce5a08b7ddc42238891,10,0.0007042253273539245,At It Again,Always On My Mind,Chris Webby,Sick Luke,2012,2019,rap,rap
326790,297a1ad591be96bb5ba82c285b75eb6491618441,269188,c2e24593c2e3f6da42bbe1f38307aa814ec8365f,11,0.0060606058686971664,At It Again,Woman Rages Over Extra McRib McScuse Me Bitch?,Chris Webby,"Carla ""Libbie"" Higgins",2012,2020,rap,pop
326790,297a1ad591be96bb5ba82c285b75eb6491618441,403468,804f03b228560a5c75d08baae4d3a95bc0a96851,12,0.003921568859368563,At It Again,Hourglass,Chris Webby,Homesafe,2012,2016,rap,rock
326790,297a1ad591be96bb5ba82c285b75eb6491618441,428951,2957df465fccd49898edeb7949411b3a22879f9a,13,0.0007029877160675824,At It Again,Scoot the Burbs,Chris Webby,Vine,2012,2016,rap,rock
326790,297a1ad591be96bb5ba82c285b75eb6491618441,61958,9e40232ada38bb3b3464f46804e37fcf3f703988,14,0.0010610079625621438,At It Again,Chicken Soup,Chris Webby,Habstrakt & Skrillex,2012,2017,rap,pop
326790,297a1ad591be96bb5ba82c285b75eb6491618441,419715,8d9fc759b5d2aa6cbb5398532c33fc13dd40344d,15,0.004651162773370743,At It Again,Sons of Europe,Chris Webby,Death in June,2012,1984,rap,rock
326790,297a1ad591be96bb5ba82c285b75eb6491618441,360112,d291246cc0274b77d1034c14770bb85181aaba11,16,0.0038834952283650637,At It Again,Push Emission Whore Moans,Chris Webby,SOPHIE,2012,2019,rap,pop
326790,297a1ad591be96bb5ba82c285b75eb6491618441,175264,470983157752da4e780d2abc3ab18c5218f45368,17,0.0008583691087551415,At It Again,Antifa,Chris Webby,Ministry,2012,2018,rap,rock
326790,297a1ad591be96bb5ba82c285b75eb6491618441,490020,da4fcae4397d4c084c26100285307938213d8178,18,0.0006329113966785371,At It Again,Dead with My Friends,Chris Webby,Iron Reagan,2012,2017,rap,rock
326790,297a1ad591be96bb5ba82c285b75eb6491618441,502993,2c3a13e2e4f189ff2a2e665cb33ca0c05a072da3,19,0.0006980802863836288,At It Again,Elevators,Chris Webby,Gabi DeMartino,2012,2022,rap,pop
326790,297a1ad591be96bb5ba82c285b75eb6491618441,403293,50497cd66ae551ab483502709684facadc181c71,20,0.0006968640955165029,At It Again,Her Again,Chris Webby,Sleater-Kinney,2012,1995,rap,rock
362405,9ad151cfae04fba07a90af11e9a01bde33327494,134760,5d9dbe5f05b865634ac5e58b6b31f67854bd8037,1,0.016129031777381897,Let Em Have It Original Version,Let Em Have It Committee Mix,2Pac,2Pac,1996,2001,rap,rap
362405,9ad151cfae04fba07a90af11e9a01bde33327494,374531,eca5f388df7947d676b8f5612c9648471d0f2dbb,2,0.0008264462812803686,Let Em Have It Original Version,I Need You,2Pac,Ungu,1996,2010,rap,pop
362405,9ad151cfae04fba07a90af11e9a01bde33327494,431295,8ce0fe4d7242759d9bcd230c876f5ae6564f788a,3,0.002453987719491124,Let Em Have It Original Version,Cant Do A Thing To Stop Me,2Pac,Chris Isaak,1996,1993,rap,pop
362405,9ad151cfae04fba07a90af11e9a01bde33327494,410492,bd7620a1e6474e11fd4cf3d9769c199afbea5231,4,0.0010752688394859433,Let Em Have It Original Version,Num num,2Pac,The dnc,1996,2009,rap,pop
362405,9ad151cfae04fba07a90af11e9a01bde33327494,99443,7282cb6c90d5a6b67af38488a96f125f3ac140c9,5,0.0015094339614734054,Let Em Have It Original Version,Bitches Reply,2Pac,DJ Jimi,1996,1992,rap,rap
362405,9ad151cfae04fba07a90af11e9a01bde33327494,381210,f99c3d2a6dff494fe7504ff58eba9497ebfc6974,6,0.0008163265301845968,Let Em Have It Original Version,Me you and Hennessy,2Pac,Kdthesinger,1996,2017,rap,rap
362405,9ad151cfae04fba07a90af11e9a01bde33327494,405969,c38a2c5d9f92bf0d3bc78ea68d1587509b3e589c,7,0.001550387591123581,Let Em Have It Original Version,Big Legs Tight Skirt,2Pac,John Lee Hooker,1996,1964,rap,rock
362405,9ad151cfae04fba07a90af11e9a01bde33327494,482720,976a70752ea77cfcd2210396030679d29a7536e4,8,0.0012658227933570743,Let Em Have It Original Version,PULL UP,2Pac, J. Rey Soul & will.i.am,1996,2021,rap,pop
362405,9ad151cfae04fba07a90af11e9a01bde33327494,74118,8cd24ab177eec3424a5062858ebe956f8048ce8a,9,0.002439024392515421,Let Em Have It Original Version,Thot Breaker,2Pac,Chief Keef,1996,2014,rap,rap
362405,9ad151cfae04fba07a90af11e9a01bde33327494,248838,923ba7302092073a8981f02060104e77bce46411,10,0.001095890416763723,Let Em Have It Original Version,Without You,2Pac,Alaine,1996,2015,rap,pop
362405,9ad151cfae04fba07a90af11e9a01bde33327494,321340,82796ad4115a91a6c9d1e0478d703fa1315f61d1,11,0.003448275849223137,Let Em Have It Original Version,Tallahassee Lassie,2Pac,Freddy Cannon,1996,1959,rap,pop
362405,9ad151cfae04fba07a90af11e9a01bde33327494,148860,44b15128e7ae5975cd48913112e0470088214755,12,0.0011396011104807258,Let Em Have It Original Version,On My Mind,2Pac,3LAU,1996,2017,rap,pop
362405,9ad151cfae04fba07a90af11e9a01bde33327494,140370,a2473de418519178b49da14d00347baf13ff5ff6,13,0.0006441223667934537,Let Em Have It Original Version,9 Months Until Next September,2Pac,PARTYNEXTDOOR,1996,2014,rap,rb
362405,9ad151cfae04fba07a90af11e9a01bde33327494,344250,4197447f833af809130491773db5b3aa5cf5c643,14,0.0006611570133827627,Let Em Have It Original Version,Chuck Baby,2Pac,Chuck Brown,1996,2007,rap,pop
362405,9ad151cfae04fba07a90af11e9a01bde33327494,311183,a6bce8d58fff7ea0b49731ab5902602dc005de85,15,0.0006289308075793087,Let Em Have It Original Version,Take It Easy,2Pac,BVRNOUT,1996,2017,rap,pop
362405,9ad151cfae04fba07a90af11e9a01bde33327494,408598,d5b9595440264f49d78d2b9a9eddd0eca11b5f85,16,0.0006482982425950468,Let Em Have It Original Version,Girls,2Pac,Pitbull,1996,2009,rap,pop
362405,9ad151cfae04fba07a90af11e9a01bde33327494,165201,5a0ba946de21edbe217f175fb36e484eeccd345d,17,0.0008830021834000945,Let Em Have It Original Version,Stickshifts and Safetybelts,2Pac,CAKE,1996,1996,rap,rock
362405,9ad151cfae04fba07a90af11e9a01bde33327494,251639,10faab8c996deef6df164bc545b8cad0f3b59cb4,18,0.0011111111380159855,Let Em Have It Original Version,Baby Bottle Bop Theme Song,2Pac,Jonas Brothers,1996,2007,rap,rock
362405,9ad151cfae04fba07a90af11e9a01bde33327494,123747,71531a4a489fbc7bac1793896731cfce37f3a687,19,0.0007079645874910057,Let Em Have It Original Version,Slipping Away 1996,2Pac,Mariah Carey,1996,1995,rap,pop
362405,9ad151cfae04fba07a90af11e9a01bde33327494,446276,86c05992597d9098f2209043d89c5d91be658539,20,0.002247191034257412,Let Em Have It Original Version,Million Dollar Babe,2Pac,Stacy Lattisaw,1996,1983,rap,pop
156899,2163cc3c09328f79c4145a397351e927cea5e371,198489,cede54e250117faf749a1c8746c7c17ed22b177c,1,0.01032547652721405,Deepest Trenches,OJB Plugged In Freestyle,OTP,OJB,2020,2020,rap,rap
156899,2163cc3c09328f79c4145a397351e927cea5e371,485526,545c7764ef2a192ec84cde25cfa882ae2086ef6d,2,0.004545454401522875,Deepest Trenches,Yaw,OTP,Nouns,2020,2013,rap,rock
156899,2163cc3c09328f79c4145a397351e927cea5e371,355798,354e2e0165cd66f43a50295d9edfad16ccde391e,3,0.0007889546104706824,Deepest Trenches,Belief,OTP,Neurosis,2020,1999,rap,rock
156899,2163cc3c09328f79c4145a397351e927cea5e371,344596,c74fdaf756b2a2c8bc01942b151f18c6e8d988c8,4,0.0016806722851470113,Deepest Trenches,Night  Day,OTP,Hot Chip,2020,2012,rap,rock
156899,2163cc3c09328f79c4145a397351e927cea5e371,259154,a83099ad624492755b6714b74e5dc76542d579b7,5,0.004597701132297516,Deepest Trenches,Sweat of the Bud,OTP,Static-X,2020,1999,rap,rock
156899,2163cc3c09328f79c4145a397351e927cea5e371,473778,538124b6ad0d2b23c53c6b1393cf5f1b93eda4e6,6,0.004705882165580988,Deepest Trenches,Directional,OTP,Indian,2020,2014,rap,rock
156899,2163cc3c09328f79c4145a397351e927cea5e371,505780,4964ea5fc23389de7fe051f566e2fdc66caa784e,7,0.000665557396132499,Deepest Trenches,​watercolor puddles,OTP,aldrch & poptropicaslutz!,2020,2022,rap,pop
156899,2163cc3c09328f79c4145a397351e927cea5e371,366259,0db3ad20dd50dbd0f877b026a3ad7fa479f85ed2,8,0.0016666667070239782,Deepest Trenches,Empire,OTP,Alpines,2020,2012,rap,pop
156899,2163cc3c09328f79c4145a397351e927cea5e371,403751,a059422ae4c8fa7bafef9b93ded6600298420d10,9,0.0007782101165503263,Deepest Trenches,UK Drill Videos be like... Get Man Down,OTP,MBbants,2020,2020,rap,misc
156899,2163cc3c09328f79c4145a397351e927cea5e371,334593,a555480cfc0283b036ba9c749f2afd2a358951df,10,0.0014388489071279764,Deepest Trenches,Little Honda,OTP,Yo La Tengo,2020,1997,rap,rock
156899,2163cc3c09328f79c4145a397351e927cea5e371,473073,c974bf050defb248dd6e372e2beafc7907d8b24d,11,0.0006589785916730762,Deepest Trenches,Not Ready For Love,OTP,Tyne-James Organ,2020,2020,rap,rock
156899,2163cc3c09328f79c4145a397351e927cea5e371,231657,9dcb645ab115c8eea164e38e1d3200fc3cad68dc,12,0.0024691359139978886,Deepest Trenches,Documentary Filmmaker,OTP,Squid,2020,2021,rap,rock
156899,2163cc3c09328f79c4145a397351e927cea5e371,182336,dd36707627c9dd11ec94bb3e833b0e472803bea6,13,0.000961538462433964,Deepest Trenches,Cold Sweat,OTP,Church of the Cosmic Skull,2020,2018,rap,rock
156899,2163cc3c09328f79c4145a397351e927cea5e371,494528,a35bcc53225c509518f2a9efcf598aa95db80689,14,0.0009259259095415473,Deepest Trenches,Long Gone,OTP,Weedeater,2020,2011,rap,rock
156899,2163cc3c09328f79c4145a397351e927cea5e371,257054,0e8b2492b527036d0dadbc9bebbc59664ccde6ab,15,0.004081632476300001,Deepest Trenches,Sweat A La La La La Song,OTP,John Gibbons,2020,2018,rap,pop
156899,2163cc3c09328f79c4145a397351e927cea5e371,310653,d1a769c6f7b277d161235974e43a7db60f345c71,16,0.0011363636003807187,Deepest Trenches,The Container Drivers,OTP,The Fall,2020,1980,rap,pop
156899,2163cc3c09328f79c4145a397351e927cea5e371,462474,2445d632735d3afb8c1ea32b6a9a31d35ff2db71,17,0.0006711409660056233,Deepest Trenches,Machine Bitez 6,OTP,Gorillaz,2020,2020,rap,misc
156899,2163cc3c09328f79c4145a397351e927cea5e371,283796,2e46595e0a6b6526f69d8b9b5a08503ce9c168b0,18,0.004444444552063942,Deepest Trenches,Coldsweat,OTP,The Sugarcubes,2020,1988,rap,rock
156899,2163cc3c09328f79c4145a397351e927cea5e371,352092,9efbb30aaf9e186a1d76fd20c5b49ef2dccb1305,19,0.0009732359903864563,Deepest Trenches,I Been Livin,OTP,Liv.e,2020,2020,rap,rb
156899,2163cc3c09328f79c4145a397351e927cea5e371,296844,1d2e98e0daea5145ff7c4b401e29a6f43e9e57aa,20,0.002424242440611124,Deepest Trenches,Lights,OTP,SOHN,2020,2014,rap,pop
461271,72893194cd52dbf7ab3c216c88c41405aec573e8,28594,10b869d5db996d43581811954dd3a219f05c01d1,1,0.016129031777381897,Pride N Joy Remix,Pride N Joy,Fat Joe,Fat Joe,2012,2012,rap,rap
461271,72893194cd52dbf7ab3c216c88c41405aec573e8,142269,2bfa118c816009b175dd4e52fe6631f7694f598a,2,0.0006568144308403134,Pride N Joy Remix,Spin the Black Circle,Fat Joe,Pearl Jam,2012,1994,rap,rock
461271,72893194cd52dbf7ab3c216c88c41405aec573e8,159968,d12d109504b7816b49328d2f38041ed85e592a67,3,0.0007339449366554618,Pride N Joy Remix,The Muffin Man,Fat Joe,Ella Fitzgerald,2012,1995,rap,pop
461271,72893194cd52dbf7ab3c216c88c41405aec573e8,434122,60f3bfe82f4324212d7439235b4f0dfc55dc068d,4,0.004081632476300001,Pride N Joy Remix,Wade In The Water,Fat Joe,The Soul Stirrers,2012,2008,rap,pop
461271,72893194cd52dbf7ab3c216c88c41405aec573e8,306037,6fe1da8b74d0bb488a612752a97c6e0ba6b8742e,5,0.0028368793427944183,Pride N Joy Remix,Call Me Back Again,Fat Joe,Paul McCartney & Wings,2012,1975,rap,rock
461271,72893194cd52dbf7ab3c216c88c41405aec573e8,228573,4c5a6310d5acee68ef906a9e3279a8efeb5772ce,6,0.000749063678085804,Pride N Joy Remix,Rudolph The Red-Nosed Reindeer,Fat Joe,Destiny's Child,2012,2004,rap,pop
461271,72893194cd52dbf7ab3c216c88c41405aec573e8,72234,fa86c88a118be4e5b991bc40ac528f43145f8acd,7,0.0010781671153381467,Pride N Joy Remix,Racist Sexist Boy,Fat Joe,The Linda Lindas,2012,2022,rap,rock
461271,72893194cd52dbf7ab3c216c88c41405aec573e8,310209,977cdb84a5d2d121d9b0bad57c16a8eefcd24c22,8,0.0015686274273321033,Pride N Joy Remix,Bob in the Rain and The Lizard of Hope,Fat Joe,Tom Rosenthal,2012,2013,rap,pop
461271,72893194cd52dbf7ab3c216c88c41405aec573e8,289155,3d7860289db1054cd9c8f256d927c8b137f63db2,9,0.0006441223667934537,Pride N Joy Remix,Sleepy Time Time,Fat Joe,Cream,2012,1966,rap,rock
461271,72893194cd52dbf7ab3c216c88c41405aec573e8,168538,854d64d7bf38948fc3530b6ebfa6268a7e09dac4,10,0.0006269592558965087,Pride N Joy Remix,After Youre Gone,Fat Joe,The Proclaimers,2012,2012,rap,pop
461271,72893194cd52dbf7ab3c216c88c41405aec573e8,245050,fbe47e156d10ac6a5ed82e45b371ce2e7aca3bf4,11,0.0011049723252654076,Pride N Joy Remix,All My Days,Fat Joe,Jain,2012,2015,rap,pop
461271,72893194cd52dbf7ab3c216c88c41405aec573e8,46598,f9afdc373e3ff7a4263a232b1628f1e6cb3efabe,12,0.0007393715204671025,Pride N Joy Remix,Good Country People,Fat Joe,Flannery O'Connor,2012,1953,rap,misc
461271,72893194cd52dbf7ab3c216c88c41405aec573e8,134069,4e51196641f7d8724b55bd4ae753d1deefc6638c,13,0.001498127356171608,Pride N Joy Remix,Drama Queen,Fat Joe,Green Day,2012,2012,rap,rock
461271,72893194cd52dbf7ab3c216c88c41405aec573e8,163045,6eb01f6c3d88de718b8d062fe9565de7d51e3b16,14,0.0013888889225199819,Pride N Joy Remix,Joy,Fat Joe,Zadie Smith,2012,2015,rap,misc
461271,72893194cd52dbf7ab3c216c88c41405aec573e8,68693,0369f68b3f9762315e3e2e45b709e0e4be2c085e,15,0.001176470541395247,Pride N Joy Remix,​ok ok?,Fat Joe,halfalive,2012,2019,rap,pop
461271,72893194cd52dbf7ab3c216c88c41405aec573e8,273295,a34ec93ff0808eca904a3169ee098f88906fe8be,16,0.0031250000465661287,Pride N Joy Remix,Drop the Boy,Fat Joe,Bros,2012,1988,rap,pop
461271,72893194cd52dbf7ab3c216c88c41405aec573e8,290186,e3a3b8a7167d763bd84a22d94c3896a1725da635,17,0.002877697814255953,Pride N Joy Remix,Joy Is Like The Rain,Fat Joe,Medical Mission Sisters,2012,1966,rap,pop
461271,72893194cd52dbf7ab3c216c88c41405aec573e8,149137,a1d9fed40bb06b32970a5f23a52e00fd3831399a,18,0.0026845638640224934,Pride N Joy Remix,Joy Division Oven Gloves,Fat Joe,Half Man Half Biscuit,2012,2005,rap,pop
461271,72893194cd52dbf7ab3c216c88c41405aec573e8,222393,a7a590b3eb4cdd34faa654a030791ed2fbcf81f0,19,0.0007968127611093223,Pride N Joy Remix,Gna Gna,Fat Joe,Super Sako,2012,2008,rap,pop
461271,72893194cd52dbf7ab3c216c88c41405aec573e8,310132,63188b99911a1f0ff3d5156925d1cd6fabf26725,20,0.0042553190141916275,Pride N Joy Remix,The World Is a Place,Fat Joe,Rhythm (Funk Band),2012,1976,rap,rb
59133,cb5a425e4f561bc8b094d6a7a43738ec5f352ab7,75298,a688d02463b97c9bf6ef17861e32822a3de21a6c,1,0.010843672789633274,XXXKIRBY,Slick Dissing,Softwilly,JayDaYoungan,2021,2017,rap,rap
59133,cb5a425e4f561bc8b094d6a7a43738ec5f352ab7,39739,3ecb6313abd7105ec951a4939a2a00a52df5e204,2,0.000817995925899595,XXXKIRBY,Litmas,Softwilly,"Jake Paul, Team 10 & Slim Jxmmi",2021,2017,rap,pop
59133,cb5a425e4f561bc8b094d6a7a43738ec5f352ab7,89915,13b20e3dfb55b234cf12ad63ad92486741d1515c,3,0.0018099547596648335,XXXKIRBY,​lil bit,Softwilly,blackbear,2021,2020,rap,rap
59133,cb5a425e4f561bc8b094d6a7a43738ec5f352ab7,263248,f182c4c34edaa4e4723fe5a6e8410e1873a3c8e9,4,0.0011527377646416426,XXXKIRBY,CokeWhiteCaddy,Softwilly,BONES,2021,2012,rap,rap
59133,cb5a425e4f561bc8b094d6a7a43738ec5f352ab7,452667,9e39f8fc27061a7f4a719c0200b8453a9baf0d81,5,0.0055555556900799274,XXXKIRBY,Stove,Softwilly,Soulja Boy,2021,2020,rap,rap
59133,cb5a425e4f561bc8b094d6a7a43738ec5f352ab7,57905,f5df8a76ae856ed0821298c9a997829bd2600d76,6,0.0006525285425595939,XXXKIRBY,Super Chef,Softwilly,iLoveMakonnen,2021,2015,rap,rap
59133,cb5a425e4f561bc8b094d6a7a43738ec5f352ab7,464176,49f1f3d4861bcffa8ed4a32e897025dcb65fb581,7,0.001215805415995419,XXXKIRBY,Pistol Whipped,Softwilly,KING Z3US,2021,2016,rap,rap
59133,cb5a425e4f561bc8b094d6a7a43738ec5f352ab7,94221,03a55adb0140c3b6ad42b1d1cc3ce90fe64062be,8,0.001095890416763723,XXXKIRBY,The Incredible True Story Trailer,Softwilly,Logic,2021,2015,rap,rap
59133,cb5a425e4f561bc8b094d6a7a43738ec5f352ab7,108172,3aba9901c013d9f0056f376deb0770d3569f0db8,9,0.0013114754110574722,XXXKIRBY,PARANXID,Softwilly,Scarlxrd,2021,2018,rap,rap
59133,cb5a425e4f561bc8b094d6a7a43738ec5f352ab7,106934,e65fe2a0e05926c10bc367e32ee5d78aeca17758,10,0.0016806722851470113,XXXKIRBY,Rick and Morty,Softwilly,AJ The Kid,2021,2019,rap,rap
59133,cb5a425e4f561bc8b094d6a7a43738ec5f352ab7,508239,bc1c8f18ed72e8494748581ccd0f626114e70002,11,0.0007619047537446022,XXXKIRBY,Up,Softwilly,Ken Car$on,2021,2022,rap,rap
59133,cb5a425e4f561bc8b094d6a7a43738ec5f352ab7,318250,ce1bf2b53ee4afe4b44d97bcf22d54b66a267151,12,0.0009546539513394237,XXXKIRBY,Sauce Like the Drip,Softwilly,Yung Bans,2021,2017,rap,rap
59133,cb5a425e4f561bc8b094d6a7a43738ec5f352ab7,89740,1a582caebd210dbd5269fb34e6b9c57271fd59ac,13,0.0012012012302875519,XXXKIRBY,Designer On My Drip,Softwilly,Dom Chasin' Paper,2021,2017,rap,rap
59133,cb5a425e4f561bc8b094d6a7a43738ec5f352ab7,202374,cd320b506603f13989b5e1881a408ed317eedd7a,14,0.0007067137630656362,XXXKIRBY,Out Of Body,Softwilly,Jidenna,2021,2017,rap,rb
59133,cb5a425e4f561bc8b094d6a7a43738ec5f352ab7,442479,d7ac218eba02b509ef6380e49651e494e830b96a,15,0.0012944983318448067,XXXKIRBY,Lost,Softwilly,Chris Travis,2021,2014,rap,rap
59133,cb5a425e4f561bc8b094d6a7a43738ec5f352ab7,354221,771fd6a67503a79f7dea0d8c18efbd77834c8ca0,16,0.0013029315741732717,XXXKIRBY,Ten Plus Ten,Softwilly,Migos,2021,2013,rap,rap
59133,cb5a425e4f561bc8b094d6a7a43738ec5f352ab7,29796,75548e3670d6a3f955d257a0cabf9ff1e52a837d,17,0.0024999999441206455,XXXKIRBY,Jailbreak the Tesla,Softwilly,Injury Reserve,2021,2019,rap,rap
59133,cb5a425e4f561bc8b094d6a7a43738ec5f352ab7,127989,a7b3142eef0d45506997e62fe232e370bcf0a614,18,0.0017467249417677522,XXXKIRBY,Flaunt,Softwilly,Mick Jenkins,2021,2020,rap,rap
59133,cb5a425e4f561bc8b094d6a7a43738ec5f352ab7,446398,8bc4d8b3e78d3b68ce330b26be9d5b01329eb3f9,19,0.0022346368059515953,XXXKIRBY,North Side South Side,Softwilly,Thouxanbanfauni,2021,2020,rap,rap
59133,cb5a425e4f561bc8b094d6a7a43738ec5f352ab7,140304,e0f63aff7efe44f7a65a99c81cf662891959dc8c,20,0.0006289308075793087,XXXKIRBY,Shit Starters,Softwilly,Wiz Khalifa,2021,2015,rap,rap
472125,1475609aa18e71329086e163a8d3616b777792da,95607,cb9a5f5b48762b042ba7e04f564abb9840b8ab03,1,0.010829545557498932,A Fistful of Peanuts,Eternal Sunshine,Gorillaz,ATEEZ,2002,2021,rap,pop
472125,1475609aa18e71329086e163a8d3616b777792da,138466,a2b04805cfade695cf2f5d24b1302992fa438fd5,2,0.001355932210572064,A Fistful of Peanuts,Chili Con Carne,Gorillaz,The Real Group,2002,1989,rap,pop
472125,1475609aa18e71329086e163a8d3616b777792da,155342,eb7b9df2fda7e3a65ddf64c4d5c57a750aeea737,3,0.0006700167432427406,A Fistful of Peanuts,Pancake,Gorillaz,Swirlies,2002,1993,rap,rock
472125,1475609aa18e71329086e163a8d3616b777792da,205770,4ecc8f510a069e97268c178418fd00a4e216c0bc,4,0.0013289035996422172,A Fistful of Peanuts,The 12 J’s of Christmas,Gorillaz,Afroman,2002,2004,rap,rap
472125,1475609aa18e71329086e163a8d3616b777792da,159427,fa24b1830b2231570b3ec2bc035fb0993fd26d91,5,0.000736648275051266,A Fistful of Peanuts,San Diego Serenade,Gorillaz,Tom Waits,2002,1974,rap,rock
472125,1475609aa18e71329086e163a8d3616b777792da,18106,960083140a4c11f1561e81ef712011605ab65b02,6,0.0006734006456099451,A Fistful of Peanuts,California Girls,Gorillaz,The Beach Boys,2002,1965,rap,pop
472125,1475609aa18e71329086e163a8d3616b777792da,459026,4fe930026033b3d23585288163af735126840d1e,7,0.0007312614470720291,A Fistful of Peanuts,It Cant Rain Everyday,Gorillaz,P.O.D.,2002,2008,rap,rock
472125,1475609aa18e71329086e163a8d3616b777792da,71091,731c262c1c79427d425c06e769d4b14b17a6a28f,8,0.0006568144308403134,A Fistful of Peanuts,Layup,Gorillaz,Big K.R.I.T.,2002,2017,rap,rap
472125,1475609aa18e71329086e163a8d3616b777792da,320749,f16e7a67a6e90bebfda2204382537f3f54a7002f,9,0.0006269592558965087,A Fistful of Peanuts,Mountain,Gorillaz,DOROTHY,2002,2018,rap,rock
472125,1475609aa18e71329086e163a8d3616b777792da,36864,a8b1a296ae396df80ef242b3914c27031f7d6499,10,0.0009411764913238585,A Fistful of Peanuts,Loomer,Gorillaz,my bloody valentine,2002,1991,rap,rock
472125,1475609aa18e71329086e163a8d3616b777792da,259178,a097bddba401af67a5059e8caa61e63998ee5c8f,11,0.0011695906287059188,A Fistful of Peanuts,Lazy Moonshiner,Gorillaz,Lost Dog Street Band,2002,2019,rap,country
472125,1475609aa18e71329086e163a8d3616b777792da,454371,d018acfa2a61ac0a5a1e52b3f2678b7dc737b4a1,12,0.000729926978237927,A Fistful of Peanuts,Queen Of The Forest,Gorillaz,Ted Nugent,2002,1975,rap,pop
472125,1475609aa18e71329086e163a8d3616b777792da,203096,340c65cf92f5c65c48796232251ea151e9e9ed46,13,0.0009153318242169917,A Fistful of Peanuts,Not for Nothing,Gorillaz,Nico & Vinz,2002,2015,rap,pop
472125,1475609aa18e71329086e163a8d3616b777792da,469214,a247de8c405c9ed5e825b66a71ae108116bdc9b5,14,0.001123595517128706,A Fistful of Peanuts,Danny Boy,Gorillaz,Jackie Wilson,2002,1958,rap,pop
472125,1475609aa18e71329086e163a8d3616b777792da,71603,819cb069d4335b4863f8cd121612bc2fcdd585fa,15,0.0010666666785255075,A Fistful of Peanuts,​spellbound,Gorillaz,Bladee,2002,2014,rap,rap
472125,1475609aa18e71329086e163a8d3616b777792da,237264,0f4d85b78f419019c9a092bb00dcec14d75578ac,16,0.0018691589357331395,A Fistful of Peanuts,Draggin the Line,Gorillaz,Tommy James,2002,1971,rap,rock
472125,1475609aa18e71329086e163a8d3616b777792da,92057,4c5cf36b80e35e67ed4586f73b426209f2e3c3d2,17,0.0007547169807367027,A Fistful of Peanuts,Disco Man,Gorillaz,Remi Wolf,2002,2020,rap,pop
472125,1475609aa18e71329086e163a8d3616b777792da,442612,3b7b9f2942049c5d1c86ee3fb13d845a340f2e13,18,0.0035714285913854837,A Fistful of Peanuts,Snow Crystals,Gorillaz,Apparatjik,2002,2010,rap,rock
472125,1475609aa18e71329086e163a8d3616b777792da,338210,d80891f0ff126a502a585521183abd972c80ffcc,19,0.0037735849618911743,A Fistful of Peanuts,Aint No Sunshine,Gorillaz,Soul for Real,2002,1994,rap,rb
472125,1475609aa18e71329086e163a8d3616b777792da,456600,ded6a5e483d249730210b01f56bef8b16d37b953,20,0.0014925373252481222,A Fistful of Peanuts,Powder blue solo,Gorillaz,Renee & Jeremy,2002,2007,rap,pop
342500,2d03653b190f1e48ff237d1f618a159c367117c7,397432,e654da3c50e87049e08bc623af3f1b9460214a8a,1,0.009677419438958168,Talk,You,Ayelle,Tuka,2018,2015,rb,rap
342500,2d03653b190f1e48ff237d1f618a159c367117c7,301904,1ef9740cbb62e4252b56e6ea43aac86b7520f648,2,0.0022857142612338066,Talk,The Second Goodbye,Ayelle,William Finn,2018,2005,rb,misc
342500,2d03653b190f1e48ff237d1f618a159c367117c7,183878,b442566dee15f1f6f5becd10a85428240153c7bf,3,0.005063291173428297,Talk,The Bean Eaters,Ayelle,Gwendolyn Brooks,2018,2012,rb,misc
342500,2d03653b190f1e48ff237d1f618a159c367117c7,139849,113ec0972500af434779d9afebbd5f95a8aaba51,4,0.004123711492866278,Talk,Melinda Mae,Ayelle,Shel Silverstein,2018,1974,rb,misc
342500,2d03653b190f1e48ff237d1f618a159c367117c7,159189,2edb574d1c1638f3818b43f97426031532afce0d,5,0.002721088472753763,Talk,Geocities,Ayelle,Lemon Demon,2018,2014,rb,pop
342500,2d03653b190f1e48ff237d1f618a159c367117c7,465135,3aa619220c3247b8fbee7aeaf4babb0acb9e5484,6,0.00296296295709908,Talk,International Colouring Contest,Ayelle,Stereolab,2018,1994,rb,pop
342500,2d03653b190f1e48ff237d1f618a159c367117c7,15220,d93d4eaf200843e2a82c70dba0c2b8a0cb90c565,7,0.004000000189989805,Talk,Be Quiet and Drive Far Away,Ayelle,Deftones,2018,1997,rb,rock
342500,2d03653b190f1e48ff237d1f618a159c367117c7,47587,bdafea1d043640299201a73a0116c5c6749cd3b6,8,0.003100775182247162,Talk,Pirate Jet,Ayelle,Gorillaz,2018,2010,rb,pop
342500,2d03653b190f1e48ff237d1f618a159c367117c7,101471,7ca9208aac56a60f232c0534afe81cd23e1d20c3,9,0.0028571428265422583,Talk,Hypnodancer,Ayelle,Little Big,2018,2020,rb,pop
342500,2d03653b190f1e48ff237d1f618a159c367117c7,31712,41cc26c8dac3712b48221061c6f5a4f25ea76342,10,0.002247191034257412,Talk,Cant Imagine,Ayelle,Shawn Mendes,2018,2020,rb,pop
342500,2d03653b190f1e48ff237d1f618a159c367117c7,484670,c4161e0c86613960c9cc81dd1e1fe2090d83e75b,11,0.004395604599267244,Talk,Boognish,Ayelle,Ween,2018,1986,rb,rock
342500,2d03653b190f1e48ff237d1f618a159c367117c7,83576,b13e011d48b70249a5c628501b8180977e59a192,12,0.0023391812574118376,Talk,Know Your States,Ayelle,Reggie Couz,2018,2016,rb,rap
342500,2d03653b190f1e48ff237d1f618a159c367117c7,108019,ae4737a2038bdb459f88c10f18866251265b4290,13,0.0015999999595806003,Talk,C Is For Cookie,Ayelle,Sesame Street,2018,1971,rb,pop
342500,2d03653b190f1e48ff237d1f618a159c367117c7,282528,bf1508fe3918ff0aa53e217a496189c276a1ebce,14,0.002352941082790494,Talk,TEMMIE FLAKES BREAKFAST CEREAL,Ayelle,Griffinilla,2018,2015,rb,misc
342500,2d03653b190f1e48ff237d1f618a159c367117c7,358136,5766e124ba0b4ad93d1476543d81452428870195,15,0.0037735849618911743,Talk,Higher,Ayelle,Netsky & Jauz,2018,2016,rb,pop
342500,2d03653b190f1e48ff237d1f618a159c367117c7,483178,f02b56b3ab1fbd4a19130d5389f725a711c0d548,16,0.002919707912951708,Talk,Butter,Ayelle,Bad Flamingo,2018,2020,rb,country
342500,2d03653b190f1e48ff237d1f618a159c367117c7,127599,761d5d81bb3fab38e9eb503ac05bd61c507a7201,17,0.0034782609436661005,Talk,Little Room,Ayelle,The White Stripes,2018,2001,rb,rock
342500,2d03653b190f1e48ff237d1f618a159c367117c7,17387,fcf317cd98a1f463abe7eac0afebc8eb729e0b45,18,0.0028368793427944183,Talk,Contact,Ayelle,Daft Punk,2018,2013,rb,rock
342500,2d03653b190f1e48ff237d1f618a159c367117c7,310806,2c1b1419d54a4644a53c832d20eaf38ee22440e6,19,0.004878048785030842,Talk,Dogtown,Ayelle,Anderson .Paak,2018,2014,rb,rb
342500,2d03653b190f1e48ff237d1f618a159c367117c7,198034,a9a423856a4e1a9a3ec3b0729539aacfc9eb06a0,20,0.0021621622145175934,Talk,Skinhead,Ayelle,Laurel Aitken,2018,2004,rb,pop
417351,5045ed5091bced74719bfd31c9f5a8e9b6a16ffd,394816,223bb02949f79dea66541aa2b5d59982f85bfcf3,1,0.009677419438958168,Lady You Are,Its You,One Way,Kem,1984,2014,rb,pop
417351,5045ed5091bced74719bfd31c9f5a8e9b6a16ffd,371,6f699d81254a661bb136f1b4d8b42df3366bbcb7,2,0.0010666666785255075,Lady You Are,I Love Kanye,One Way,Kanye West,1984,2016,rb,rap
417351,5045ed5091bced74719bfd31c9f5a8e9b6a16ffd,141777,f3ad071660bbcd23201dd7ff2c75b0b788e13ef9,3,0.0011461317772045732,Lady You Are,I Miss the Old Ethan,One Way,iamjakehill,1984,2016,rb,rap
417351,5045ed5091bced74719bfd31c9f5a8e9b6a16ffd,150267,fc1b27c32af14825a97d8894aa3fd058d66a4df0,4,0.0006289308075793087,Lady You Are,Wild Mountain Thyme,One Way,Liam Clancy,1984,2005,rb,country
417351,5045ed5091bced74719bfd31c9f5a8e9b6a16ffd,22199,f2587062729e77bf6479828f485d1afebc67c47c,5,0.0007858546450734138,Lady You Are,Gigantic,One Way,Pixies,1984,1988,rb,rock
417351,5045ed5091bced74719bfd31c9f5a8e9b6a16ffd,332685,87e1b7921f90826e26560bb7b828f8507c2baad6,6,0.0006069802911952138,Lady You Are,Taste of Bitter Love,One Way,Gladys Knight & The Pips,1984,1980,rb,rb
417351,5045ed5091bced74719bfd31c9f5a8e9b6a16ffd,81271,efe2ac3928537e52389e36ad7e5fe48df0f30b2d,7,0.0026845638640224934,Lady You Are,She Used to Love Me a Lot,One Way,Johnny Cash,1984,2014,rb,country
417351,5045ed5091bced74719bfd31c9f5a8e9b6a16ffd,515016,e344082cc815ac2cd20d9061fa2aa37cc09c6a8c,8,0.0009828009642660618,Lady You Are,​throw it away,One Way,aldn,1984,2022,rb,pop
417351,5045ed5091bced74719bfd31c9f5a8e9b6a16ffd,14192,a108987695d803c7959742205e2ae2f8b60ac024,9,0.0013888889225199819,Lady You Are,Little Bit,One Way,Lykke Li,1984,2007,rb,rock
417351,5045ed5091bced74719bfd31c9f5a8e9b6a16ffd,234317,b8bd5a10fdbf9c4682d2ce33636cb9f467eeb5b3,10,0.004938271827995777,Lady You Are,She Dont Let Nobody,One Way,Chaka Demus & Pliers,1984,1993,rb,pop
417351,5045ed5091bced74719bfd31c9f5a8e9b6a16ffd,423684,febba834a5e28be9c75774981eaa272e47767d67,11,0.0006088280351832509,Lady You Are,The Passion,One Way,Lauryn Hill,1984,2004,rb,rb
417351,5045ed5091bced74719bfd31c9f5a8e9b6a16ffd,125368,da71fdf5cd63bcd7c913d79f5fef220168dd1aa0,12,0.0010204081190750003,Lady You Are,This Type Love?,One Way,Mick Jenkins,1984,2016,rb,rap
417351,5045ed5091bced74719bfd31c9f5a8e9b6a16ffd,356539,3fcf7ef1ef76b1ee5245cf4c94f1a053a2f52394,13,0.0016393442638218403,Lady You Are,Come Wander With Me rare,One Way,Jeff Alexander,1984,2003,rb,pop
417351,5045ed5091bced74719bfd31c9f5a8e9b6a16ffd,233139,5cf1cde018aa4b739c4213931f719d390f70e061,14,0.0013029315741732717,Lady You Are,I Love to Boogie,One Way,T. Rex,1984,1976,rb,rock
417351,5045ed5091bced74719bfd31c9f5a8e9b6a16ffd,441373,05e9c8c85b645604faa202898f0ecca85cae80af,15,0.001818181830458343,Lady You Are,Somewhere Between,One Way,Merle Haggard,1984,1967,rb,rock
417351,5045ed5091bced74719bfd31c9f5a8e9b6a16ffd,502723,b1009855d37b4d33b85e42eb1408f4c5955ab82d,16,0.0060606058686971664,Lady You Are,Cant Make You Love Me,One Way,Chloe Fredericks,1984,2022,rb,pop
417351,5045ed5091bced74719bfd31c9f5a8e9b6a16ffd,396004,acc731132aaf52d084ce867ffde663ef0f59c9b4,17,0.0017621145816519856,Lady You Are,The Ballad,One Way,Dream Evil,1984,2010,rb,pop
417351,5045ed5091bced74719bfd31c9f5a8e9b6a16ffd,465383,833a2b4336173c874fd1ca349af83751aff3d9a7,18,0.0007207207381725311,Lady You Are,Chances,One Way,Jill Barber,1984,2008,rb,pop
417351,5045ed5091bced74719bfd31c9f5a8e9b6a16ffd,404014,b964e2bf26638b18b1584e2da5f23a8acd5fc47c,19,0.0019512195140123367,Lady You Are,Chai Tea,One Way,Audrey,1984,2019,rb,rb
417351,5045ed5091bced74719bfd31c9f5a8e9b6a16ffd,396417,c95a43190a1d046224b1f7126fcb534953d12c65,20,0.002209944650530815,Lady You Are,Bellas Regionals,One Way,The Barden Bellas,1984,2015,rb,pop
93587,2325d10814c829beece4d48e55240b3115da1fe5,155660,0e74326e3d2081b65850a511bbc7518f78e61093,1,0.0123722730204463,Prayer,Pray For Me,D'Angelo and the Vanguard,Kirk Franklin,2014,2015,rb,rb
93587,2325d10814c829beece4d48e55240b3115da1fe5,156728,bc41cbe6d26e077583915d8b34091190b58b1c50,2,0.00615384615957737,Prayer,Mr. Telephone Man,D'Angelo and the Vanguard,Erykah Badu,2014,2015,rb,rb
93587,2325d10814c829beece4d48e55240b3115da1fe5,345935,30081c46d70daa3f2cbb27a7f6c65bd598aee54a,3,0.0055555556900799274,Prayer,Oil in My Lamp,D'Angelo and the Vanguard,Desmond Dekker,2014,1993,rb,rock
93587,2325d10814c829beece4d48e55240b3115da1fe5,194079,57270f476100e211b685a7fe0c773a1f7b48be29,4,0.005633802618831396,Prayer,Praying Hands,D'Angelo and the Vanguard,Devo,2014,1978,rb,rock
93587,2325d10814c829beece4d48e55240b3115da1fe5,141920,c44e700a5a3c691514edcf91345c0c74dfc7cfed,5,0.0007207207381725311,Prayer,Back Up,D'Angelo and the Vanguard,Beyonc,2014,2006,rb,rb
93587,2325d10814c829beece4d48e55240b3115da1fe5,336083,c879676a2725e361f05f55636f286f74a51ed471,6,0.0012048193020746112,Prayer,Cinnamon,D'Angelo and the Vanguard,Lor,2014,2019,rb,pop
93587,2325d10814c829beece4d48e55240b3115da1fe5,193272,60e2c73a53120bcc30be8bac7dc50ca124dcd615,7,0.000817995925899595,Prayer,Wade in the Water,D'Angelo and the Vanguard,The Staple Singers,2014,1967,rb,pop
93587,2325d10814c829beece4d48e55240b3115da1fe5,62096,4660a38eaa61e4cea9496906a982159bd0b917c3,8,0.0006622516666539013,Prayer,Killer Queen,D'Angelo and the Vanguard,Fil Bo Riva,2014,2016,rb,rock
93587,2325d10814c829beece4d48e55240b3115da1fe5,461206,1aa47d1bced11388db722bf828e120ba294f1074,9,0.002116402145475149,Prayer,Plexiglass Error,D'Angelo and the Vanguard,Ho99o9,2014,2019,rb,rap
93587,2325d10814c829beece4d48e55240b3115da1fe5,206156,c52b03e3c2a91cee63d881dd3816b3f93f6940f7,10,0.0007380073657259345,Prayer,Analyse,D'Angelo and the Vanguard,The Cranberries,2014,2001,rb,rock
93587,2325d10814c829beece4d48e55240b3115da1fe5,66638,93066e1083d18419915924a05130a88fd843c146,11,0.0006814310327172279,Prayer,Take the Skinheads Bowling,D'Angelo and the Vanguard,Camper Van Beethoven,2014,1985,rb,rock
93587,2325d10814c829beece4d48e55240b3115da1fe5,416782,fcd7928dc10d5e59a66155cd99c4393bba3df27b,12,0.0007736943662166595,Prayer,You  I,D'Angelo and the Vanguard,Joan Thiele,2014,2016,rb,rock
93587,2325d10814c829beece4d48e55240b3115da1fe5,201170,e1479ecbf34ab6d094bc3dc2722d175ceefa3b9d,13,0.0007766990456730127,Prayer,Lipstick Stains,D'Angelo and the Vanguard,Jay Som,2014,2017,rb,rock
93587,2325d10814c829beece4d48e55240b3115da1fe5,181300,8343d16874c3c41425f9698ffbd8e8e21195c0f0,14,0.0033613445702940226,Prayer,Satan Were Gonna Tear Your Kingdom Down,D'Angelo and the Vanguard,Sunday Service Choir,2014,2019,rb,rb
93587,2325d10814c829beece4d48e55240b3115da1fe5,493563,5c12533a5c0b43a9f6a2600ab94cfe59fbdaa65a,15,0.0006535947904922068,Prayer,Cold Call,D'Angelo and the Vanguard,OSI,2014,2012,rb,rock
93587,2325d10814c829beece4d48e55240b3115da1fe5,213927,e7d4c0aa8ee4ffb214295f7d5067795dc777e732,16,0.0009132419945672154,Prayer,Forget About Georgia,D'Angelo and the Vanguard,Lukas Nelson & Promise Of The Real,2014,2016,rb,rock
93587,2325d10814c829beece4d48e55240b3115da1fe5,410829,d47f6ad63b632e10ee10c6b7c1b2833d631d58d4,17,0.0012738853693008423,Prayer,Break You,D'Angelo and the Vanguard,Dirty Honey,2014,2019,rb,rock
93587,2325d10814c829beece4d48e55240b3115da1fe5,513479,830ede1e7731cc820820b200e6db69f6d47406e3,18,0.0008908685995265841,Prayer,Strong Tower,D'Angelo and the Vanguard,Nathaniel Bassey,2014,2022,rb,pop
93587,2325d10814c829beece4d48e55240b3115da1fe5,315738,4c9ba4f84fd98f763eb248366639fdb5ce39e42d,19,0.0009302325779572129,Prayer,Rubys Shoes,D'Angelo and the Vanguard,Lori McKenna,2014,2000,rb,rock
93587,2325d10814c829beece4d48e55240b3115da1fe5,401571,913d9d81b1805dc430c6caa820b5a4797a07b83a,20,0.0009389671613462269,Prayer,​no 1 else,D'Angelo and the Vanguard,shYbeast,2014,2019,rb,pop
325075,02e8aeadb2e5d9334aee9474a5ae1fb5540a4108,55799,f830eb6cafdc20e833006cb4af5c806ad246403a,1,0.015480768866837025,That Girl,Came Here For Something,Tone Stith,Kirko Bangz,2017,2013,rb,rap
325075,02e8aeadb2e5d9334aee9474a5ae1fb5540a4108,455580,b29d95677e7285f2d0db424d347a15746f334a13,2,0.0012539185117930174,That Girl,Hitch Hike,Tone Stith,The Rolling Stones,2017,1965,rb,rock
325075,02e8aeadb2e5d9334aee9474a5ae1fb5540a4108,145973,7d00337a3e0bc6a9051ccddc77e7046713895682,3,0.0014285714132711291,That Girl,Slow,Tone Stith,Tinashe,2017,2012,rb,rb
325075,02e8aeadb2e5d9334aee9474a5ae1fb5540a4108,362548,633257f7b2f3999218881a795b8b754c256aaf59,4,0.001687763724476099,That Girl,Prove You Wrong,Tone Stith,Sheryl Crow,2017,2019,rb,rock
325075,02e8aeadb2e5d9334aee9474a5ae1fb5540a4108,395925,78602337a3346fab39d36b26ac6170674c19d552,5,0.0024999999441206455,That Girl,Night Owl,Tone Stith,The Righteous Brothers,2017,1964,rb,rock
325075,02e8aeadb2e5d9334aee9474a5ae1fb5540a4108,103458,2896b4f4e91c5a25aa3d98f80397eba994b4defb,6,0.001208459259942174,That Girl,Blessin Pt. 1,Tone Stith,Deeman Ohhrite,2017,2015,rb,rap
325075,02e8aeadb2e5d9334aee9474a5ae1fb5540a4108,389298,84147d071815561c7a661be9ff68615824b378c8,7,0.0006279434892348945,That Girl,Roller,Tone Stith,April Wine,2017,1978,rb,rock
325075,02e8aeadb2e5d9334aee9474a5ae1fb5540a4108,24234,4a5f7b332e371a48e5cd1619928ee6dd9fd3425f,8,0.0011204482289031148,That Girl,Wait for It,Tone Stith,H.E.R.,2017,2016,rb,rb
325075,02e8aeadb2e5d9334aee9474a5ae1fb5540a4108,188726,4f3ad7a47f1faddd9ae8fc1fe8d64087b1a6c75b,9,0.0006514657870866358,That Girl,Body Bumpin Yippie-Yi-Yo,Tone Stith,Public Announcement,2017,1998,rb,rb
325075,02e8aeadb2e5d9334aee9474a5ae1fb5540a4108,104411,61fb01f55992302a71c23f39a57fa5a55a16d6f7,10,0.0006172839784994721,That Girl,When Can I See You,Tone Stith,Babyface,2017,1993,rb,rb
325075,02e8aeadb2e5d9334aee9474a5ae1fb5540a4108,326727,974e59735627ec98ad2216db03b58923050aa681,11,0.003921568859368563,That Girl,One Night Gigolo,Tone Stith,H-Town,2017,1994,rb,rb
325075,02e8aeadb2e5d9334aee9474a5ae1fb5540a4108,224126,fb5e474f61b3e1087585ee79984f7810a9ffa5c2,12,0.0007858546450734138,That Girl,Never Let You Go,Tone Stith,Bloodstone,2017,1972,rb,rb
325075,02e8aeadb2e5d9334aee9474a5ae1fb5540a4108,106981,104d1917655a8aa8d7e011e35deb3303ff374881,13,0.00074074073927477,That Girl,Candy,Tone Stith,Dillon Francis,2017,2016,rb,rap
325075,02e8aeadb2e5d9334aee9474a5ae1fb5540a4108,174734,ec399a7602fddea28938a1a7a3e32755caf19f6a,14,0.000638977624475956,That Girl,Sofa,Tone Stith,Collard,2017,2017,rb,rb
325075,02e8aeadb2e5d9334aee9474a5ae1fb5540a4108,21989,fe7954492e680229ef974e8d3ba3fc69e6544979,15,0.0007017544121481478,That Girl,Play It Cool,Tone Stith,Steve Aoki & MONSTA X,2017,2019,rb,pop
325075,02e8aeadb2e5d9334aee9474a5ae1fb5540a4108,190838,989e97c3ab40c78db6cb6a0fa7a19ad4c72a080b,16,0.003539822995662689,That Girl,Electrify Me,Tone Stith,ZHU,2017,2016,rb,rb
325075,02e8aeadb2e5d9334aee9474a5ae1fb5540a4108,280038,5afaa1d0e20ce4a5bece6705180707a9fbc3c4d5,17,0.0031250000465661287,That Girl,When the Cookie Jar Is Empty,Tone Stith,Michael Franks,2017,1978,rb,pop
325075,02e8aeadb2e5d9334aee9474a5ae1fb5540a4108,226912,94606c9ffb1d8c0eabd24e2d678a13f6a5c1ee28,18,0.0012012012302875519,That Girl,Cant Get You Out Of My Head,Tone Stith,johnny goth,2017,2020,rb,pop
325075,02e8aeadb2e5d9334aee9474a5ae1fb5540a4108,45703,2914354a02adb3660e1483422a32176c5a4e65f8,19,0.0009876543190330267,That Girl,Afterglow,Tone Stith,Wilkinson & Becky Hill,2017,2013,rb,pop
325075,02e8aeadb2e5d9334aee9474a5ae1fb5540a4108,322868,da13ffbc4062e93f06e4350f1a7a99a08149db5b,20,0.001226993859745562,That Girl,Lullaby,Tone Stith,Leonard Cohen,2017,2012,rb,rock
479052,0b660c7c80a2f1b0473e11880a105e0b54281d61,156922,d773daebd1309b8e7bb533dde5d6f84b397f2bc1,1,0.009677419438958168,The Triangle / For The Night,Look on Your Face,Justin Snow,Sean Garrett,2018,2016,rb,rb
479052,0b660c7c80a2f1b0473e11880a105e0b54281d61,334173,2d387ced560ac8be5e5ae90feffdb8628e7217ff,2,0.0010610079625621438,The Triangle / For The Night,Free Crack III Intro,Justin Snow,Lil Bibby,2018,2015,rb,rap
479052,0b660c7c80a2f1b0473e11880a105e0b54281d61,422329,933d7dfbe447c0e3d0b0dbe727f3d3505f3d42dd,3,0.0019047618843615055,The Triangle / For The Night,Later That Year,Justin Snow,Straylight Run,2018,2005,rb,pop
479052,0b660c7c80a2f1b0473e11880a105e0b54281d61,485453,652dc6edc04386be327210940c38cfd056aee5db,4,0.0019607844296842813,The Triangle / For The Night,Zero In The City,Justin Snow,Great Lake Swimmers,2018,2015,rb,rock
479052,0b660c7c80a2f1b0473e11880a105e0b54281d61,129911,f582d70beb1bdf0012cc434915a37f071e702bde,5,0.0010443864157423377,The Triangle / For The Night,The Cold Part,Justin Snow,Modest Mouse,2018,2000,rb,rock
479052,0b660c7c80a2f1b0473e11880a105e0b54281d61,515552,34c84b9138b4d586a21aea7cf755486c67f2861d,6,0.001913875574246049,The Triangle / For The Night,I Wish Ali Story Remix,Justin Snow,Joel Corry & Mabel,2018,2022,rb,pop
479052,0b660c7c80a2f1b0473e11880a105e0b54281d61,97427,4035bb9745a239c84a58cc134bf4c5e19554b76e,7,0.0012578616151586175,The Triangle / For The Night,Im Not Alone,Justin Snow,Calvin Harris,2018,2009,rb,pop
479052,0b660c7c80a2f1b0473e11880a105e0b54281d61,323677,162b1879e672cf72629aaae273dadc5055409b7e,8,0.0009153318242169917,The Triangle / For The Night,Beneath the Underdog,Justin Snow,Baxter Dury,2018,2002,rb,pop
479052,0b660c7c80a2f1b0473e11880a105e0b54281d61,272423,5eb669e68e5b0d7be8c01a812d558f9a652664d7,9,0.0019512195140123367,The Triangle / For The Night,​​library,Justin Snow,Julia Brown,2018,2013,rb,rock
479052,0b660c7c80a2f1b0473e11880a105e0b54281d61,308259,e505abee82915461e316cab4089069e8b401c30e,10,0.0009433962404727936,The Triangle / For The Night,Night Bag,Justin Snow,Eric Bellinger,2018,2014,rb,rb
479052,0b660c7c80a2f1b0473e11880a105e0b54281d61,356637,f7093235097bbebb7743a1752c37c256f0b8b33f,11,0.001923076924867928,The Triangle / For The Night,Old Boy,Justin Snow,Brick + Mortar,2018,2013,rb,pop
479052,0b660c7c80a2f1b0473e11880a105e0b54281d61,49683,e995866fa087ad2c3fd3869ae47d156b6e894d65,12,0.0014388489071279764,The Triangle / For The Night,I Never Learnt to Share,Justin Snow,James Blake,2018,2011,rb,rb
479052,0b660c7c80a2f1b0473e11880a105e0b54281d61,100041,e3d4b35cab541f805a52ebdf9b88111f1b9db6ca,13,0.0017316017765551805,The Triangle / For The Night,Bodies Vrenna xXx Mix,Justin Snow,Drowning Pool,2018,2002,rb,rock
479052,0b660c7c80a2f1b0473e11880a105e0b54281d61,166604,aeec15f7d97d6db691171b6eef016fff02c51c6b,14,0.0013157895300537348,The Triangle / For The Night,Blame it on the Neon,Justin Snow,Leaving Thomas,2018,2017,rb,country
479052,0b660c7c80a2f1b0473e11880a105e0b54281d61,146086,44fa6847f815e3bd6ffc42052e73f1f9945b00e1,15,0.0009049773798324168,The Triangle / For The Night,WE COME FROM NAPOLI,Justin Snow,LIBERATO,2018,2020,rb,pop
479052,0b660c7c80a2f1b0473e11880a105e0b54281d61,125157,2c520bb9f47d33f466b05c8b1ad43417ad9a406a,16,0.0009828009642660618,The Triangle / For The Night,Blicky,Justin Snow,22Gz,2018,2016,rb,rap
479052,0b660c7c80a2f1b0473e11880a105e0b54281d61,437763,e8f575bfede9f518cfc20a36f6ae608f66070cbc,17,0.001932367100380361,The Triangle / For The Night,Catchit,Justin Snow,S3RL,2018,2015,rb,pop
479052,0b660c7c80a2f1b0473e11880a105e0b54281d61,166550,2dff9683570fd26d719eb7e95c0deba532c0a68f,18,0.000633914431091398,The Triangle / For The Night,Drinkin Again Interlude,Justin Snow,OutKast,2018,2000,rb,rap
479052,0b660c7c80a2f1b0473e11880a105e0b54281d61,205681,20ff1726c2f29093cd7565af736ed6a97f2e81db,19,0.002515723230317235,The Triangle / For The Night,Breathe Without,Justin Snow,Nurko,2018,2019,rb,pop
479052,0b660c7c80a2f1b0473e11880a105e0b54281d61,16525,e1e5e401bf848c5ecf1b061a8603fe32dcf60d19,20,0.0006259781075641513,The Triangle / For The Night,Goodbye To A World,Justin Snow,Porter Robinson,2018,2014,rb,pop
303326,f60784760e1403374e2eaadfc174858d036d6d22,100281,ed3c8a1837e37b515eacc2e1a48ed1d2c0454aac,1,0.014343086630105972,Right Here Waiting,Right Here Waiting For You,Monica,Richard Marx,1999,2015,rb,pop
303326,f60784760e1403374e2eaadfc174858d036d6d22,254006,aecc89a007ef47191d878a2680bf45a514e59b42,2,0.0012820513220503926,Right Here Waiting,Cumberland Gap,Monica,Lonnie Donegan,1999,1956,rb,pop
303326,f60784760e1403374e2eaadfc174858d036d6d22,130385,aa72ed0c8918fdb5a927ec7de764dc020a031e43,3,0.0008948546019382775,Right Here Waiting,Midnights Interlude,Monica,Tory Lanez,1999,2021,rb,pop
303326,f60784760e1403374e2eaadfc174858d036d6d22,401099,36f7d88ca8727a7efb39639fa2ef5df747848d5d,4,0.0010230179177597165,Right Here Waiting,Got a Woman,Monica,Eagles of Death Metal,1999,2015,rb,rock
303326,f60784760e1403374e2eaadfc174858d036d6d22,105608,20fef9271e0a50b8ef4030756c2c483674214d08,5,0.0012618296314030886,Right Here Waiting,Time of the Preacher,Monica,Willie Nelson,1999,1975,rb,country
303326,f60784760e1403374e2eaadfc174858d036d6d22,340304,fd3334b2b576faac91342a191f7210297ca23c3a,6,0.0032786885276436806,Right Here Waiting,Shake It Up,Monica,E.G. Daily,1999,1983,rb,pop
303326,f60784760e1403374e2eaadfc174858d036d6d22,117027,3e72db306e7d77f048011790c3695e553ce214d6,7,0.001369863050058484,Right Here Waiting,On Mine,Monica,Diplo & Noah Cyrus,1999,2020,rb,pop
303326,f60784760e1403374e2eaadfc174858d036d6d22,236081,bdfb7dbd9ffde4fcbcea11b645113d92e0ee1803,8,0.001913875574246049,Right Here Waiting,I Do Whatcha Say Boo,Monica,Jon B,1999,1998,rb,rb
303326,f60784760e1403374e2eaadfc174858d036d6d22,170492,83e8fd65debf2c55d1c73f3cd1f7ad408a5a7e19,9,0.0010178117081522942,Right Here Waiting,Fly Away,Monica,My Brothers And I,1999,2015,rb,pop
303326,f60784760e1403374e2eaadfc174858d036d6d22,107972,d214590cc99f03f59e95c0cb8290f0a1e620d53c,10,0.0013651876943185925,Right Here Waiting,Time: The Donut of the Heart,Monica,J Dilla,1999,2006,rb,rap
303326,f60784760e1403374e2eaadfc174858d036d6d22,409122,570a2ac182abc0c54c5bde6bf1b640040b1c7ea2,11,0.0008230452658608556,Right Here Waiting,Rolling Down My Face,Monica,Amerie,1999,2005,rb,rb
303326,f60784760e1403374e2eaadfc174858d036d6d22,378999,ca4e6490930e7a20e3eed8aedbac14f26befec69,12,0.0062500000931322575,Right Here Waiting,6 Gold Blade,Monica,The Birthday Party,1999,1982,rb,rock
303326,f60784760e1403374e2eaadfc174858d036d6d22,443251,f8a7aff240cb5e0e8a629d1ca891648dbbc69b07,13,0.0027027027681469917,Right Here Waiting,Turn Your Love,Monica,Jack Johnson,1999,2010,rb,rock
303326,f60784760e1403374e2eaadfc174858d036d6d22,326727,974e59735627ec98ad2216db03b58923050aa681,14,0.0006349206087179482,Right Here Waiting,One Night Gigolo,Monica,H-Town,1999,1994,rb,rb
303326,f60784760e1403374e2eaadfc174858d036d6d22,190838,989e97c3ab40c78db6cb6a0fa7a19ad4c72a080b,15,0.0008333333535119891,Right Here Waiting,Electrify Me,Monica,ZHU,1999,2016,rb,rb
303326,f60784760e1403374e2eaadfc174858d036d6d22,226912,94606c9ffb1d8c0eabd24e2d678a13f6a5c1ee28,16,0.0025316455867141485,Right Here Waiting,Cant Get You Out Of My Head,Monica,johnny goth,1999,2020,rb,pop
303326,f60784760e1403374e2eaadfc174858d036d6d22,463369,3c1d9285ae249218c227baeb73b5c4abba4411c4,17,0.001320132054388523,Right Here Waiting,Fuck You And Suck You Skit,Monica,Khia,1999,2008,rb,pop
303326,f60784760e1403374e2eaadfc174858d036d6d22,388968,b543de9b31aa154c379c4310a255576ac81d3fb8,18,0.0007104795658960938,Right Here Waiting,Put Em High,Monica,Stonebridge,1999,2004,rb,pop
303326,f60784760e1403374e2eaadfc174858d036d6d22,145973,7d00337a3e0bc6a9051ccddc77e7046713895682,19,0.0006144393119029701,Right Here Waiting,Slow,Monica,Tinashe,1999,2012,rb,rb
303326,f60784760e1403374e2eaadfc174858d036d6d22,259138,5342e70175af1c6febeabca71b4ca9f80237f121,20,0.0016326530603691936,Right Here Waiting,Rock wit U,Monica,Alicia Keys,1999,2001,rb,rb
199659,f98136bb9cb5dd8dce2e124dc54bb8d01c457458,31433,0c1611e85a536cce779d40ed40cf1024088b3330,1,0.011324786581099033,I Know Why The Caged Bird Sings,Lullaby,Nicotine,Sigala & Paloma Faith,2017,2018,rb,pop
199659,f98136bb9cb5dd8dce2e124dc54bb8d01c457458,334963,5212656615ba24de9ff6869fad5b81ef305d5bf7,2,0.0007380073657259345,I Know Why The Caged Bird Sings,Bleu Vandross Speaks,Nicotine,Yung Bleu,2017,2018,rb,rap
199659,f98136bb9cb5dd8dce2e124dc54bb8d01c457458,209914,89ae3b368801f50bb2061167352e7e82a75834f7,3,0.004301075357943773,I Know Why The Caged Bird Sings,Check Meowt,Nicotine,Parry Gripp,2017,2015,rb,pop
199659,f98136bb9cb5dd8dce2e124dc54bb8d01c457458,407139,b6988a8c6352b4b771d53ac1a49fae0820f99ea3,4,0.004081632476300001,I Know Why The Caged Bird Sings,Action Time Vision,Nicotine,Alternative TV,2017,1978,rb,rock
199659,f98136bb9cb5dd8dce2e124dc54bb8d01c457458,198339,ee1eb09a030afa810ad035a63695e781ada402b6,5,0.0038834952283650637,I Know Why The Caged Bird Sings,The Best Book to Read,Nicotine,Colin Buchanan,2017,1998,rb,pop
199659,f98136bb9cb5dd8dce2e124dc54bb8d01c457458,260143,4481e882d18d62acfbf5b69d3d9e56a16b8f3dbe,6,0.0009195402381010354,I Know Why The Caged Bird Sings,South Australia,Nicotine,The Pogues,2017,1988,rb,rock
199659,f98136bb9cb5dd8dce2e124dc54bb8d01c457458,96695,59482ad74a5357cdd38662c90e8d44a83e71756f,7,0.004395604599267244,I Know Why The Caged Bird Sings,Raised Up C-131,Nicotine,"Rick and Morty, Ryan Elder & Justin Roiland",2017,2018,rb,misc
199659,f98136bb9cb5dd8dce2e124dc54bb8d01c457458,221997,88d1f91ff91732a584df4274159f2326a18a3dbb,8,0.0007393715204671025,I Know Why The Caged Bird Sings,Daddy He Got a Tesla,Nicotine,Vulfpeck,2017,2016,rb,pop
199659,f98136bb9cb5dd8dce2e124dc54bb8d01c457458,32651,e6502fc8400f8b791dacc3d094f8fd008423bef4,9,0.004444444552063942,I Know Why The Caged Bird Sings,Out of The Box Goodbye Song,Nicotine,Walt Disney Records,2017,2018,rb,pop
199659,f98136bb9cb5dd8dce2e124dc54bb8d01c457458,280314,04f6be1174db3ba40a3df52a985eba238d894b0c,10,0.000684931525029242,I Know Why The Caged Bird Sings,One,Nicotine,George Jones & Tammy Wynette,2017,1995,rb,country
199659,f98136bb9cb5dd8dce2e124dc54bb8d01c457458,500269,227d65be693906abccc14ed1dcfae5983c091c5c,11,0.004545454401522875,I Know Why The Caged Bird Sings,This Is the Kingdom Flow,Nicotine,Elevation Worship,2017,2022,rb,pop
199659,f98136bb9cb5dd8dce2e124dc54bb8d01c457458,341375,3a3cf615fe00d4039cdc86bd33c38a8f3138c490,12,0.0009153318242169917,I Know Why The Caged Bird Sings,Colours feat Martha Cecilia,Nicotine,Dub FX,2017,2015,rb,pop
199659,f98136bb9cb5dd8dce2e124dc54bb8d01c457458,482388,15395dcb0d141c641c3c565a2ea221642b5826f7,13,0.0010554089676588774,I Know Why The Caged Bird Sings,Smoking Outside,Nicotine,SUSTO,2017,2014,rb,rock
199659,f98136bb9cb5dd8dce2e124dc54bb8d01c457458,64392,c5bb3a560b7cdf8cf02d0469444bdc5944c44f02,14,0.0006644517998211086,I Know Why The Caged Bird Sings,Car Wash,Nicotine,Rose Royce,2017,1976,rb,rb
199659,f98136bb9cb5dd8dce2e124dc54bb8d01c457458,480622,6b22c8905547aa36bb4e1d81002b1b4f6cc40317,15,0.0028985508251935244,I Know Why The Caged Bird Sings,Weve Been Waiting,Nicotine,Graham Central Station,2017,1974,rb,pop
199659,f98136bb9cb5dd8dce2e124dc54bb8d01c457458,283741,1994f3794058ed47186a77b8ad53fe6adcdad1c9,16,0.0007079645874910057,I Know Why The Caged Bird Sings,A Summer Prayer for Peace,Nicotine,The Archies,2017,1970,rb,pop
199659,f98136bb9cb5dd8dce2e124dc54bb8d01c457458,477949,39f4b218c0af77f4987e309dbca86f3ae8fa317e,17,0.0030534351244568825,I Know Why The Caged Bird Sings,King Of The Surf Guitar,Nicotine,Dick Dale,2017,1963,rb,pop
199659,f98136bb9cb5dd8dce2e124dc54bb8d01c457458,333409,16211b6f5fa5da3a402052521a5fff85725d32e0,18,0.0031999999191612005,I Know Why The Caged Bird Sings,Seeing Voices,Nicotine,Michael Jackson,2017,1999,rb,pop
199659,f98136bb9cb5dd8dce2e124dc54bb8d01c457458,490842,ef976a1d62f6e3b1dcde0a14b9d4a2d229eba686,19,0.0008791208965703845,I Know Why The Caged Bird Sings,Nickel Song,Nicotine,Melanie,2017,1971,rb,pop
199659,f98136bb9cb5dd8dce2e124dc54bb8d01c457458,318356,c5657de05fa7f20ad3ff7c68aac87373fe335240,20,0.0031250000465661287,I Know Why The Caged Bird Sings,Bakumbe,Nicotine,Jacob Collier,2017,2019,rb,pop
63214,9ece3c419723dea4934a9fae7c1902ff639693bd,213375,5648c37d7622378eb8b040d502fd0d7d10f1efea,1,0.009677419438958168,Youre Sexy Im Sexy,I Want You,Eric Nam,After 7,2019,2016,rb,rb
63214,9ece3c419723dea4934a9fae7c1902ff639693bd,254006,aecc89a007ef47191d878a2680bf45a514e59b42,2,0.0010554089676588774,Youre Sexy Im Sexy,Cumberland Gap,Eric Nam,Lonnie Donegan,2019,1956,rb,pop
63214,9ece3c419723dea4934a9fae7c1902ff639693bd,105608,20fef9271e0a50b8ef4030756c2c483674214d08,3,0.0010126582346856594,Youre Sexy Im Sexy,Time of the Preacher,Eric Nam,Willie Nelson,2019,1975,rb,country
63214,9ece3c419723dea4934a9fae7c1902ff639693bd,245649,528df7b01ebfd66be0db4cb9ce937bf7135f1484,4,0.0010781671153381467,Youre Sexy Im Sexy,12/16/1992,Eric Nam,Tori Kelly,2019,2019,rb,pop
63214,9ece3c419723dea4934a9fae7c1902ff639693bd,401099,36f7d88ca8727a7efb39639fa2ef5df747848d5d,5,0.0009090909152291715,Youre Sexy Im Sexy,Got a Woman,Eric Nam,Eagles of Death Metal,2019,2015,rb,rock
63214,9ece3c419723dea4934a9fae7c1902ff639693bd,53545,679e7f892033c4fc259a3d570a90ed70b19ddf04,6,0.000798403169028461,Youre Sexy Im Sexy,I Like It Rough,Eric Nam,Lady Gaga,2019,2008,rb,pop
63214,9ece3c419723dea4934a9fae7c1902ff639693bd,249324,0e3074de63cadc483722fd58cc4a1dc7da79b313,7,0.0010610079625621438,Youre Sexy Im Sexy,Forever and Ever Amen,Eric Nam,The Drums,2019,2010,rb,rock
63214,9ece3c419723dea4934a9fae7c1902ff639693bd,463369,3c1d9285ae249218c227baeb73b5c4abba4411c4,8,0.0010498687624931335,Youre Sexy Im Sexy,Fuck You And Suck You Skit,Eric Nam,Khia,2019,2008,rb,pop
63214,9ece3c419723dea4934a9fae7c1902ff639693bd,177549,919ce661577bf63aa16993a3cbbe040cb55309fe,9,0.0007736943662166595,Youre Sexy Im Sexy,The Night Time Is the Right Time,Eric Nam,Creedence Clearwater Revival,2019,1969,rb,rock
63214,9ece3c419723dea4934a9fae7c1902ff639693bd,512320,63bae0ee87d53b7436263c8410f9b72e0a5c9382,10,0.002877697814255953,Youre Sexy Im Sexy,Push It Up,Eric Nam,Confidence Man,2019,2022,rb,pop
63214,9ece3c419723dea4934a9fae7c1902ff639693bd,438784,0932b2fa8df8e526917cea3591cf2837d482d6ed,11,0.004878048785030842,Youre Sexy Im Sexy,Funky Dope Lovin,Eric Nam,Keith Sweat,2019,1996,rb,rb
63214,9ece3c419723dea4934a9fae7c1902ff639693bd,293138,5bd698bb42096f478f657d6d5c59105aa409c477,12,0.0008988764020614326,Youre Sexy Im Sexy,Baby Girl,Eric Nam,DJ Sancho,2019,2015,rb,pop
63214,9ece3c419723dea4934a9fae7c1902ff639693bd,448452,ea4d612c6c9395ed4ca02ae53d6f2765bdda91a0,13,0.000735294132027775,Youre Sexy Im Sexy,Follow That Dream,Eric Nam,Bruce Springsteen,2019,2015,rb,pop
63214,9ece3c419723dea4934a9fae7c1902ff639693bd,419280,7197864e0f34fdf141e7f1a7fd6ce5e755232635,14,0.001183431944809854,Youre Sexy Im Sexy,Slow Down,Eric Nam,Brandon Stansell,2019,2016,rb,country
63214,9ece3c419723dea4934a9fae7c1902ff639693bd,6068,194f7d87ecb3912365814b8acfabfd3a2cdd1a59,15,0.0012499999720603228,Youre Sexy Im Sexy,Gold Slugs,Eric Nam,Gold Slugs Lyrics - DJ Khaled,2019,2015,rb,rap
63214,9ece3c419723dea4934a9fae7c1902ff639693bd,117027,3e72db306e7d77f048011790c3695e553ce214d6,16,0.0010666666785255075,Youre Sexy Im Sexy,On Mine,Eric Nam,Diplo & Noah Cyrus,2019,2020,rb,pop
63214,9ece3c419723dea4934a9fae7c1902ff639693bd,409447,949b77416222eeadec4dd0735a7b8dbf181c268e,17,0.0007812500116415322,Youre Sexy Im Sexy,You Never Know What You Got,Eric Nam,James Ingram,2019,1993,rb,rb
63214,9ece3c419723dea4934a9fae7c1902ff639693bd,250366,12c16b60874480040751a0bee359c6813710c858,18,0.0010840108152478933,Youre Sexy Im Sexy,665,Eric Nam,Soundgarden,2019,1988,rb,rock
63214,9ece3c419723dea4934a9fae7c1902ff639693bd,184484,d136ae1ef45f660615dd02e71348eadce2a33b4a,19,0.0009975061984732747,Youre Sexy Im Sexy,Shadows,Eric Nam,Roosevelt,2019,2018,rb,pop
63214,9ece3c419723dea4934a9fae7c1902ff639693bd,327361,a7746504b9eeabe56a819187575021170911391e,20,0.002919707912951708,Youre Sexy Im Sexy,Lets Get Closer,Eric Nam,Atlantic Starr,2019,1982,rb,rb
268052,05ded3f172ce4de7e520eebf5eec97aee3f56e47,448869,5b1e27ad9d90ca6dcebd543f62b2e27fe18aa86d,1,0.009677419438958168,Ghost,Dear Rose Im Haunted,Johnny Stimson,Drawn To The Sky,2017,2020,rb,pop
268052,05ded3f172ce4de7e520eebf5eec97aee3f56e47,272439,6091e74d94c8c60f288250738f045fc1f4732e94,2,0.005633802618831396,Ghost,Ghstbstrs,Johnny Stimson,Vargskelethor,2017,2018,rb,pop
268052,05ded3f172ce4de7e520eebf5eec97aee3f56e47,408360,489cfc2d5bf2d55b53f7cf29c2141a5ef0f60ec3,3,0.0008385744295082986,Ghost,Ghosts,Johnny Stimson,John Mulaney,2017,2018,rb,misc
268052,05ded3f172ce4de7e520eebf5eec97aee3f56e47,132638,8fdd689f8baa51c35b81c027acae68461c99b7b3,4,0.0009732359903864563,Ghost,Wade in the Water,Johnny Stimson,Eva Cassidy,2017,1997,rb,pop
268052,05ded3f172ce4de7e520eebf5eec97aee3f56e47,194025,ea227eba0c9a0b705f7b75cc8ac76b561431b3bd,5,0.005479452200233936,Ghost,​will she come back,Johnny Stimson,girl in red,2017,2017,rb,pop
268052,05ded3f172ce4de7e520eebf5eec97aee3f56e47,148293,1f74f90524a0e6b79c5b7b5ee68d7529bf25bd66,6,0.0007633587811142206,Ghost,Ghost of Stephen Foster,Johnny Stimson,Squirrel Nut Zippers,2017,1998,rb,pop
268052,05ded3f172ce4de7e520eebf5eec97aee3f56e47,198798,50bf77edd0c0a9ef6491a2a32c88e2b597af14be,7,0.0026845638640224934,Ghost,Play Poker Remix,Johnny Stimson,SEBii & Maple,2017,2020,rb,pop
268052,05ded3f172ce4de7e520eebf5eec97aee3f56e47,267476,3a5d01e10f94d85eece713345c9a05c5aaf50244,8,0.0012944983318448067,Ghost,International Feel,Johnny Stimson,Todd Rundgren,2017,1973,rb,rock
268052,05ded3f172ce4de7e520eebf5eec97aee3f56e47,79032,51edc0a46f7bd67841979d880c0cbb4e6b707565,9,0.004761904943734407,Ghost,Sahara,Johnny Stimson,DJ Snake,2017,2016,rb,pop
268052,05ded3f172ce4de7e520eebf5eec97aee3f56e47,136755,899bd439df70d0a348ee94d5759dbc420a8ff862,10,0.0012698412174358964,Ghost,I Swear,Johnny Stimson,Juice WRLD,2017,2016,rb,rap
268052,05ded3f172ce4de7e520eebf5eec97aee3f56e47,94640,eee24ffdddd18cf46261cc4fbef55bbe2947020d,11,0.0007130124722607434,Ghost,Nightclubbing,Johnny Stimson,Iggy Pop,2017,1977,rb,rock
268052,05ded3f172ce4de7e520eebf5eec97aee3f56e47,450564,6dfe3d1c519f297832f2dce8e905d56ef7c9ebb2,12,0.0010443864157423377,Ghost,I Got You,Johnny Stimson,Disciples,2017,2020,rb,pop
268052,05ded3f172ce4de7e520eebf5eec97aee3f56e47,156195,7e24c7dfb8774469fd7a23bd3a14c4a20d25218b,13,0.0007889546104706824,Ghost,She Used To Call Me Dada,Johnny Stimson,Bob Marley,2017,2015,rb,rock
268052,05ded3f172ce4de7e520eebf5eec97aee3f56e47,221060,ccb7bf82cd0862c708769ca384f2e92c741348b0,14,0.0015094339614734054,Ghost,GHOST RIDER,Johnny Stimson,LIL DUSTY G,2017,2018,rb,rap
268052,05ded3f172ce4de7e520eebf5eec97aee3f56e47,259504,225a3b4868ece65f53ca8a8490da2f807ad5d71a,15,0.0007812500116415322,Ghost,Moving On,Johnny Stimson,Mat Kearney,2017,2015,rb,rock
268052,05ded3f172ce4de7e520eebf5eec97aee3f56e47,274272,8318cc085c13b324d38227b7aa4ab84a832e45b3,16,0.001459853956475854,Ghost,The Scooby-Doo Show,Johnny Stimson,Hoyt Curtin,2017,2017,rb,pop
268052,05ded3f172ce4de7e520eebf5eec97aee3f56e47,29578,818c2d4da5e4d8050c1c2d3c93522cf703fe8481,17,0.0008695652359165251,Ghost,High Highs to Low Lows,Johnny Stimson,Lolo Zoua,2017,2017,rb,rb
268052,05ded3f172ce4de7e520eebf5eec97aee3f56e47,486938,4f4b589a5399848b2bc083eb1f1675cc460511df,18,0.0012861735885962844,Ghost,Cobra,Johnny Stimson,Tails & Juelz,2017,2019,rb,pop
268052,05ded3f172ce4de7e520eebf5eec97aee3f56e47,411626,ac7fb6ad6fc130ae4a9b31f24a7f10848443cf37,19,0.0008810572908259928,Ghost,Here Comes the Summer,Johnny Stimson,The Fiery Furnaces,2017,2015,rb,pop
268052,05ded3f172ce4de7e520eebf5eec97aee3f56e47,496291,118737c21689bd4f8389eccc7c0a80ac90cd86a8,20,0.0010204081190750003,Ghost,I Cant Help It,Johnny Stimson,Billionaire Black,2017,2013,rb,rap
143167,05c369b6ec2105bb75835063c459493f44c754f7,162289,2c6ef3a5ed899d0f08ce349c6082c33230dbfecf,1,0.009677419438958168,​come over,Come Go with Me,12AM,Teddy Pendergrass,2020,1979,rb,rb
143167,05c369b6ec2105bb75835063c459493f44c754f7,286012,ea39b47d3b3a10b58c790142dc366c2919fc18a5,2,0.001687763724476099,​come over,Touch the Leather Redux,12AM,Fat White Family,2020,2014,rb,rock
143167,05c369b6ec2105bb75835063c459493f44c754f7,348236,5a34f7dd0714b74783c970213aaf391dc7acd114,3,0.0010554089676588774,​come over,Hes Got the Whole World,12AM,Raffi,2020,1982,rb,pop
143167,05c369b6ec2105bb75835063c459493f44c754f7,455856,23dce1ca8c1f04e8aec05c261444dcd6bc403934,4,0.0009411764913238585,​come over,Triscuits,12AM,Monitor 66,2020,2015,rb,pop
143167,05c369b6ec2105bb75835063c459493f44c754f7,350362,4864bb8a493208845df12f2bf953dcfbdc2dc6f3,5,0.0012903226306661963,​come over,The Wheels on the Bus,12AM,Mother Goose Club,2020,2016,rb,pop
143167,05c369b6ec2105bb75835063c459493f44c754f7,197953,24c8d649da0fefb467dea333a6a6f741fa83e612,6,0.0011173184029757977,​come over,Mate Um Bonito Hoje Mesmo,12AM,Marcioz,2020,2018,rb,pop
143167,05c369b6ec2105bb75835063c459493f44c754f7,243337,4988472330097380714492cc0fd473423443feef,7,0.0009900990407913923,​come over,Drugs,12AM,System of a Down,2020,2001,rb,rock
143167,05c369b6ec2105bb75835063c459493f44c754f7,291625,e836089801a94f60fbb101b408a861f98c83ed70,8,0.0010695187374949455,​come over,Im Not Scoobidoobidoo,12AM,Fat Dog,2020,2006,rb,rap
143167,05c369b6ec2105bb75835063c459493f44c754f7,220165,f13deac3a3536805d42776570a95bb0b50cbd8a8,9,0.0012987012742087245,​come over,Didnt We,12AM,Jimmy Webb,2020,1968,rb,pop
143167,05c369b6ec2105bb75835063c459493f44c754f7,53159,ca44d542f87baf7493c7ac7240561ebcf0c36103,10,0.0009950249223038554,​come over,Pat-a-Cake,12AM,Mother Goose Club,2020,2013,rb,pop
143167,05c369b6ec2105bb75835063c459493f44c754f7,218765,d25a6894e02a4c9f2b8364faa900ed0914b8feaf,11,0.0012861735885962844,​come over,Motorola,12AM,Gorgon City,2020,2018,rb,pop
143167,05c369b6ec2105bb75835063c459493f44c754f7,261447,9424a4de8911f8e8992b6c410b23add8c04fc994,12,0.0011869436129927635,​come over,My Party,12AM,Kings of Leon,2020,2007,rb,rock
143167,05c369b6ec2105bb75835063c459493f44c754f7,368405,9727f469115036e5e5b8c50bb6e43ed801791746,13,0.0009280742378905416,​come over,Mystery Train,12AM,Junior Parker,2020,1953,rb,country
143167,05c369b6ec2105bb75835063c459493f44c754f7,437639,d84b9121a2506041206b9d1076703cdd53ef6e33,14,0.0009803922148421407,​come over,NOBODY ELSE,12AM,Jake Miller,2020,2019,rb,pop
143167,05c369b6ec2105bb75835063c459493f44c754f7,498670,914ad07d3c948ee491a2876556a078de7c0750b5,15,0.0014388489071279764,​come over,Got to Keep Moving,12AM,Alvin Lee,2020,1974,rb,pop
143167,05c369b6ec2105bb75835063c459493f44c754f7,497895,d0192b222bfa4a83b4d1e5020dd94a4e5de0ca9f,16,0.0009732359903864563,​come over,Now Or Never,12AM,Mystery Skulls,2020,2020,rb,pop
143167,05c369b6ec2105bb75835063c459493f44c754f7,220327,dcf496c99eaa22b18dc82fe5565d3d046dc9303e,17,0.0013513513840734959,​come over,Much to Touch,12AM,Planningtorock,2020,2018,rb,pop
143167,05c369b6ec2105bb75835063c459493f44c754f7,356295,728b41557f9489c641457cd2a19d7f9f8ce1167a,18,0.001166180707514286,​come over,Still Sleepless,12AM,D.O.D & Carla Monroe,2020,2021,rb,pop
143167,05c369b6ec2105bb75835063c459493f44c754f7,141602,a85fc9b7f654cf160e3dadbab8bdde1b18b17de4,19,0.0016528925625607371,​come over,Goose,12AM,Polyphia,2020,2017,rb,rock
143167,05c369b6ec2105bb75835063c459493f44c754f7,350426,a3a8922a9d83fe8a678a7e0bb09b2caa8e55c1f4,20,0.0009195402381010354,​come over,Im Carrying,12AM,Paul McCartney & Wings,2020,1978,rb,rock
349222,dbeef1fbf63f4919398ff4c33ac63640bd399e12,269774,2a26d275254195e32c864fd4985b9c5747a7c76d,1,0.010347903706133366,A Flat,I NEED U,Staind,CRIM,1999,2021,rock,rap
349222,dbeef1fbf63f4919398ff4c33ac63640bd399e12,149716,ae5e8b96da3d0a3baa3b9534b03eb96249f03b44,2,0.0013888889225199819,A Flat,Stabwound,Staind,Necrophagist,1999,2004,rock,rock
349222,dbeef1fbf63f4919398ff4c33ac63640bd399e12,512990,410037ffceb136c23a4edafea350776b410b3978,3,0.0013651876943185925,A Flat,Interlude,Staind,eLZhi,1999,2022,rock,rap
349222,dbeef1fbf63f4919398ff4c33ac63640bd399e12,280261,4b987b3e2eb9ff126d8bdd800ef0195dbd468b18,4,0.001374570420011878,A Flat,Over,Staind,GusGus,1999,2011,rock,pop
349222,dbeef1fbf63f4919398ff4c33ac63640bd399e12,319045,3155aa35a9d67397de28b35404cfc8d1e96f1067,5,0.0006220839568413794,A Flat,Brilliant Disguise Introduction Springsteen on Broadway,Staind,Bruce Springsteen,1999,2018,rock,rock
349222,dbeef1fbf63f4919398ff4c33ac63640bd399e12,413156,976509ac42ea9edc76a17da84d0ad24f8d1e24aa,6,0.0010230179177597165,A Flat,Hate 2,Staind,Zee6,1999,2021,rock,rap
349222,dbeef1fbf63f4919398ff4c33ac63640bd399e12,163275,ae2a1868c34a0a8365e8ef388b72b191245e0c9f,7,0.0009433962404727936,A Flat,Trust Issues,Staind,LPB Poody,1999,2018,rock,rap
349222,dbeef1fbf63f4919398ff4c33ac63640bd399e12,424732,ddb35303e9ee86434267c857565eb23bf84ba42d,8,0.003738317871466279,A Flat,Enchantment Passing Through Reprise,Staind,Elton John,1999,2000,rock,pop
349222,dbeef1fbf63f4919398ff4c33ac63640bd399e12,37870,bd876e5c5ae8c92d9bcc0b5b82bd526b362e2ba1,9,0.0006420545978471637,A Flat,Kisses Back,Staind,Matthew Koma,1999,2016,rock,pop
349222,dbeef1fbf63f4919398ff4c33ac63640bd399e12,270683,a3d2b3e958be66a0faec3cb25a9b5281ae73ef9c,10,0.0007633587811142206,A Flat,Boi Off Da Ting,Staind,Tempa T,1999,2012,rock,rap
349222,dbeef1fbf63f4919398ff4c33ac63640bd399e12,486248,5f72ae92860d0868c5031195bbfa754a79c87727,11,0.0013937281910330057,A Flat,Sleep,Staind,Stonefield,1999,2019,rock,rock
349222,dbeef1fbf63f4919398ff4c33ac63640bd399e12,35476,7301f11b9847f3d0a20b5cdb45c000e7a830dbc0,12,0.0013840830652043223,A Flat,​ur phone,Staind,boy pablo,1999,2016,rock,rock
349222,dbeef1fbf63f4919398ff4c33ac63640bd399e12,53397,6cf97f46adeab9a1ef869edcc3d7bd05ad2a7d1c,13,0.000606060610152781,A Flat,Where Is Her Head,Staind,The National,1999,2019,rock,rock
349222,dbeef1fbf63f4919398ff4c33ac63640bd399e12,265453,b0328833817bb61ed35c8ba6c8e355fcf219a417,14,0.0013377926079556346,A Flat,Sleep Eater,Staind,Slothrust,1999,2016,rock,rock
349222,dbeef1fbf63f4919398ff4c33ac63640bd399e12,344019,cf063c9c676fdc9eb35936d95ca89cc9cb1654a0,15,0.0008421052480116487,A Flat,Power,Staind,Chris Tomlin,1999,2020,rock,pop
349222,dbeef1fbf63f4919398ff4c33ac63640bd399e12,196534,258b05fd580fd970d5164bcde6bdaadb73ded46b,16,0.0006289308075793087,A Flat,If I Have You Live,Staind,Vertical Worship,1999,2015,rock,rock
349222,dbeef1fbf63f4919398ff4c33ac63640bd399e12,476647,56013ba84bfff368fb258c1e94f74ff64d4f4a4f,17,0.0009975061984732747,A Flat,Cameo,Staind,Childhood,1999,2017,rock,pop
349222,dbeef1fbf63f4919398ff4c33ac63640bd399e12,50510,26accd4f438063a28854bd87d3177dd3cac3374a,18,0.0008602150483056903,A Flat,Who Do You Think You Are,Staind,Spice Girls,1999,1997,rock,pop
349222,dbeef1fbf63f4919398ff4c33ac63640bd399e12,386083,d57b91a0f5cff6fa1e57dd2ad35f53cf473cb02e,19,0.000687285210005939,A Flat,Friends In Space,Staind,Nekrogoblikon,1999,2013,rock,pop
349222,dbeef1fbf63f4919398ff4c33ac63640bd399e12,338051,73b1fd00910c9748490809a777b218873769f858,20,0.0036697247996926308,A Flat,Mass Text Booty Call,Staind,Kitty,1999,2017,rock,pop
159319,cab71e599187b697d97ed4f3ac57767e54a9b921,188395,707d84f19507176b4cd6551310975b4e9da0eac5,1,0.016129031777381897,Dialogue I Want to Be Alone,I Want To Be Alone Dialogue,Jackson C. Frank,Jackson C. Frank,1965,2013,rock,pop
159319,cab71e599187b697d97ed4f3ac57767e54a9b921,334963,5212656615ba24de9ff6869fad5b81ef305d5bf7,2,0.0006259781075641513,Dialogue I Want to Be Alone,Bleu Vandross Speaks,Jackson C. Frank,Yung Bleu,1965,2018,rock,rap
159319,cab71e599187b697d97ed4f3ac57767e54a9b921,407139,b6988a8c6352b4b771d53ac1a49fae0820f99ea3,3,0.002366863889619708,Dialogue I Want to Be Alone,Action Time Vision,Jackson C. Frank,Alternative TV,1965,1978,rock,rock
159319,cab71e599187b697d97ed4f3ac57767e54a9b921,209914,89ae3b368801f50bb2061167352e7e82a75834f7,4,0.002424242440611124,Dialogue I Want to Be Alone,Check Meowt,Jackson C. Frank,Parry Gripp,1965,2015,rock,pop
159319,cab71e599187b697d97ed4f3ac57767e54a9b921,198339,ee1eb09a030afa810ad035a63695e781ada402b6,5,0.0021505376789718866,Dialogue I Want to Be Alone,The Best Book to Read,Jackson C. Frank,Colin Buchanan,1965,1998,rock,pop
159319,cab71e599187b697d97ed4f3ac57767e54a9b921,96695,59482ad74a5357cdd38662c90e8d44a83e71756f,6,0.002197802299633622,Dialogue I Want to Be Alone,Raised Up C-131,Jackson C. Frank,"Rick and Morty, Ryan Elder & Justin Roiland",1965,2018,rock,misc
159319,cab71e599187b697d97ed4f3ac57767e54a9b921,493674,12592d44296accfa89faf6a7032465095fbdf4f3,7,0.0011627906933426857,Dialogue I Want to Be Alone,Mahalo,Jackson C. Frank,Laurie Berkner,1965,2002,rock,country
159319,cab71e599187b697d97ed4f3ac57767e54a9b921,480622,6b22c8905547aa36bb4e1d81002b1b4f6cc40317,8,0.002453987719491124,Dialogue I Want to Be Alone,Weve Been Waiting,Jackson C. Frank,Graham Central Station,1965,1974,rock,pop
159319,cab71e599187b697d97ed4f3ac57767e54a9b921,248751,5738b275b03249c8aece8bc7da83d4fdbfb761cc,9,0.003846153849735856,Dialogue I Want to Be Alone,Mary,Jackson C. Frank,Take 6,1965,1988,rock,pop
159319,cab71e599187b697d97ed4f3ac57767e54a9b921,482388,15395dcb0d141c641c3c565a2ea221642b5826f7,10,0.0006756756920367479,Dialogue I Want to Be Alone,Smoking Outside,Jackson C. Frank,SUSTO,1965,2014,rock,rock
159319,cab71e599187b697d97ed4f3ac57767e54a9b921,221997,88d1f91ff91732a584df4274159f2326a18a3dbb,11,0.0006249999860301614,Dialogue I Want to Be Alone,Daddy He Got a Tesla,Jackson C. Frank,Vulfpeck,1965,2016,rock,pop
159319,cab71e599187b697d97ed4f3ac57767e54a9b921,253112,9ff3e00c8eed22da300df10038acc94ff0be1e33,12,0.004444444552063942,Dialogue I Want to Be Alone,Moby Dick,Jackson C. Frank,Gurr,1965,2016,rock,rock
159319,cab71e599187b697d97ed4f3ac57767e54a9b921,195217,737308154814ad933cc69cd8e4bee8dee973948b,13,0.003389830468222499,Dialogue I Want to Be Alone,Mairzy Doats,Jackson C. Frank,The Pied Pipers,1965,2018,rock,pop
159319,cab71e599187b697d97ed4f3ac57767e54a9b921,154968,e52b14ef9d5b8052ecef7849a0edcb25e25a4e24,14,0.0018018018454313278,Dialogue I Want to Be Alone,Ling Ting Tong,Jackson C. Frank,The Five Keys,1965,1962,rock,pop
159319,cab71e599187b697d97ed4f3ac57767e54a9b921,292226,7cd6793b8faed752ae14222c4cb2110ddac0111d,15,0.0010582010727375746,Dialogue I Want to Be Alone,Children of the Living God,Jackson C. Frank,Fernando Ortega,1965,1997,rock,pop
159319,cab71e599187b697d97ed4f3ac57767e54a9b921,500269,227d65be693906abccc14ed1dcfae5983c091c5c,16,0.002797202905640006,Dialogue I Want to Be Alone,This Is the Kingdom Flow,Jackson C. Frank,Elevation Worship,1965,2022,rock,pop
159319,cab71e599187b697d97ed4f3ac57767e54a9b921,32651,e6502fc8400f8b791dacc3d094f8fd008423bef4,17,0.0024844720028340816,Dialogue I Want to Be Alone,Out of The Box Goodbye Song,Jackson C. Frank,Walt Disney Records,1965,2018,rock,pop
159319,cab71e599187b697d97ed4f3ac57767e54a9b921,501949,98ad9935b8dba297961f74724e78722e368acc2e,18,0.0024999999441206455,Dialogue I Want to Be Alone,Ivory,Jackson C. Frank,Omar Apollo,1965,2022,rock,rb
159319,cab71e599187b697d97ed4f3ac57767e54a9b921,477949,39f4b218c0af77f4987e309dbca86f3ae8fa317e,19,0.0023255813866853714,Dialogue I Want to Be Alone,King Of The Surf Guitar,Jackson C. Frank,Dick Dale,1965,1963,rock,pop
159319,cab71e599187b697d97ed4f3ac57767e54a9b921,333409,16211b6f5fa5da3a402052521a5fff85725d32e0,20,0.0027777778450399637,Dialogue I Want to Be Alone,Seeing Voices,Jackson C. Frank,Michael Jackson,1965,1999,rock,pop
7904,6c1150be75bb1df12453c1f91aa7a2b9a66d9d82,396087,0bc15cfaefad9efe2e40584736f72c8705b96621,1,0.009677419438958168,Hallelujah,Aleluya,Panic! at the Disco,Maverick City Musica,2015,2021,rock,pop
7904,6c1150be75bb1df12453c1f91aa7a2b9a66d9d82,209914,89ae3b368801f50bb2061167352e7e82a75834f7,2,0.000821355264633894,Hallelujah,Check Meowt,Panic! at the Disco,Parry Gripp,2015,2015,rock,pop
7904,6c1150be75bb1df12453c1f91aa7a2b9a66d9d82,496820,98aad99e9a378825c02ea75a3cca7c0a3a855aca,3,0.0025316455867141485,Hallelujah,Blow The Man Down,Panic! at the Disco,The Irish Rovers,2015,1986,rock,pop
7904,6c1150be75bb1df12453c1f91aa7a2b9a66d9d82,255966,a3c12ad88fced1e04142677d64961758517fd164,4,0.0029850746504962444,Hallelujah,The Woman in Red,Panic! at the Disco,Stevie Wonder,2015,1984,rock,rb
7904,6c1150be75bb1df12453c1f91aa7a2b9a66d9d82,407139,b6988a8c6352b4b771d53ac1a49fae0820f99ea3,5,0.0007843137136660516,Hallelujah,Action Time Vision,Panic! at the Disco,Alternative TV,2015,1978,rock,rock
7904,6c1150be75bb1df12453c1f91aa7a2b9a66d9d82,171694,f49257c4cb0d9d7df678f0d07f243f54a596fdeb,6,0.0010781671153381467,Hallelujah,Blue-Storybook-Eyes,Panic! at the Disco,Toni Morrison,2015,2013,rock,misc
7904,6c1150be75bb1df12453c1f91aa7a2b9a66d9d82,444401,ba448db573813e5d2993b9f2653d9d9f9e398331,7,0.0024844720028340816,Hallelujah,LETS GET MARRIED LOOP,Panic! at the Disco,YUNG SQUID KID,2015,2018,rock,rap
7904,6c1150be75bb1df12453c1f91aa7a2b9a66d9d82,198339,ee1eb09a030afa810ad035a63695e781ada402b6,8,0.0008474576170556247,Hallelujah,The Best Book to Read,Panic! at the Disco,Colin Buchanan,2015,1998,rock,pop
7904,6c1150be75bb1df12453c1f91aa7a2b9a66d9d82,341375,3a3cf615fe00d4039cdc86bd33c38a8f3138c490,9,0.000936768134124577,Hallelujah,Colours feat Martha Cecilia,Panic! at the Disco,Dub FX,2015,2015,rock,pop
7904,6c1150be75bb1df12453c1f91aa7a2b9a66d9d82,154968,e52b14ef9d5b8052ecef7849a0edcb25e25a4e24,10,0.000684931525029242,Hallelujah,Ling Ting Tong,Panic! at the Disco,The Five Keys,2015,1962,rock,pop
7904,6c1150be75bb1df12453c1f91aa7a2b9a66d9d82,459463,a7ae9ce90a8c7a4f10e72fed72891dee4f60f666,11,0.0057142856530845165,Hallelujah,When the Night Comes,Panic! at the Disco,Electric Light Orchestra,2015,2015,rock,pop
7904,6c1150be75bb1df12453c1f91aa7a2b9a66d9d82,480622,6b22c8905547aa36bb4e1d81002b1b4f6cc40317,12,0.0008247422520071268,Hallelujah,Weve Been Waiting,Panic! at the Disco,Graham Central Station,2015,1974,rock,pop
7904,6c1150be75bb1df12453c1f91aa7a2b9a66d9d82,72516,034db1e850cb8c79c9b8b4c06f44c437f4ccac6a,13,0.003846153849735856,Hallelujah,The Masters Calling,Panic! at the Disco,Thad Cockrell,2015,2009,rock,pop
7904,6c1150be75bb1df12453c1f91aa7a2b9a66d9d82,381737,4c3861822b8aee46d6592b23de887bd6357d986c,14,0.0007677543326281011,Hallelujah,Thats My Thing,Panic! at the Disco,Ty Dolla $ign,2015,2018,rock,rap
7904,6c1150be75bb1df12453c1f91aa7a2b9a66d9d82,498171,6110e6c13e6a344dc9a032366a107a6fedb65f5a,15,0.0015810276381671429,Hallelujah,Shake,Panic! at the Disco,The Time,2015,1990,rock,rb
7904,6c1150be75bb1df12453c1f91aa7a2b9a66d9d82,145529,c36e0967356fcc33963b5803a916e34ab44b14af,16,0.0026143791619688272,Hallelujah,Route 66,Panic! at the Disco,The Rolling Stones,2015,1964,rock,rock
7904,6c1150be75bb1df12453c1f91aa7a2b9a66d9d82,285008,39f1e9871a9702a677a3576c57cb64128f7b81bc,17,0.0027777778450399637,Hallelujah,Pretty Lil Foot / Trouble in Mind,Panic! at the Disco,Rising Appalachia,2015,2012,rock,pop
7904,6c1150be75bb1df12453c1f91aa7a2b9a66d9d82,371198,00b4145a023f0f680353ce9f05a2ccdf9fdc126b,18,0.0026845638640224934,Hallelujah,Motorman YMCA,Panic! at the Disco,Thefingerfuckingfemalefury (tumblr),2015,2019,rock,pop
7904,6c1150be75bb1df12453c1f91aa7a2b9a66d9d82,500269,227d65be693906abccc14ed1dcfae5983c091c5c,19,0.0008016031933948398,Hallelujah,This Is the Kingdom Flow,Panic! at the Disco,Elevation Worship,2015,2022,rock,pop
7904,6c1150be75bb1df12453c1f91aa7a2b9a66d9d82,222929,f5704facb489a47e285ab0e23044fb0bed6a8ffc,20,0.0006884681642986834,Hallelujah,Vahevala,Panic! at the Disco,Loggins & Messina,2015,1971,rock,rock
115668,c8119e4573230d40d040800b925161373842e714,386497,1a998d0b3bd1739c03e1d421d9b1d80e0e188463,1,0.009523809887468815,Death Is Not the End,Death Is Certain Life Is Not,Nick Cave & The Bad Seeds,Dark Angel,1996,1986,rock,rock
115668,c8119e4573230d40d040800b925161373842e714,494296,681a0dffc6cd2f9cec4992377e76138b2e996f35,2,0.0009302325779572129,Death Is Not the End,Where Did My Snowman Go,Nick Cave & The Bad Seeds,Petula Clark,1996,2015,rock,pop
115668,c8119e4573230d40d040800b925161373842e714,193361,7de46617e996899a6a54fb184189ad7e6d337d76,3,0.0031999999191612005,Death Is Not the End,STAPLE TAPE WORMS ON MY PENIS,Nick Cave & The Bad Seeds,Passenger of Shit,1996,2006,rock,misc
115668,c8119e4573230d40d040800b925161373842e714,454739,d41b29c601d92e0c11ebcd963aaeaba4f254fe9e,4,0.0019417476141825318,Death Is Not the End,Hausch,Nick Cave & The Bad Seeds,Andhim,1996,2013,rock,pop
115668,c8119e4573230d40d040800b925161373842e714,410171,b8f86d0368b864f0e926693e5e28dd2d76c00b81,5,0.0024844720028340816,Death Is Not the End,Uncloudy Day,Nick Cave & The Bad Seeds,The Staple Singers,1996,1966,rock,pop
115668,c8119e4573230d40d040800b925161373842e714,396006,4b248a358a6863b4418bd851195bb502b3778931,6,0.0021276595070958138,Death Is Not the End,Burning Bright,Nick Cave & The Bad Seeds,Maya Jane Coles,1996,2013,rock,pop
115668,c8119e4573230d40d040800b925161373842e714,83257,3f55fffd883f39b38d1cedb27562f2670e3e2d45,7,0.0012658227933570743,Death Is Not the End,In This River,Nick Cave & The Bad Seeds,Black Label Society,1996,2005,rock,rock
115668,c8119e4573230d40d040800b925161373842e714,395872,84460394f33ee3e9a3fb96516de222357adc99f7,8,0.002030456904321909,Death Is Not the End,Ring of Ice,Nick Cave & The Bad Seeds,Jennifer Rush,1996,1984,rock,pop
115668,c8119e4573230d40d040800b925161373842e714,475800,1ecdf3ca1b47440b940e0574b2a2240a13416d61,9,0.0055555556900799274,Death Is Not the End,Tennessee Flat-Top Box,Nick Cave & The Bad Seeds,Rosanne Cash,1996,1987,rock,country
115668,c8119e4573230d40d040800b925161373842e714,414451,b17add041f84ca5b92fcfe29a16f3d6077fd7a5d,10,0.0054054055362939835,Death Is Not the End,Nevermind Never Mine,Nick Cave & The Bad Seeds,Cannons,1996,2018,rock,pop
115668,c8119e4573230d40d040800b925161373842e714,295611,18bd43da3f108f409b3c9ca963688605618de08a,11,0.0022346368059515953,Death Is Not the End,Break In-City Storm the Gate,Nick Cave & The Bad Seeds,Tenacious D,1996,2006,rock,pop
115668,c8119e4573230d40d040800b925161373842e714,171032,c7da7fc0c45de9a21cc2adb1d8e6f53eb83a6b15,12,0.0036036036908626556,Death Is Not the End,Envy,Nick Cave & The Bad Seeds,Karlaaa,1996,2020,rock,rap
115668,c8119e4573230d40d040800b925161373842e714,345000,23e8a0638c882d213026ba35c9c73eaff03d4034,13,0.0008791208965703845,Death Is Not the End,Im a Lonely Little Petunia In an Onion Patch,Nick Cave & The Bad Seeds,Imogen Heap,1996,2005,rock,pop
115668,c8119e4573230d40d040800b925161373842e714,228323,3a979808cf73840254fd56425f48836c6dce4ab3,14,0.003225806402042508,Death Is Not the End,Clay Man,Nick Cave & The Bad Seeds,Swans,1996,1984,rock,rock
115668,c8119e4573230d40d040800b925161373842e714,401746,80f44f16c37adeccaa529ea21e0be97e1852aeca,15,0.0008510638144798577,Death Is Not the End,Over Again,Nick Cave & The Bad Seeds,Tim Maia,1996,1973,rock,pop
115668,c8119e4573230d40d040800b925161373842e714,135938,b30efe14bec52f59db69b3b86b1787fb760bdc26,16,0.0017857142956927419,Death Is Not the End,​avalanches,Nick Cave & The Bad Seeds,Jordaan Mason & the Horse Museum,1996,2009,rock,rock
115668,c8119e4573230d40d040800b925161373842e714,185647,c642f2c40b3431306685f4ed3ac0a75399035e3c,17,0.0024999999441206455,Death Is Not the End,Silence,Nick Cave & The Bad Seeds,Don Diablo,1996,2016,rock,pop
115668,c8119e4573230d40d040800b925161373842e714,449510,aba9299d32551e5995911188dc6aa7f28757a329,18,0.001194029813632369,Death Is Not the End,Train,Nick Cave & The Bad Seeds,Chris Arena,1996,2014,rock,pop
115668,c8119e4573230d40d040800b925161373842e714,184922,d6367a6a23f4f729dd7a68200b4833a1e04383b7,19,0.00325203244574368,Death Is Not the End,Lambert,Nick Cave & The Bad Seeds,Foxing,1996,2018,rock,rock
115668,c8119e4573230d40d040800b925161373842e714,84823,500027e8b5a938ba8cff7f16626979deb0db31f7,20,0.000852878438308835,Death Is Not the End,Boys Are Boys and Girls Are Choice,Nick Cave & The Bad Seeds,The Monks,1996,1966,rock,rock
135316,a71760debb40daa8b9c86fe1ab9aee1087bdb59c,90596,51745688a294dbfd47732e02a9f70b6a8054a6fb,1,0.009677419438958168,Pilgrimage,Take It Away,R.E.M.,The Used,1983,2004,rock,rock
135316,a71760debb40daa8b9c86fe1ab9aee1087bdb59c,364645,1c8e500fe80b0b12c7df9dc230239e23224c1256,2,0.0007067137630656362,Pilgrimage,4 Out of 5,R.E.M.,Soul Coughing,1983,1996,rock,pop
135316,a71760debb40daa8b9c86fe1ab9aee1087bdb59c,134203,691cea573b6afa3c3a8a32abf7e77ab0bd285dd4,3,0.0011111111380159855,Pilgrimage,DIMMADUBSTEP,R.E.M.,Yogurt with Sprinkles,1983,2013,rock,pop
135316,a71760debb40daa8b9c86fe1ab9aee1087bdb59c,330776,09c45e548d4806f2f43d4dea3ff3e6f2c167bb0a,4,0.004938271827995777,Pilgrimage,A Little Luck and a Couple of Dogs,R.E.M.,AWOLNATION,1983,2018,rock,rock
135316,a71760debb40daa8b9c86fe1ab9aee1087bdb59c,170541,1687163c49a8714cfc70160a841367058118f25c,5,0.0010335916886106133,Pilgrimage,As Luck Would Have It,R.E.M.,Tom Rosenthal,1983,2013,rock,pop
135316,a71760debb40daa8b9c86fe1ab9aee1087bdb59c,297598,4dd6af419d577409aa4925c0e655103da724b126,6,0.002010050229728222,Pilgrimage,Rewinding,R.E.M.,Elderbrook,1983,2014,rock,rb
135316,a71760debb40daa8b9c86fe1ab9aee1087bdb59c,388669,205efdee655e02a6d45a44a152fd131ff4a70eec,7,0.0007707129116170108,Pilgrimage,Cant Stop 22nd Century Lifestyle,R.E.M.,Pre)Thing,1983,2004,rock,rock
135316,a71760debb40daa8b9c86fe1ab9aee1087bdb59c,156598,9ee16b6ceaf501d78150f4c2a6ccb81f2ca7954a,8,0.0016460905317217112,Pilgrimage,500 Miles Away From Home,R.E.M.,Bobby Bare,1983,1963,rock,country
135316,a71760debb40daa8b9c86fe1ab9aee1087bdb59c,62628,54eb2539e375dad852080762b731c4e3c4d77235,9,0.0006768189487047493,Pilgrimage,Stain,R.E.M.,Nirvana,1983,1992,rock,rock
135316,a71760debb40daa8b9c86fe1ab9aee1087bdb59c,424615,950a464b144077a443c8a2c63f5a7c7a7a09f1eb,10,0.004999999888241291,Pilgrimage,Testing,R.E.M.,Skegss,1983,2018,rock,rock
135316,a71760debb40daa8b9c86fe1ab9aee1087bdb59c,409089,bbebf8d196543fa73332073aa5860fd1ed2e869a,11,0.0007380073657259345,Pilgrimage,Runaway,R.E.M.,Sylvan Esso,1983,2020,rock,pop
135316,a71760debb40daa8b9c86fe1ab9aee1087bdb59c,342557,daac2de5f7387ff99abec9a12c752aecaea11d89,12,0.0008113590301945806,Pilgrimage,Find that girl,R.E.M.,The boy band project,1983,2015,rock,pop
135316,a71760debb40daa8b9c86fe1ab9aee1087bdb59c,329884,5f957864ebf3ac85162b2ff478ec6c5ae7c9ab27,13,0.001612903201021254,Pilgrimage,Higher,R.E.M.,Mondo Cozmo,1983,2016,rock,rock
135316,a71760debb40daa8b9c86fe1ab9aee1087bdb59c,204226,499fcf91f4f1a1c5acfc12d4a4bc4b3a5e7a98d3,14,0.0006644517998211086,Pilgrimage,Needle Up My Cock,R.E.M.,G.G. Allin,1983,1985,rock,rock
135316,a71760debb40daa8b9c86fe1ab9aee1087bdb59c,294961,0ec45675061da0b066ef1221de8a11a966690c7b,15,0.0012903226306661963,Pilgrimage,Promises Promises,R.E.M.,Christopher Williams,1983,1989,rock,pop
135316,a71760debb40daa8b9c86fe1ab9aee1087bdb59c,17566,d3f61d6a99558613b5ff5cf2f9166ca1eebede2c,16,0.002758620772510767,Pilgrimage,School,R.E.M.,Nirvana,1983,1989,rock,rock
135316,a71760debb40daa8b9c86fe1ab9aee1087bdb59c,367568,0493ab726aa54f496bd6bea9b979fb506e595694,17,0.0007092198356986046,Pilgrimage,They Aint Walking No More,R.E.M.,Lucille Bogan,1983,2015,rock,pop
135316,a71760debb40daa8b9c86fe1ab9aee1087bdb59c,461843,dc9194fbff195dd045a2cf5e6647d8c0ca8ea533,18,0.00325203244574368,Pilgrimage,​wys,R.E.M.,maxime. (alt-pop),1983,2019,rock,pop
135316,a71760debb40daa8b9c86fe1ab9aee1087bdb59c,95559,666a6916e0be54d6dcf93b1674e419e89772bb45,19,0.001212121220305562,Pilgrimage,Seven Rings In Hand,R.E.M.,Steve Conte,1983,2007,rock,rock
135316,a71760debb40daa8b9c86fe1ab9aee1087bdb59c,249325,6cc14d1fe396533f08dc1b3b3e02621393009fcf,20,0.002515723230317235,Pilgrimage,Messages,R.E.M.,Krept & Konan,1983,2015,rock,rap
85325,50d1efae9bbd8d5b269f395433b7590ef650c8ff,72419,e083a83801dcde298ec413ee6f72d8ee1ccf963e,1,0.011172517202794552,Slipknot,Voidwalker,Slipknot,iamjakehill,1996,2019,rock,rap
85325,50d1efae9bbd8d5b269f395433b7590ef650c8ff,270075,797b8f6be081ae5df1e18b619041f21916f9ccec,2,0.0014184396713972092,Slipknot,Golf Wang Fall/Winter 2014 Must-Haves,Slipknot,Odd Future,1996,2014,rock,misc
85325,50d1efae9bbd8d5b269f395433b7590ef650c8ff,375628,2bcf7d7a07ad9c528bc5cdcfded0b2df8a8d89c2,3,0.000715563481207937,Slipknot,Now Its Time for the Robot Test,Slipknot,John Mulaney,1996,2018,rock,misc
85325,50d1efae9bbd8d5b269f395433b7590ef650c8ff,224225,57d6f153ad14fd849ce18afe5ca4158be67cf239,4,0.0007326007471419871,Slipknot,Shima shima,Slipknot,Deva Premal,1996,1998,rock,pop
85325,50d1efae9bbd8d5b269f395433b7590ef650c8ff,263876,988850504aec2e5439dc5c2ca691d97e3d8315ad,5,0.0006269592558965087,Slipknot,Person A,Slipknot,Neil Bartram,1996,2016,rock,misc
85325,50d1efae9bbd8d5b269f395433b7590ef650c8ff,324683,6dc89f01c136180d73adb2f0ba1212e3ea323e66,6,0.0015209125122055411,Slipknot,Girls Night Out,Slipknot,The Knife,1996,2003,rock,pop
85325,50d1efae9bbd8d5b269f395433b7590ef650c8ff,9744,e0a86174930906006a81d6cf4f89c31c743da64a,7,0.0012048193020746112,Slipknot,Drama Club,Slipknot,Melanie Martinez,1996,2019,rock,pop
85325,50d1efae9bbd8d5b269f395433b7590ef650c8ff,235316,a9131afca3e678ffad1da62678f89f79f3ff1c30,8,0.002919707912951708,Slipknot,Fresh-Garbage,Slipknot,Spirit,1996,1968,rock,rock
85325,50d1efae9bbd8d5b269f395433b7590ef650c8ff,62897,598a7815355cb441bea51919d4fe6a910b879f18,9,0.0021276595070958138,Slipknot,Do the Salamander,Slipknot,Pink Guy,1996,2013,rock,rap
85325,50d1efae9bbd8d5b269f395433b7590ef650c8ff,203469,ee822f86143f4cb5d873f849bcb102aad830c6a0,10,0.0008928571478463709,Slipknot,Big Jilm,Slipknot,Ween,1996,1990,rock,rock
85325,50d1efae9bbd8d5b269f395433b7590ef650c8ff,449477,9fb6e1fe93173aaae41a65afccdf36275a6867e1,11,0.0008350730640813708,Slipknot,Fuck Cops,Slipknot,Johnny Hobo and The Freight Trains,1996,2005,rock,pop
85325,50d1efae9bbd8d5b269f395433b7590ef650c8ff,391422,e924e30983ffc86ca9260a7e380b8967d5271bec,12,0.000684931525029242,Slipknot,Catvrix,Slipknot,Eluveitie,1996,2017,rock,rock
85325,50d1efae9bbd8d5b269f395433b7590ef650c8ff,128683,0e10c035ef41a68b9f56a5b38afe044725ef60fd,13,0.006451612804085016,Slipknot,Lean,Slipknot,RY X,1996,2016,rock,pop
85325,50d1efae9bbd8d5b269f395433b7590ef650c8ff,206970,3e1420b077e8e67823757b5273120e72df1565a1,14,0.0006420545978471637,Slipknot,Rain Smell,Slipknot,Baths,1996,2010,rock,rock
85325,50d1efae9bbd8d5b269f395433b7590ef650c8ff,254283,f2876410e59a99c402ecfe5966cd3335560fdf7d,15,0.0006504065240733325,Slipknot,Delta,Slipknot,alt-J,1996,2022,rock,rock
85325,50d1efae9bbd8d5b269f395433b7590ef650c8ff,459789,06b2716cd9e236e8ce8ae20dd41001645358b4f3,16,0.0006535947904922068,Slipknot,Hip Hip Chin Chin Smooth Return Mix,Slipknot,Club Des Belugas,1996,2003,rock,pop
85325,50d1efae9bbd8d5b269f395433b7590ef650c8ff,470719,c21444531bd61414ca4109e559292d671103cbfb,17,0.0012461058795452118,Slipknot,KillerBeast,Slipknot, (Camellia),1996,2019,rock,pop
85325,50d1efae9bbd8d5b269f395433b7590ef650c8ff,397777,784d78dcf083d9b82c9ed3261010174ddc87460b,18,0.0010335916886106133,Slipknot,Vaginazilla,Slipknot,Sierra DeMulder,1996,2014,rock,misc
85325,50d1efae9bbd8d5b269f395433b7590ef650c8ff,110068,6f8221bfc388fb840582e11b4a3a88df081f663a,19,0.0063492064364254475,Slipknot,Cant Wait,Slipknot,Jim Yosef,1996,2016,rock,pop
85325,50d1efae9bbd8d5b269f395433b7590ef650c8ff,466819,18fb022f21d5dd7c81d172a2d9c395fd3d8fc962,20,0.002877697814255953,Slipknot,Pedros Basura Mix,Slipknot,Parokya Ni Edgar,1996,2005,rock,pop
326964,7037ad3f149c521bc77d0138b01315f31b612e1a,145762,676920355a80ce4906861d114e5dfd951ab11d89,1,0.016129031777381897,Girls Just Want To Have Fun,Girls Just Wanna Have Fun,STRFKR,Miley Cyrus,2009,2008,rock,pop
326964,7037ad3f149c521bc77d0138b01315f31b612e1a,466125,c1b480686c6f3495b19206a613173e8c5101ae55,2,0.005063291173428297,Girls Just Want To Have Fun,A Knife And A Fork,STRFKR,Information Society,2009,1990,rock,pop
326964,7037ad3f149c521bc77d0138b01315f31b612e1a,227837,562878f6e70aeff9ac9d1ec20826cb90c20da2ee,3,0.0008583691087551415,Girls Just Want To Have Fun,Let’s Do the Numbers Rumba,STRFKR,Raffi,2009,1982,rock,pop
326964,7037ad3f149c521bc77d0138b01315f31b612e1a,435812,523ceace8c0f7988ff7d6f4410fc2ba3e3cef025,4,0.004395604599267244,Girls Just Want To Have Fun,Red,STRFKR,Laid Blak,2009,2015,rock,pop
326964,7037ad3f149c521bc77d0138b01315f31b612e1a,491519,33645ab7fa254c53d2d1ae8f64dd6142d1fe52c0,5,0.0006279434892348945,Girls Just Want To Have Fun,Fuck the Mods,STRFKR,The Exploited,2009,2015,rock,pop
326964,7037ad3f149c521bc77d0138b01315f31b612e1a,452373,68e7809a3833ad4ded2b5ef507f12a38d07dcfc3,6,0.004761904943734407,Girls Just Want To Have Fun,Questions with the Captain,STRFKR,The Killers,2009,2007,rock,pop
326964,7037ad3f149c521bc77d0138b01315f31b612e1a,179284,f97a7d8e298e31bb02f2fd69ddd16128f6ee5a62,7,0.0006884681642986834,Girls Just Want To Have Fun,When I Sleep,STRFKR,Have Mercy,2009,2013,rock,rock
326964,7037ad3f149c521bc77d0138b01315f31b612e1a,61553,6b5c9793975504c27cc84e7c52da19475b802139,8,0.00074074073927477,Girls Just Want To Have Fun,Memphis Tennessee,STRFKR,Chuck Berry,2009,1963,rock,rock
326964,7037ad3f149c521bc77d0138b01315f31b612e1a,230514,bb08e282ca8a834e3f0b30d26ebb103049bb4b85,9,0.003738317871466279,Girls Just Want To Have Fun,Weightless,STRFKR,Coals,2009,2014,rock,pop
326964,7037ad3f149c521bc77d0138b01315f31b612e1a,416347,596b98952d1410ec77e3116131655955050f2fb8,10,0.0010389609960839152,Girls Just Want To Have Fun,Bubble Up,STRFKR,Gummibr,2009,2012,rock,pop
326964,7037ad3f149c521bc77d0138b01315f31b612e1a,316994,775692abd6fe49df79dab7f2af505bc48e85b7ea,11,0.0055555556900799274,Girls Just Want To Have Fun,Pushin Too Hard,STRFKR,The Seeds,2009,1965,rock,rock
326964,7037ad3f149c521bc77d0138b01315f31b612e1a,270169,5a6403cc55c638fec44a4979e58cfa16be29f919,12,0.003921568859368563,Girls Just Want To Have Fun,Dumb,STRFKR,Timmy Trumpet,2009,2020,rock,pop
326964,7037ad3f149c521bc77d0138b01315f31b612e1a,486622,070fbb24ff35efc3879756076c1ca0bfafa6e855,13,0.0006410256610251963,Girls Just Want To Have Fun,London Song,STRFKR,The Breeders,2009,2002,rock,rock
326964,7037ad3f149c521bc77d0138b01315f31b612e1a,171953,a453dcc8f8194d4f624b53a9e4ec9611e7a053ec,14,0.000856531027238816,Girls Just Want To Have Fun,Brush Your Teeth,STRFKR,Raffi,2009,1976,rock,pop
326964,7037ad3f149c521bc77d0138b01315f31b612e1a,192293,dd069e9cbfb4e5c8d36d55ee643a8e7e6831928d,15,0.0015564202331006527,Girls Just Want To Have Fun,Dead Puppies,STRFKR,Ogden Edsl,2009,1985,rock,pop
326964,7037ad3f149c521bc77d0138b01315f31b612e1a,513856,c158f3b0df01a3564044e1930fe38325708f4844,16,0.0020833334419876337,Girls Just Want To Have Fun,FUCVS,STRFKR,Deza,2009,2022,rock,pop
326964,7037ad3f149c521bc77d0138b01315f31b612e1a,320561,571f901f30cd86e3b17394d6ce3462a6235d0ea6,17,0.0006768189487047493,Girls Just Want To Have Fun,The Rainbow Song,STRFKR,Barney,2009,1994,rock,rock
326964,7037ad3f149c521bc77d0138b01315f31b612e1a,461515,0ebdf67f3a92a303624882de629200a6b75715d7,18,0.0025477707386016846,Girls Just Want To Have Fun,Sleigh Ride,STRFKR,Alexander O'Neal,2009,1988,rock,rb
326964,7037ad3f149c521bc77d0138b01315f31b612e1a,107568,8fbf00b1f58fcfcf4849c2b7d5b30094290b1840,19,0.0012048193020746112,Girls Just Want To Have Fun,Uno,STRFKR,Muse,2009,1999,rock,rock
326964,7037ad3f149c521bc77d0138b01315f31b612e1a,488644,bf3534d7ade20e2bd36240bf9b97c7b6e4b2067c,20,0.0010666666785255075,Girls Just Want To Have Fun,Off the Hook,STRFKR,CSS,2009,2005,rock,pop
424936,adade2da1d9fcf383d010d65c527e3359f0b06b6,3898,d839cf79e2106374229435134ef023e3f8ad79f2,1,0.014487179927527905,Castaway,Finally // beautiful stranger,Blues Traveler,Halsey,2015,2019,rock,pop
424936,adade2da1d9fcf383d010d65c527e3359f0b06b6,124879,392de9b207486dcf7d8ea6445c54fe015d6c9d10,2,0.0010309278732165694,Castaway,Personal Prometheus,Blues Traveler,Puscifer,2015,2020,rock,rock
424936,adade2da1d9fcf383d010d65c527e3359f0b06b6,498848,70ca4e011e47361a94ac8afa5a075ef02973e446,3,0.0028368793427944183,Castaway,The Searchers,Blues Traveler,Felix Cartal,2015,2018,rock,pop
424936,adade2da1d9fcf383d010d65c527e3359f0b06b6,460809,514d16841374f60012e0b76563188ada2e197934,4,0.0033333334140479565,Castaway,Flowers,Blues Traveler,Seneca B,2015,2015,rock,rb
424936,adade2da1d9fcf383d010d65c527e3359f0b06b6,52136,cecd1933e39b73fd782ebb2d947b432ce7f2c356,5,0.0009259259095415473,Castaway,Peephole,Blues Traveler,System of a Down,2015,1998,rock,rock
424936,adade2da1d9fcf383d010d65c527e3359f0b06b6,288812,6deb85b2a61b7d0e174aae6b3e4ae12a157ad8e4,6,0.002366863889619708,Castaway,Loom,Blues Traveler,Somali Yacht Club,2015,2014,rock,rock
424936,adade2da1d9fcf383d010d65c527e3359f0b06b6,469010,79b7edce7f5420e8399e85b9abacc078657eeca2,7,0.0058823530562222,Castaway,Poem for the People,Blues Traveler,Chicago,2015,1970,rock,rock
424936,adade2da1d9fcf383d010d65c527e3359f0b06b6,164498,687b242470166133ff72ab52673b8e48687b1812,8,0.0020000000949949026,Castaway,Bright Lights,Blues Traveler,HAEVN,2015,2016,rock,pop
424936,adade2da1d9fcf383d010d65c527e3359f0b06b6,224977,237fcd6a7f550a01d666cb9059b80e9203156ea1,9,0.0008908685995265841,Castaway,Sleep,Blues Traveler,"I Will, I Swear",2015,2015,rock,pop
424936,adade2da1d9fcf383d010d65c527e3359f0b06b6,437872,bb0b72ddbc3b32530e298fe0656ef187d91195f7,10,0.000936768134124577,Castaway,The Door Is Always Open,Blues Traveler,Dave & Sugar,2015,1976,rock,pop
424936,adade2da1d9fcf383d010d65c527e3359f0b06b6,149990,2d3722e98a6f5550cbdd93aea191f270e92d1772,11,0.0031746032182127237,Castaway,All the Girls Skit,Blues Traveler,Tory Lanez,2015,2016,rock,rap
424936,adade2da1d9fcf383d010d65c527e3359f0b06b6,355322,de714ad0c8aedb90b78e11b512d5eb267dd24830,12,0.0013422819320112467,Castaway,Best Time Ever,Blues Traveler,KIDZ BOP Kids,2015,2017,rock,pop
424936,adade2da1d9fcf383d010d65c527e3359f0b06b6,323190,6fa6014be570d9e62e434c6a2e445e6a6038595d,13,0.0010498687624931335,Castaway,Untitled 4,Blues Traveler,I Wrote Haikus About Cannibalism In Your Yearbook,2015,2010,rock,rock
424936,adade2da1d9fcf383d010d65c527e3359f0b06b6,491719,d256bf80f919edb2a02eeff63b52eb9d7dcd06d1,14,0.0015564202331006527,Castaway,Tainted,Blues Traveler,Celldweller,2015,2010,rock,rock
424936,adade2da1d9fcf383d010d65c527e3359f0b06b6,484036,5bc298efd464d98b508ea09217de4b9fe4844674,15,0.002030456904321909,Castaway,Adrift,Blues Traveler,Hollow Coves,2015,2019,rock,pop
424936,adade2da1d9fcf383d010d65c527e3359f0b06b6,239482,30ef569ad51c5744e46fa32a8da750f377ab2a07,16,0.0011695906287059188,Castaway,Creation,Blues Traveler,Peter Tosh,2015,1978,rock,rb
424936,adade2da1d9fcf383d010d65c527e3359f0b06b6,377149,2aeb43b8b85b8b7fc53815878d03983707eb4cea,17,0.0012195121962577105,Castaway,Understand,Blues Traveler,Anna St. Louis,2015,2018,rock,country
424936,adade2da1d9fcf383d010d65c527e3359f0b06b6,46159,b098add7f55197fd2c8f887cbeb5f6df3d88d3d1,18,0.000637958524748683,Castaway,Listening Wind,Blues Traveler,Talking Heads,2015,1980,rock,rock
424936,adade2da1d9fcf383d010d65c527e3359f0b06b6,280602,fa321142857b01fc1cabeb8e4c044619ea98b66f,19,0.0006220839568413794,Castaway,Ashley,Blues Traveler,Bo Burnham,2015,2013,rock,misc
424936,adade2da1d9fcf383d010d65c527e3359f0b06b6,432540,aea42d1c6bd922fd6d471ba6313b66ba7c8dc626,20,0.002051281975582242,Castaway,You,Blues Traveler,Ghost Ship,2015,2019,rock,pop
406368,057e88896b725ba424228be9207a1ebf6f92e545,478375,8ded89bfed5ec193467cf2439d79584962e1e9b6,1,0.009677419438958168,Wrath of the Norsemen,Lazarus,Amon Amarth,B. Dolan,2011,2015,rock,rap
406368,057e88896b725ba424228be9207a1ebf6f92e545,70470,cb8f5ebff7d966d4fb92e3e9bf3c44d715339e71,2,0.004040404222905636,Wrath of the Norsemen,Meditation XVII No man is an island,Amon Amarth,John Donne,2011,2012,rock,misc
406368,057e88896b725ba424228be9207a1ebf6f92e545,193361,7de46617e996899a6a54fb184189ad7e6d337d76,3,0.001687763724476099,Wrath of the Norsemen,STAPLE TAPE WORMS ON MY PENIS,Amon Amarth,Passenger of Shit,2011,2006,rock,misc
406368,057e88896b725ba424228be9207a1ebf6f92e545,9987,f56ac0f6466dd16b87c348925e258f0017d5dc62,4,0.0027777778450399637,Wrath of the Norsemen,Pineapple,Amon Amarth,Ty Dolla $ign,2011,2018,rock,rb
406368,057e88896b725ba424228be9207a1ebf6f92e545,411073,45d8fbbd66d4a04e38a8320ae7743ab02c1af1cc,5,0.0014388489071279764,Wrath of the Norsemen,Baby Doll,Amon Amarth,Arca,2011,2016,rock,pop
406368,057e88896b725ba424228be9207a1ebf6f92e545,437007,d1f3fbf098e80d8f31cea4b8d6c97ce2595649c8,6,0.0060606058686971664,Wrath of the Norsemen,Woyaya,Amon Amarth,Art Garfunkel,2011,1973,rock,pop
406368,057e88896b725ba424228be9207a1ebf6f92e545,211559,e1ee81b33b62724a6389bdc6421ede4cb9730192,7,0.0013071895809844136,Wrath of the Norsemen,Chameleon World,Amon Amarth,Jerry Paper,2011,2014,rock,pop
406368,057e88896b725ba424228be9207a1ebf6f92e545,430872,d765f30262413967307e5d50e65a278ffed0c03c,8,0.0023809524718672037,Wrath of the Norsemen,Running Into You,Amon Amarth,The Cribs,2011,2020,rock,rock
406368,057e88896b725ba424228be9207a1ebf6f92e545,303606,257516197382016ea1123620314a8834403fdc7a,9,0.0006191950524225831,Wrath of the Norsemen,PURE,Amon Amarth,Sidewalks and Skeletons,2011,2015,rock,pop
406368,057e88896b725ba424228be9207a1ebf6f92e545,451794,839f50c9df7fc8b9dffcd8bb11ee8d6246c8e4c1,10,0.0016460905317217112,Wrath of the Norsemen,Solipsis,Amon Amarth,The Contortionist,2011,2012,rock,rock
406368,057e88896b725ba424228be9207a1ebf6f92e545,341343,a9adce622929df0de2d34656817a46b9bd1bea9e,11,0.004166666883975267,Wrath of the Norsemen,Red Clay Halo,Amon Amarth,Gillian Welch,2011,2001,rock,country
406368,057e88896b725ba424228be9207a1ebf6f92e545,454739,d41b29c601d92e0c11ebcd963aaeaba4f254fe9e,12,0.0012345679569989443,Wrath of the Norsemen,Hausch,Amon Amarth,Andhim,2011,2013,rock,pop
406368,057e88896b725ba424228be9207a1ebf6f92e545,153171,94ab2b1af3e565b54cbbc5ba74a555137bc890f4,13,0.001374570420011878,Wrath of the Norsemen,The Little Old Lady from Pasadena,Amon Amarth,Jan & Dean,2011,1964,rock,rock
406368,057e88896b725ba424228be9207a1ebf6f92e545,171919,73cd9f4c3e650cfa9b4a5a4176944c1c9eac6348,14,0.0009070294909179211,Wrath of the Norsemen,Become a Machine,Amon Amarth,Harm's Way,2011,2018,rock,rock
406368,057e88896b725ba424228be9207a1ebf6f92e545,75580,ca476d2dabc2105888002d8b3f617215f101734d,15,0.0013468012912198901,Wrath of the Norsemen,Boggis Bunce and Bean Main Theme,Amon Amarth,Alexandre Desplat,2011,2015,rock,pop
406368,057e88896b725ba424228be9207a1ebf6f92e545,474207,d7cbbb4d463d4d51ad72f70b6e9c98505efe1549,16,0.0007692307699471712,Wrath of the Norsemen,Were the Same Sisi Ni Sawa Scars Version,Amon Amarth,Cast of The Lion Guard,2011,2019,rock,pop
406368,057e88896b725ba424228be9207a1ebf6f92e545,228323,3a979808cf73840254fd56425f48836c6dce4ab3,17,0.0016666667070239782,Wrath of the Norsemen,Clay Man,Amon Amarth,Swans,2011,1984,rock,rock
406368,057e88896b725ba424228be9207a1ebf6f92e545,503573,9766b29a0f61e4108b0c4988308ce6ae52d7fe2b,18,0.0007812500116415322,Wrath of the Norsemen,Right 2 Left,Amon Amarth,Diplo & Mel,2011,2022,rock,rap
406368,057e88896b725ba424228be9207a1ebf6f92e545,434862,452be2a7a6a8626592bc9795d43117eafb61b2a8,19,0.0017391304718330503,Wrath of the Norsemen,Appetizer,Amon Amarth,Aerial East,2011,2016,rock,pop
406368,057e88896b725ba424228be9207a1ebf6f92e545,184922,d6367a6a23f4f729dd7a68200b4833a1e04383b7,20,0.0016806722851470113,Wrath of the Norsemen,Lambert,Amon Amarth,Foxing,2011,2018,rock,rock
410594,0c8ecde0222d702b81d1709c7b20cc9dcfe10788,329543,a9555c873a78ce2405f54b69245ab1e33c7bb460,1,0.009677419438958168,Buttons to Push the Buttons,The Girl Doesnt Get It,Modest Mouse,Belle and Sebastian,1996,2017,rock,pop
410594,0c8ecde0222d702b81d1709c7b20cc9dcfe10788,361930,51777e765b52ecb493f2671d7cab202c6a09b315,2,0.001716738217510283,Buttons to Push the Buttons,These 10 Things That Will Happen to Your Body If You Walk Every Day According Science,Modest Mouse,The Research,1996,2020,rock,misc
410594,0c8ecde0222d702b81d1709c7b20cc9dcfe10788,254693,ce18aee13857b01267e431da8043c223a7628100,3,0.0007285974570550025,Buttons to Push the Buttons,24 Things Men Will Never Understand About Women,Modest Mouse,Shefinds,1996,2020,rock,misc
410594,0c8ecde0222d702b81d1709c7b20cc9dcfe10788,403414,88e10a403ce6388f443c63659855cd7fb128488d,4,0.0010309278732165694,Buttons to Push the Buttons,Seven,Modest Mouse,La Dispute,1996,2008,rock,rock
410594,0c8ecde0222d702b81d1709c7b20cc9dcfe10788,512410,44f69d48a6a7bcf420de1b90c41dd42a9cc4fb98,5,0.002020202111452818,Buttons to Push the Buttons,Angry,Modest Mouse,Ava Max,1996,2022,rock,pop
410594,0c8ecde0222d702b81d1709c7b20cc9dcfe10788,426458,854bcb727af87e0ebf26c248260d933e91009835,6,0.0006259781075641513,Buttons to Push the Buttons,Flashback,Modest Mouse,Imagination,1996,1981,rock,pop
410594,0c8ecde0222d702b81d1709c7b20cc9dcfe10788,442339,edc9b7959f51175d3c63620a6a3341ca9c6b8d90,7,0.0011904762359336019,Buttons to Push the Buttons,Sunset Girl,Modest Mouse,The Growlers,1996,2007,rock,rock
410594,0c8ecde0222d702b81d1709c7b20cc9dcfe10788,221457,d1cbb3a288efe63181639475aca47d01bc19a9bc,8,0.001818181830458343,Buttons to Push the Buttons,Happiness Togetherness,Modest Mouse,Heatwave,1996,1978,rock,rb
410594,0c8ecde0222d702b81d1709c7b20cc9dcfe10788,184463,b6c94caec6229559609d8f11099428cd5dc269f8,9,0.0058823530562222,Buttons to Push the Buttons,We Like to Party More Airplay,Modest Mouse,Vengaboys,1996,1999,rock,pop
410594,0c8ecde0222d702b81d1709c7b20cc9dcfe10788,180555,ff242e77ff69c4418587da3f92e92aa4970a56a5,10,0.0018604651559144258,Buttons to Push the Buttons,Stop That Train,Modest Mouse,Bob Marley & The Wailers,1996,1973,rock,rock
410594,0c8ecde0222d702b81d1709c7b20cc9dcfe10788,168578,69f2e7e12bb2d6a32e823c5ee4f7f23a10b88ec9,11,0.004761904943734407,Buttons to Push the Buttons,Happiness Missouri,Modest Mouse,EL VY,1996,2016,rock,rock
410594,0c8ecde0222d702b81d1709c7b20cc9dcfe10788,351074,24627b36a267229013fdf8373ad97a46fce7ce22,12,0.006451612804085016,Buttons to Push the Buttons,More of Just the Same,Modest Mouse,Infected Mushroom & WHITENO1SE,1996,2020,rock,pop
410594,0c8ecde0222d702b81d1709c7b20cc9dcfe10788,363432,72c162014651cf04e2c8d7618e6a5c5c7e163731,13,0.005970149300992489,Buttons to Push the Buttons,Almost There,Modest Mouse,Moderator,1996,2015,rock,rb
410594,0c8ecde0222d702b81d1709c7b20cc9dcfe10788,428175,f3afaabe4d8b68cc6f785d743f68f95ea7b3bc85,14,0.0009237875347025692,Buttons to Push the Buttons,Coming Back,Modest Mouse,Scenic Route to Alaska,1996,2016,rock,rock
410594,0c8ecde0222d702b81d1709c7b20cc9dcfe10788,353225,2bfc54ce3f27e87d68c4d6c2702368f296faae48,15,0.0006319115054793656,Buttons to Push the Buttons,Good Friend,Modest Mouse,Emily King,1996,2015,rock,rb
410594,0c8ecde0222d702b81d1709c7b20cc9dcfe10788,440702,8d4a78e006c6d1ea17e73368322e2a1825f67f9e,16,0.0009433962404727936,Buttons to Push the Buttons,Brahma nandam,Modest Mouse,Deva Premal,1996,2015,rock,pop
410594,0c8ecde0222d702b81d1709c7b20cc9dcfe10788,421107,408fef1495400963315f5f9e924e4d52ef1b0c31,17,0.003846153849735856,Buttons to Push the Buttons,Money Part 1 Clean Radio Edit,Modest Mouse,Jelleestone,1996,2001,rock,pop
410594,0c8ecde0222d702b81d1709c7b20cc9dcfe10788,397562,3c50a7521a61b9c8533d9e448913324ceaa8ef72,18,0.002209944650530815,Buttons to Push the Buttons,Hare Krishna / Be-In,Modest Mouse,'Hair' Tribe,1996,2009,rock,pop
410594,0c8ecde0222d702b81d1709c7b20cc9dcfe10788,107807,aff9d96b338fef8f6153306c22c8ab68081b85ec,19,0.0007518797065131366,Buttons to Push the Buttons,Do You Realize,Modest Mouse,Ursine Vulpine,1996,2016,rock,misc
410594,0c8ecde0222d702b81d1709c7b20cc9dcfe10788,334413,d6770d90ecab050935f5d62ed7febf3eb5bc1c8e,20,0.0013605442363768816,Buttons to Push the Buttons,Sunrise Sunset,Modest Mouse,Perry Como,1996,1968,rock,pop
179212,507b1ccbb069474fab6483d54385cfb2b96054f0,305503,36ad1a57376afcf0d7b5ad4e455bae88970009dd,1,0.009677419438958168,XOXO,I Miss You Pt. 1,JUMEX & Lil Xan,David Ruffin,2020,1973,rap,pop
179212,507b1ccbb069474fab6483d54385cfb2b96054f0,477469,576e4c45d749f39fded8f4eb0db49a2567a7c686,2,0.00148148147854954,XOXO,Cry Blood Africa,JUMEX & Lil Xan,Burning Spear,2020,1980,rap,pop
179212,507b1ccbb069474fab6483d54385cfb2b96054f0,105523,c3f6f0f849aec4818213469ce997b44cbced7e80,3,0.0018099547596648335,XOXO,The Silent Boy Cries Ripsquadd Outro,JUMEX & Lil Xan,Bladee,2020,2018,rap,rap
179212,507b1ccbb069474fab6483d54385cfb2b96054f0,369466,cd59d4d7faad9cefa1752eeedcca4078e518acf3,4,0.0009324009297415614,XOXO,The Great Titanic,JUMEX & Lil Xan,Roy Acuff,2020,1955,rap,country
179212,507b1ccbb069474fab6483d54385cfb2b96054f0,459906,0dcf9ad737f3b26d15e3d84b6e8662975a3fde30,5,0.002197802299633622,XOXO,Led By A Dollar,JUMEX & Lil Xan,Kadi,2020,2019,rap,pop
179212,507b1ccbb069474fab6483d54385cfb2b96054f0,381042,6d4647c27ca687d1e0a4c46b15fc08fca2ed9123,6,0.0006980802863836288,XOXO,Waterfalls,JUMEX & Lil Xan,WHY?,2020,2005,rap,rap
179212,507b1ccbb069474fab6483d54385cfb2b96054f0,56791,ff56280e36d0069e298dd8595e9f5e5d96b1b694,7,0.0016460905317217112,XOXO,Silver,JUMEX & Lil Xan,The Neighbourhood,2020,2013,rap,rock
179212,507b1ccbb069474fab6483d54385cfb2b96054f0,438122,7a682b17c6d78e231717ccf4d1bba0b272a5c761,8,0.0015999999595806003,XOXO,Sirens,JUMEX & Lil Xan,Ben Abraham,2020,2016,rap,pop
179212,507b1ccbb069474fab6483d54385cfb2b96054f0,48425,b6a2adf027b3c0bbe2cff6605f4bb586a4f49dfd,9,0.0063492064364254475,XOXO,Life Is Strange,JUMEX & Lil Xan,MARINA,2020,2019,rap,pop
179212,507b1ccbb069474fab6483d54385cfb2b96054f0,458833,dca8ddb39b52400c9296d3eb7eca5f3e7db27893,10,0.0006116207805462182,XOXO,A Girl I Used To Know,JUMEX & Lil Xan,George Jones,2020,1964,rap,country
179212,507b1ccbb069474fab6483d54385cfb2b96054f0,306969,d7d7caf91d3be5e396ec2f4bde52fb3a713d878e,11,0.003508772002533078,XOXO,Just A Little Talk With Jesus,JUMEX & Lil Xan,The Oak Ridge Boys,2020,1977,rap,country
179212,507b1ccbb069474fab6483d54385cfb2b96054f0,381870,db4ee6a463e7d0348c614fe6345e253b21459424,12,0.0015748031437397003,XOXO,Get Up,JUMEX & Lil Xan,Bombay Bicycle Club,2020,2020,rap,rock
179212,507b1ccbb069474fab6483d54385cfb2b96054f0,220126,9344b26978e2c9bd71b508ff3d5a0b044a9fe13b,13,0.0010928962146863341,XOXO,Judys Turn to Cry,JUMEX & Lil Xan,Lesley Gore,2020,1963,rap,pop
179212,507b1ccbb069474fab6483d54385cfb2b96054f0,230143,530d397b0d7791f2aa816336744cd145675b801f,14,0.0006968640955165029,XOXO,The Ballad Of Harambe,JUMEX & Lil Xan,c a n d i d !,2020,2017,rap,rock
179212,507b1ccbb069474fab6483d54385cfb2b96054f0,20752,dc17c31a74369e44ede950b5ed06a01ee6e3772a,15,0.0030534351244568825,XOXO,Supergirl,JUMEX & Lil Xan,Anna Naklab,2020,2015,rap,pop
179212,507b1ccbb069474fab6483d54385cfb2b96054f0,511623,6a4e93f2eb487eb36c6bc24d1eeb7a81df7d9962,16,0.0008230452658608556,XOXO,Girls From The Parking Lot,JUMEX & Lil Xan,Weston Allen,2020,2022,rap,pop
179212,507b1ccbb069474fab6483d54385cfb2b96054f0,118895,82f57cadfe75cbb906ba04fa0db87729f432b77b,17,0.001923076924867928,XOXO,South Side of the Sky,JUMEX & Lil Xan,Yes,2020,1971,rap,rock
179212,507b1ccbb069474fab6483d54385cfb2b96054f0,349121,0601145c91058d27b1718165214560850ce6339b,18,0.0008196721319109201,XOXO,When Sunday Comes,JUMEX & Lil Xan,Donald Lawrence And The Tri-City Singers,2020,2015,rap,pop
179212,507b1ccbb069474fab6483d54385cfb2b96054f0,224341,6dec73a48290c72724129798d6700247f195258c,19,0.0014234875561669469,XOXO,Want,JUMEX & Lil Xan,The High Curbs,2020,2017,rap,rock
179212,507b1ccbb069474fab6483d54385cfb2b96054f0,50328,8fc6b4b892b86e39116c2199f10fa30c95469632,20,0.0016806722851470113,XOXO,4 Ply,JUMEX & Lil Xan,Squidward Tentacles,2020,2018,rap,rb
72090,1cf8dc6395cadb4f3e1b8f41d422e800db6654dd,18662,607632b26469c7dc0f6273fe50084363ed9b576c,1,0.009677419438958168,Queensbridge Zoo,Protect Ya Neck The Jump Off,Vince Staples,Wu-Tang Clan,2013,2000,rap,rap
72090,1cf8dc6395cadb4f3e1b8f41d422e800db6654dd,375005,576c2f3c0fe22863aa661417e1c4de69b2e6fe4e,2,0.002116402145475149,Queensbridge Zoo,America As A Gun Culture,Vince Staples,Richard Hofstadter,2013,1970,rap,misc
72090,1cf8dc6395cadb4f3e1b8f41d422e800db6654dd,444951,cfab8cc0d40046f541bb63939964e4174462ada1,3,0.0054054055362939835,Queensbridge Zoo,Little Metal Box,Vince Staples,"Red Shirt, Blue Shirt",2013,2016,rap,pop
72090,1cf8dc6395cadb4f3e1b8f41d422e800db6654dd,186296,19e6537d1854a79c0625eb66dffadff3ed4c0fd9,4,0.004123711492866278,Queensbridge Zoo,Damaged II,Vince Staples,Black Flag,2013,1981,rap,rock
72090,1cf8dc6395cadb4f3e1b8f41d422e800db6654dd,71538,ea8db5223da4cf5ca3f7fcda0042d581a28628ad,5,0.001408450654707849,Queensbridge Zoo,Lindisfarne II,Vince Staples,James Blake,2013,2011,rap,rb
72090,1cf8dc6395cadb4f3e1b8f41d422e800db6654dd,478294,cb9cd10d66f104f5ef87610a300e061e8e80a741,6,0.002739726100116968,Queensbridge Zoo,To Kind,Vince Staples,YOUNGFLYTYEE,2013,2014,rap,rap
72090,1cf8dc6395cadb4f3e1b8f41d422e800db6654dd,414752,1e33575ee099e5b4bbe5f47f6af7eeb876292014,7,0.0013888889225199819,Queensbridge Zoo,Beetlebum,Vince Staples,A. G. Cook,2013,2020,rap,pop
72090,1cf8dc6395cadb4f3e1b8f41d422e800db6654dd,276286,61b36c2a959a54db8f44c0d330cd1a4fcc6d7515,8,0.000992555869743228,Queensbridge Zoo,I Dont Wanna Go Home,Vince Staples,Wiz Khalifa,2013,2017,rap,rap
72090,1cf8dc6395cadb4f3e1b8f41d422e800db6654dd,26475,eef1fe38b43a4fffb7c831add8b3d870fc0d7584,9,0.0008113590301945806,Queensbridge Zoo,Most of Us,Vince Staples,Wiz Khalifa,2013,2015,rap,rap
72090,1cf8dc6395cadb4f3e1b8f41d422e800db6654dd,182749,2a646ac46de39bc4bf6cee0662b1f9bb0d7e3266,10,0.000687285210005939,Queensbridge Zoo,Coup de Grace,Vince Staples,Miles Kane,2013,2018,rap,rock
72090,1cf8dc6395cadb4f3e1b8f41d422e800db6654dd,333049,6d597c826cedbec13f8549c57021848b63d0e653,11,0.0014234875561669469,Queensbridge Zoo,Hungry,Vince Staples,Show Me the Body,2013,2017,rap,rap
72090,1cf8dc6395cadb4f3e1b8f41d422e800db6654dd,197617,d399734638dff37ef0f25fc7498ec2219288a2d0,12,0.004651162773370743,Queensbridge Zoo,Mimi,Vince Staples,Big Red Machine,2013,2021,rap,rock
72090,1cf8dc6395cadb4f3e1b8f41d422e800db6654dd,499413,7ba630c9de08d2bc253eb992aae628b74e9d7376,13,0.0014184396713972092,Queensbridge Zoo,Too Much to Lose,Vince Staples,Sun Glitters,2013,2011,rap,pop
72090,1cf8dc6395cadb4f3e1b8f41d422e800db6654dd,352670,3e203e3cb75c165be050163e34aee8355d03c375,14,0.001226993859745562,Queensbridge Zoo,High Class In Borrowed Shoes,Vince Staples,Max Webster,2013,1977,rap,rock
72090,1cf8dc6395cadb4f3e1b8f41d422e800db6654dd,505114,6174fadddff374d34eb774716bd2fefe65da47d7,15,0.0023121386766433716,Queensbridge Zoo,​talk,Vince Staples,Underaiki,2013,2022,rap,rap
72090,1cf8dc6395cadb4f3e1b8f41d422e800db6654dd,378949,7830ce15160b6cbe01651ed494df3abfa2aabfa4,16,0.0006688963039778173,Queensbridge Zoo,Fart on My Penis,Vince Staples,Cmoney2423,2013,2018,rap,rap
72090,1cf8dc6395cadb4f3e1b8f41d422e800db6654dd,241268,ba025e0c998fce52ee138641853860a9071362f4,17,0.0023255813866853714,Queensbridge Zoo,Wait,Vince Staples,BlocBoy JB,2013,2018,rap,rap
72090,1cf8dc6395cadb4f3e1b8f41d422e800db6654dd,379167,8884bd672f73009703bc75fd38fe9570f7bd2738,18,0.0022727272007614374,Queensbridge Zoo,Staple Gun,Vince Staples,Muchdank,2013,2018,rap,rap
72090,1cf8dc6395cadb4f3e1b8f41d422e800db6654dd,273336,25ef9b4850899a347849fd3eb0cff8b4a840324b,19,0.0009501187596470118,Queensbridge Zoo,... A Psychopath,Vince Staples,Lisa Germano,2013,1994,rap,rock
72090,1cf8dc6395cadb4f3e1b8f41d422e800db6654dd,94221,03a55adb0140c3b6ad42b1d1cc3ce90fe64062be,20,0.0010582010727375746,Queensbridge Zoo,The Incredible True Story Trailer,Vince Staples,Logic,2013,2015,rap,rap
30066,d41d5047d86d75fe19b65e8312bc59ec252f2440,129456,140b881e48d651018d94f0793c7474cb7213a917,1,0.009677419438958168,Caught Up,Oceans V2,Majid Jordan,Felly,2019,2017,rb,rap
30066,d41d5047d86d75fe19b65e8312bc59ec252f2440,82413,43ea85db3a87a3418488288c551ff00845f7c056,2,0.0007092198356986046,Caught Up,One Weird Trick to Make PostgreSQL 15000x Faster,Majid Jordan,Genius Engineering Team,2019,2014,rb,misc
30066,d41d5047d86d75fe19b65e8312bc59ec252f2440,153276,f860824cb08c8d3cf44996ac3fc2d44438f1d7ce,3,0.0009828009642660618,Caught Up,Respiration,Majid Jordan,Human Physiology,2019,2013,rb,misc
30066,d41d5047d86d75fe19b65e8312bc59ec252f2440,278914,cfa0ca24c2fd5bd8387932ead290cb99ede0092c,4,0.0008113590301945806,Caught Up,Come Out,Majid Jordan,Steve Reich,2019,1966,rb,pop
30066,d41d5047d86d75fe19b65e8312bc59ec252f2440,142163,572718a4f087f9c7c9203ce8ea49c4d094fcc150,5,0.0036697247996926308,Caught Up,Lady Picture Show,Majid Jordan,Stone Temple Pilots,2019,1996,rb,rock
30066,d41d5047d86d75fe19b65e8312bc59ec252f2440,451104,71eb73dbb166191f68658bfb177e3236829bcac0,6,0.000911161710973829,Caught Up,We Are the Universe,Majid Jordan,ilan Bluestone,2019,2019,rb,pop
30066,d41d5047d86d75fe19b65e8312bc59ec252f2440,394547,966894146c2d21dac61248296f0baccdb971db39,7,0.004705882165580988,Caught Up,Some boys,Majid Jordan,Dom,2019,2015,rb,pop
30066,d41d5047d86d75fe19b65e8312bc59ec252f2440,474148,753448caca5ae9a72af4a1f4410d950252fbe4f6,8,0.0011267606168985367,Caught Up,Masterchef synesthesia buttery biscuit bass feat. gregg wallace  john torrode,Majid Jordan,Swede mason,2019,2015,rb,pop
30066,d41d5047d86d75fe19b65e8312bc59ec252f2440,49352,eda24a99c92ba32bab06ccdf0edee1df8ad83af1,9,0.0010695187374949455,Caught Up,Whos On First?,Majid Jordan,Abbott And Costello,2019,2015,rb,misc
30066,d41d5047d86d75fe19b65e8312bc59ec252f2440,353796,a26f62f93fe88b8e36a5e1acb2a46a6dc4218b96,10,0.0007766990456730127,Caught Up,This Old Dog,Majid Jordan,Viagra Boys,2019,2021,rb,misc
30066,d41d5047d86d75fe19b65e8312bc59ec252f2440,440532,73f966878cec02948fb8fdc5c4c8266c2f7c168b,11,0.0008474576170556247,Caught Up,Beach Demon,Majid Jordan,Wavves,2019,2009,rb,pop
30066,d41d5047d86d75fe19b65e8312bc59ec252f2440,428327,433dc396615b8cca6fb134c2a831273e7812f9ab,12,0.000852878438308835,Caught Up,Possession,Majid Jordan,KUURO,2019,2017,rb,pop
30066,d41d5047d86d75fe19b65e8312bc59ec252f2440,75800,e006dad6a4d82aaca00da72f904c277754f8e870,13,0.0008714597206562757,Caught Up,Starshine,Majid Jordan,Gorillaz,2019,2001,rb,rock
30066,d41d5047d86d75fe19b65e8312bc59ec252f2440,284232,654a50f0987060de8c58b777ff4b474a0c763bdc,14,0.0006106870132498443,Caught Up,She Got Swagg,Majid Jordan,10k.Caash,2019,2018,rb,rap
30066,d41d5047d86d75fe19b65e8312bc59ec252f2440,453727,23f222f4d2cbf54eb9e51df5130d6617684ac1ed,15,0.0009732359903864563,Caught Up,Goons,Majid Jordan,Good Times Ahead,2019,2015,rb,pop
30066,d41d5047d86d75fe19b65e8312bc59ec252f2440,338984,4eefcc0cce3e65ad46e23a9a8b274a2c6875ddf9,16,0.0008908685995265841,Caught Up,Back For More,Majid Jordan,Breakbot,2019,2015,rb,rock
30066,d41d5047d86d75fe19b65e8312bc59ec252f2440,375597,136195fd3c2ccbc0217dc4d4aaac8175dd9ed426,17,0.0008620689623057842,Caught Up,Booty Loose,Majid Jordan,Party Favor,2019,2015,rb,pop
30066,d41d5047d86d75fe19b65e8312bc59ec252f2440,346674,64bcde66da3a3d067b81359b12f707990702431e,18,0.0009009009227156639,Caught Up,KDB,Majid Jordan,Jim Daly,2019,2017,rb,pop
30066,d41d5047d86d75fe19b65e8312bc59ec252f2440,295103,6f72c51a6a634195b34f80449fbec15d3cbade65,19,0.00077220075763762,Caught Up,Activate Me,Majid Jordan,ASTR,2019,2015,rb,rb
30066,d41d5047d86d75fe19b65e8312bc59ec252f2440,71279,a44fdd59967f212136142c769268f35236c0adab,20,0.0008639309089630842,Caught Up,Brown Girl in the Ring,Majid Jordan,Boney M.,2019,1978,rb,rb
226709,e630210062f679a932a5f0cbbaf16f187311693d,110659,aeaa627e7afa5e624ab55d574b8b9feeb3c8ec47,1,0.009677419438958168,Watching Me Fall,Surrounded,The Cure,Dream Theater,2000,1992,rock,rock
226709,e630210062f679a932a5f0cbbaf16f187311693d,386036,28c9dc02b6e04e973ee7b49bd075cd1bbd25ca7e,2,0.0015151514671742916,Watching Me Fall,WATCH OUT,The Cure,Quadeca,2000,2020,rock,rap
226709,e630210062f679a932a5f0cbbaf16f187311693d,474197,8c5509c2232f5c4b3b57c5384c7e5afcf1aa90c5,3,0.0020000000949949026,Watching Me Fall,Tomahawk,The Cure,Wild Yaks,2000,2009,rock,rock
226709,e630210062f679a932a5f0cbbaf16f187311693d,320548,4fc3161a71713cfdafd959c57f80af805f58af82,4,0.0026845638640224934,Watching Me Fall,Moroccan Peoples Revolutionary Bowls Club,The Cure,Blur,2000,2003,rock,rock
226709,e630210062f679a932a5f0cbbaf16f187311693d,210279,df1a96c7d079b3c445dadc08651a7eeebd558320,5,0.0014440433587878942,Watching Me Fall,The Man,The Cure,Goat Girl,2000,2018,rock,rock
226709,e630210062f679a932a5f0cbbaf16f187311693d,354707,fb4a97354c05d95797acf48973906dcd2375248d,6,0.0014869888545945287,Watching Me Fall,Grot,The Cure,St. Vincent,2000,2012,rock,rock
226709,e630210062f679a932a5f0cbbaf16f187311693d,429382,42f0a31bbd343b1ab6bf80e373c8ed2f3231a897,7,0.0008196721319109201,Watching Me Fall,Snap and Roll,The Cure,Soulja Boy,2000,2007,rock,rap
226709,e630210062f679a932a5f0cbbaf16f187311693d,20609,9cb4a32bf3777b5b68c293a73d5a51fef1f7b5d7,8,0.0015037594130262733,Watching Me Fall,Burnt Rice,The Cure,shawn wasabi,2000,2015,rock,pop
226709,e630210062f679a932a5f0cbbaf16f187311693d,300811,e0213e20ea08f9ac57b7f922c262c0d7caa28777,9,0.0014285714132711291,Watching Me Fall,SouthSide,The Cure,DJ Snake,2000,2019,rock,pop
226709,e630210062f679a932a5f0cbbaf16f187311693d,131743,f24ac37636c22e2964078650a12e5874350a9c81,10,0.0006611570133827627,Watching Me Fall,Mi Rumba,The Cure,Sofi Tukker & ZHU,2000,2019,rock,pop
226709,e630210062f679a932a5f0cbbaf16f187311693d,449736,de9582269e3a6befe4148d3e8215f90185d97d04,11,0.0009779951069504023,Watching Me Fall,East Bound And Down,The Cure,Midland,2000,2018,rock,country
226709,e630210062f679a932a5f0cbbaf16f187311693d,125921,46373e6bbe251797560bf798983d45fdab8e85b6,12,0.0006745362770743668,Watching Me Fall,​club,The Cure,Kelsea Ballerini,2000,2019,rock,country
226709,e630210062f679a932a5f0cbbaf16f187311693d,359111,50141f0c05e6cc5c24dd98abfcd36174bf38ab09,13,0.0006079027079977095,Watching Me Fall,We Might Fall,The Cure,Ryan Star,2000,2010,rock,pop
226709,e630210062f679a932a5f0cbbaf16f187311693d,138966,68f067e30ef05e9afcdd08e65394c179b57480d0,14,0.002721088472753763,Watching Me Fall,In the End Mellen Gi Remix,The Cure,Tommee Profitt,2000,2019,rock,rock
226709,e630210062f679a932a5f0cbbaf16f187311693d,22549,8d465145ac6e669fb7bd0744f32326cf4924f80b,15,0.0015325670829042792,Watching Me Fall,Gotta Go Fast,The Cure,4KIDS TV,2000,2003,rock,rock
226709,e630210062f679a932a5f0cbbaf16f187311693d,279980,b69c3db6b867a65d9fa146bfc57c2a54da2613f3,16,0.001098901149816811,Watching Me Fall,Kuedon obsession - extended,The Cure,Bang La Decks,2000,2015,rock,pop
226709,e630210062f679a932a5f0cbbaf16f187311693d,204161,7200944c0fdd90b6b82cd859910ccc80530a8bbf,17,0.0006410256610251963,Watching Me Fall,Africa Talks to You The Asphalt Jungle,The Cure,Sly and the Family Stone,2000,1971,rock,rb
226709,e630210062f679a932a5f0cbbaf16f187311693d,326644,750ebb1e7528923454f784ceda606486c4a92714,18,0.0006441223667934537,Watching Me Fall,Plottin Short Story,The Cure,Young M.A,2000,2015,rock,rap
226709,e630210062f679a932a5f0cbbaf16f187311693d,324915,cf85b6f3b5e17d83d563d8b0894b31bdf808d50e,19,0.0015936255222186446,Watching Me Fall,BREAK LAW,The Cure,Dog Blood,2000,2019,rock,pop
226709,e630210062f679a932a5f0cbbaf16f187311693d,309845,4d3e0edf3ce540bf47776cef6aadf666a7e6aa23,20,0.002352941082790494,Watching Me Fall,Watch it Burn,The Cure,Camo & Krooked,2000,2011,rock,pop
291494,63270834a40c765523b1d40dd69b5fc0279f9bb7,270842,79b9c53e4682fc4c3a74365532eaab7364f6cd1d,1,0.009677419438958168,Owners Box,The Freestyle Roc Boys,mike. fka mike stud,Wale,2016,2008,rap,rap
291494,63270834a40c765523b1d40dd69b5fc0279f9bb7,335541,b60dde1a2f1e0807deaf9f9af8677caa584e507b,2,0.002366863889619708,Owners Box,Preface,mike. fka mike stud,Whirr,2016,2011,rap,pop
291494,63270834a40c765523b1d40dd69b5fc0279f9bb7,326486,f6efc7decff89bf7fd4452f23292b138cc70615a,3,0.004301075357943773,Owners Box,Step 1: Apologies in Advance,mike. fka mike stud,Sylvan LaCue,2016,2018,rap,rap
291494,63270834a40c765523b1d40dd69b5fc0279f9bb7,162924,4f86cea5801626cbfa309e3d255a55b29d0b35a9,4,0.002816901309415698,Owners Box,Juice Streaming Version,mike. fka mike stud,Chance the Rapper,2016,2019,rap,misc
291494,63270834a40c765523b1d40dd69b5fc0279f9bb7,317192,33aa9a9b4118e413ef51842af7dcb88cc9dbfc76,5,0.0023391812574118376,Owners Box,Shes A Killer,mike. fka mike stud,Justin OH,2016,2018,rap,pop
291494,63270834a40c765523b1d40dd69b5fc0279f9bb7,49553,3afd9e0f2a65c721a8e073915f232a7801b5ab7a,6,0.002597402548417449,Owners Box,409,mike. fka mike stud,The Beach Boys,2016,1962,rap,pop
291494,63270834a40c765523b1d40dd69b5fc0279f9bb7,129090,5c7ea2f17e2847067b6a5f03f8b7a2aaf89e9890,7,0.0010899183107540011,Owners Box,Guys Named Todd,mike. fka mike stud,George Carlin,2016,2001,rap,pop
291494,63270834a40c765523b1d40dd69b5fc0279f9bb7,351301,714db7c129c1e1f86bcd4394e501ac881b139f6e,8,0.004040404222905636,Owners Box,Bangerz Tour Dates,mike. fka mike stud,Miley Cyrus,2016,2014,rap,pop
291494,63270834a40c765523b1d40dd69b5fc0279f9bb7,29978,4b6db3b0afe8df4e8b232f401729b550a6ab8e1b,9,0.0026845638640224934,Owners Box,Low Rider,mike. fka mike stud,War,2016,1975,rap,rock
291494,63270834a40c765523b1d40dd69b5fc0279f9bb7,479507,3e07f57c63a1a9681abddea2133777c9d5d2fde4,10,0.003076923079788685,Owners Box,I Know a Place The Creek Song,mike. fka mike stud,BIuey,2016,2021,rap,pop
291494,63270834a40c765523b1d40dd69b5fc0279f9bb7,133587,a6d0b9b2a41f6066e33a7a4ea38a27490da10b38,11,0.0024999999441206455,Owners Box,Alec Eiffel,mike. fka mike stud,Pixies,2016,1991,rap,rock
291494,63270834a40c765523b1d40dd69b5fc0279f9bb7,291089,1bf8e72595a437a8ea872c77dc546862dcdeb514,12,0.001166180707514286,Owners Box,We must go on,mike. fka mike stud,Pretty Lights,2016,2015,rap,pop
291494,63270834a40c765523b1d40dd69b5fc0279f9bb7,486144,54e610d716e939c8cd92a3179bd586da3cedfcce,13,0.0031496062874794006,Owners Box,Dont Stop,mike. fka mike stud,ATB,2016,1999,rap,pop
291494,63270834a40c765523b1d40dd69b5fc0279f9bb7,25565,1c521c0f2f728d6daee37ae58ef008a3a790c389,14,0.0006677796482108533,Owners Box,Spiders,mike. fka mike stud,Slipknot,2016,2019,rap,rock
291494,63270834a40c765523b1d40dd69b5fc0279f9bb7,94483,07dcc460f300b44fea2cb7292a39f4827ecd8f1b,15,0.0017777777975425124,Owners Box,Jim Brown,mike. fka mike stud,Wiz Khalifa,2016,2014,rap,rap
291494,63270834a40c765523b1d40dd69b5fc0279f9bb7,382113,0057063b52189a7f92be48a8f47266c0520af3f9,16,0.002721088472753763,Owners Box,Radical,mike. fka mike stud,Amtrac,2016,2020,rap,pop
291494,63270834a40c765523b1d40dd69b5fc0279f9bb7,269208,f4550463a24993f25f619a5e8cb5f01352a21bc5,17,0.0028985508251935244,Owners Box,Real Cool Time,mike. fka mike stud,The Stooges,2016,1969,rap,rock
291494,63270834a40c765523b1d40dd69b5fc0279f9bb7,77853,d36fab1529fad80c1b8c6c1ebc3a6d51a3cfb57c,18,0.0030534351244568825,Owners Box,Runwayaway,mike. fka mike stud,Thom Yorke,2016,2019,rap,pop
291494,63270834a40c765523b1d40dd69b5fc0279f9bb7,506665,7b891cc413dc154932b96658fcb96d8cb03ccdab,19,0.002919707912951708,Owners Box,Lounge Thoughts,mike. fka mike stud,Enjoy,2016,2022,rap,pop
291494,63270834a40c765523b1d40dd69b5fc0279f9bb7,485067,2017e95dc7f01314a8d97684fa45a11f741be7d7,20,0.003389830468222499,Owners Box,Leaderless and Self Enlisted,mike. fka mike stud,Norma Jean,2016,2010,rap,rock
440973,f3df01c35c561c4c2b933984965f8eb56f14be99,462478,7af9159240c1610318554bc51ab2638a04a8b79b,1,0.009677419438958168,Darkness,Lost,Mic Righteous,Mic Righteous,2020,2020,rap,rap
440973,f3df01c35c561c4c2b933984965f8eb56f14be99,103299,3b1a8a6289165cec203721b7c68b61f6cfaf7451,2,0.0063492064364254475,Darkness,The Dripping Tap,Mic Righteous,King Gizzard & The Lizard Wizard,2020,2022,rap,rock
440973,f3df01c35c561c4c2b933984965f8eb56f14be99,37047,e19f10f46cee748734ecb9bd2d02789f2064ca29,3,0.003738317871466279,Darkness,Purple Hat,Mic Righteous,SOFI TUKKER,2020,2019,rap,pop
440973,f3df01c35c561c4c2b933984965f8eb56f14be99,445995,b89df012c38ddff72c018a2f5300cf3e93f332cc,4,0.0035714285913854837,Darkness,$WITCHBLADE,Mic Righteous,BONES,2020,2012,rap,rap
440973,f3df01c35c561c4c2b933984965f8eb56f14be99,302539,5787fbc9b99de182642ac10f8d0e91d9ce722ed6,5,0.002758620772510767,Darkness,Balls In Your Mouth,Mic Righteous,Jimmy Fallon,2020,2012,rap,rock
440973,f3df01c35c561c4c2b933984965f8eb56f14be99,104763,958ac9ab430367366e07a09d26f4a6bba1e3390c,6,0.0012499999720603228,Darkness,Rival,Mic Righteous,Ruelle,2020,2017,rap,pop
440973,f3df01c35c561c4c2b933984965f8eb56f14be99,279800,60ab8b4fe7e3236193fbd1b88d032806abc36a97,7,0.0019801980815827847,Darkness,Three Little Fishes,Mic Righteous,Glenn Miller,2020,2015,rap,pop
440973,f3df01c35c561c4c2b933984965f8eb56f14be99,128000,b4dd290d71fec68ef7cd59caad25306d558538e0,8,0.0011461317772045732,Darkness,Swim,Mic Righteous,Her (FRA),2020,2017,rap,pop
440973,f3df01c35c561c4c2b933984965f8eb56f14be99,419982,cb4f49736c6e5e833ea532d3ca69e3c92ad45659,9,0.0008928571478463709,Darkness,Va-Gi-Na,Mic Righteous,Cecily Strong,2020,2021,rap,pop
440973,f3df01c35c561c4c2b933984965f8eb56f14be99,68162,920fc2024914469833d2cca9c383edb1ab57e153,10,0.0008583691087551415,Darkness,Sleeping In,Mic Righteous,The Postal Service,2020,2003,rap,pop
440973,f3df01c35c561c4c2b933984965f8eb56f14be99,234819,414934fa6aa5bfbbd5d36408cca69405981e0367,11,0.0011594202369451523,Darkness,I Noticed That Youre Gay,Mic Righteous,AxCx,2020,1996,rap,pop
440973,f3df01c35c561c4c2b933984965f8eb56f14be99,388125,160bd50a4537b0bf1e88b3c6b3ed2d4a0b2dbbba,12,0.000715563481207937,Darkness,Nature Anthem,Mic Righteous,Grandaddy,2020,2004,rap,pop
440973,f3df01c35c561c4c2b933984965f8eb56f14be99,482784,cdbc44b6ac58352eb949a7f46d440f7347254a2b,13,0.0007476635510101914,Darkness,Windmills of Your Mind Les moulins de mon cœur,Mic Righteous,Michel Legrand,2020,2015,rap,pop
440973,f3df01c35c561c4c2b933984965f8eb56f14be99,348461,3cc67c439356b5b2392d3ac5782f15dabbcbf6d3,14,0.0021505376789718866,Darkness,We Keep on Running,Mic Righteous,What So Not & Toto,2020,2018,rap,pop
440973,f3df01c35c561c4c2b933984965f8eb56f14be99,376461,b638fe4564935b91d491aeb2af5afaf15c06f1cc,15,0.0008350730640813708,Darkness,Its John Mulaney and the Sack Lunch Bunch,Mic Righteous,John Mulaney,2020,2019,rap,pop
440973,f3df01c35c561c4c2b933984965f8eb56f14be99,349289,f1757ec5512bb714be97d241822dd071b578d120,16,0.0027777778450399637,Darkness,Man / Bag of Sand,Mic Righteous,Frightened Rabbit,2020,2010,rap,rock
440973,f3df01c35c561c4c2b933984965f8eb56f14be99,63343,e4bbf739b6b1b8b0791a76c16307d29fc367fa65,17,0.0009049773798324168,Darkness,U know I aint scared,Mic Righteous,Boosie Badazz,2020,2016,rap,rap
440973,f3df01c35c561c4c2b933984965f8eb56f14be99,175302,aed5cf1583c1291a6e1df34f381228f438f3bee2,18,0.0027027027681469917,Darkness,Drag,Mic Righteous,Placebo,2020,2006,rap,rock
440973,f3df01c35c561c4c2b933984965f8eb56f14be99,481803,67bd7e0b49cf0f49f69b100ff1deeaecb47dcc48,19,0.0018957345746457577,Darkness,Karen Koltrane,Mic Righteous,Sonic Youth,2020,1998,rap,rock
440973,f3df01c35c561c4c2b933984965f8eb56f14be99,309674,e9aad4258d5df57ee94b9e0382d06a050d43ccad,20,0.0015873016091063619,Darkness,Wide Open,Mic Righteous,FRENSHIP,2020,2019,rap,pop
17891,d652974f51db5332e0773e467e3f900e1ae9f8e8,40070,98a132ace0d425f24ede084906812ac68299478a,1,0.016129031777381897,Basketball,Basketball,Kurtis Blow,Bow Wow,1984,2002,rap,rap
17891,d652974f51db5332e0773e467e3f900e1ae9f8e8,252846,d51b4769b57ce52d2f33456d9926457e11b9b39b,2,0.0010126582346856594,Basketball,Hurdles / Dreams,Kurtis Blow,Sabrina Benaim,1984,2017,rap,misc
17891,d652974f51db5332e0773e467e3f900e1ae9f8e8,199454,05267a50c36120de1edb25fa72c987199fb71aa6,3,0.0010666666785255075,Basketball,Mercury,Kurtis Blow,Bloc Party,1984,2008,rap,rock
17891,d652974f51db5332e0773e467e3f900e1ae9f8e8,140631,c912d3249111a8986fdc847bb6a5815e96e68d7c,4,0.000806451600510627,Basketball,Racist Rant,Kurtis Blow,Dr. Laura Schlessinger,1984,2012,rap,misc
17891,d652974f51db5332e0773e467e3f900e1ae9f8e8,477187,46b759f8c329414e0391dc88e71ac903fd250214,5,0.0008547008619643748,Basketball,KD 7 - First Thoughts,Kurtis Blow,ChrisSweatshirt,1984,2014,rap,misc
17891,d652974f51db5332e0773e467e3f900e1ae9f8e8,399592,b229eea42ac27a653d7a55735345a65b20c178d0,6,0.0030534351244568825,Basketball,Get It,Kurtis Blow,Free-D,1984,2016,rap,rap
17891,d652974f51db5332e0773e467e3f900e1ae9f8e8,97742,c346fc1d1120b8a36a699a0733fbacd4bee5ecb8,7,0.0017621145816519856,Basketball,Things in My Jeep,Kurtis Blow,The Lonely Island,1984,2016,rap,rap
17891,d652974f51db5332e0773e467e3f900e1ae9f8e8,174530,9facbaabb870b7a10326bcb1a042fc12a75e0a1a,8,0.000821355264633894,Basketball,What Real-Time Gambling Data Reveals About Sports: Introducing Gambletron 2000,Kurtis Blow,ATodd,1984,2014,rap,misc
17891,d652974f51db5332e0773e467e3f900e1ae9f8e8,373434,f7662e714b32122b44c405aed06dee04327ac847,9,0.0034782609436661005,Basketball,Welfare Wednesday,Kurtis Blow,Venetian Snares,1984,2010,rap,pop
17891,d652974f51db5332e0773e467e3f900e1ae9f8e8,78385,0d49af83ae77ce084b1567aa861a5a76248fbb52,10,0.0016806722851470113,Basketball,Because I Got High Positive Remix,Kurtis Blow,Afroman,1984,2014,rap,rap
17891,d652974f51db5332e0773e467e3f900e1ae9f8e8,3767,5eab1f921a5f1f0da7324fc4f063f09d49f498f5,11,0.0007194244535639882,Basketball,Eminem Gets Verified on Genius,Kurtis Blow,Genius,1984,2015,rap,misc
17891,d652974f51db5332e0773e467e3f900e1ae9f8e8,31358,cfd1ced0085d72327432b55c238c0a8a5d0005b3,12,0.0027777778450399637,Basketball,Small Dick,Kurtis Blow,Pink Guy,1984,2017,rap,rap
17891,d652974f51db5332e0773e467e3f900e1ae9f8e8,437766,8479a0229b4790b022d25ed0a9c11e4b1622362d,13,0.003703703638166189,Basketball,Hella,Kurtis Blow,Cayucas,1984,2015,rap,pop
17891,d652974f51db5332e0773e467e3f900e1ae9f8e8,434210,3d58287d54085524bb8ce8114a82b7ee4c807c3c,14,0.0038834952283650637,Basketball,Репост Модерн Repost Modern,Kurtis Blow,Буерак Buerak,1984,2018,rap,rock
17891,d652974f51db5332e0773e467e3f900e1ae9f8e8,44661,522371c28f980db1acd28851163c6e8deb627403,15,0.0017467249417677522,Basketball,Party Girl,Kurtis Blow,Asher Roth,1984,2012,rap,rap
17891,d652974f51db5332e0773e467e3f900e1ae9f8e8,203050,d6151099cce712d3e9a962bb6ffd097641f45f85,16,0.0013114754110574722,Basketball,The Handmaids Tale - Chapter 1,Kurtis Blow,Margaret Atwood,1984,2018,rap,misc
17891,d652974f51db5332e0773e467e3f900e1ae9f8e8,354429,6552c2552b8eae1860b19db099958678a4f41013,17,0.0009523809421807528,Basketball,Response To Kendrick Lamars Reference To Him In Black Boy Fly,Kurtis Blow,Arron Afflalo,1984,2013,rap,misc
17891,d652974f51db5332e0773e467e3f900e1ae9f8e8,259759,3857f0ae985cb74f006ece498b624db687c71283,18,0.0015151514671742916,Basketball,Prayer Changes,Kurtis Blow,R. Kelly,1984,2004,rap,rb
17891,d652974f51db5332e0773e467e3f900e1ae9f8e8,337494,4ba608f2c9b985b5ad8539ef1391cd61f3f067ba,19,0.0007662835414521396,Basketball,The Shame of College Sports,Kurtis Blow,Taylor Branch,1984,2011,rap,misc
17891,d652974f51db5332e0773e467e3f900e1ae9f8e8,356670,0bfc481d58e65ad6872268e790c50b7710f3e5de,20,0.0008368201088160276,Basketball,Lingo,Kurtis Blow,Ye Ali,1984,2018,rap,rb
151415,eb28149dd075bb7191b831e80214706f0e410de9,47755,924415051dab384c97d8eda7e916f831d4d11508,1,0.01037994958460331,Real Shit,100 or Better,Tay Capone,Stunna 4 Vegas,2015,2019,rap,rap
151415,eb28149dd075bb7191b831e80214706f0e410de9,153821,167c31f0c0f55d2686e432a8e18bfc62c42deeb0,2,0.004395604599267244,Real Shit,Fifty-Mission Cap,Tay Capone,The Tragically Hip,2015,1992,rap,rock
151415,eb28149dd075bb7191b831e80214706f0e410de9,456240,2fd05c0a7dd66f75e02b05cc23f76a53d1e761f2,3,0.0024999999441206455,Real Shit,Santy Anno,Tay Capone,Odetta,2015,1956,rap,rock
151415,eb28149dd075bb7191b831e80214706f0e410de9,65214,02213039217ca242f8862c238330eb4f2ec5308f,4,0.004301075357943773,Real Shit,No Cap,Tay Capone,KR$NA,2015,2021,rap,rap
151415,eb28149dd075bb7191b831e80214706f0e410de9,198771,025add7581dfefeceb28b5e30a1fbeb8bbce3c78,5,0.002439024392515421,Real Shit,Daydreamer,Tay Capone,Kid Ink,2015,2011,rap,rap
151415,eb28149dd075bb7191b831e80214706f0e410de9,208541,cc5372f981e17e8478f89a3f33a9d58dedcdec7f,6,0.003076923079788685,Real Shit,The Hop,Tay Capone,Radio Citizen,2015,2006,rap,rap
151415,eb28149dd075bb7191b831e80214706f0e410de9,479158,3cdef6da94f85cda31e8c28db9ba51fe5600bb70,7,0.004347825888544321,Real Shit,N.Y. Hotel,Tay Capone,The Knife,2015,2001,rap,pop
151415,eb28149dd075bb7191b831e80214706f0e410de9,149572,57450dbfdf9a4de77e5e3a5040fbd20263aba102,8,0.0030303029343485832,Real Shit,Omaha Mall,Tay Capone,Justin Bieber,2015,2011,rap,pop
151415,eb28149dd075bb7191b831e80214706f0e410de9,262597,c9e0d58e525f31fbe58cd38bec79ecd38442aa66,9,0.0008849557489156723,Real Shit,Pavement Artist,Tay Capone,Dick Van Dyke,2015,1964,rap,pop
151415,eb28149dd075bb7191b831e80214706f0e410de9,52061,547f28dcb699453781eb42a9a4f2b446a40d87af,10,0.0033613445702940226,Real Shit,2Shy,Tay Capone,Shura,2015,2015,rap,pop
151415,eb28149dd075bb7191b831e80214706f0e410de9,125892,c02cfb5a3a9bfcbf8db2598dad0d501a9d15edfe,11,0.0018433179939165711,Real Shit,Snap Back,Tay Capone,Mac Miller,2015,2009,rap,rap
151415,eb28149dd075bb7191b831e80214706f0e410de9,318029,aec962762dce24a20a8ce45f1a806f2f851c2a9e,12,0.0007104795658960938,Real Shit,Gotta Go Fast,Tay Capone,Chizzy Stephens,2015,2020,rap,rap
151415,eb28149dd075bb7191b831e80214706f0e410de9,306666,bf1551acba88118175b2d584a49075ee04f0ee9a,13,0.0006557377055287361,Real Shit,All Black Everything,Tay Capone,Rapsody,2015,2011,rap,rap
151415,eb28149dd075bb7191b831e80214706f0e410de9,283042,2a9ef32201cd66a6b23cc4da4b5006a3c7988a9f,14,0.0007380073657259345,Real Shit,Suburban Homeboy,Tay Capone,Sparks,2015,2002,rap,pop
151415,eb28149dd075bb7191b831e80214706f0e410de9,235410,1a5bdafa66475f1d242151eafb7ac7aede43af76,15,0.0010416667209938169,Real Shit,Where Iz Da Bud,Tay Capone,Wiz Khalifa,2015,2018,rap,rap
151415,eb28149dd075bb7191b831e80214706f0e410de9,182578,d3e931267a60c8f39e693c45c037208930262ea0,16,0.0010666666785255075,Real Shit,Cap in Hand,Tay Capone,The Proclaimers,2015,1988,rap,pop
151415,eb28149dd075bb7191b831e80214706f0e410de9,338236,32256ecfca2498e755062269fa5372401fe108b2,17,0.003703703638166189,Real Shit,Ball Cap,Tay Capone,Dylan Scott,2015,2016,rap,country
151415,eb28149dd075bb7191b831e80214706f0e410de9,31982,589405d1a66ed07c4f0b20a2ba0e2a063d3bf734,18,0.003636363660916686,Real Shit,Whats My Name?,Tay Capone,Trippie Redd,2015,2018,rap,rap
151415,eb28149dd075bb7191b831e80214706f0e410de9,240649,124e2f6db84ffd81bdbd6137aba0ebff641a27a7,19,0.0022857142612338066,Real Shit,Rags To Riches,Tay Capone,Lil cap,2015,2021,rap,rap
151415,eb28149dd075bb7191b831e80214706f0e410de9,145931,e5acaa9b8944d32a431c0aae6e5436e84dde95e3,20,0.004999999888241291,Real Shit,Caps Lock,Tay Capone,M.I.A.,2015,2010,rap,pop
242944,44b1da970ccb85a23b79f616fac887fc883c1dbf,277987,1ed45ce687dbc34e52442148e69e2b70847321c8,1,0.009677419438958168,Sleep In,Wake Up,Telekinesis,Now United,2015,2020,pop,pop
242944,44b1da970ccb85a23b79f616fac887fc883c1dbf,149179,8b35503cb0633fbb3a415fb75fbbde5c19c03fde,2,0.0008385744295082986,Sleep In,Punks Not Dead,Telekinesis,Little Big,2015,2018,pop,pop
242944,44b1da970ccb85a23b79f616fac887fc883c1dbf,36998,c1b139aca322e091d93b919fad1e540910a4f9e0,3,0.0021276595070958138,Sleep In,Push The Feeling On MK Dub Revisited Edit,Telekinesis,Nightcrawlers,2015,1992,pop,pop
242944,44b1da970ccb85a23b79f616fac887fc883c1dbf,360680,97402b29b51be3c8123e0aae764337d0e3e3702f,4,0.0006837606779299676,Sleep In,Ay Ay Ay Its Christmas,Telekinesis,Rosie O'Donnell & Ricky Martin,2015,2000,pop,pop
242944,44b1da970ccb85a23b79f616fac887fc883c1dbf,335117,85ec41566df0ab0b33ddfebb970c4fffe39e9ed9,5,0.0009456264670006931,Sleep In,Mind Killer,Telekinesis,Freeland,2015,2003,pop,pop
242944,44b1da970ccb85a23b79f616fac887fc883c1dbf,347958,ed4d4200a20595203ee0d6ad1912917606baa760,6,0.0008583691087551415,Sleep In,The Land Between Solar Systems,Telekinesis,mum,2015,2002,pop,pop
242944,44b1da970ccb85a23b79f616fac887fc883c1dbf,402310,02900bec33f5671c053dec8584f3b6e9951f1526,7,0.0009302325779572129,Sleep In,Orbit,Telekinesis,Good Kid,2015,2021,pop,rock
242944,44b1da970ccb85a23b79f616fac887fc883c1dbf,352242,f10234e7ba33bed2affeb5edf98a840b84a782c8,8,0.005797101650387049,Sleep In,The Gift,Telekinesis,Donald Lawrence,2015,2013,pop,pop
242944,44b1da970ccb85a23b79f616fac887fc883c1dbf,255113,e27dc07398ee6ff88e8cb066466a31b842eb1063,9,0.002919707912951708,Sleep In,Waves,Telekinesis,Beach Bunny,2015,2016,pop,pop
242944,44b1da970ccb85a23b79f616fac887fc883c1dbf,365193,ac8c5bededa37e8165d68ccfb2b9c2ff0cf31fea,10,0.0023809524718672037,Sleep In,Easter Woman,Telekinesis,The Residents,2015,1980,pop,pop
242944,44b1da970ccb85a23b79f616fac887fc883c1dbf,285613,63fbecd5a7efdb6062f57e8185afada79889a181,11,0.0008264462812803686,Sleep In,Slow,Telekinesis,Grouplove,2015,2011,pop,rock
242944,44b1da970ccb85a23b79f616fac887fc883c1dbf,452462,64658304e423bbe6ebf45fa19efd65763c541462,12,0.0025316455867141485,Sleep In,​home demo,Telekinesis,SOPHIETHEHOMIE,2015,2020,pop,rb
242944,44b1da970ccb85a23b79f616fac887fc883c1dbf,389625,86c1f8b3436831ed87f34bc5c1517e035963b81a,13,0.0026845638640224934,Sleep In,Schnitzel Boogie,Telekinesis,Ariel Pink's Haunted Graffiti,2015,2012,pop,pop
242944,44b1da970ccb85a23b79f616fac887fc883c1dbf,296175,59e9eb1be7173cc0ace9ee2a3a721339a80bbfd2,14,0.0021052630618214607,Sleep In,In Spain We Call It Soledad,Telekinesis,Rigoberta Bandini,2015,2020,pop,pop
242944,44b1da970ccb85a23b79f616fac887fc883c1dbf,97548,40574b60ab29de2b1e5357a9222072c0eb385b6d,15,0.005063291173428297,Sleep In,Détourné,Telekinesis,The SIGIT,2015,2013,pop,rock
242944,44b1da970ccb85a23b79f616fac887fc883c1dbf,71225,ff9bf3f3e484daccff114f010166273b4beab17a,16,0.0032786885276436806,Sleep In,Freak,Telekinesis,"Steve Aoki, Diplo & Deorro",2015,2014,pop,rap
242944,44b1da970ccb85a23b79f616fac887fc883c1dbf,190304,a265081dcc1708ea362878e93a88378f95527f2f,17,0.002298850566148758,Sleep In,Jacob in Egypt,Telekinesis,Andrew Lloyd Webber,2015,1982,pop,pop
242944,44b1da970ccb85a23b79f616fac887fc883c1dbf,117572,5970fd765b10da74c0541d3d551e4d1446972b15,18,0.003921568859368563,Sleep In,Too Far,Telekinesis,Juice WRLD,2015,2018,pop,rap
242944,44b1da970ccb85a23b79f616fac887fc883c1dbf,202160,e138c05fdfe858420b35e84ac87fad44f7f3017f,19,0.004166666883975267,Sleep In,Feeling better radio version,Telekinesis,Gabriel vitel,2015,2014,pop,pop
242944,44b1da970ccb85a23b79f616fac887fc883c1dbf,237357,8d28dfd2eb2b45f39ba2520cc0489e84c6b57bb8,20,0.0013888889225199819,Sleep In,Make A Move,Telekinesis,EMMA WAHLIN,2015,2019,pop,pop
506823,627e3947aeb2f7ce00ed3f1a5f5aa3ba528c10eb,311032,11a38da2f206ef64a190137464fa280a1907da7a,1,0.009677419438958168,Rock  Roll Alchemy,Vague Rock Song,Peter Doherty & Frdric Lo,Sun Kil Moon,2022,2017,rock,rock
506823,627e3947aeb2f7ce00ed3f1a5f5aa3ba528c10eb,381955,569e683a3323a37db6fb8705bf8b1d5d1949b45d,2,0.0010781671153381467,Rock  Roll Alchemy,Substitutiary Locomotion,Peter Doherty & Frdric Lo,Walt Disney Records,2022,1971,rock,pop
506823,627e3947aeb2f7ce00ed3f1a5f5aa3ba528c10eb,11858,17084678dd3abc1f319022f64a722810e02d10e3,3,0.0016806722851470113,Rock  Roll Alchemy,Castaways,Peter Doherty & Frdric Lo,The Backyardigans,2022,2005,rock,pop
506823,627e3947aeb2f7ce00ed3f1a5f5aa3ba528c10eb,189938,ece2e77005b3a36eb7e6537ba3ac8bfc4aca881d,4,0.005970149300992489,Rock  Roll Alchemy,We Like the Moon,Peter Doherty & Frdric Lo,Spongmonkeys,2022,2002,rock,rock
506823,627e3947aeb2f7ce00ed3f1a5f5aa3ba528c10eb,328187,bfe9e5af27d3f7c5449d603dc420dddc9f4807cd,5,0.0008810572908259928,Rock  Roll Alchemy,Sleigh Ride,Peter Doherty & Frdric Lo,Mariah Carey,2022,2020,rock,pop
506823,627e3947aeb2f7ce00ed3f1a5f5aa3ba528c10eb,376411,69ae023a066290eb44971c712981c9647505be46,6,0.0062500000931322575,Rock  Roll Alchemy,Tickets to the Car Crash,Peter Doherty & Frdric Lo,Pig Destroyer,2022,2001,rock,rock
506823,627e3947aeb2f7ce00ed3f1a5f5aa3ba528c10eb,170196,6937d0f4fec958302b024604be0246ca87ecb548,7,0.0006837606779299676,Rock  Roll Alchemy,Wraith Pinned to the Mist and Other Games Broken Spindles remix,Peter Doherty & Frdric Lo,of Montreal,2022,2006,rock,pop
506823,627e3947aeb2f7ce00ed3f1a5f5aa3ba528c10eb,268176,43bb5b6a547bf03b390539b5a0f7a929c557f57e,8,0.0013651876943185925,Rock  Roll Alchemy,Accept / Disconnect,Peter Doherty & Frdric Lo,Nothing More,2022,2017,rock,rock
506823,627e3947aeb2f7ce00ed3f1a5f5aa3ba528c10eb,219140,97ab544ea8dd4be5a585c8a0a6a2c45d476e85bd,9,0.001408450654707849,Rock  Roll Alchemy,Memorabilia,Peter Doherty & Frdric Lo,Donald Fagen,2022,2012,rock,pop
506823,627e3947aeb2f7ce00ed3f1a5f5aa3ba528c10eb,144049,19717c23466b17210afd8d909e9a2549fe0a58e4,10,0.0022857142612338066,Rock  Roll Alchemy,The Brady Bunch Theme,Peter Doherty & Frdric Lo,Richard Cheese,2022,2007,rock,country
506823,627e3947aeb2f7ce00ed3f1a5f5aa3ba528c10eb,358709,aac5780806d1f235876b2ed4e3c3de0833dd264d,11,0.0007393715204671025,Rock  Roll Alchemy,Older,Peter Doherty & Frdric Lo,Slightly Stoopid,2022,2005,rock,pop
506823,627e3947aeb2f7ce00ed3f1a5f5aa3ba528c10eb,43527,3e1e82afb2534549651f600eedfe64c829418d8e,12,0.0060606058686971664,Rock  Roll Alchemy,Gram Rock,Peter Doherty & Frdric Lo,IDLES,2022,2018,rock,rock
506823,627e3947aeb2f7ce00ed3f1a5f5aa3ba528c10eb,413317,cbf47c446944ad15118bb81bebde4624f2c604b7,13,0.0006309148157015443,Rock  Roll Alchemy,On My Way,Peter Doherty & Frdric Lo,Eddie Vedder,2022,2022,rock,rock
506823,627e3947aeb2f7ce00ed3f1a5f5aa3ba528c10eb,469754,aaacf9605199ad9f8d48c757e704d57baa36736f,14,0.0029411765281111,Rock  Roll Alchemy,Japanese Girls,Peter Doherty & Frdric Lo,Joy (Austria),2022,1986,rock,pop
506823,627e3947aeb2f7ce00ed3f1a5f5aa3ba528c10eb,340996,2d3f79a0d0ed068e27785e48a15f2661a9017ecc,15,0.0010810811072587967,Rock  Roll Alchemy,Porn Shoes,Peter Doherty & Frdric Lo,DR1VE THRU SEX,2022,2017,rock,pop
506823,627e3947aeb2f7ce00ed3f1a5f5aa3ba528c10eb,78634,f1a9b36ff5e1fcf48bfdeb1110e2f4f6a09c99c4,16,0.001176470541395247,Rock  Roll Alchemy,Lovely Bloodflow,Peter Doherty & Frdric Lo,Baths,2022,2010,rock,rock
506823,627e3947aeb2f7ce00ed3f1a5f5aa3ba528c10eb,108080,a1ccf1641eaede2e445f84b0e601d2f76e0bcc63,17,0.0006399999838322401,Rock  Roll Alchemy,Fifi and the Flowertots Theme Tune,Peter Doherty & Frdric Lo,Kim Goody,2022,2011,rock,pop
506823,627e3947aeb2f7ce00ed3f1a5f5aa3ba528c10eb,277073,7d2beaedfbc6879d1c603b9623239ea084c63b45,18,0.0008849557489156723,Rock  Roll Alchemy,The Twelve Days Of Christmas,Peter Doherty & Frdric Lo,Frank Sinatra,2022,1968,rock,pop
506823,627e3947aeb2f7ce00ed3f1a5f5aa3ba528c10eb,270692,32897cdd3d7caa74fef341a6c29edaa98298dbfc,19,0.0008695652359165251,Rock  Roll Alchemy,She’s So High,Peter Doherty & Frdric Lo,Kurt Nilsen,2022,2003,rock,rock
506823,627e3947aeb2f7ce00ed3f1a5f5aa3ba528c10eb,86532,07c2b25367a60b89625a0b2280e09942b6d729f4,20,0.0006493506371043622,Rock  Roll Alchemy,I Could Never Be Ready,Peter Doherty & Frdric Lo,Tom Scharpling,2022,2016,rock,country
441300,edfbc6a9bf940734615899607dc99220acd51082,158661,f3e9ccfb5434a9c56c36bede2022047227aa02f0,1,0.009677419438958168,Where Are You Know,Wide Open,Chris Sails,Mac Mall,2018,1999,rap,rap
441300,edfbc6a9bf940734615899607dc99220acd51082,290171,66a2fcc68c61bc92097c76b189993990f8647701,2,0.0009049773798324168,Where Are You Know,Waiting,Chris Sails,Oliver Heldens,2018,2016,rap,pop
441300,edfbc6a9bf940734615899607dc99220acd51082,423232,be43e7045049d8c878f819d1ffebc1131c127a6e,3,0.0016736402176320553,Where Are You Know,Pencils in the Wind HBO Version,Chris Sails,Flight of the Conchords,2018,2009,rap,pop
441300,edfbc6a9bf940734615899607dc99220acd51082,29144,f665cbd8400534a343177bc1df54aaaae41a114f,4,0.0054054055362939835,Where Are You Know,How to Love,Chris Sails,YoungBoy Never Broke Again,2018,2016,rap,rap
441300,edfbc6a9bf940734615899607dc99220acd51082,403175,803b96b23568bbfaa8b783c99c03c9fa0c79a876,5,0.000729926978237927,Where Are You Know,The High,Chris Sails,Seeb,2018,2018,rap,pop
441300,edfbc6a9bf940734615899607dc99220acd51082,483059,5d71da49f5ebeaa01970668ab4a85d4fa3d0b896,6,0.0014388489071279764,Where Are You Know,Nothing Without Love,Chris Sails,MAX,2018,2013,rap,pop
441300,edfbc6a9bf940734615899607dc99220acd51082,78973,79080159f0ce4b07561afa1da64874426d48f673,7,0.003508772002533078,Where Are You Know,Government Plates,Chris Sails,Death Grips,2018,2013,rap,rap
441300,edfbc6a9bf940734615899607dc99220acd51082,241983,acfd3a3b68d67ffb1c46817bfe6393f22fabad72,8,0.0017241379246115685,Where Are You Know,Silent Sigh,Chris Sails,Badly Drawn Boy,2018,2002,rap,pop
441300,edfbc6a9bf940734615899607dc99220acd51082,44096,4e2113bd781281b23086cd6423de1601eb82248e,9,0.0010899183107540011,Where Are You Know,Summer of Love,Chris Sails,Shawn Mendes & Tainy,2018,2021,rap,pop
441300,edfbc6a9bf940734615899607dc99220acd51082,264400,a7a2b561b420b945045677ab6ebdf959bf6a8a76,10,0.0008298755274154246,Where Are You Know,Rumours Digi Digi,Chris Sails,Whizzkids,2018,2009,rap,pop
441300,edfbc6a9bf940734615899607dc99220acd51082,136412,4d487e79f9bf36b5dc941c678b21432355fc9ce5,11,0.0006622516666539013,Where Are You Know,Calling Dr. Love,Chris Sails,Kiss,2018,1976,rap,rock
441300,edfbc6a9bf940734615899607dc99220acd51082,201843,52cc1b3ced1d5c7aa0d3383ae29359a3b43ede00,12,0.004347825888544321,Where Are You Know,Well... All Right,Chris Sails,Buddy Holly,2018,1958,rap,rock
441300,edfbc6a9bf940734615899607dc99220acd51082,20366,a0abf89ae935c9e1d3b58b235c475b3474e83425,13,0.0020000000949949026,Where Are You Know,Jaja Ding Dong,Chris Sails,Will Ferrell & My Marianne,2018,2020,rap,pop
441300,edfbc6a9bf940734615899607dc99220acd51082,71719,82fe1c7908793c30206144808105da03ee314344,14,0.0006568144308403134,Where Are You Know,Touch Acoustic,Chris Sails,Little Mix,2018,2016,rap,pop
441300,edfbc6a9bf940734615899607dc99220acd51082,397103,93a3948726c4d1e09bd7a4a0c7eb4299fee742f8,15,0.0033333334140479565,Where Are You Know,Back In My Head Again,Chris Sails,Levi Evans,2018,2021,rap,pop
441300,edfbc6a9bf940734615899607dc99220acd51082,200772,52dd6c90a68bba3dd00d915ef310eb19acd048ad,16,0.0032786885276436806,Where Are You Know,Youre My Excuse to Travel,Chris Sails,Baths,2018,2010,rap,rock
441300,edfbc6a9bf940734615899607dc99220acd51082,511528,2c2a8154b744c7c5c768f51902bd28f7c7f508b5,17,0.0023121386766433716,Where Are You Know,I Dont Love Him,Chris Sails,Brooke Candy,2018,2022,rap,rap
441300,edfbc6a9bf940734615899607dc99220acd51082,211148,90a5ca93bb1c8981336c1accef59331c7f15267c,18,0.00148148147854954,Where Are You Know,She Can’t Love You,Chris Sails,Chemise,2018,1982,rap,pop
441300,edfbc6a9bf940734615899607dc99220acd51082,4918,8ac36dc963d3d34a62921f72a971d47a745037c2,19,0.0006968640955165029,Where Are You Know,I Love It,Chris Sails,Icona Pop,2018,2012,rap,pop
441300,edfbc6a9bf940734615899607dc99220acd51082,96136,8a6f6c8e2a13e7fb8d1ca3b511a1f5ef0f434a19,20,0.0011331444839015603,Where Are You Know,Life in Pink,Chris Sails,The Ready Set,2018,2018,rap,pop
59058,1c71651fbfefe48a0d3c917fbcd14105c33783a9,475423,ba6967dd350fd41e42effb0ede50adb13c297868,1,0.009677419438958168,Know My Ting,Barking Challenge,Ghetts,Rex P,2017,2018,rap,rb
59058,1c71651fbfefe48a0d3c917fbcd14105c33783a9,187765,caf554f5a490077ba30631fc6373e37011e2ac7d,2,0.0008316008606925607,Know My Ting,The Godfather,Ghetts,The Godfather (Film),2017,1972,rap,misc
59058,1c71651fbfefe48a0d3c917fbcd14105c33783a9,427804,bc6ddbb41d54de7985609f301a31c0534ddfa794,3,0.0014134275261312723,Know My Ting,Lover,Ghetts,GFOTY,2017,2014,rap,pop
59058,1c71651fbfefe48a0d3c917fbcd14105c33783a9,452265,f7353f848fc2afbba989261ab7e73d5a076d0a40,4,0.0008988764020614326,Know My Ting,Hate it or Love it,Ghetts,Rico Cartel,2017,2020,rap,rap
59058,1c71651fbfefe48a0d3c917fbcd14105c33783a9,306532,46619e61940634d5c835ce872d0c6e26b723e078,5,0.0006269592558965087,Know My Ting,You?ll Win,Ghetts,Helmut Lotti,2017,1996,rap,pop
59058,1c71651fbfefe48a0d3c917fbcd14105c33783a9,51046,81b5cb9b0d763816d3975c48a9f24ad9ef8d307f,6,0.0006088280351832509,Know My Ting,Let ’Em In,Ghetts,Paul McCartney & Wings,2017,1976,rap,rock
59058,1c71651fbfefe48a0d3c917fbcd14105c33783a9,249564,c3d6c72b328deb90240e9da1df774930c15c087b,7,0.002919707912951708,Know My Ting,Africa,Ghetts,Excision & Dion Timmer,2017,2016,rap,rock
59058,1c71651fbfefe48a0d3c917fbcd14105c33783a9,320064,ddb9c1e72bc7253cc06de7a0026a6a6e93d2719c,8,0.0015094339614734054,Know My Ting,Goodbye,Ghetts,Mike Singer,2017,2014,rap,pop
59058,1c71651fbfefe48a0d3c917fbcd14105c33783a9,427430,28d320b71ef701bfe61d37c65cd7adaaf6ad9032,9,0.0009302325779572129,Know My Ting,Take Em or Leave Em,Ghetts,Amy LaVere,2017,2006,rap,pop
59058,1c71651fbfefe48a0d3c917fbcd14105c33783a9,476066,fbfe290bcb84887015fa8a18e3d33d13d1cfa1f0,10,0.005194805096834898,Know My Ting,Ealán,Ghetts,ISK (NOR),2017,2019,rap,pop
59058,1c71651fbfefe48a0d3c917fbcd14105c33783a9,388392,ee0757abf6fd677e3130541da976c73bae71cbfe,11,0.0027777778450399637,Know My Ting,Science  Blood Tests,Ghetts,Highasakite,2017,2014,rap,pop
59058,1c71651fbfefe48a0d3c917fbcd14105c33783a9,515476,9934e6baddff0bda2140bb280c6c115c3a37fbf4,12,0.0015267175622284412,Know My Ting,Espada Primo,Ghetts,Tobias Dray,2017,2022,rap,rock
59058,1c71651fbfefe48a0d3c917fbcd14105c33783a9,438481,5519e246bbb672e4eb9c02b2f93bb9594ea0c577,13,0.00296296295709908,Know My Ting,Andromeda ZHU Remix,Ghetts,Gorillaz,2017,2017,rap,pop
59058,1c71651fbfefe48a0d3c917fbcd14105c33783a9,270421,21d0aded9624ffa27a8d674446e3eb3bf984a0d4,14,0.0016806722851470113,Know My Ting,Mama Lover,Ghetts,Serebro,2017,2009,rap,pop
59058,1c71651fbfefe48a0d3c917fbcd14105c33783a9,390657,6e8beb266d78c5b61849857c5ce3e17b6764b5ca,15,0.0008146639447659254,Know My Ting,UFO English Translation,Ghetts,Don Diablo,2017,2019,rap,pop
59058,1c71651fbfefe48a0d3c917fbcd14105c33783a9,143055,50920ce79a41007de0981fc79fc0fd3b296cae4c,16,0.002222222276031971,Know My Ting,Miles,Ghetts,Mother Mother,2017,2008,rap,rock
59058,1c71651fbfefe48a0d3c917fbcd14105c33783a9,76824,620790bbe15e9c98d3f12ae7c65826fbed68b510,17,0.0051282052882015705,Know My Ting,Empty Hearts,Ghetts,Prxz & Shiloh Dynasty,2017,2017,rap,rb
59058,1c71651fbfefe48a0d3c917fbcd14105c33783a9,232314,434ba3c5d3cc089e725697464c27b59299108397,18,0.0021857924293726683,Know My Ting,Mad Men: Lucky Strike Pitch,Ghetts,Matthew Weiner,2017,2007,rap,misc
59058,1c71651fbfefe48a0d3c917fbcd14105c33783a9,257413,3dfc38b5e4717ac0bf2747886f635efe9aa1b11d,19,0.0016393442638218403,Know My Ting,Please Turn Me Into the Snat,Ghetts,Connan Mockasin,2017,2010,rap,rock
59058,1c71651fbfefe48a0d3c917fbcd14105c33783a9,496561,855d876d0aeabd516d7dc51c42eb0cc24e61f833,20,0.0020942408591508865,Know My Ting,C Moon Live at Amoeba,Ghetts,Paul McCartney,2017,2007,rap,rock
293296,4c79468fc59ed59ee278f400e5a7f62f148c9ed5,218273,ba1d7037478b639be98fb0f0d0e439bfcbb4dc1f,1,0.010602455586194992,Ugly as Fuck,Shes So Ugly,2 Live Crew,Hilltop Hoods,1991,2009,rap,rap
293296,4c79468fc59ed59ee278f400e5a7f62f148c9ed5,341650,4f75d083e5d61115d955633a2c041ad1102eaa16,2,0.002139037474989891,Ugly as Fuck,Stick A Bush,2 Live Crew,The Gladiators,1991,1990,rap,pop
293296,4c79468fc59ed59ee278f400e5a7f62f148c9ed5,485464,e146a8acc5d6b595ef82317d94629e126462482f,3,0.0007434944272972643,Ugly as Fuck,Humphrey The Camel,2 Live Crew,Jack Blanchard & Misty Morgan,1991,2015,rap,pop
293296,4c79468fc59ed59ee278f400e5a7f62f148c9ed5,465073,dfd9e0cfbce673071e9b2e192a45d3051878e67b,4,0.0012987012742087245,Ugly as Fuck,Prove My Hypothesis,2 Live Crew,Death Cab for Cutie,1991,1997,rap,rock
293296,4c79468fc59ed59ee278f400e5a7f62f148c9ed5,463542,cb6d2ec419aa978aa5b0dcea78aac1fd1ceebffd,5,0.003846153849735856,Ugly as Fuck,Im Ugly,2 Live Crew,Nobodys,1991,1997,rap,pop
293296,4c79468fc59ed59ee278f400e5a7f62f148c9ed5,311455,82934d5b7b141c8f5595a76b3c93a7ed938a79a2,6,0.0007889546104706824,Ugly as Fuck,Big In Japan,2 Live Crew,Ane Brun,1991,2008,rap,rock
293296,4c79468fc59ed59ee278f400e5a7f62f148c9ed5,513182,573480bbe8577c7ab2ef711ef30928188f160f4a,7,0.0012861735885962844,Ugly as Fuck,People Are Strange,2 Live Crew,The Violent,1991,2022,rap,rock
293296,4c79468fc59ed59ee278f400e5a7f62f148c9ed5,298096,16f270b4634802710fdb1b5638e018018575a21e,8,0.0014134275261312723,Ugly as Fuck,Prologue,2 Live Crew,Frank Zappa,1991,1984,rap,rock
293296,4c79468fc59ed59ee278f400e5a7f62f148c9ed5,156938,94c2f20c8e3c641b755148008e02248532130f9d,9,0.004347825888544321,Ugly as Fuck,When Youre Ugly,2 Live Crew,Louis Cole,1991,2018,rap,pop
293296,4c79468fc59ed59ee278f400e5a7f62f148c9ed5,366722,891008267aec3cfdaf44e2918195532869c19243,10,0.0007561436505056918,Ugly as Fuck,Android is Better,2 Live Crew,London Yellow,1991,2019,rap,rap
293296,4c79468fc59ed59ee278f400e5a7f62f148c9ed5,25930,29685c74a14b382651793bb8bbd1e445f8c2dd2e,11,0.0006309148157015443,Ugly as Fuck,Ragnar the Red,2 Live Crew,The Elder Scrolls V: Skyrim,1991,2011,rap,pop
293296,4c79468fc59ed59ee278f400e5a7f62f148c9ed5,112801,86b44f4eced9c4267511b310110343845e53db95,12,0.0017699114978313446,Ugly as Fuck,Touch Up,2 Live Crew,Mother Mother,1991,2007,rap,rock
293296,4c79468fc59ed59ee278f400e5a7f62f148c9ed5,276798,a7bf5d9d2365448540a4da1b4d0fb7357943709b,13,0.0006116207805462182,Ugly as Fuck,I Got an Office Job for the Sole Purpose of Sexually Harassing Women,2 Live Crew,AxCx,1991,1999,rap,rock
293296,4c79468fc59ed59ee278f400e5a7f62f148c9ed5,238836,8dec4d1e32e2dbe4be57e6beb906b318d758b6b9,14,0.0027777778450399637,Ugly as Fuck,Guns,2 Live Crew,Kawai Sprite,1991,2021,rap,pop
293296,4c79468fc59ed59ee278f400e5a7f62f148c9ed5,189258,c96b96440ec4e2c4993ee0851ec7084c3e2972b8,15,0.0008968609618023038,Ugly as Fuck,I Became a Counselor So I Could Tell Rape Victims They Asked for It,2 Live Crew,AxCx,1991,1999,rap,rock
293296,4c79468fc59ed59ee278f400e5a7f62f148c9ed5,409536,23111d830e0f95eda165616e9d2402392bf31439,16,0.001025640987791121,Ugly as Fuck,The Worlds Address,2 Live Crew,They Might Be Giants,1991,1988,rap,pop
293296,4c79468fc59ed59ee278f400e5a7f62f148c9ed5,262486,dbeee8fa38c12e0c6eb588c6e7e6c9bbd57be1c4,17,0.0007827788940630853,Ugly as Fuck,You’re a Jerk,2 Live Crew,Okilly Dokilly,1991,2016,rap,rock
293296,4c79468fc59ed59ee278f400e5a7f62f148c9ed5,272789,daa0a73a5e341a195064f8fd77da87032103560b,18,0.004166666883975267,Ugly as Fuck,POLO RIGHTSUICIDE ALPS FOREVER RE-EDIT,2 Live Crew,Lil Ugly Mane,1991,2012,rap,rap
293296,4c79468fc59ed59ee278f400e5a7f62f148c9ed5,323180,3fe88540de64abe7fc2336c82403df9b181c862d,19,0.004123711492866278,Ugly as Fuck,Mike Kanashi,2 Live Crew,BigGucciDiego,1991,2014,rap,rap
293296,4c79468fc59ed59ee278f400e5a7f62f148c9ed5,213509,fcfe337fb90c5dadc0420167590fbc40467302ed,20,0.002758620772510767,Ugly as Fuck,Baddest Ruffest,2 Live Crew,Backyard Dog,1991,2001,rap,pop
288390,042c844f59993e7c99d8ec3cde2d4cbd55c506f6,204747,90e27925b02e50b3306ac96a0267344bb395557a,1,0.010982349514961243,Make It Happen,Nothings gonna change my love for you,RFS DU SOL,Fort,2021,2015,pop,pop
288390,042c844f59993e7c99d8ec3cde2d4cbd55c506f6,231755,e3e4bac5be7f6ee1aead2df713c28f6b4fad7209,2,0.003418803447857499,Make It Happen,Hip Hop Reindeer Eight Tiny Reindeer,RFS DU SOL,MMCY Kids,2021,2017,pop,rock
288390,042c844f59993e7c99d8ec3cde2d4cbd55c506f6,279177,173d049698f93f113a9e387b5d5e7359206c192e,3,0.0006677796482108533,Make It Happen,Missing with Reality,RFS DU SOL,Timmies,2021,2018,pop,rb
288390,042c844f59993e7c99d8ec3cde2d4cbd55c506f6,457615,14461c27fa98f1173851c65cb37d05e28a4a060a,4,0.0007648183382116258,Make It Happen,Your Boyfriend,RFS DU SOL,Bloxx,2021,2016,pop,rock
288390,042c844f59993e7c99d8ec3cde2d4cbd55c506f6,210050,ea2994fba2965b98fe549463f2690fe10f244f12,5,0.0009478672873228788,Make It Happen,Wheels on the Bus,RFS DU SOL,Cocomelon,2021,2019,pop,pop
288390,042c844f59993e7c99d8ec3cde2d4cbd55c506f6,221086,cb7012ead6b63bfbaab2454507e37baee791693b,6,0.0015748031437397003,Make It Happen,I Love the Sound of Breaking Glass,RFS DU SOL,Nick Lowe,2021,1978,pop,rock
288390,042c844f59993e7c99d8ec3cde2d4cbd55c506f6,175117,f00523b360066d5fa8cfb2a790bc8f4761864ac3,7,0.0008510638144798577,Make It Happen,Balloons,RFS DU SOL,Foals,2021,2007,pop,rock
288390,042c844f59993e7c99d8ec3cde2d4cbd55c506f6,432334,f248518e92e3e6ffb20411fe189bf4b04796ef7b,8,0.0007233272772282362,Make It Happen,She Sang Hymns Out of Tune,RFS DU SOL,Don Henley,2021,2015,pop,country
288390,042c844f59993e7c99d8ec3cde2d4cbd55c506f6,219236,b1ef818748be6d10d2dd9e8b7be05a19274915df,9,0.000817995925899595,Make It Happen,Every Single Day,RFS DU SOL,Benny Benassi,2021,2015,pop,pop
288390,042c844f59993e7c99d8ec3cde2d4cbd55c506f6,311478,a939c7bb2c615a69c6b4839381f162a90b62660f,10,0.0009216589969582856,Make It Happen,Back 2 U,RFS DU SOL,Like Mike,2021,2018,pop,pop
288390,042c844f59993e7c99d8ec3cde2d4cbd55c506f6,432034,5d88161aad51ac60253d98190645bf55d025688d,11,0.0009708738070912659,Make It Happen,Nothing But Love,RFS DU SOL,Just Friends,2021,2018,pop,rock
288390,042c844f59993e7c99d8ec3cde2d4cbd55c506f6,72115,e3ed5cdcfda1e9f860b053131fd3d1fb87577dfc,12,0.0007797271246090531,Make It Happen,Love Like a Sunset Part II,RFS DU SOL,Phoenix,2021,2009,pop,rock
288390,042c844f59993e7c99d8ec3cde2d4cbd55c506f6,493239,e2586e2a30366d6eed6dcaf995cb0ff8c098e452,13,0.0008620689623057842,Make It Happen,GS,RFS DU SOL,COUCOU CHLOE,2021,2017,pop,pop
288390,042c844f59993e7c99d8ec3cde2d4cbd55c506f6,184206,8538cb873a38c0aa1de149cd69f5ee49069e9a46,14,0.000735294132027775,Make It Happen,Welfare Mothers,RFS DU SOL,Neil Young & Crazy Horse,2021,1979,pop,rock
288390,042c844f59993e7c99d8ec3cde2d4cbd55c506f6,189494,9b5b8739ac204d10787d72d58f226eeb4116b704,15,0.0006633499288000166,Make It Happen,Keep It Comin Love,RFS DU SOL,KC and the Sunshine Band,2021,1977,pop,pop
288390,042c844f59993e7c99d8ec3cde2d4cbd55c506f6,263059,991f0c2eca3de9e8312a815c6f992d999b7d0b4e,16,0.0007812500116415322,Make It Happen,Amateur,RFS DU SOL,Current Joys,2021,2021,pop,rock
288390,042c844f59993e7c99d8ec3cde2d4cbd55c506f6,491055,260bd0b0a631e61ffaf9d7c91c2a87d425874911,17,0.0006319115054793656,Make It Happen,Ono Soul,RFS DU SOL,Thurston Moore,2021,1999,pop,rock
288390,042c844f59993e7c99d8ec3cde2d4cbd55c506f6,105886,d0fe36c2d320f186eaa9048eddf7257a84f294ab,18,0.000852878438308835,Make It Happen,Acceptable in the 80s,RFS DU SOL,Calvin Harris,2021,2006,pop,pop
288390,042c844f59993e7c99d8ec3cde2d4cbd55c506f6,418303,c65514067afd930e86eaa9c27191f611fcae1671,19,0.0029850746504962444,Make It Happen,Customer,RFS DU SOL,The Replacements,2021,1981,pop,rock
288390,042c844f59993e7c99d8ec3cde2d4cbd55c506f6,303479,6b056d3240a4682a8c2f8eff1b2780c100458efe,20,0.0006420545978471637,Make It Happen,Small Talk TrapScat T0 Cali,RFS DU SOL,Masego,2021,2016,pop,rb
344696,767fa74f115b7bddd89f3f08daf8984f74346bfa,85416,80957222b648f7564a77c3052818c4679f83b71a,1,0.009677419438958168,Relentless Storm,20th Year Anniversary Cypher,Sicknature,Bone Thugs-N-Harmony,2013,2013,rap,rap
344696,767fa74f115b7bddd89f3f08daf8984f74346bfa,372626,fbfe19cbba1b1d9005f2d9d258c50d6bd7947b6f,2,0.0032786885276436806,Relentless Storm,A thing is valued excerpt from The Handmaids Tale,Sicknature,Margaret Atwood,2013,2015,rap,misc
344696,767fa74f115b7bddd89f3f08daf8984f74346bfa,210778,cdb4b22dd14f187ffe08c9bdf9dd65f9dbeccb74,3,0.003225806402042508,Relentless Storm,Floating Spit,Sicknature,Perfume Genius,2013,2012,rap,rock
344696,767fa74f115b7bddd89f3f08daf8984f74346bfa,6930,3ab8dc1f237a19adfb10776b394c46ad6a68fd6e,4,0.00325203244574368,Relentless Storm,Black Smoke Rising,Sicknature,Greta Van Fleet,2013,2017,rap,rock
344696,767fa74f115b7bddd89f3f08daf8984f74346bfa,321218,3041c4f3b7ad00a10beceacb14409d49e642ca93,5,0.0011594202369451523,Relentless Storm,Take A Lick Bitch,Sicknature,DJ Paul & Juicy J,2013,1993,rap,rap
344696,767fa74f115b7bddd89f3f08daf8984f74346bfa,467041,84ca4c7b33f9c1591b40330ff52b197b535da789,6,0.003448275849223137,Relentless Storm,Mudjug Dip In My Lip,Sicknature,Jawga Boyz,2013,2011,rap,rap
344696,767fa74f115b7bddd89f3f08daf8984f74346bfa,374764,6f9022862a16f4153b1673724e3b53a77aa3ddb4,7,0.0012658227933570743,Relentless Storm,This Is Mine,Sicknature,Swans,2013,1984,rap,rock
344696,767fa74f115b7bddd89f3f08daf8984f74346bfa,508239,bc1c8f18ed72e8494748581ccd0f626114e70002,8,0.0006319115054793656,Relentless Storm,Up,Sicknature,Ken Car$on,2013,2022,rap,rap
344696,767fa74f115b7bddd89f3f08daf8984f74346bfa,94612,d2099bbeb51d1ff44260b203a5c9ea49e592a797,9,0.0033057851251214743,Relentless Storm,Sit,Sicknature,Japanese Breakfast,2013,2021,rap,rock
344696,767fa74f115b7bddd89f3f08daf8984f74346bfa,509273,083d9c3af0b84715677c8b5df010ac79e21d2dfd,10,0.0016528925625607371,Relentless Storm,Stars and Spit,Sicknature,Broken Social Scene,2013,2022,rap,pop
344696,767fa74f115b7bddd89f3f08daf8984f74346bfa,108264,1ab5465bc325ce4bf21fe61d1e8faf09866857cc,11,0.0011428571306169033,Relentless Storm,Mask Off Marshmello Remix,Sicknature,Future,2013,2017,rap,rap
344696,767fa74f115b7bddd89f3f08daf8984f74346bfa,161294,04dd404690defd785435020172870a95dacafbf1,12,0.004651162773370743,Relentless Storm,Denial,Sicknature,Sevendust,2013,1999,rap,rock
344696,767fa74f115b7bddd89f3f08daf8984f74346bfa,95344,a4640dbb4b0fe8536371e4892754d6aadb9b55e4,13,0.0012048193020746112,Relentless Storm,Big Dog,Sicknature,Boosie Badazz,2013,2007,rap,pop
344696,767fa74f115b7bddd89f3f08daf8984f74346bfa,509761,b62e102c7820b7cd9f798ae0bddcea34e5752580,14,0.004761904943734407,Relentless Storm,FUNCTION,Sicknature,MADJAX,2013,2022,rap,rap
344696,767fa74f115b7bddd89f3f08daf8984f74346bfa,232927,b745181a084129116a3850df68ce585f78b2708f,15,0.0010152284521609545,Relentless Storm,Bloodshake,Sicknature,Peace (UK),2013,2012,rap,rock
344696,767fa74f115b7bddd89f3f08daf8984f74346bfa,2535,b18183c478f188ba00b034ceea253c7083d250ae,16,0.004494382068514824,Relentless Storm,Purple Swag,Sicknature,A$AP Rocky,2013,2011,rap,rap
344696,767fa74f115b7bddd89f3f08daf8984f74346bfa,439252,836c0d323a640fa2f442af056424606118323319,17,0.0011331444839015603,Relentless Storm,On My Mind by Kylie V by Crywank,Sicknature,Crywank,2013,2021,rap,rock
344696,767fa74f115b7bddd89f3f08daf8984f74346bfa,94722,8f0fe20cc51784e6e7d3e58f495009d5a0806c22,18,0.002061855746433139,Relentless Storm,3 BIG BALLS REVAMPED,Sicknature,DigBarGayRaps,2013,2021,rap,rap
344696,767fa74f115b7bddd89f3f08daf8984f74346bfa,142063,39d164294c6e072b8046081fa87377471e33d0c7,19,0.0025641026441007853,Relentless Storm,Cant Stop Now,Sicknature,Allie X,2013,2018,rap,pop
344696,767fa74f115b7bddd89f3f08daf8984f74346bfa,262820,39bbe759209039831ca00d600713c63b155b21a6,20,0.0028571428265422583,Relentless Storm,Feed The Addiction,Sicknature,Ils,2013,2005,rap,pop
296325,2d7d2146b62697c3746ad2915f6c647b0792acaa,73572,b34a7f9702601860bd767a9f1e6e6820d92ab060,1,0.009677419438958168,One More Time,Just Rhymin with Biz,YONAS,Big Daddy Kane,1997,1988,rap,rap
296325,2d7d2146b62697c3746ad2915f6c647b0792acaa,408325,bc162e399c040c82286dd89899b4d991e4dcc31f,2,0.0008350730640813708,One More Time,Lizards,YONAS,Dan Howell and Phil Lester,1997,2015,rap,pop
296325,2d7d2146b62697c3746ad2915f6c647b0792acaa,233798,c8d8aede75e565342bde3badc0551fe39e03241d,3,0.002366863889619708,One More Time,Boys Theme,YONAS,The Brave Little Abacus,1997,2010,rap,rock
296325,2d7d2146b62697c3746ad2915f6c647b0792acaa,247549,aa379912c29499610ef98a5ddf6d32e09d99f61a,4,0.0017316017765551805,One More Time,Carrion Crawler,YONAS,Oh Sees,1997,2011,rap,pop
296325,2d7d2146b62697c3746ad2915f6c647b0792acaa,492487,b7bc217c91be1d6f0d5d4e18feee85ceee558da8,5,0.003809523768723011,One More Time,Plateau,YONAS,REL,1997,2016,rap,pop
296325,2d7d2146b62697c3746ad2915f6c647b0792acaa,271750,55dffffd172cdd68f6d21d5f87a4cf7955ff7144,6,0.0017391304718330503,One More Time,Die Slow,YONAS,HEALTH,1997,2009,rap,rock
296325,2d7d2146b62697c3746ad2915f6c647b0792acaa,67450,d33616556134806a0cb2289e4a7735b32f15fc85,7,0.001687763724476099,One More Time,Pour Out Your Spirit,YONAS,Jason Nelson,1997,2015,rap,pop
296325,2d7d2146b62697c3746ad2915f6c647b0792acaa,119813,395c00efddde8bc8350cbdf889d0074f98271dee,8,0.001215805415995419,One More Time,The Worse Word,YONAS,John Mulaney,1997,2012,rap,misc
296325,2d7d2146b62697c3746ad2915f6c647b0792acaa,156150,09d55bda915e2aacae06a6939be23a55d1a71a0e,9,0.0007827788940630853,One More Time,Float Along – Fill Your Lungs,YONAS,King Gizzard & The Lizard Wizard,1997,2013,rap,rock
296325,2d7d2146b62697c3746ad2915f6c647b0792acaa,513319,0bd2135e2f207f2e3e6138ddfb1a170469960d52,10,0.0007604562561027706,One More Time,Write-ups,YONAS,siannve,1997,2022,rap,misc
296325,2d7d2146b62697c3746ad2915f6c647b0792acaa,366394,ccca0e6945d538ab87f391ff8272288e2f245283,11,0.0008368201088160276,One More Time,Stars Tonight,YONAS,Zeds Dead & DROELOE,1997,2019,rap,pop
296325,2d7d2146b62697c3746ad2915f6c647b0792acaa,155641,9f9a94955959ad85f7fdfb70a8e95b7ff0f1276a,12,0.0010362694738432765,One More Time,Too Much Monkey Business,YONAS,Chuck Berry,1997,1956,rap,rock
296325,2d7d2146b62697c3746ad2915f6c647b0792acaa,472998,88d73098e988062d202271830a3be291c9415507,13,0.0026490066666156054,One More Time,Hangover,YONAS,Eric Bellinger,1997,2015,rap,rb
296325,2d7d2146b62697c3746ad2915f6c647b0792acaa,68787,82188437c6afc95469a24777a8423e78bea05bc2,14,0.0010204081190750003,One More Time,This Bag,YONAS,Mac Ayres,1997,2018,rap,rb
296325,2d7d2146b62697c3746ad2915f6c647b0792acaa,17566,d3f61d6a99558613b5ff5cf2f9166ca1eebede2c,15,0.0031496062874794006,One More Time,School,YONAS,Nirvana,1997,1989,rap,rock
296325,2d7d2146b62697c3746ad2915f6c647b0792acaa,391521,3f9661857d81aa3abc455692bb5236935f070a4a,16,0.0007130124722607434,One More Time,Bonny Laddie Hieland Laddie,YONAS,Tommy Makem,1997,1972,rap,pop
296325,2d7d2146b62697c3746ad2915f6c647b0792acaa,59509,18e9fa2432b1e87384eba3e952818a403866ec4a,17,0.0016194331692531705,One More Time,Out of Your League,YONAS,Blood Orange,1997,2018,rap,rb
296325,2d7d2146b62697c3746ad2915f6c647b0792acaa,41012,4e3841e0e099d1428e20b75637d2722532035f44,18,0.0014492754125967622,One More Time,Lay It Down,YONAS,Lloyd,1997,2010,rap,rap
296325,2d7d2146b62697c3746ad2915f6c647b0792acaa,273353,77070d465f166d3b4bac6d3f91022685e96660dc,19,0.0006493506371043622,One More Time,Hold On,YONAS,DRAMA,1997,2019,rap,pop
296325,2d7d2146b62697c3746ad2915f6c647b0792acaa,508620,1077d51eaea77febad7a168e4dc548d3977ea0e9,20,0.0012539185117930174,One More Time,All My Shit Is Stupid Remix,YONAS,iLoveMakonnen,1997,2022,rap,rap
310892,2fb689105cf5c01a3fa02cc4e908c6d38d5fd776,80384,ae7b66967321a2c38fade3a08a900886d673af40,1,0.016129031777381897,If You Hadnt But You Did From Two On The Aisle 1951,If You Hadnt but You Did,Kristin Chenoweth,Kristin Chenoweth,2015,2015,pop,pop
310892,2fb689105cf5c01a3fa02cc4e908c6d38d5fd776,187765,caf554f5a490077ba30631fc6373e37011e2ac7d,2,0.002597402548417449,If You Hadnt But You Did From Two On The Aisle 1951,The Godfather,Kristin Chenoweth,The Godfather (Film),2015,1972,pop,misc
310892,2fb689105cf5c01a3fa02cc4e908c6d38d5fd776,490859,35034f8a3687673d24243f783bb74d5ef0237ca4,3,0.0006722689140588045,If You Hadnt But You Did From Two On The Aisle 1951,Make Her the Mrs.,Kristin Chenoweth,Bizzle,2015,2013,pop,pop
310892,2fb689105cf5c01a3fa02cc4e908c6d38d5fd776,202319,7b9f9170feee125e8c9085463010a7f603a2dd5c,4,0.0007518797065131366,If You Hadnt But You Did From Two On The Aisle 1951,Let Em In,Kristin Chenoweth,Billy Paul,2015,1976,pop,pop
310892,2fb689105cf5c01a3fa02cc4e908c6d38d5fd776,452265,f7353f848fc2afbba989261ab7e73d5a076d0a40,5,0.0023121386766433716,If You Hadnt But You Did From Two On The Aisle 1951,Hate it or Love it,Kristin Chenoweth,Rico Cartel,2015,2020,pop,rap
310892,2fb689105cf5c01a3fa02cc4e908c6d38d5fd776,389255,2daac796cd0034aa456932ca0fbc384e750fd157,6,0.0014440433587878942,If You Hadnt But You Did From Two On The Aisle 1951,Trabaye,Kristin Chenoweth,Asake,2015,2022,pop,pop
310892,2fb689105cf5c01a3fa02cc4e908c6d38d5fd776,372854,57e8612e99f9bea80e197c57fe68ad197ff6b9c2,7,0.0011976048117503524,If You Hadnt But You Did From Two On The Aisle 1951,Latter Rain,Kristin Chenoweth,Men Of Standard,2015,2015,pop,pop
310892,2fb689105cf5c01a3fa02cc4e908c6d38d5fd776,306532,46619e61940634d5c835ce872d0c6e26b723e078,8,0.0015873016091063619,If You Hadnt But You Did From Two On The Aisle 1951,You?ll Win,Kristin Chenoweth,Helmut Lotti,2015,1996,pop,pop
310892,2fb689105cf5c01a3fa02cc4e908c6d38d5fd776,390657,6e8beb266d78c5b61849857c5ce3e17b6764b5ca,9,0.001913875574246049,If You Hadnt But You Did From Two On The Aisle 1951,UFO English Translation,Kristin Chenoweth,Don Diablo,2015,2019,pop,pop
310892,2fb689105cf5c01a3fa02cc4e908c6d38d5fd776,130908,8f39043b215eedb2377163d0e254c099b7cad36f,10,0.0006172839784994721,If You Hadnt But You Did From Two On The Aisle 1951,Beautiful Things,Kristin Chenoweth,Gungor,2015,2010,pop,rock
310892,2fb689105cf5c01a3fa02cc4e908c6d38d5fd776,403376,6ad853c8bdcc32f02c394b527700243e8b4d0ae5,11,0.0006993007264100015,If You Hadnt But You Did From Two On The Aisle 1951,Miss Her The Most Demo,Kristin Chenoweth,Alec Benjamin,2015,2020,pop,pop
310892,2fb689105cf5c01a3fa02cc4e908c6d38d5fd776,84926,1bc83e178674ce6ec483b8e503ef63d0289cd20d,12,0.0006825938471592963,If You Hadnt But You Did From Two On The Aisle 1951,Come On-A My House,Kristin Chenoweth,Rosemary Clooney,2015,2000,pop,country
310892,2fb689105cf5c01a3fa02cc4e908c6d38d5fd776,427430,28d320b71ef701bfe61d37c65cd7adaaf6ad9032,13,0.0012422360014170408,If You Hadnt But You Did From Two On The Aisle 1951,Take Em or Leave Em,Kristin Chenoweth,Amy LaVere,2015,2006,pop,pop
310892,2fb689105cf5c01a3fa02cc4e908c6d38d5fd776,76992,e698880b54f7cb0356aa259351a911dfa2785b64,14,0.0014184396713972092,If You Hadnt But You Did From Two On The Aisle 1951,Kelly Rowland,Kristin Chenoweth,MadeinTYO,2015,2016,pop,rap
310892,2fb689105cf5c01a3fa02cc4e908c6d38d5fd776,76824,620790bbe15e9c98d3f12ae7c65826fbed68b510,15,0.005333333276212215,If You Hadnt But You Did From Two On The Aisle 1951,Empty Hearts,Kristin Chenoweth,Prxz & Shiloh Dynasty,2015,2017,pop,rb
310892,2fb689105cf5c01a3fa02cc4e908c6d38d5fd776,320117,7257033cd5ee87d30355f50849edf380e8f92773,16,0.0007968127611093223,If You Hadnt But You Did From Two On The Aisle 1951,Les Invisibles,Kristin Chenoweth,Blue yster Cult,2015,1988,pop,rock
310892,2fb689105cf5c01a3fa02cc4e908c6d38d5fd776,483829,344510a9d4f85f51cc9ea3f5460514fc5498f312,17,0.0011799409985542297,If You Hadnt But You Did From Two On The Aisle 1951,Marriage,Kristin Chenoweth,Lil Pump,2015,2019,pop,rap
310892,2fb689105cf5c01a3fa02cc4e908c6d38d5fd776,370075,79d4568b46e60691d755a8403ee7532303766bde,18,0.0008032128680497408,If You Hadnt But You Did From Two On The Aisle 1951,Going to Maine,Kristin Chenoweth,The Mountain Goats,2015,1993,pop,rock
310892,2fb689105cf5c01a3fa02cc4e908c6d38d5fd776,251768,c6c07a7f543a2b356b982f48d3116ef349ce0a8b,19,0.0011111111380159855,If You Hadnt But You Did From Two On The Aisle 1951,Dust in the Wind,Kristin Chenoweth,Scorpions,2015,2001,pop,rock
310892,2fb689105cf5c01a3fa02cc4e908c6d38d5fd776,413436,05255977f82c68273d4515f01490f75db369a0d7,20,0.0007561436505056918,If You Hadnt But You Did From Two On The Aisle 1951,Mosh Pit,Kristin Chenoweth,Teejayx6,2015,2020,pop,rap
210688,a6a2f18e1555176620302110ad85171c18fbb033,407025,91be07b54c24922533a44bcad2404503f6faaeae,1,0.010003930889070034,I Love You,The I Love You Song,Alex Clare,Charles Aznavour,2011,1974,pop,pop
210688,a6a2f18e1555176620302110ad85171c18fbb033,328143,826ade89938521fa07ede253d335822edcddb021,2,0.0009478672873228788,I Love You,Beat,Alex Clare,Bowery Electric,2011,1996,pop,pop
210688,a6a2f18e1555176620302110ad85171c18fbb033,467743,d1e871806fe20484768ff1081be0168c105cd49c,3,0.001166180707514286,I Love You,Decoded: Epilogue Excerpts,Alex Clare,JAY-Z,2011,2010,pop,misc
210688,a6a2f18e1555176620302110ad85171c18fbb033,143420,7dd74004259bc707627e385d29b260ced817b89c,4,0.0009501187596470118,I Love You,Thats the Story of My Life,Alex Clare,The Velvet Underground,2011,1969,pop,rock
210688,a6a2f18e1555176620302110ad85171c18fbb033,217784,afd78747c333d6a7fb6dfe0c7de8f22232bb3800,5,0.0009661835501901805,I Love You,Easier,Alex Clare,Weval,2011,2014,pop,pop
210688,a6a2f18e1555176620302110ad85171c18fbb033,484828,4932d5b5f9494f142cca178ad2d5e7f6c97c0368,6,0.0008988764020614326,I Love You,Shut You Down,Alex Clare,Caveman,2011,2013,pop,pop
210688,a6a2f18e1555176620302110ad85171c18fbb033,247390,6b87a6e152456ee4c1bd71a515b5ba5b296f39f7,7,0.000992555869743228,I Love You,Meet on the Ledge,Alex Clare,Fairport Convention,2011,1968,pop,pop
210688,a6a2f18e1555176620302110ad85171c18fbb033,365942,43af3dd3707e04bf57305dbc3cb60d39268062f9,8,0.0010498687624931335,I Love You,Freezing,Alex Clare,Philip Glass,2011,1986,pop,pop
210688,a6a2f18e1555176620302110ad85171c18fbb033,225843,3e3c558fd593fd3d693f4113bc9c4c8a29335903,9,0.0006441223667934537,I Love You,Nothing to Say,Alex Clare,Soundgarden,2011,1987,pop,rock
210688,a6a2f18e1555176620302110ad85171c18fbb033,349242,4b0a40e3b39cb721f718a12b11479cb50d68361b,10,0.004597701132297516,I Love You,Dont Wanna,Alex Clare,Warpaint,2011,2016,pop,rock
210688,a6a2f18e1555176620302110ad85171c18fbb033,308137,d8dd207e9c2c5af0fb0e83e2a710e2e255f8d4e6,11,0.001476014731451869,I Love You,The Lie and How We Told It,Alex Clare,Yo La Tengo,2011,1997,pop,rock
210688,a6a2f18e1555176620302110ad85171c18fbb033,47190,129957ca34b322ffed5001df62f665a8175b1f44,12,0.0013157895300537348,I Love You,Head Heart,Alex Clare,Lydia Davis,2011,2014,pop,misc
210688,a6a2f18e1555176620302110ad85171c18fbb033,465226,47e3ed58102f3c5aded664303aaefab576010838,13,0.0009411764913238585,I Love You,You Was Right,Alex Clare,S-X,2011,2018,pop,pop
210688,a6a2f18e1555176620302110ad85171c18fbb033,322325,dcc8758b206b75a179b32cdb72693a303d99ddbd,14,0.0007339449366554618,I Love You,For Those,Alex Clare,Son Mieux,2011,2016,pop,pop
210688,a6a2f18e1555176620302110ad85171c18fbb033,476044,8ab6dcb307b22792bce9aee11ad1c466f975e913,15,0.0010335916886106133,I Love You,Saturdays,Alex Clare,Thom Yorke,2011,2017,pop,pop
210688,a6a2f18e1555176620302110ad85171c18fbb033,495874,5b520621c79f0f07d11117b42ca24ab9541c1d7c,16,0.0010178117081522942,I Love You,Start to Melt,Alex Clare,Peter Bjorn and John,2011,2006,pop,rock
210688,a6a2f18e1555176620302110ad85171c18fbb033,254945,27e754d87f8fefaf2a8afcf527394b582c07d17e,17,0.0018604651559144258,I Love You,Weeping Pirates,Alex Clare,Groundation,2011,2003,pop,pop
210688,a6a2f18e1555176620302110ad85171c18fbb033,202546,e5bb826e9450b09579c813a4651779cb42202764,18,0.0017467249417677522,I Love You,Papa-Oom-Mow-Mow,Alex Clare,The Rivingtons,2011,1962,pop,rock
210688,a6a2f18e1555176620302110ad85171c18fbb033,306467,1cd89cc6e6113b04d527e0ad66f1f5b316e84ed7,19,0.000936768134124577,I Love You,​KINDRED I,Alex Clare,Kelsey Lu,2011,2019,pop,pop
210688,a6a2f18e1555176620302110ad85171c18fbb033,193197,e8f71f69a164e2c2401f4896d2c9dbeb12890ab0,20,0.0010025062365457416,I Love You,Oh My My,Alex Clare,Nomad,2011,2016,pop,pop
473269,603c1678471df82964c12c3f8bad98f3614fde05,417355,f2fbc5a77fea5d5b503bc57325e07d0568a71db8,1,0.009677419438958168,Magic,Heavy Love Affair,Kisch,Marvin Gaye,2021,1981,pop,rb
473269,603c1678471df82964c12c3f8bad98f3614fde05,171915,2d40f83cdc7d16ffcf827208982f5d37fc8591b5,2,0.0006472491659224033,Magic,New Birds,Kisch,Arab Strap,2021,1998,pop,pop
473269,603c1678471df82964c12c3f8bad98f3614fde05,46327,ce409780cc939a117024c5d6d791aab08a519a06,3,0.005194805096834898,Magic,Magical Mystery Tour,Kisch,The Beatles,2021,1967,pop,pop
473269,603c1678471df82964c12c3f8bad98f3614fde05,25310,d8a217f4e295038d4169261f7a697e2b180b484a,4,0.0033057851251214743,Magic,Pink Fluffy Unicorns Dancing on Rainbows,Kisch,Andrew Huang,2021,2010,pop,pop
473269,603c1678471df82964c12c3f8bad98f3614fde05,139297,85699f19ad127aff9d0681156ea2ed558e97882e,5,0.0009900990407913923,Magic,Cant Sleep Alone,Kisch,Sevn Thomas,2021,2016,pop,rb
473269,603c1678471df82964c12c3f8bad98f3614fde05,107415,6e8f2eabbdb20d6fee504b73370fe1d0aefefe53,6,0.003636363660916686,Magic,Alternate World,Kisch,Son Lux,2021,2013,pop,rock
473269,603c1678471df82964c12c3f8bad98f3614fde05,219240,0ed497640d6ab703059f9f3c6a78eb49d2121207,7,0.001550387591123581,Magic,Three Steps to Heaven,Kisch,Eddie Cochran,2021,1960,pop,pop
473269,603c1678471df82964c12c3f8bad98f3614fde05,270346,496a96d42c0207ada55845006113e47b380a1522,8,0.0006399999838322401,Magic,Cold Ethyl,Kisch,Alice Cooper,2021,1975,pop,rock
473269,603c1678471df82964c12c3f8bad98f3614fde05,434533,1a227fea9e5bccf1670506b6ff901f6ac821230a,9,0.004444444552063942,Magic,Magical Trevor,Kisch,Weebl,2021,2004,pop,pop
473269,603c1678471df82964c12c3f8bad98f3614fde05,420801,006e30e900b6670188e283099322d1bd7f5aae72,10,0.004494382068514824,Magic,Kylie from Connecticut,Kisch,Ben Folds,2021,2008,pop,rock
473269,603c1678471df82964c12c3f8bad98f3614fde05,439939,0822b808b71d8d8208f92d946f02bee60b582a77,11,0.002424242440611124,Magic,Intro Allegories,Kisch,Roc Marciano,2021,2020,pop,rap
473269,603c1678471df82964c12c3f8bad98f3614fde05,14554,83b27f65c179b00183466b51bd4397eaaa3c25c0,12,0.0006359300459735096,Magic,Unlock It,Kisch,Charli XCX,2021,2017,pop,pop
473269,603c1678471df82964c12c3f8bad98f3614fde05,376177,6f11a04a7ec5fa3440d51254ed0b585598f26825,13,0.0006514657870866358,Magic,A Taste of Honey,Kisch,Julie London,2021,1963,pop,pop
473269,603c1678471df82964c12c3f8bad98f3614fde05,256183,41aa59c9da49bfabbe4c2ceae05e4f2ede999bb7,14,0.0015384615398943424,Magic,Albert,Kisch,DrymTman,2021,2019,pop,rap
473269,603c1678471df82964c12c3f8bad98f3614fde05,158944,639e4c5ca3810f10fb0e34b06a3d4267278c4443,15,0.004040404222905636,Magic,Beat the Ordinary,Kisch,Elephant Kind,2021,2016,pop,pop
473269,603c1678471df82964c12c3f8bad98f3614fde05,358232,3be5249146193720a271ae4a7c3e615c57c4ab83,16,0.0017316017765551805,Magic,ii,Kisch,Shura,2021,2016,pop,pop
473269,603c1678471df82964c12c3f8bad98f3614fde05,464309,569e99882abe0b8c24423bc180a18f489feeded8,17,0.0012738853693008423,Magic,Battleship Chains,Kisch,The Georgia Satellites,2021,1986,pop,pop
473269,603c1678471df82964c12c3f8bad98f3614fde05,426154,f42d5b8510ac87066c3e40e21c6edfa975f1183b,18,0.0018433179939165711,Magic,Buona sera signorina,Kisch,Rocco Granata,2021,2015,pop,pop
473269,603c1678471df82964c12c3f8bad98f3614fde05,326386,0a99f58ec126957e2d30fdc42082ffc4df623117,19,0.0035714285913854837,Magic,Tropical Oceans,Kisch,D.D Dumbo,2021,2014,pop,pop
473269,603c1678471df82964c12c3f8bad98f3614fde05,277363,3c8ad748b662e13d6465a67ad565a66939a9037d,20,0.0024691359139978886,Magic,My Wife,Kisch,John Mulaney,2021,2017,pop,misc
440126,91ea9a22b53070e1cf4b7636649489848eb69f0d,273965,4266209c21707579a4c97b41d3433944dd27ab25,1,0.009677419438958168,Bible Love,Common Freestyle | LA Leakers Freestyle 119,Unknown T,Common,2021,2021,rap,rap
440126,91ea9a22b53070e1cf4b7636649489848eb69f0d,399006,b2f15d7ab545afc24bb79ee79e5b63d9b3470628,2,0.0007999999797903001,Bible Love,Marshmallows,Unknown T,Captain hook,2021,2011,rap,pop
440126,91ea9a22b53070e1cf4b7636649489848eb69f0d,323033,a94b93ed36864e36095a9ff976761629c1ee1006,3,0.002352941082790494,Bible Love,My Yellow Blankey,Unknown T,Barney,2021,1994,rap,rock
440126,91ea9a22b53070e1cf4b7636649489848eb69f0d,354394,61c69e96b2bbf1e7a26f2aa526b0056d4d25ba6a,4,0.0033333334140479565,Bible Love,A History of Babies,Unknown T,Toby Fox,2021,2010,rap,pop
440126,91ea9a22b53070e1cf4b7636649489848eb69f0d,101708,d0a28cda9213c072d21125dbe06b6059fb94053a,5,0.00296296295709908,Bible Love,SEVENTEEN 세븐틴 Discography,Unknown T,Genius Korea,2021,2015,rap,misc
440126,91ea9a22b53070e1cf4b7636649489848eb69f0d,368841,c0c8dcfa9c0a5b9c4f4db83f2fe152f6e16d97bb,6,0.002366863889619708,Bible Love,A Tune for Jack,Unknown T,Lemon Jelly,2021,1998,rap,rock
440126,91ea9a22b53070e1cf4b7636649489848eb69f0d,351332,86b941a2fa8b56862d6346f6ccdb3999086b27b3,7,0.0011428571306169033,Bible Love,Wait A Minute Just A Touch,Unknown T,Estelle,2021,2008,rap,pop
440126,91ea9a22b53070e1cf4b7636649489848eb69f0d,309670,c9c1cc84b817b179349de8491f18a9e1bcee48f7,8,0.0023391812574118376,Bible Love,POST-APOCALYPTO THEME,Unknown T,Tenacious D,2021,2018,rap,rock
440126,91ea9a22b53070e1cf4b7636649489848eb69f0d,460437,328b3dc612ce67512441f1fd4646a5822012b4e9,9,0.0019607844296842813,Bible Love,Fly Away,Unknown T,Snoop Dogg,2021,2017,rap,rap
440126,91ea9a22b53070e1cf4b7636649489848eb69f0d,292592,d414af16062e196f7be0ce14ecf9e624a7e52d88,10,0.0006462035817094147,Bible Love,Encore for the Fans,Unknown T,Beyonc,2021,2006,rap,pop
440126,91ea9a22b53070e1cf4b7636649489848eb69f0d,450208,3ba9d318572768a5e84832a0beb915a62150dd0d,11,0.002222222276031971,Bible Love,The Ramen Burger,Unknown T,Keizo Shimamoto,2021,2013,rap,misc
440126,91ea9a22b53070e1cf4b7636649489848eb69f0d,99458,db21ebb0e192c5e1956572f37272ae2e6e53b93a,12,0.0016393442638218403,Bible Love,Auf Achse,Unknown T,Franz Ferdinand,2021,2004,rap,rock
440126,91ea9a22b53070e1cf4b7636649489848eb69f0d,100032,b173c7fa5f4b3a4feb80cae18b2631b32eef4af8,13,0.0013114754110574722,Bible Love,There Are Many Way To Say I Love You,Unknown T,Sylvan Esso,2021,2017,rap,pop
440126,91ea9a22b53070e1cf4b7636649489848eb69f0d,473693,946beb480b0270a53c3408d971968e79ee4081fb,14,0.003960396163165569,Bible Love,Hes So Cute,Unknown T,Shanice,2021,1987,rap,rb
440126,91ea9a22b53070e1cf4b7636649489848eb69f0d,391002,341bff4f810488fe6463b76555209a911e7a41f3,15,0.0008196721319109201,Bible Love,Hole In The Road Oyl Int Ruwad,Unknown T,Everly Pregnant Brothers,2021,2015,rap,rock
440126,91ea9a22b53070e1cf4b7636649489848eb69f0d,496400,3adb313eb57791a4cb723bd8416dd573a0016e6a,16,0.0062500000931322575,Bible Love,Starting again,Unknown T,George Duke,2021,1978,rap,pop
440126,91ea9a22b53070e1cf4b7636649489848eb69f0d,243544,b0d570f91942d4eee45cff13f5dbfbdb9495031e,17,0.00074074073927477,Bible Love,Cinema Italiano,Unknown T,Kate Hudson,2021,2009,rap,pop
440126,91ea9a22b53070e1cf4b7636649489848eb69f0d,514509,d10894951f7f9361be1604b4ccf703f8d7c7acfa,18,0.0009592326241545379,Bible Love,Did I do something wrong,Unknown T,CA$!E ROSE,2021,2022,rap,rap
440126,91ea9a22b53070e1cf4b7636649489848eb69f0d,104716,1a56c0cdf04dae228440515cae1498bcd46af97a,19,0.0022727272007614374,Bible Love,Special Agent Oso Theme,Unknown T,Joey Gian,2021,2010,rap,rock
440126,91ea9a22b53070e1cf4b7636649489848eb69f0d,285300,2ea43e3ccbbc4955d30a06de5a8be9edd349088e,20,0.0011560693383216858,Bible Love,When Im with You,Unknown T,Sparks,2021,1980,rap,pop
327331,76b6ebb9cf4a410bc3986200fdf364963d0c7e14,176447,6738199076c7014917103020fe8c0aa8b89840cd,1,0.01277728471904993,Barely Finished,OT OD sketch.mp3,BrvndonP & Mission,Andy Mineo,2017,2019,rap,rap
327331,76b6ebb9cf4a410bc3986200fdf364963d0c7e14,388917,51320c60226516280d6dd13cf3295cccd0556986,2,0.0006441223667934537,Barely Finished,World Cup Dark Horses: Belgium,BrvndonP & Mission,2014 FIFA World Cup Brazil,2017,2013,rap,misc
327331,76b6ebb9cf4a410bc3986200fdf364963d0c7e14,488663,9e49f6c430e0bcb3707f39920acaaf86c78c3737,3,0.0057142856530845165,Barely Finished,Money In The Bank 2015,BrvndonP & Mission,WWE,2017,2015,rap,misc
327331,76b6ebb9cf4a410bc3986200fdf364963d0c7e14,208284,3c5c0629afeea94ae3c96bd19f2add7106e7c379,4,0.0012195121962577105,Barely Finished,Surfin Bird,BrvndonP & Mission,Ramones,2017,1977,rap,rock
327331,76b6ebb9cf4a410bc3986200fdf364963d0c7e14,7588,99a972a40c9099c3e646cb4526c23c6f1bcf5c00,5,0.002197802299633622,Barely Finished,Miracle on Ice Pre-Game Speech,BrvndonP & Mission,Kurt Russell,2017,2014,rap,misc
327331,76b6ebb9cf4a410bc3986200fdf364963d0c7e14,59031,ae3eaa3aff315c9df6d3b6c658044da71739e620,6,0.001932367100380361,Barely Finished,Alexis Sánchezs Career Achievements,BrvndonP & Mission,Alexis Snchez,2017,2014,rap,misc
327331,76b6ebb9cf4a410bc3986200fdf364963d0c7e14,153065,9e2557e617f563a34b6ed254f12dedbde89fadac,7,0.0007874015718698502,Barely Finished,Dry Bones,BrvndonP & Mission,Delta Rhythm Boys,2017,2015,rap,pop
327331,76b6ebb9cf4a410bc3986200fdf364963d0c7e14,341545,a54088ebcf26869e5adc5bc6cadb1b0739dbf864,8,0.0010178117081522942,Barely Finished,The N-Word,BrvndonP & Mission,Screv,2017,2013,rap,misc
327331,76b6ebb9cf4a410bc3986200fdf364963d0c7e14,408289,bfc034debb3fd0dcb7d1ab3911ec76a52d15dc87,9,0.0013888889225199819,Barely Finished,Nowhere Nothin Fuckup,BrvndonP & Mission,Built to Spill,2017,1993,rap,rock
327331,76b6ebb9cf4a410bc3986200fdf364963d0c7e14,255010,16d701f0c11c9a882ef5d7103b8cec1db68e456c,10,0.00147058826405555,Barely Finished,RedVelvetSofa,BrvndonP & Mission,BONES,2017,2013,rap,rap
327331,76b6ebb9cf4a410bc3986200fdf364963d0c7e14,470566,5b6e886c98009085930f891d96c1102d85898b91,11,0.0014440433587878942,Barely Finished,What Was I Thinking,BrvndonP & Mission,311,2017,1997,rap,rock
327331,76b6ebb9cf4a410bc3986200fdf364963d0c7e14,119813,395c00efddde8bc8350cbdf889d0074f98271dee,12,0.0035714285913854837,Barely Finished,The Worse Word,BrvndonP & Mission,John Mulaney,2017,2012,rap,misc
327331,76b6ebb9cf4a410bc3986200fdf364963d0c7e14,374817,ac03d713ba80078c9ea9ae3489b9f7afbdf9b655,13,0.003738317871466279,Barely Finished,Midnight Zone,BrvndonP & Mission,Belly,2017,2018,rap,rap
327331,76b6ebb9cf4a410bc3986200fdf364963d0c7e14,470500,278d3621f8ba088dd5eeb3b94f54b585fbf3fa45,14,0.0014035088242962956,Barely Finished,Word,BrvndonP & Mission,Walker & Royce,2017,2019,rap,pop
327331,76b6ebb9cf4a410bc3986200fdf364963d0c7e14,61155,ec460d6b7d4a435495f2489e779a92ee4e5d7850,15,0.000798403169028461,Barely Finished,LET HER GO,BrvndonP & Mission,Smokepurpp,2017,2016,rap,rap
327331,76b6ebb9cf4a410bc3986200fdf364963d0c7e14,273458,abb603e474f7f682a3a5756c15ca9868701cfe43,16,0.00077220075763762,Barely Finished,Mother,BrvndonP & Mission,Final Space,2017,2019,rap,pop
327331,76b6ebb9cf4a410bc3986200fdf364963d0c7e14,28429,ad012f9e6478f73dbbd780981906cfd33475163a,17,0.0014492754125967622,Barely Finished,If I Can Help Somebody,BrvndonP & Mission,Mahalia Jackson,2017,1996,rap,pop
327331,76b6ebb9cf4a410bc3986200fdf364963d0c7e14,7809,131edd5762b7bca551ff3be79ff579b1316bf954,18,0.0007142857066355646,Barely Finished,Soldier Poet King,BrvndonP & Mission,The Oh Hellos,2017,2015,rap,rock
327331,76b6ebb9cf4a410bc3986200fdf364963d0c7e14,370630,667ba79d934ea70a04a3d99cff13e5b866bfc959,19,0.004123711492866278,Barely Finished,14 I Wish I Had Pictures,BrvndonP & Mission,The Magnetic Fields,2017,2017,rap,rock
327331,76b6ebb9cf4a410bc3986200fdf364963d0c7e14,294569,b91bba7f2615d12c91023dc7ec58798f1cab6962,20,0.0006259781075641513,Barely Finished,What You Mean,BrvndonP & Mission,Doe Boy,2017,2012,rap,rap
291568,1aad187e98ea199adb48dda1ae43b6b21275fbc8,105093,0e9941612e3437c435cc2768f4cbf3f95cd4b2a5,1,0.009677419438958168,Alpaca,IngleWeird,Conway the Machine,Drakeo the Ruler,2018,2021,rap,rap
291568,1aad187e98ea199adb48dda1ae43b6b21275fbc8,413782,5168a157fb70b5737f0765bc7b4f65ea5afcbdfe,2,0.0007999999797903001,Alpaca,Semolina,Conway the Machine,The Residents,2018,1978,rap,rock
291568,1aad187e98ea199adb48dda1ae43b6b21275fbc8,296542,bedb4e8bac46206c99b107e72673b96c86bccf09,3,0.004651162773370743,Alpaca,Harlem River Drive,Conway the Machine,Bobbi Humphrey,2018,1974,rap,rb
291568,1aad187e98ea199adb48dda1ae43b6b21275fbc8,304811,edf1d0a985fa1847ca84a29389340fdc6407380e,4,0.0024096386041492224,Alpaca,This Is Not Miami,Conway the Machine,Sander Kleinenberg,2018,2015,rap,pop
291568,1aad187e98ea199adb48dda1ae43b6b21275fbc8,259481,2151f7dea2957793ef2f6872f77b3970d6a4443f,5,0.0029850746504962444,Alpaca,Honey,Conway the Machine,salute,2018,2018,rap,pop
291568,1aad187e98ea199adb48dda1ae43b6b21275fbc8,417692,3683ec3818a2e14caf8872fec4a14112b1a12a39,6,0.004123711492866278,Alpaca,Let It Roll,Conway the Machine,UFO,2018,1975,rap,rock
291568,1aad187e98ea199adb48dda1ae43b6b21275fbc8,22756,461a3fb1c6f01aec11727b6d9b25e81c63924d66,7,0.003809523768723011,Alpaca,Giant Woman,Conway the Machine,Zach Callison,2018,2014,rap,pop
291568,1aad187e98ea199adb48dda1ae43b6b21275fbc8,475588,5d85083a0ee098d4bcd26dcebe90e97fc9cb7469,8,0.000808080832939595,Alpaca,Glove Slap,Conway the Machine,The Simpsons,2018,1999,rap,pop
291568,1aad187e98ea199adb48dda1ae43b6b21275fbc8,150464,dfc9c0ea4fc4df005a1054d25478f99f09ffb8ec,9,0.0006420545978471637,Alpaca,The First Noel,Conway the Machine,Pentatonix,2018,2015,rap,pop
291568,1aad187e98ea199adb48dda1ae43b6b21275fbc8,117422,8a90c3482b5e62d4018aa552cca276f8323a3fee,10,0.000633914431091398,Alpaca,Sun Giant,Conway the Machine,Fleet Foxes,2018,2008,rap,rock
291568,1aad187e98ea199adb48dda1ae43b6b21275fbc8,44019,1fcf84fd2d0c0ce6831c06c01e9050095401d18c,11,0.0008456659852527082,Alpaca,She Couldnt,Conway the Machine,Linkin Park,2018,2020,rap,rock
291568,1aad187e98ea199adb48dda1ae43b6b21275fbc8,338317,902e2ddf34712ebb0e519fe0adbfaec8fba32b13,12,0.0030075188260525465,Alpaca,Coffee Break,Conway the Machine,"Christopher J. Hanke, Mary Faber, & Office Workers",2018,2011,rap,pop
291568,1aad187e98ea199adb48dda1ae43b6b21275fbc8,353617,7dab8d12cd8a3269de71d4b3886ba3e30d17356c,13,0.0009195402381010354,Alpaca,Everyday,Conway the Machine,Rusko,2018,2011,rap,pop
291568,1aad187e98ea199adb48dda1ae43b6b21275fbc8,87442,030fca8bd42a73fdcd0e1ee2f5cb3cb9eb3137f1,14,0.0020942408591508865,Alpaca,Built Differently,Conway the Machine,Pokelawls,2018,2020,rap,rap
291568,1aad187e98ea199adb48dda1ae43b6b21275fbc8,125686,c010b0067a0c463cb7de63a43989054d5058f6d5,15,0.003960396163165569,Alpaca,Animal Impulses,Conway the Machine,IAMX,2018,2013,rap,pop
291568,1aad187e98ea199adb48dda1ae43b6b21275fbc8,404108,b10b5b78ff40ef90f9bea3eb7b7f1d08c5d60abe,16,0.0031496062874794006,Alpaca,Only u,Conway the Machine,MISO,2018,2016,rap,pop
291568,1aad187e98ea199adb48dda1ae43b6b21275fbc8,379723,697c3c673c6bbce639480b4e8543ba01dccfb47a,17,0.000736648275051266,Alpaca,The Right To Choose,Conway the Machine,Combat 84,2018,1987,rap,pop
291568,1aad187e98ea199adb48dda1ae43b6b21275fbc8,247459,76e21948578eb0ea1065bb3cef011d3d3805d705,18,0.004395604599267244,Alpaca,4AM,Conway the Machine,Kaskade,2018,2006,rap,pop
291568,1aad187e98ea199adb48dda1ae43b6b21275fbc8,257729,65103d484037e58338decf975b6dcaedac2a6516,19,0.0009569377871230245,Alpaca,Galtee Mountain Boy,Conway the Machine,Christy Moore,2018,1976,rap,pop
291568,1aad187e98ea199adb48dda1ae43b6b21275fbc8,498868,5015d7f0e31faef6df89d730b2eb39c90bd6e02d,20,0.0014925373252481222,Alpaca,Our City,Conway the Machine,Linus Bruhn,2018,2019,rap,pop
142621,08f634023e675015487610e6d9e5ac73b7224802,128453,60303e492c4b86ddbcd4d5b5eaf03aa7402c2237,1,0.009677419438958168,Make You Mine,Make You Mine,Mike Williams,Fudasca,2020,2020,pop,rap
142621,08f634023e675015487610e6d9e5ac73b7224802,153951,75eb037b5a9afde2503feccbbb2babb88cc0e0cf,2,0.0009803922148421407,Make You Mine,Bill Murray,Mike Williams,Gorillaz,2020,2007,pop,rock
142621,08f634023e675015487610e6d9e5ac73b7224802,460960,72e2490f69d89bab231246eace939a04874510f2,3,0.0008849557489156723,Make You Mine,Lost Due to Incompetence,Mike Williams,Cheech & Chong,2020,1979,pop,pop
142621,08f634023e675015487610e6d9e5ac73b7224802,113585,2549367c426955ae753d2924c2157313285c3ac8,4,0.0010230179177597165,Make You Mine,Arrested Development Intro,Mike Williams,Ron Howard,2020,2014,pop,misc
142621,08f634023e675015487610e6d9e5ac73b7224802,332162,548a511c6f1874d3bfbafad923b07bcad9eb4328,5,0.000936768134124577,Make You Mine,Wild Kidz,Mike Williams,Vintage Culture & Ricci,2020,2016,pop,pop
142621,08f634023e675015487610e6d9e5ac73b7224802,419449,89a9e685903976c5c4578802bdeb51bedd7b5a6d,6,0.0009501187596470118,Make You Mine,Glass,Mike Williams,Blood Cultures,2020,2019,pop,pop
142621,08f634023e675015487610e6d9e5ac73b7224802,337166,f23bc15adde0dbda8f4a6a0f01c115fbd32d9fe8,7,0.0008968609618023038,Make You Mine,A Thousand Years,Mike Williams,Tom Rosenthal,2020,2013,pop,pop
142621,08f634023e675015487610e6d9e5ac73b7224802,373143,e49825b3598990b8a3994d8a5291d87c86377b3a,8,0.0006211180007085204,Make You Mine,Lost In Sound,Mike Williams,ROY KNOX,2020,2019,pop,pop
142621,08f634023e675015487610e6d9e5ac73b7224802,20752,dc17c31a74369e44ede950b5ed06a01ee6e3772a,9,0.0016736402176320553,Make You Mine,Supergirl,Mike Williams,Anna Naklab,2020,2015,pop,pop
142621,08f634023e675015487610e6d9e5ac73b7224802,372891,3c400873476f6df2725d0babe0092a4f7127acb8,10,0.0009661835501901805,Make You Mine,Again,Mike Williams,SG Lewis,2020,2018,pop,pop
142621,08f634023e675015487610e6d9e5ac73b7224802,397466,7c93003df20bd60d89c76a9a82efa441b8959373,11,0.0006319115054793656,Make You Mine,Guwop Talks Sauce,Mike Williams,Q Da Fool,2020,2015,pop,rap
142621,08f634023e675015487610e6d9e5ac73b7224802,371821,07905a414798a9c584c0138a25cb39e262de8de6,12,0.000736648275051266,Make You Mine,Weapon,Mike Williams,The Boxer Rebellion,2020,2016,pop,pop
142621,08f634023e675015487610e6d9e5ac73b7224802,465206,8f8ccdb203422672b13921dcff9da57b48de9b3a,13,0.002816901309415698,Make You Mine,Runnin Away,Mike Williams,My Buddy Mike,2020,2017,pop,pop
142621,08f634023e675015487610e6d9e5ac73b7224802,169089,a0d9440af1bfb7ece6f005ec7bced51f4635ad99,14,0.0014285714132711291,Make You Mine,Oh No Pedro,Mike Williams,Tom Rosenthal,2020,2017,pop,pop
142621,08f634023e675015487610e6d9e5ac73b7224802,332700,4e1af46d75d7b4d00774e2a6ab93662fff5f78b8,15,0.0010526315309107304,Make You Mine,Road Trip,Mike Williams,Diet Cig,2020,2017,pop,rock
142621,08f634023e675015487610e6d9e5ac73b7224802,12671,1a65e51335ef4d0d80ef24e640145ee62f35afae,16,0.0009433962404727936,Make You Mine,Lostmyhead,Mike Williams,Lostmyhead Lyrics - The 1975,2020,2016,pop,rock
142621,08f634023e675015487610e6d9e5ac73b7224802,269457,08b67ff867aed21d3e5861459472658afcf8c776,17,0.0008928571478463709,Make You Mine,Girls,Mike Williams,Widowspeak,2020,2015,pop,rock
142621,08f634023e675015487610e6d9e5ac73b7224802,396591,0f7556b3e96984edda4bf1d6e4cfe916fc7734ea,18,0.0020833334419876337,Make You Mine,I just want my Pinky,Mike Williams,Pinky (YouTube),2020,2020,pop,pop
142621,08f634023e675015487610e6d9e5ac73b7224802,255824,7e692f788e2356ac99c73cec9f937aa415dda167,19,0.0009708738070912659,Make You Mine,Midnight Drive,Mike Williams,Still Corners,2020,2013,pop,pop
142621,08f634023e675015487610e6d9e5ac73b7224802,155008,3b09a9947f6b97f8e91ae0057d86eccd5882b95a,20,0.0009950249223038554,Make You Mine,Trailerpark,Mike Williams,Blur,2020,1999,pop,rock
19214,a3587a2c50bd1cffab65209617bdd8e84e88a5d3,93634,834e3c0b45b29a497ee1c2424585b983659a66eb,1,0.016129031777381897,Eyes Closed,Eyez Closed,Kanye West,Snoop Dogg,2011,2011,rap,rap
19214,a3587a2c50bd1cffab65209617bdd8e84e88a5d3,343261,2e3c07d4a2cbe0a9956c81fe6a54ec96cdcdae41,2,0.0018348623998463154,Eyes Closed,Prepared Testimony for the Healthcare.gov Hearing,Kanye West,"Cheryl Campbell - Senior Vice President CGI Federal, Inc",2011,2013,rap,misc
19214,a3587a2c50bd1cffab65209617bdd8e84e88a5d3,295457,66b8525daf6bad2f9dfb45aabfb421fa8dac5d42,3,0.003703703638166189,Eyes Closed,The Marx-Engels Reader Chap. 2.1: Wage Labour and Capital,Kanye West,Robert C. Tucker,2011,1978,rap,misc
19214,a3587a2c50bd1cffab65209617bdd8e84e88a5d3,425962,b293b10f752fabed3dcdfb252616148fd4396265,4,0.000677966105286032,Eyes Closed,Contact,Kanye West,The Contortionist,2011,2010,rap,rock
19214,a3587a2c50bd1cffab65209617bdd8e84e88a5d3,237223,06107f23b5f4e6d83b85326b319a53849d6c1a4a,5,0.0021739129442721605,Eyes Closed,Ring Down Below,Kanye West,Storm Weather Shanty Choir,2011,2012,rap,pop
19214,a3587a2c50bd1cffab65209617bdd8e84e88a5d3,411372,f192f26c4c239f130a0d2619cd7ae06ac01eaea1,6,0.005633802618831396,Eyes Closed,What Would You Give In Exchange For Your Soul,Kanye West,Bill Monroe,2011,2015,rap,country
19214,a3587a2c50bd1cffab65209617bdd8e84e88a5d3,444558,c35f6ede92c86d5e6c79797c00153b354b040dce,7,0.0013245033333078027,Eyes Closed,Red Burns jumped the devil,Kanye West,Standing on the Corner,2011,2017,rap,pop
19214,a3587a2c50bd1cffab65209617bdd8e84e88a5d3,318514,3cee0054864154df53c1e90ac0268fdba30eb8c8,8,0.0017699114978313446,Eyes Closed,Up Against Blackout,Kanye West,Taking Back Sunday,2011,2006,rap,rock
19214,a3587a2c50bd1cffab65209617bdd8e84e88a5d3,435819,bbfca7a2cb51bf874dad9d898e50a96eec220ccd,9,0.0014134275261312723,Eyes Closed,The Farmer’s Curst Wife,Kanye West,Brian Peters,2011,2015,rap,pop
19214,a3587a2c50bd1cffab65209617bdd8e84e88a5d3,389101,e8af37b1c5ccc89d6bddad36caf3b6fcf9fca944,10,0.0017316017765551805,Eyes Closed,Real Bad Job,Kanye West,John Maus,2011,2006,rap,pop
19214,a3587a2c50bd1cffab65209617bdd8e84e88a5d3,402996,621546941b213295b9424778560c97a5805e71f1,11,0.0006220839568413794,Eyes Closed,Kiss the Devil,Kanye West,Eagles of Death Metal,2011,2004,rap,rock
19214,a3587a2c50bd1cffab65209617bdd8e84e88a5d3,126575,62c7325d40f0646a71c2eea5a0ee74fea80cacf9,12,0.002366863889619708,Eyes Closed,Pas vraiment,Kanye West,Stromae,2011,2022,rap,pop
19214,a3587a2c50bd1cffab65209617bdd8e84e88a5d3,153279,b4014f59c9a06134823a2a28f0def6442ac7421e,13,0.004166666883975267,Eyes Closed,Confessions Interlude Part 1,Kanye West,August Alsina,2011,2013,rap,rap
19214,a3587a2c50bd1cffab65209617bdd8e84e88a5d3,226240,92c46dddd2f7b75930db23b8005d171fbf363808,14,0.0009090909152291715,Eyes Closed,The Factory Gates,Kanye West,Kaiser Chiefs,2011,2014,rap,rock
19214,a3587a2c50bd1cffab65209617bdd8e84e88a5d3,136871,5c74897414252d33387e3153df8a7edb52d4ee92,15,0.0012987012742087245,Eyes Closed,Was He Slow?,Kanye West,Kid Koala,2011,2017,rap,pop
19214,a3587a2c50bd1cffab65209617bdd8e84e88a5d3,249866,25c3b4ed669a9aab85f944ff629ea98e5a04acd5,16,0.0008298755274154246,Eyes Closed,I Wouldnt Mind,Kanye West,Ourselves the Elves,2011,2013,rap,pop
19214,a3587a2c50bd1cffab65209617bdd8e84e88a5d3,323107,0877b61e63d76dd3c2ed9cd20559acf263b87abf,17,0.0013289035996422172,Eyes Closed,The Big Chair,Kanye West,Tears for Fears,2011,1984,rap,pop
19214,a3587a2c50bd1cffab65209617bdd8e84e88a5d3,77885,8beb04563ab98573a3256888d5ac3765e3173c19,18,0.0007999999797903001,Eyes Closed,Holiday,Kanye West,Scorpions,2011,1979,rap,rock
19214,a3587a2c50bd1cffab65209617bdd8e84e88a5d3,514074,00bfa7477b8022eaa8dbcd9354b88605392b429f,19,0.0010781671153381467,Eyes Closed,Spice It Up No Limits,Kanye West,Jadel,2011,2022,rap,pop
19214,a3587a2c50bd1cffab65209617bdd8e84e88a5d3,468691,81c6ae0a9cc922053c649b823d77329774c08d31,20,0.0013114754110574722,Eyes Closed,Sunrise,Kanye West,Calibre,2011,2017,rap,pop
260738,de88e8fd3cef5c1009b93a14b9016cf9e4727ec8,350149,a7830b545986dea17731c49143c959c5c15a032e,1,0.015738025307655334,Across The Universe - triple j Like A Version,Across the Universe Wildlife Version,AURORA,The Beatles,2019,1969,pop,rock
260738,de88e8fd3cef5c1009b93a14b9016cf9e4727ec8,399862,dc63bde7c416c4e98e26fa4c1e1a10d92452e3bd,2,0.0010204081190750003,Across The Universe - triple j Like A Version,6 Degrees Tale Of Us Remix,AURORA,Audiofly,2019,2011,pop,pop
260738,de88e8fd3cef5c1009b93a14b9016cf9e4727ec8,261768,e79ad30e628fa73658247c90fa5e7eedf0495d70,3,0.0007766990456730127,Across The Universe - triple j Like A Version,Slow Down,AURORA,CRX,2019,2016,pop,rock
260738,de88e8fd3cef5c1009b93a14b9016cf9e4727ec8,305287,03164ba9a75f7160727050ba7a7ff3d521a94f21,4,0.001612903201021254,Across The Universe - triple j Like A Version,Were looking for a bomb front-end dev with an eye for design,AURORA,Genius Engineering Team,2019,2013,pop,misc
260738,de88e8fd3cef5c1009b93a14b9016cf9e4727ec8,335704,6f547233baf01031311e32f36ebf4fded8aa0824,5,0.0006535947904922068,Across The Universe - triple j Like A Version,Take 5 D.,AURORA,Minutemen,2019,1984,pop,rock
260738,de88e8fd3cef5c1009b93a14b9016cf9e4727ec8,184975,9c1bba81803094cbf6eaac178e6d779e06bd164e,6,0.001025640987791121,Across The Universe - triple j Like A Version,Shiloh’s Interlude,AURORA,Cordae,2019,2022,pop,rap
260738,de88e8fd3cef5c1009b93a14b9016cf9e4727ec8,113017,822ede55a80b469bf30f6d261caab16019aeb982,7,0.0011695906287059188,Across The Universe - triple j Like A Version,Who Killed the Jay-Z Jeep?,AURORA,Zack O'Malley Greenburg,2019,2011,pop,misc
260738,de88e8fd3cef5c1009b93a14b9016cf9e4727ec8,246205,1fbd71b281b28c477d4b62977dc8f30cd72f0b57,8,0.0010335916886106133,Across The Universe - triple j Like A Version,7 foot rats rats along his rats,AURORA,Northflowo,2019,2022,pop,pop
260738,de88e8fd3cef5c1009b93a14b9016cf9e4727ec8,270783,0a6ddc6744e7270cf94c309d50a6e35a32e95999,9,0.000808080832939595,Across The Universe - triple j Like A Version,180º Pole Shift Hypothesis see page 87,AURORA,Slauson Malone,2019,2019,pop,rap
260738,de88e8fd3cef5c1009b93a14b9016cf9e4727ec8,356302,75700f3fed869af5437a4ba8a21eef2ba7bbdf1e,10,0.0018867924809455872,Across The Universe - triple j Like A Version,The Ride Up,AURORA,Veggie Crumble,2019,2010,pop,misc
260738,de88e8fd3cef5c1009b93a14b9016cf9e4727ec8,143191,240e1732b6dbba5452ee91bced9f2b2c2cd9bfea,11,0.0042553190141916275,Across The Universe - triple j Like A Version,What Is Hip,AURORA,Tower of Power,2019,1973,pop,pop
260738,de88e8fd3cef5c1009b93a14b9016cf9e4727ec8,317554,e4c303a3d81e680b483edc155cd3ea8934790ecb,12,0.0012658227933570743,Across The Universe - triple j Like A Version,Rap Calendar,AURORA,Genius,2019,2015,pop,rap
260738,de88e8fd3cef5c1009b93a14b9016cf9e4727ec8,300288,637f29b8eeb0d0b3dde3f979dbbb4f8f1ffd7f8a,13,0.0007233272772282362,Across The Universe - triple j Like A Version,In the Highways,AURORA,The Peasall Sisters,2019,2000,pop,pop
260738,de88e8fd3cef5c1009b93a14b9016cf9e4727ec8,140088,a18d8c4edb613bc09564474e55ee1d8eccb61173,14,0.0010178117081522942,Across The Universe - triple j Like A Version,Long Distance Drunk,AURORA,Modest Mouse,2019,1997,pop,rock
260738,de88e8fd3cef5c1009b93a14b9016cf9e4727ec8,121127,997781b19d53ed742f113d83fe9d361229c9c289,15,0.0009153318242169917,Across The Universe - triple j Like A Version,Akbar,AURORA,Jeffery Dallas,2019,2012,pop,pop
260738,de88e8fd3cef5c1009b93a14b9016cf9e4727ec8,506119,e7169290ec82d2226f8d6941b924702884596835,16,0.0008928571478463709,Across The Universe - triple j Like A Version,Mood,AURORA,Fizzler,2019,2022,pop,rap
260738,de88e8fd3cef5c1009b93a14b9016cf9e4727ec8,23378,b79e6b5265d79161f1ffeacd84fd6db29655e3c9,17,0.0026845638640224934,Across The Universe - triple j Like A Version,Pills,AURORA,St. Vincent,2019,2017,pop,rock
260738,de88e8fd3cef5c1009b93a14b9016cf9e4727ec8,56896,bf023a98649f6cdead044e6daa74e3a747025f50,18,0.0007017544121481478,Across The Universe - triple j Like A Version,Sleepless,AURORA,Flume,2019,2011,pop,rap
260738,de88e8fd3cef5c1009b93a14b9016cf9e4727ec8,309848,fa5e635bb949227fa68fa1ec21778ab486ded02b,19,0.003418803447857499,Across The Universe - triple j Like A Version,Introduction,AURORA,Guru,2019,1993,pop,rap
260738,de88e8fd3cef5c1009b93a14b9016cf9e4727ec8,235733,de33fc2518f4c627fc540e809a70792b722a6f6d,20,0.0008456659852527082,Across The Universe - triple j Like A Version,Showroom Dummies,AURORA,Kraftwerk,2019,1977,pop,pop
423766,505988421c3786fe2637dea628c7f3546862741a,154499,528eabd8c2db3326ccbd4e50df852d9bde51b3d5,1,0.01031617633998394,​seventeen,Close Friends Remake,keshi,Layton Greene,2019,2019,rb,rb
423766,505988421c3786fe2637dea628c7f3546862741a,121404,4f23aeff6379304b3fbf22fa8eafa8b483a3c9d0,2,0.0006644517998211086,​seventeen,Lazy Boy,keshi,Franz Ferdinand,2019,2018,rb,rock
423766,505988421c3786fe2637dea628c7f3546862741a,232858,39ceeee5b3fabd62255078043e9d665d302d0034,3,0.005263158120214939,​seventeen,Sea,keshi,Low,2019,1994,rb,rock
423766,505988421c3786fe2637dea628c7f3546862741a,293377,27efc7b78a7668c9627ee977ef63996dd5e44cc8,4,0.0023809524718672037,​seventeen,Hungry Ghost,keshi,Daron Malakian and Scars On Broadway,2019,2008,rb,pop
423766,505988421c3786fe2637dea628c7f3546862741a,290972,6da585a4d56f5f7f0207ce32868fd83f7b0e2dd0,5,0.005194805096834898,​seventeen,Black Mud,keshi,LAYLA (GBR),2019,2014,rb,pop
423766,505988421c3786fe2637dea628c7f3546862741a,286527,4d5dabfc5abec7cdc3b053abddba65734a9f6bbf,6,0.0006756756920367479,​seventeen,Turn Me Up VIP Mix,keshi,MOTi,2019,2016,rb,pop
423766,505988421c3786fe2637dea628c7f3546862741a,423116,1392de856c57532febc6bed6362698cce866ce19,7,0.0006633499288000166,​seventeen,Holy Soul,keshi,Salt Cathedral,2019,2013,rb,pop
423766,505988421c3786fe2637dea628c7f3546862741a,483117,c8a39cbd7cbd283e1a69a2dd9150e05df49d5d08,8,0.0011869436129927635,​seventeen,Id Rather,keshi,Matt and Kim,2019,2018,rb,rock
423766,505988421c3786fe2637dea628c7f3546862741a,444576,1eb2ab603d244789f46641440e0f1251c10de350,9,0.0054054055362939835,​seventeen,Warmth,keshi,ford.,2019,2018,rb,pop
423766,505988421c3786fe2637dea628c7f3546862741a,157766,b8bdb947ee28d64e5245e18fb6f3b3e7dc970fec,10,0.0009049773798324168,​seventeen,Dumb Dumb,keshi,Red Velvet,2019,2015,rb,pop
423766,505988421c3786fe2637dea628c7f3546862741a,373857,67bd66dd7c8c54014651d18fc163e20abdc53f2a,11,0.0008281573536805809,​seventeen,Convertible Balloon,keshi,Wavves,2019,2010,rb,rock
423766,505988421c3786fe2637dea628c7f3546862741a,383945,8fe96ccaa997eab64e9c15fbcb58448dff314184,12,0.0028985508251935244,​seventeen,Last Words,keshi,STRFKR,2019,2013,rb,rock
423766,505988421c3786fe2637dea628c7f3546862741a,103323,85e87888ec06a38d268962565729d5fe26494d74,13,0.0006546644726768136,​seventeen,The Virgin,keshi,Daughters,2019,2010,rb,rock
423766,505988421c3786fe2637dea628c7f3546862741a,462431,656d4115669b5a7e0d5ed6c479391d8a31c0fc0f,14,0.000808080832939595,​seventeen,Ride,keshi,Shabazz PBG,2019,2017,rb,rap
423766,505988421c3786fe2637dea628c7f3546862741a,284611,6b6648697468d208dc52e44d4c1a7705e2d3d743,15,0.0051282052882015705,​seventeen,Run,keshi,Air,2019,2004,rb,pop
423766,505988421c3786fe2637dea628c7f3546862741a,390995,65301e65e9588f5ee6fc244fb0477aa011a8569c,16,0.0013289035996422172,​seventeen,Roses,keshi,Blouse,2019,2015,rb,pop
423766,505988421c3786fe2637dea628c7f3546862741a,255188,01d046e9786e919b6f06c784ef46d958aeedd768,17,0.001398601452820003,​seventeen,Forever Heavy,keshi,Black Moth Super Rainbow,2019,2007,rb,misc
423766,505988421c3786fe2637dea628c7f3546862741a,445018,00bb437cfe58b8bf4b683c817a3aa3e723f73345,18,0.0008196721319109201,​seventeen,Rhythm Of The Ocean,keshi,Hawaiian Style Band,2019,1994,rb,pop
423766,505988421c3786fe2637dea628c7f3546862741a,151510,755503fcc4270252432f3f662010d24a5a0a7d49,19,0.0013377926079556346,​seventeen,Dont Let It Bring You Down,keshi,Annie Lennox,2019,1995,rb,pop
423766,505988421c3786fe2637dea628c7f3546862741a,28207,d459f893805bfab56f9bac49ad4342c29e23976b,20,0.0018604651559144258,​seventeen,Keine Lust,keshi,Rammstein,2019,2004,rb,rock
145118,376aec90cbd034a9ccca0818586da5997f1b364c,460626,7ffee1247c99fab9736ccf91e5b4f13a93bba87b,1,0.009677419438958168,MOP,Bicky Robby,Borgore,Fat Nick,2018,2016,rap,rap
145118,376aec90cbd034a9ccca0818586da5997f1b364c,317912,ca867d5f0cbf446eb92b85e8934034ea81dd7d75,2,0.0016806722851470113,MOP,The reddit Front Page is Not a Meritocracy,Borgore,ATodd,2018,2014,rap,misc
145118,376aec90cbd034a9ccca0818586da5997f1b364c,24269,702482a37942c6638cc0e4b65391cd4415453369,3,0.0006249999860301614,MOP,Messis Career Honours,Borgore,Lionel Messi,2018,2014,rap,misc
145118,376aec90cbd034a9ccca0818586da5997f1b364c,447392,abd8c838aaf7e24c09a54388d17a0f1b28f4116b,4,0.005263158120214939,MOP,Cool,Borgore,White Reaper,2018,2014,rap,pop
145118,376aec90cbd034a9ccca0818586da5997f1b364c,425101,b9e7f104053068153f9046766a75a12123c7c18c,5,0.004444444552063942,MOP,Cant Be Stopped,Borgore,First of October,2018,2018,rap,rock
145118,376aec90cbd034a9ccca0818586da5997f1b364c,319516,12afe769d1d9796e6db4b2cc3fa624aa10244c2a,6,0.0012383901048451662,MOP,Bonnie  Clyde,Borgore,2Scratch,2018,2018,rap,pop
145118,376aec90cbd034a9ccca0818586da5997f1b364c,46195,e8a812a523b61478003372ce9f40b774f5baea16,7,0.002139037474989891,MOP,Young Abu Dhabi,Borgore,Chinx,2018,2015,rap,rap
145118,376aec90cbd034a9ccca0818586da5997f1b364c,305412,7d1c04e1cbc7c499937d61bb388cf523eba30ad6,8,0.002453987719491124,MOP,Sautéed Asparagus / Me Time Sauce,Borgore,2 Chainz,2018,2013,rap,misc
145118,376aec90cbd034a9ccca0818586da5997f1b364c,126132,250e8ae597b3307ca62bdf407596d5083b2bb294,9,0.004705882165580988,MOP,Waken Baken,Borgore,Wiz Khalifa,2018,2010,rap,rap
145118,376aec90cbd034a9ccca0818586da5997f1b364c,391819,72d69520dc173799a82eaab4b748423cb7b1f124,10,0.0021739129442721605,MOP,Dope Man,Borgore,Lil Wop,2018,2017,rap,rap
145118,376aec90cbd034a9ccca0818586da5997f1b364c,447616,379018d4f3e9d9eb047c9285941b0bc8c77f1253,11,0.0007054673624224961,MOP,Love Me...,Borgore,Beyonc,2018,2002,rap,rb
145118,376aec90cbd034a9ccca0818586da5997f1b364c,84831,d5062703f5bfab8b8d76a4ffd7118d1270c24688,12,0.0013888889225199819,MOP,Year End Lists - VOTE NOW,Borgore,Rap Genius,2018,2013,rap,rap
145118,376aec90cbd034a9ccca0818586da5997f1b364c,511331,9835f231cba04ce7068f015ade3a8b4e538861b7,13,0.0055555556900799274,MOP,Toyboat,Borgore,Sharon Van Etten,2018,2022,rap,pop
145118,376aec90cbd034a9ccca0818586da5997f1b364c,221656,e2df384407d4df3930a41be4367cc3a8786d4014,14,0.005333333276212215,MOP,52 Fabrics,Borgore,Skooly,2018,2018,rap,rap
145118,376aec90cbd034a9ccca0818586da5997f1b364c,437976,823d9aa3f10e3b5188ce26c7312b688c1b4cfbe9,15,0.0012738853693008423,MOP,Brighter Future,Borgore,Big Gigantic,2018,2016,rap,pop
145118,376aec90cbd034a9ccca0818586da5997f1b364c,274090,c726c7f254aa30acc3ce6db900dc0129deeb3035,16,0.0020942408591508865,MOP,Shoop Shoop Diddy Wop,Borgore,Monte Video and the Cassettes,2018,2015,rap,pop
145118,376aec90cbd034a9ccca0818586da5997f1b364c,108145,b510dfb692e9f805bbcef6ae9fe00c0b261cf86b,17,0.004938271827995777,MOP,Poem As the cat,Borgore,William Carlos Williams,2018,2012,rap,misc
145118,376aec90cbd034a9ccca0818586da5997f1b364c,52971,cd314d1fc3432b2e1d7e826f35f93d008cd91a88,18,0.001498127356171608,MOP,Pull Up,Borgore,Puffy L'z,2018,2016,rap,rap
145118,376aec90cbd034a9ccca0818586da5997f1b364c,499245,0abcd747b090987e845f4e1372f29a4a448ec1a4,19,0.002739726100116968,MOP,Sex Life,Borgore,Black Box Recorder,2018,2000,rap,pop
145118,376aec90cbd034a9ccca0818586da5997f1b364c,276286,61b36c2a959a54db8f44c0d330cd1a4fcc6d7515,20,0.0009302325779572129,MOP,I Dont Wanna Go Home,Borgore,Wiz Khalifa,2018,2017,rap,rap
337490,f5a3fff67ab785a243ca2e2fcc392172165eb624,417201,f6ee06aa86285f873f92042477b89006da0b6d73,1,0.009677419438958168,Higher,Raise The Bar,Dream Junkies,Blake Whiteley,2013,2016,rap,rap
337490,f5a3fff67ab785a243ca2e2fcc392172165eb624,394261,e495a3a7d3d908d9ce39484d4a75a803a0f50b8d,2,0.0009523809421807528,Higher,The Boy Who Cried Wolf,Dream Junkies,Aesop,2013,2013,rap,misc
337490,f5a3fff67ab785a243ca2e2fcc392172165eb624,446272,04b22eca8e7db6db91ce4955ed0c0e89aca4a4d2,3,0.0014652014942839742,Higher,The Morrigan,Dream Junkies,Heather Dale,2013,2011,rap,pop
337490,f5a3fff67ab785a243ca2e2fcc392172165eb624,355274,02d6f791c604dad7422db8f042b651703a5571de,4,0.0009950249223038554,Higher,Four,Dream Junkies,La Dispute,2013,2008,rap,rock
337490,f5a3fff67ab785a243ca2e2fcc392172165eb624,435099,2fa3ecbf064270d4b3a1bb6a29cf9a613328c601,5,0.0025806452613323927,Higher,Revelation 4,Dream Junkies,Holy Bible (KJV),2013,2017,rap,misc
337490,f5a3fff67ab785a243ca2e2fcc392172165eb624,442021,b90e935f5c33cd3495cb1e09521888d457419dbd,6,0.003076923079788685,Higher,Wait,Dream Junkies,Matondo,2013,2017,rap,rap
337490,f5a3fff67ab785a243ca2e2fcc392172165eb624,282162,035ea6702616bb3972672dbcad758cfeda3478ca,7,0.004761904943734407,Higher,Dolo,Dream Junkies,Chief Keef,2013,2016,rap,rap
337490,f5a3fff67ab785a243ca2e2fcc392172165eb624,388829,fea2adaa03ff562b7cc25037be0207869e076d8e,8,0.003703703638166189,Higher,Throne - Commentary,Dream Junkies,Bring Me The Horizon,2013,2015,rap,misc
337490,f5a3fff67ab785a243ca2e2fcc392172165eb624,118304,8d155984c379c91688a10fa439d5e43af14489c1,9,0.0017316017765551805,Higher,Not Enough,Dream Junkies,Rj rap,2013,2016,rap,rap
337490,f5a3fff67ab785a243ca2e2fcc392172165eb624,246352,14e0e425f7c96cdbc14c58c511da70b16caaa86f,10,0.0006896551931276917,Higher,Jah Alone  A Christian,Dream Junkies,Culture,2013,1982,rap,rock
337490,f5a3fff67ab785a243ca2e2fcc392172165eb624,71038,c178ed7e2eafabccaf82ea15ce07554bc25fc17c,11,0.001215805415995419,Higher,Psalm 23,Dream Junkies,Holy Bible (KJV),2013,2017,rap,misc
337490,f5a3fff67ab785a243ca2e2fcc392172165eb624,67239,6d31eaf9c566137677da89715c52175b7fe222e5,12,0.0008771930006332695,Higher,Follow Follow,Dream Junkies,Glasgow Rangers,2013,2015,rap,pop
337490,f5a3fff67ab785a243ca2e2fcc392172165eb624,387875,0c3a2f6ea28d273c2937237c0e1bab6123d148ab,13,0.0009501187596470118,Higher,First Prayer,Dream Junkies,Deathspell Omega,2013,2004,rap,rock
337490,f5a3fff67ab785a243ca2e2fcc392172165eb624,78326,65c6da689992480a594df96ac3924904e68e1fd3,14,0.0017621145816519856,Higher,Bleecker Street,Dream Junkies,Simon & Garfunkel,2013,1964,rap,rock
337490,f5a3fff67ab785a243ca2e2fcc392172165eb624,513993,53f5caae53badfdb4fbb694bdb162f0d18f5adb4,15,0.0009090909152291715,Higher,Dont Call Me A Noob,Dream Junkies,Jimmy MC,2013,2022,rap,rap
337490,f5a3fff67ab785a243ca2e2fcc392172165eb624,276634,a761c6e8d4a52b161f0034e3406cb465da9829e2,16,0.0014336917083710432,Higher,Kansas,Dream Junkies,The Devil Wears Prada,2013,2011,rap,rock
337490,f5a3fff67ab785a243ca2e2fcc392172165eb624,277867,1bbcbe6240cdc9043ece404c855fd322491d6cf7,17,0.003960396163165569,Higher,Satta Massagana,Dream Junkies,The Abyssinians,2013,1976,rap,rb
337490,f5a3fff67ab785a243ca2e2fcc392172165eb624,319101,8aacc7a26c56382c615741b4fd305eb1b2c816bc,18,0.0011695906287059188,Higher,Cab Driver,Dream Junkies,The Mills Brothers,2013,1990,rap,pop
337490,f5a3fff67ab785a243ca2e2fcc392172165eb624,114514,c8e7b375b8c84d9412d679ce751469c0c4015768,19,0.0006633499288000166,Higher,Moth to the Flame,Dream Junkies,Chairlift,2013,2016,rap,pop
337490,f5a3fff67ab785a243ca2e2fcc392172165eb624,281945,ff4b34409b242913d3c471b22a2d9c5c7397bec7,20,0.004081632476300001,Higher,Shepherds Welcome,Dream Junkies,Bill Callahan,2013,2019,rap,rock
15892,b21471aa59b7e1f63b829ac96bfc0abbb3e67579,204816,5ffb05b0382f75a231f9524989577c357d3ff523,1,0.016129031777381897,Thats Life,Benji The Dog That’s Life Demo,88-Keys,Mac Miller,2019,2019,rap,rap
15892,b21471aa59b7e1f63b829ac96bfc0abbb3e67579,93746,265b3fb4a012a0341a95a6d158bbc046a0de0017,2,0.0008163265301845968,Thats Life,Globalization: The Super Story,88-Keys,Thomas Friedman,2019,2015,rap,misc
15892,b21471aa59b7e1f63b829ac96bfc0abbb3e67579,479882,7ed398445ad3c23a49d4404b4af2007fd1a5d355,3,0.0008316008606925607,Thats Life,Middle Class,88-Keys,Arivu x ofRo,2019,2019,rap,rap
15892,b21471aa59b7e1f63b829ac96bfc0abbb3e67579,12931,cfdcf892e75ff289bebdf15d8bfb801ebebed49a,4,0.0011049723252654076,Thats Life,Indecision,88-Keys,XXXTENTACION,2019,2017,rap,rock
15892,b21471aa59b7e1f63b829ac96bfc0abbb3e67579,142329,8b228c7c10d716ac745b035a23b48db92f5e2598,5,0.00147058826405555,Thats Life,Never Come Back,88-Keys,Caribou,2019,2020,rap,pop
15892,b21471aa59b7e1f63b829ac96bfc0abbb3e67579,246532,00bcbd98e0c29965a6b03701058b565961077965,6,0.002424242440611124,Thats Life,Im Canadian,88-Keys,Blue Blob (YT),2019,2020,rap,pop
15892,b21471aa59b7e1f63b829ac96bfc0abbb3e67579,247394,35549118f9b62b2482552710db33818b25406f77,7,0.001194029813632369,Thats Life,Let Me Go Let Me Go Let Me Go,88-Keys,Jason Molina,2019,2006,rap,pop
15892,b21471aa59b7e1f63b829ac96bfc0abbb3e67579,355909,6b2fcc74a682e6c9592259d318a49726c2b5ae36,8,0.0014184396713972092,Thats Life,Octane Twisted,88-Keys,Porcupine Tree,2019,2009,rap,rock
15892,b21471aa59b7e1f63b829ac96bfc0abbb3e67579,32596,e8f1ea64f1bf30c26cf3e6dddb06be0383b0ddf1,9,0.002020202111452818,Thats Life,Lay It Down,88-Keys,Steelix,2019,2015,rap,pop
15892,b21471aa59b7e1f63b829ac96bfc0abbb3e67579,83418,4366ad67c5ac0ea65a4b8bb2711154276576449a,10,0.0012232415610924363,Thats Life,Christians Inferno,88-Keys,Green Day,2019,2009,rap,rock
15892,b21471aa59b7e1f63b829ac96bfc0abbb3e67579,56501,2a2af0b85a247b5ae660acf0cb2a9a61fa89f00e,11,0.0011204482289031148,Thats Life,Regret,88-Keys,Everything Everything,2019,2015,rap,rock
15892,b21471aa59b7e1f63b829ac96bfc0abbb3e67579,418995,76fce3930cd82f9d73bd5b4570f1b8aadad9b3b1,12,0.00148148147854954,Thats Life,Identity,88-Keys,Colton Dixon,2019,2017,rap,pop
15892,b21471aa59b7e1f63b829ac96bfc0abbb3e67579,425718,8c221d2086f3c14f942216217713917f0442adac,13,0.0022346368059515953,Thats Life,Purple Rain Piano  A Microphone 1983 Version,88-Keys,Prince,2019,2018,rap,pop
15892,b21471aa59b7e1f63b829ac96bfc0abbb3e67579,198032,2a5f964ba77c444ee095323308dc1797317e10db,14,0.00325203244574368,Thats Life,It’s a Very Deep Sea,88-Keys,The Style Council,2019,1988,rap,pop
15892,b21471aa59b7e1f63b829ac96bfc0abbb3e67579,470748,a3b02e6ecb91e1902c1048c99d15eebcef8e3713,15,0.0014035088242962956,Thats Life,Wounds,88-Keys,Papa Khan (EDM),2019,2021,rap,pop
15892,b21471aa59b7e1f63b829ac96bfc0abbb3e67579,365677,293a42ae89925b8e98b7e316c2e607248efcc459,16,0.0009345794678665698,Thats Life,Strangers,88-Keys,No Mana,2019,2020,rap,pop
15892,b21471aa59b7e1f63b829ac96bfc0abbb3e67579,299266,d914f1b0ab41ce1f34254e9b546dddc2fbfe4630,17,0.0011080332333222032,Thats Life,Karaoke Alone,88-Keys,The Aubreys,2019,2021,rap,rock
15892,b21471aa59b7e1f63b829ac96bfc0abbb3e67579,239841,d559007c986fca406cdf68d17ec4012e4e92cc37,18,0.0011594202369451523,Thats Life,Silk,88-Keys,Giselle Rosselli,2019,2012,rap,pop
15892,b21471aa59b7e1f63b829ac96bfc0abbb3e67579,308941,adc3b32857df132dc53d5186aeb840e082b6da8c,19,0.0007029877160675824,Thats Life,Dead Inside,88-Keys,Taska Black,2019,2018,rap,pop
15892,b21471aa59b7e1f63b829ac96bfc0abbb3e67579,208160,1620626635ef31ba0383e82b61f3c54523ca049a,20,0.0011799409985542297,Thats Life,Rainbow Interlude,88-Keys,Mariah Carey,2019,1999,rap,pop
511946,9735b82dceb7295587d89834b2e0ff4f777f4f55,90447,7272726f7ab9574861ec2a402204d089cc8a9cf3,1,0.010211819782853127,Who Run This?,Get Buck in Here,Angel De-Mar,DJ Felli Fel,2022,2007,rap,rap
511946,9735b82dceb7295587d89834b2e0ff4f777f4f55,453777,8b996b8a4e03f1e1bdd02470aa6de51aa79f5528,2,0.005333333276212215,Who Run This?,Bored In The House Remix,Angel De-Mar,Curtis Roach,2022,2020,rap,pop
511946,9735b82dceb7295587d89834b2e0ff4f777f4f55,455676,0d2095e115d81ce6d150e835cacb966e5978fd2e,3,0.0007905138190835714,Who Run This?,Stained,Angel De-Mar,HMLTD,2022,2017,rap,misc
511946,9735b82dceb7295587d89834b2e0ff4f777f4f55,43614,27ae66a1b19c41558824f9448999a7546fcf7005,4,0.005797101650387049,Who Run This?,Fuck My Ass,Angel De-Mar,Alrapstv,2022,2014,rap,pop
511946,9735b82dceb7295587d89834b2e0ff4f777f4f55,280694,39e60e5437f10d73df1d7c5b83e9896387b36369,5,0.005194805096834898,Who Run This?,Whispers Of Oxenfurt,Angel De-Mar,Mikolai Stroinski,2022,2015,rap,pop
511946,9735b82dceb7295587d89834b2e0ff4f777f4f55,456080,99cfb0d1fda7d4172dde9605fe23f54e1c793673,6,0.00615384615957737,Who Run This?,Breathe This Air remix,Angel De-Mar,Jon Hopkins,2022,2013,rap,rock
511946,9735b82dceb7295587d89834b2e0ff4f777f4f55,114276,df7b021167c070df8a08a1540a80c8b4ae3dabd9,7,0.0025316455867141485,Who Run This?,Adi shakti,Angel De-Mar,Mantra girl,2022,2015,rap,pop
511946,9735b82dceb7295587d89834b2e0ff4f777f4f55,426038,a4c8cc016c3c961cfb531e80aea5a9954a119cc9,8,0.005263158120214939,Who Run This?,Do You Like Bass?,Angel De-Mar,Yellow Claw,2022,2017,rap,misc
511946,9735b82dceb7295587d89834b2e0ff4f777f4f55,75039,7e7fa8ee5c3100b5e2a9db03cde22ac5639dee86,9,0.0006700167432427406,Who Run This?,Cha Cha Slide,Angel De-Mar,Mister C,2022,2015,rap,pop
511946,9735b82dceb7295587d89834b2e0ff4f777f4f55,324364,f63558925e937ff04880fd522d4c957636b9491f,10,0.0016666667070239782,Who Run This?,Ancient Mother,Angel De-Mar,Neill,2022,2019,rap,pop
511946,9735b82dceb7295587d89834b2e0ff4f777f4f55,389631,eb41cbdc2b77c1782dfd73b51a004d5ea04cc1df,11,0.0057142856530845165,Who Run This?,This Time,Angel De-Mar,Life of Agony,2022,1993,rap,rock
511946,9735b82dceb7295587d89834b2e0ff4f777f4f55,426404,ee5ada9a5fdd43f1822e09c55ae22a4271052d45,12,0.0011396011104807258,Who Run This?,Leaders,Angel De-Mar,Billy Strings,2022,2021,rap,country
511946,9735b82dceb7295587d89834b2e0ff4f777f4f55,174687,8d042bfc7b462025020a7eb30546da2683ef160b,13,0.0007889546104706824,Who Run This?,Uncle Arthur,Angel De-Mar,David Bowie,2022,1967,rap,pop
511946,9735b82dceb7295587d89834b2e0ff4f777f4f55,448739,33845dd3f9fc4314272a7f8a4d91b75c8cdb6e73,14,0.0008196721319109201,Who Run This?,This Train,Angel De-Mar,"Peter, Paul and Mary",2022,1962,rap,pop
511946,9735b82dceb7295587d89834b2e0ff4f777f4f55,477789,e61af427a48e73eaa5d0768dee13df5c97c8ba41,15,0.004301075357943773,Who Run This?,Bounce Like That,Angel De-Mar,Pia Mia,2022,2017,rap,rb
511946,9735b82dceb7295587d89834b2e0ff4f777f4f55,200373,de6da2d97c171b4ded67bcf6b3ee486150dbda6f,16,0.002739726100116968,Who Run This?,Lulus Pie Song,Angel De-Mar,Sara Bareilles,2022,2015,rap,pop
511946,9735b82dceb7295587d89834b2e0ff4f777f4f55,108205,bb22625c0da259553bfe79ef6fcaf55e9448f637,17,0.0018348623998463154,Who Run This?,The HampsterDance Song,Angel De-Mar,Hampton the Hampster,2022,2000,rap,pop
511946,9735b82dceb7295587d89834b2e0ff4f777f4f55,359460,acad16e5d454a75cefe34a8b797585999750cc2e,18,0.0007130124722607434,Who Run This?,RASPBERRY SEEDS,Angel De-Mar,Petite League,2022,2016,rap,rock
511946,9735b82dceb7295587d89834b2e0ff4f777f4f55,378297,ede129ab4897b6be33085a2062bc84b5a995f93f,19,0.001476014731451869,Who Run This?,Thats All Right,Angel De-Mar,Laura Rivers,2022,1967,rap,rb
511946,9735b82dceb7295587d89834b2e0ff4f777f4f55,316077,315c95755f35f6ba55fb9072e565bc0376460f3f,20,0.002298850566148758,Who Run This?,The Old Man from Over the Sea,Angel De-Mar,Lankum,2022,2014,rap,misc
40839,dc607f9428fed5386f55b06cc416ed82dbd4003e,273585,d6add871fc3fb6cb96dce1ef027b45e7785dd5e5,1,0.009999999776482582,Waterloo,Sweet Surrender,Cast Of Mamma Mia! Here We Go Again,Bread,2018,1972,pop,rock
40839,dc607f9428fed5386f55b06cc416ed82dbd4003e,515709,1ee5edf4d03f2cc8d0a2944724bd70c3a6de69ab,2,0.0008385744295082986,Waterloo,RK4.Escape Velocity,Cast Of Mamma Mia! Here We Go Again,Our Lady Peace,2018,2022,pop,rock
40839,dc607f9428fed5386f55b06cc416ed82dbd4003e,54295,45d273935c570bd42c2f76c266a211d6b4289bda,3,0.005333333276212215,Waterloo,Imperfect Circle,Cast Of Mamma Mia! Here We Go Again,Jorja Smith,2018,2016,pop,rb
40839,dc607f9428fed5386f55b06cc416ed82dbd4003e,267883,1a8ce0c56836d302b84fbc5f172a2f570f7e09a5,4,0.005797101650387049,Waterloo,Dreamer,Cast Of Mamma Mia! Here We Go Again,Throttle,2018,2019,pop,pop
40839,dc607f9428fed5386f55b06cc416ed82dbd4003e,346827,cc23db4a987a5141ab97aac8091368f5ada839f5,5,0.0017241379246115685,Waterloo,Excerpt from Drown Boyfriend 113-115,Cast Of Mamma Mia! Here We Go Again,Junot Daz,2018,2014,pop,misc
40839,dc607f9428fed5386f55b06cc416ed82dbd4003e,293135,10aa84c886c4173ff3c653a00ed8c4f486c4ec1a,6,0.005633802618831396,Waterloo,The Great Escape,Cast Of Mamma Mia! Here We Go Again,We Are Scientists,2018,2005,pop,rock
40839,dc607f9428fed5386f55b06cc416ed82dbd4003e,433802,7d769dd1b5d209953277ed43ba41624428151f0f,7,0.0014492754125967622,Waterloo,Push the Limits,Cast Of Mamma Mia! Here We Go Again,Enigma,2018,2000,pop,pop
40839,dc607f9428fed5386f55b06cc416ed82dbd4003e,508020,0257b7865490dbca818ec8e933c051d38bb60554,8,0.000749063678085804,Waterloo,Clone,Cast Of Mamma Mia! Here We Go Again,Teddy Killerz & Celldweller,2018,2022,pop,pop
40839,dc607f9428fed5386f55b06cc416ed82dbd4003e,204214,f0882837da9a87c305fb41c85bc277eae0d6a6c2,9,0.0015151514671742916,Waterloo,Drag Me Down,Cast Of Mamma Mia! Here We Go Again,In Her Own Words,2018,2016,pop,rock
40839,dc607f9428fed5386f55b06cc416ed82dbd4003e,494489,7ea039803b5aed496af62fd9a554530af38cac81,10,0.0008988764020614326,Waterloo,Mummified In Barbed Wire,Cast Of Mamma Mia! Here We Go Again,Cannibal Corpse,2018,1996,pop,rock
40839,dc607f9428fed5386f55b06cc416ed82dbd4003e,199932,ecc4b850ed27e4868271eb10de87fde6e2a6507f,11,0.002797202905640006,Waterloo,Aquarian,Cast Of Mamma Mia! Here We Go Again,Sleep,2018,1992,pop,rock
40839,dc607f9428fed5386f55b06cc416ed82dbd4003e,483756,b8939962084f671ca2df8bfc72d16be2606c5606,12,0.0018433179939165711,Waterloo,Private Eyes,Cast Of Mamma Mia! Here We Go Again,Sleeping At Last,2018,2014,pop,pop
40839,dc607f9428fed5386f55b06cc416ed82dbd4003e,363307,288a8bf5f743357f5ee7097442f8ff9e7c13d6ef,13,0.005479452200233936,Waterloo,Fires at Night,Cast Of Mamma Mia! Here We Go Again,Forget Gravity,2018,2014,pop,pop
40839,dc607f9428fed5386f55b06cc416ed82dbd4003e,405044,d5eb4631cda980978073a460d5b488270f8d904c,14,0.0016736402176320553,Waterloo,El Lute,Cast Of Mamma Mia! Here We Go Again,Boney M.,2018,1979,pop,pop
40839,dc607f9428fed5386f55b06cc416ed82dbd4003e,317201,e4066d2e303d4fe03ce4a7c39ebc974cd84b2d17,15,0.0021052630618214607,Waterloo,Burn to Emerge,Cast Of Mamma Mia! Here We Go Again,As I Lay Dying,2018,2019,pop,rock
40839,dc607f9428fed5386f55b06cc416ed82dbd4003e,31892,fe7f43c7c2484fcaf88c696cf29f3ee0623efd54,16,0.0013793103862553835,Waterloo,Game of Survival,Cast Of Mamma Mia! Here We Go Again,Ruelle,2018,2016,pop,pop
40839,dc607f9428fed5386f55b06cc416ed82dbd4003e,426028,8ecf8e49899c842a9af13328d2fe33eb64435d22,17,0.0011396011104807258,Waterloo,Nothin Left,Cast Of Mamma Mia! Here We Go Again,MAGIC GIANT,2018,2017,pop,pop
40839,dc607f9428fed5386f55b06cc416ed82dbd4003e,383437,7e435cbc2395dc02257fdd4ff66b90dc3227aa10,18,0.0033613445702940226,Waterloo,Les and Ray,Cast Of Mamma Mia! Here We Go Again,Le Tigre,2018,1999,pop,pop
40839,dc607f9428fed5386f55b06cc416ed82dbd4003e,389310,b07b60a6e7e5905d1c63ef62d7bd0c323fc007ab,19,0.0028985508251935244,Waterloo,Fall Asleep Slow,Cast Of Mamma Mia! Here We Go Again,CAFUN,2018,2015,pop,pop
40839,dc607f9428fed5386f55b06cc416ed82dbd4003e,181555,4614e9046c2c22514d661ce475f1194cfc085c53,20,0.0009433962404727936,Waterloo,Paraphernalia,Cast Of Mamma Mia! Here We Go Again,Temples,2018,2020,pop,rock
394518,ab8bde728950bb65b4a12561b1b14934a3c92b41,482902,7221de35fd493f8f5def2bea7890f6e25bb5dd74,1,0.009677419438958168,Simulacra,Porno Director,Jonny 5 + Yak,ILL BILL,2001,2004,rap,rap
394518,ab8bde728950bb65b4a12561b1b14934a3c92b41,46640,19207c33d0e225e2a7e393048da8dd848af8d7e7,2,0.005194805096834898,Simulacra,Interlude: Dad Was Mad,Jonny 5 + Yak,Solange,2001,2016,rap,rb
394518,ab8bde728950bb65b4a12561b1b14934a3c92b41,413751,7843483f511ca595de7ce0235728cb13970313a9,3,0.0063492064364254475,Simulacra,Family Monologue,Jonny 5 + Yak,Vaas Montenegro,2001,2015,rap,misc
394518,ab8bde728950bb65b4a12561b1b14934a3c92b41,252325,d1e29118e8afdf336510a5ce5f385a2db983c6a5,4,0.0011173184029757977,Simulacra,Stupid World,Jonny 5 + Yak,Hermitude,2001,2018,rap,pop
394518,ab8bde728950bb65b4a12561b1b14934a3c92b41,7826,bc2bf529aa62f6f8da9ac5bbb261d833d5445510,5,0.0007005254155956209,Simulacra,Who Let the Dogs Out?,Jonny 5 + Yak,Baha Men,2001,2000,rap,rap
394518,ab8bde728950bb65b4a12561b1b14934a3c92b41,85743,b1a9442a05c954d490964f0197a924cf9698c69d,6,0.001095890416763723,Simulacra,Billy Joe McGuffrey Theatrical Version,Jonny 5 + Yak,VeggieTales,2001,2002,rap,rock
394518,ab8bde728950bb65b4a12561b1b14934a3c92b41,459808,5ab33ad95a6744cfc2179045a965b18196d56308,7,0.0010869564721360803,Simulacra,The Night the Carousel Burned Down,Jonny 5 + Yak,Todd Rundgren,2001,1972,rap,pop
394518,ab8bde728950bb65b4a12561b1b14934a3c92b41,268184,669b4f3a40d0429517d578321987c08164150891,8,0.0010075566824525595,Simulacra,Lets Talk,Jonny 5 + Yak,Rogue,2001,2019,rap,pop
394518,ab8bde728950bb65b4a12561b1b14934a3c92b41,240054,1fbb2331c97ac4f0323a3b5bc87e1874b9e99e97,9,0.0006666666595265269,Simulacra,The Nod,Jonny 5 + Yak,Fat Freddy's Drop,2001,2009,rap,pop
394518,ab8bde728950bb65b4a12561b1b14934a3c92b41,400411,e1b200f978a0a67a86fd55cc5a7c151768a34ae4,10,0.0010526315309107304,Simulacra,Fresh Born,Jonny 5 + Yak,Deerhoof,2001,2008,rap,pop
394518,ab8bde728950bb65b4a12561b1b14934a3c92b41,243942,d6452ba7d375c5ae78781efaf9e836f0bd342bc2,11,0.0018348623998463154,Simulacra,Angry Me,Jonny 5 + Yak,Graham Coxon,2001,2018,rap,rock
394518,ab8bde728950bb65b4a12561b1b14934a3c92b41,187948,c13c85af164b6fc61e0c183f32640865edde17da,12,0.0008908685995265841,Simulacra,Work In Your Favor,Jonny 5 + Yak,Hezekiah Walker,2001,2013,rap,pop
394518,ab8bde728950bb65b4a12561b1b14934a3c92b41,107534,0b3007fa4d1eeedca8c7f57ca6686e2e146464ee,13,0.0006611570133827627,Simulacra,Traveling Alone,Jonny 5 + Yak,Jason Isbell,2001,2013,rap,country
394518,ab8bde728950bb65b4a12561b1b14934a3c92b41,460185,5026d44048e6b7f4322796083003e99caeaea26d,14,0.001459853956475854,Simulacra,He Whipped My Ass In Tennis Then I Fucked His Ass In Bed,Jonny 5 + Yak,Pansy Division,2001,2003,rap,rock
394518,ab8bde728950bb65b4a12561b1b14934a3c92b41,495707,6e0d4e9ac2691da1fa5cd102a62a8797082907d3,15,0.001970443408936262,Simulacra,Poison Tree,Jonny 5 + Yak,The Milk Carton Kids,2001,2015,rap,rock
394518,ab8bde728950bb65b4a12561b1b14934a3c92b41,127162,d7d34928ed1d6c4e79e2991d6214b302d321b204,16,0.0010204081190750003,Simulacra,Couldnt Believe,Jonny 5 + Yak,BROODS,2001,2016,rap,pop
394518,ab8bde728950bb65b4a12561b1b14934a3c92b41,69966,e98126799a783d397b1cff4754b76d03fa7dfd23,17,0.0029850746504962444,Simulacra,Protegent Antivirus Rap Version 3,Jonny 5 + Yak,Proto (Antivirus),2001,2016,rap,rap
394518,ab8bde728950bb65b4a12561b1b14934a3c92b41,291146,bd97ae10642e32c1bd644b184738e0690754a3a7,18,0.0009950249223038554,Simulacra,Sheep,Jonny 5 + Yak,The Housemartins,2001,1986,rap,pop
394518,ab8bde728950bb65b4a12561b1b14934a3c92b41,447879,00f4730ccbbe5d212d2e770069b31a9848528c02,19,0.0013605442363768816,Simulacra,Guantanamera,Jonny 5 + Yak,Die Toten Hosen,2001,1994,rap,rock
394518,ab8bde728950bb65b4a12561b1b14934a3c92b41,219914,85d4db887ffd0a426b14055ccd47eac0236a48fb,20,0.001072386046871543,Simulacra,He,Jonny 5 + Yak,The Righteous Brothers,2001,1966,rap,pop
156750,5187d21931817c045d0d2e80f3648575451165ca,66572,8f710d101b8d95786939f9550b8f7359ea201bbd,1,0.009677419438958168,Tasting Purple,See You,Skooly,Cash Kidd,2017,2020,rap,rap
156750,5187d21931817c045d0d2e80f3648575451165ca,508795,fe567800a3632fe85b76ad9a92028a394c595c9c,2,0.003076923079788685,Tasting Purple,Wish You Well,Skooly,Our Lady Peace,2017,2022,rap,rock
156750,5187d21931817c045d0d2e80f3648575451165ca,217054,25fc010be7586355b0523cbd3aadf54cca66a7d2,3,0.0033333334140479565,Tasting Purple,The drop,Skooly,Bro Safari,2017,2013,rap,pop
156750,5187d21931817c045d0d2e80f3648575451165ca,102713,027281b0766bd3fc78d5351a2aa9b254e9273e43,4,0.003508772002533078,Tasting Purple,Brakhage,Skooly,Stereolab,2017,1997,rap,pop
156750,5187d21931817c045d0d2e80f3648575451165ca,77408,c9793cba143078004237279a224fa4abe069b17a,5,0.004999999888241291,Tasting Purple,I Cook,Skooly,Lil B,2017,2010,rap,rap
156750,5187d21931817c045d0d2e80f3648575451165ca,387663,f5d1821ac407ba1ed66b1ba1b40cc45b6f2e0655,6,0.0031496062874794006,Tasting Purple,Edge of Forever,Skooly,John Maus,2017,2017,rap,rock
156750,5187d21931817c045d0d2e80f3648575451165ca,380087,d99f2d26eb20f857b9a5c5cecdcd6b48b79328ff,7,0.003539822995662689,Tasting Purple,Transvestite,Skooly,blink-182,2017,1994,rap,rock
156750,5187d21931817c045d0d2e80f3648575451165ca,312692,68f2597e34cb046c5513e5027dc9e591933e0b1a,8,0.0031999999191612005,Tasting Purple,Ian Connor,Skooly,Brandon Thomas,2017,2015,rap,rap
156750,5187d21931817c045d0d2e80f3648575451165ca,31742,a6adb063c6f6901a47cde8056b0b508e18934db3,9,0.0009638554183766246,Tasting Purple,Busy Boy,Skooly,Chloe x Halle,2017,2020,rap,pop
156750,5187d21931817c045d0d2e80f3648575451165ca,289518,15c579744428fb5cd2f7dee4dfbad2bdd2bd9f51,10,0.0010471204295754433,Tasting Purple,RoSe GoLD STRiPPeR PoLe,Skooly,RiFF RAFF,2017,2013,rap,rap
156750,5187d21931817c045d0d2e80f3648575451165ca,159220,54adc6d64e82f40cab867a87f743f62ae753b6ea,11,0.0007054673624224961,Tasting Purple,Goofys Concern,Skooly,Butthole Surfers,2017,1993,rap,rock
156750,5187d21931817c045d0d2e80f3648575451165ca,501793,08b507768ebd90fff399b1068403d1869b8e737b,12,0.001005025114864111,Tasting Purple,Misunderstood,Skooly,BANKS,2017,2022,rap,pop
156750,5187d21931817c045d0d2e80f3648575451165ca,290953,0843d4eb35cb3b6b04ee60d2ae2daa2e6a7a86c8,13,0.0006329113966785371,Tasting Purple,Swansea,Skooly,Bombay Bicycle Club,2017,2010,rap,rock
156750,5187d21931817c045d0d2e80f3648575451165ca,126736,7b1481c3a9d8f66af03bb311d2fb064c35e283ec,14,0.0011204482289031148,Tasting Purple,Soakin Wet,Skooly,Willie Taylor,2017,2015,rap,pop
156750,5187d21931817c045d0d2e80f3648575451165ca,215380,79238141a4cf9fc35af638c61ed67d4961bc95d7,15,0.0007843137136660516,Tasting Purple,Twelve Bars,Skooly,Chief Keef,2017,2014,rap,rap
156750,5187d21931817c045d0d2e80f3648575451165ca,495077,447d764b52068cee197d0486976580f2d354696c,16,0.0006493506371043622,Tasting Purple,Send Me,Skooly,No Age,2017,2018,rap,rock
156750,5187d21931817c045d0d2e80f3648575451165ca,153925,125fa40c83937112be97363a384f654b29e82fd0,17,0.0008733624708838761,Tasting Purple,The rose that grew from concrete,Skooly,Nikki Giovanni,2017,2015,rap,pop
156750,5187d21931817c045d0d2e80f3648575451165ca,343475,59d7e98d5178e440ea35cbe23cb1bb63011abd68,18,0.0033613445702940226,Tasting Purple,Jameson Pt II,Skooly,JMSN,2017,2012,rap,rb
156750,5187d21931817c045d0d2e80f3648575451165ca,163843,9d9bdb0b0a455c3e73e170bc095f23d76384c167,19,0.0036697247996926308,Tasting Purple,Light Headed,Skooly,David Guetta & Sia,2017,2018,rap,pop
156750,5187d21931817c045d0d2e80f3648575451165ca,312314,01f07ac686c2db595e4624180c0f710e21676f3e,20,0.0012232415610924363,Tasting Purple,Doo Doo Head,Skooly,Soulja Boy,2017,2007,rap,pop
120648,7ceb8da9dd8dbe6da61d720adfb0db56565a78ef,467347,4429132a0f0c7db753d384975470e5951a7a821c,1,0.009677419438958168,Watrfall,Someone To Hold,IAMDDB,Veronica,2018,1997,rb,rap
120648,7ceb8da9dd8dbe6da61d720adfb0db56565a78ef,207659,355ab7c14daa67084ab568ed10417d78606df3ef,2,0.0006069802911952138,Watrfall,A Pimp Named Slickback,IAMDDB,LAKIM (Dance/EDM),2018,2019,rb,pop
120648,7ceb8da9dd8dbe6da61d720adfb0db56565a78ef,447841,934f6fd73077c7d5cb37e3f000004fa0c3192c9b,3,0.0051282052882015705,Watrfall,Lazy Lake,IAMDDB,AATheBanana,2018,2021,rb,rap
120648,7ceb8da9dd8dbe6da61d720adfb0db56565a78ef,498979,34b296f7abca8575adc434b1c11be437a2f4c690,4,0.004597701132297516,Watrfall,The Rain in Spain,IAMDDB,Glee Cast,2018,2012,rb,pop
120648,7ceb8da9dd8dbe6da61d720adfb0db56565a78ef,354627,4f1213e817e2b638fbb6260c3ad80f4ac664dd5c,5,0.0012307692086324096,Watrfall,Intro Commentary Version,IAMDDB,Logic,2018,2014,rb,rap
120648,7ceb8da9dd8dbe6da61d720adfb0db56565a78ef,283215,b24d301f867f1ef10947aff6217450b04cb04cdb,6,0.0025316455867141485,Watrfall,Morning,IAMDDB,Janet Jackson,2018,1993,rb,rb
120648,7ceb8da9dd8dbe6da61d720adfb0db56565a78ef,219232,9c116e4be55b37cd75ab36bfaa570fd97fff4c91,7,0.0006980802863836288,Watrfall,Mr. Cab Driver,IAMDDB,Lenny Kravitz,2018,1990,rb,rock
120648,7ceb8da9dd8dbe6da61d720adfb0db56565a78ef,236284,b18ee29ea2e053bdd414b556d8556ed71f768878,8,0.004347825888544321,Watrfall,Im Sorry Im Lost,IAMDDB,Moderator,2018,2015,rb,rb
120648,7ceb8da9dd8dbe6da61d720adfb0db56565a78ef,481116,efc28b383db7858bdc07360291c1b277ff516353,9,0.004040404222905636,Watrfall,Skeptical,IAMDDB,Mulherin,2018,2018,rb,rb
120648,7ceb8da9dd8dbe6da61d720adfb0db56565a78ef,453476,27863dcc4656b81676e23e2d79fadfefd8899ce0,10,0.0009259259095415473,Watrfall,Trouble Is My Middle Name,IAMDDB,Bobby Vinton,2018,2015,rb,pop
120648,7ceb8da9dd8dbe6da61d720adfb0db56565a78ef,64703,27a500e648582c2a62853f49efad7ab524a8b8e5,11,0.0016194331692531705,Watrfall,Room 93 Commentary,IAMDDB,Halsey,2018,2014,rb,misc
120648,7ceb8da9dd8dbe6da61d720adfb0db56565a78ef,491024,6b6395cb898e1aa9fc0f5347eeb0a581967f00c6,12,0.0019512195140123367,Watrfall,Never Land,IAMDDB,Bliss n Eso,2018,2010,rb,rap
120648,7ceb8da9dd8dbe6da61d720adfb0db56565a78ef,193165,6372e24f6e37af2f407ab7ee1a28f84be8bb99e5,13,0.0006359300459735096,Watrfall,Outlaw Women,IAMDDB,Hank Williams Jr.,2018,1979,rb,pop
120648,7ceb8da9dd8dbe6da61d720adfb0db56565a78ef,274263,14afaf4e26e4be1ff39b6afdfdf229be3ffc943d,14,0.0011267606168985367,Watrfall,Logic talks about his 50000 tagline,IAMDDB,Logic,2018,2016,rb,misc
120648,7ceb8da9dd8dbe6da61d720adfb0db56565a78ef,261358,65feff15a8d6a9aa097d1c517b9ad4e9b82b52c4,15,0.0006399999838322401,Watrfall,But You Never Did,IAMDDB,Morgan Saint,2018,2022,rb,pop
120648,7ceb8da9dd8dbe6da61d720adfb0db56565a78ef,467928,e48449fcf388159bafa766c6ff780c399207f501,16,0.0006700167432427406,Watrfall,Head Above Water,IAMDDB,Hall & Oates,2018,1981,rb,pop
120648,7ceb8da9dd8dbe6da61d720adfb0db56565a78ef,477099,7aa12b22fe7b98b90b561cef4270ec9bde60157e,17,0.0006688963039778173,Watrfall,Ex challenge,IAMDDB,M0st_hated101,2018,2018,rb,rap
120648,7ceb8da9dd8dbe6da61d720adfb0db56565a78ef,433316,285d61f578b8558652e89e985fd260f6aefc1c24,18,0.004938271827995777,Watrfall,Jeans,IAMDDB,Panic! at the Disco,2018,2013,rb,pop
120648,7ceb8da9dd8dbe6da61d720adfb0db56565a78ef,202168,f7b87781f6348373738477717d5c2ec8037251b8,19,0.003636363660916686,Watrfall,Dick In My Mouth,IAMDDB,Bobbalam,2018,2020,rb,rap
120648,7ceb8da9dd8dbe6da61d720adfb0db56565a78ef,299216,6f4358364140610c2c7fa90d227ad2dd2a1a41ce,20,0.0012658227933570743,Watrfall,Psychobilly Freakout,IAMDDB,Reverend Horton Heat,2018,1990,rb,rock
110665,eec79378e3b858667535c0f92566d46899f87c56,298834,021d1169fca32407d55db8c637f32af28eaf0257,1,0.016129031777381897,Thumbin,Thumb Thru That Check,Rick Ross,Rocko,2012,2012,rap,pop
110665,eec79378e3b858667535c0f92566d46899f87c56,442479,d7ac218eba02b509ef6380e49651e494e830b96a,2,0.0006349206087179482,Thumbin,Lost,Rick Ross,Chris Travis,2012,2014,rap,rap
110665,eec79378e3b858667535c0f92566d46899f87c56,222221,5f9fb7ade721437a2e59cdbafb8dcc6e76a0fc6d,3,0.003539822995662689,Thumbin,Beat Laments the World,Rick Ross,Nujabes,2012,2003,rap,rap
110665,eec79378e3b858667535c0f92566d46899f87c56,476845,83c740f232a0c443c0856d41d08a035a09cdcdb0,4,0.0006144393119029701,Thumbin,Cedar Wesley,Rick Ross,Fences,2012,2016,rap,pop
110665,eec79378e3b858667535c0f92566d46899f87c56,8965,e319b85bba9c91aaab348d8c347bfdf620a32343,5,0.0010781671153381467,Thumbin,DINDU NUFFIN,Rick Ross,Doja Cat,2012,2015,rap,pop
110665,eec79378e3b858667535c0f92566d46899f87c56,115807,6c74f5184ec8d0f9bea50e3647425a243663567b,6,0.0026490066666156054,Thumbin,Guns and Roses Skit,Rick Ross,Tory Lanez,2012,2016,rap,rap
110665,eec79378e3b858667535c0f92566d46899f87c56,359924,5b65aa6b745f41072033db55c10d78c4de29b426,7,0.0007220216793939471,Thumbin,Smoke,Rick Ross,BONES,2012,2012,rap,rap
110665,eec79378e3b858667535c0f92566d46899f87c56,94221,03a55adb0140c3b6ad42b1d1cc3ce90fe64062be,8,0.0009732359903864563,Thumbin,The Incredible True Story Trailer,Rick Ross,Logic,2012,2015,rap,rap
110665,eec79378e3b858667535c0f92566d46899f87c56,33090,6b20dc97043acec75e585e2318523616713a5204,9,0.0008247422520071268,Thumbin,Crib in My Closet,Rick Ross,2 Chainz,2012,2014,rap,rap
110665,eec79378e3b858667535c0f92566d46899f87c56,388044,25e4469fa63a6c872662a3ba1e48291cefafc4ea,10,0.004597701132297516,Thumbin,Im Over It,Rick Ross,Cold Hart,2012,2016,rap,rap
110665,eec79378e3b858667535c0f92566d46899f87c56,14458,0f5e55be2cee493499b8683e0a6d6341c3aed09d,11,0.001095890416763723,Thumbin,Its Nothin,Rick Ross,Wiz Khalifa,2012,2012,rap,rap
110665,eec79378e3b858667535c0f92566d46899f87c56,426194,4ed06e7e99ffa2c2a7fef4b6740fa82a94af5a5c,12,0.0035714285913854837,Thumbin,Big Things,Rick Ross,Tyler Carter,2012,2019,rap,rb
110665,eec79378e3b858667535c0f92566d46899f87c56,1059,6b49d0529e221c49587bd535bd4a46e4756002f7,13,0.003809523768723011,Thumbin,Fuck Up Some Commas,Rick Ross,Future,2012,2014,rap,rap
110665,eec79378e3b858667535c0f92566d46899f87c56,111378,316b4b94e43e8e2fff9427261c366d6e90ca83d9,14,0.005263158120214939,Thumbin,Bout Me,Rick Ross,Coi Leray,2012,2021,rap,rap
110665,eec79378e3b858667535c0f92566d46899f87c56,400571,1ad41cd2b8a685266410aaaea0c101ac8f6866d5,15,0.003076923079788685,Thumbin,Every Day We Lit Remake,Rick Ross,Chace treadway,2012,2017,rap,rb
110665,eec79378e3b858667535c0f92566d46899f87c56,304273,4635fc188e15e953c25a8d7573a22aabe381c538,16,0.0023809524718672037,Thumbin,Road Runners,Rick Ross,FMB DZ,2012,2017,rap,rap
110665,eec79378e3b858667535c0f92566d46899f87c56,119545,6faefd963301e0afcc0bbb39838f1e6b18faf458,17,0.0012738853693008423,Thumbin,Famous Lies,Rick Ross,Ty Dolla $ign,2012,2017,rap,rb
110665,eec79378e3b858667535c0f92566d46899f87c56,495129,ccf0dd32b1ba68fe90551a043c6781e4b917af3e,18,0.0055555556900799274,Thumbin,Whole Lotta,Rick Ross,G-Eazy,2012,2020,rap,rap
110665,eec79378e3b858667535c0f92566d46899f87c56,70160,ca89d2a8da5ffedf49b9f4a2ba1bc0d2ad9a6e59,19,0.0007448789547197521,Thumbin,I Dont Think So,Rick Ross,Ben Phipps,2012,2016,rap,pop
110665,eec79378e3b858667535c0f92566d46899f87c56,487322,dbb9a5efa938d9741b5210e6c298409c0eeedbf6,20,0.001818181830458343,Thumbin,How You Wanna Play,Rick Ross,Bankroll Fresh,2012,2016,rap,rap
46703,21aed08e8c4737bc53dea229f7ac53721d9b8c0c,361472,191377cee76ee6b90d82769755e239875b725e11,1,0.013350828550755978,Dream Team,The League,Niykee Heaton,NerdOut,2016,2017,pop,rap
46703,21aed08e8c4737bc53dea229f7ac53721d9b8c0c,376969,4b920f1b2c1baa33b3b4e47f00278b343bbf1fd3,2,0.0012539185117930174,Dream Team,The Myths of Creativity - The Lone Creator,Niykee Heaton,David Burkus,2016,2014,pop,misc
46703,21aed08e8c4737bc53dea229f7ac53721d9b8c0c,388917,51320c60226516280d6dd13cf3295cccd0556986,3,0.001990049844607711,Dream Team,World Cup Dark Horses: Belgium,Niykee Heaton,2014 FIFA World Cup Brazil,2016,2013,pop,misc
46703,21aed08e8c4737bc53dea229f7ac53721d9b8c0c,250905,1e719d3c76c883d98b1ae83f224adb6c2d09ab24,4,0.0014492754125967622,Dream Team,A Cherry on Top,Niykee Heaton,The Knife,2016,2013,pop,pop
46703,21aed08e8c4737bc53dea229f7ac53721d9b8c0c,174530,9facbaabb870b7a10326bcb1a042fc12a75e0a1a,5,0.0014035088242962956,Dream Team,What Real-Time Gambling Data Reveals About Sports: Introducing Gambletron 2000,Niykee Heaton,ATodd,2016,2014,pop,misc
46703,21aed08e8c4737bc53dea229f7ac53721d9b8c0c,59031,ae3eaa3aff315c9df6d3b6c658044da71739e620,6,0.003508772002533078,Dream Team,Alexis Sánchezs Career Achievements,Niykee Heaton,Alexis Snchez,2016,2014,pop,misc
46703,21aed08e8c4737bc53dea229f7ac53721d9b8c0c,294569,b91bba7f2615d12c91023dc7ec58798f1cab6962,7,0.001932367100380361,Dream Team,What You Mean,Niykee Heaton,Doe Boy,2016,2012,pop,rap
46703,21aed08e8c4737bc53dea229f7ac53721d9b8c0c,446449,f7254901b7d6d11c46c0b9f5c0245b9f4148a931,8,0.0007079645874910057,Dream Team,Anatomy of a Pop Star -- Katy Perry,Niykee Heaton,SameOldShawn,2016,2013,pop,misc
46703,21aed08e8c4737bc53dea229f7ac53721d9b8c0c,488663,9e49f6c430e0bcb3707f39920acaaf86c78c3737,9,0.003225806402042508,Dream Team,Money In The Bank 2015,Niykee Heaton,WWE,2016,2015,pop,misc
46703,21aed08e8c4737bc53dea229f7ac53721d9b8c0c,191852,c448a3cd84fa3e85fe6cd27b123baeb84a450991,10,0.0012987012742087245,Dream Team,Only Approved Indians Can Play Made In The USA from _Only Approved Indians: Stories_ by Jack D. Forbes,Niykee Heaton,Jack D. Forbes,2016,2016,pop,misc
46703,21aed08e8c4737bc53dea229f7ac53721d9b8c0c,277165,7eab62699d5ef13997930b043c6f54bf38e5a6f4,11,0.001550387591123581,Dream Team,Father,Niykee Heaton,BONES,2016,2013,pop,rap
46703,21aed08e8c4737bc53dea229f7ac53721d9b8c0c,473952,83181de305654dc293ba07282c59149374fdf726,12,0.001194029813632369,Dream Team,Bounce bars,Niykee Heaton,Cozy With The Curls,2016,2016,pop,misc
46703,21aed08e8c4737bc53dea229f7ac53721d9b8c0c,7588,99a972a40c9099c3e646cb4526c23c6f1bcf5c00,13,0.003960396163165569,Dream Team,Miracle on Ice Pre-Game Speech,Niykee Heaton,Kurt Russell,2016,2014,pop,misc
46703,21aed08e8c4737bc53dea229f7ac53721d9b8c0c,68004,2e754eb2e2e02cb246956e2550a573e23c966004,14,0.0006420545978471637,Dream Team,Lecture 14: How to Operate,Niykee Heaton,Keith Rabois,2016,2014,pop,misc
46703,21aed08e8c4737bc53dea229f7ac53721d9b8c0c,317866,2e7693c4e6e051611bbe830a4c00c20d7801c563,15,0.0006079027079977095,Dream Team,Queen Mab,Niykee Heaton,Becca Stevens,2016,2017,pop,rb
46703,21aed08e8c4737bc53dea229f7ac53721d9b8c0c,462536,8df11531b3b36a95f076c8a8ddccd899446bb12a,16,0.0009302325779572129,Dream Team,Damian Lillard In The Clutch,Niykee Heaton,Performance of the Day,2016,2014,pop,misc
46703,21aed08e8c4737bc53dea229f7ac53721d9b8c0c,283912,754f1d7ff8e54842647f7735273293902f7b3bd7,17,0.0007619047537446022,Dream Team,List of Current NXT Superstar Nicknames,Niykee Heaton,WWE,2016,2014,pop,misc
46703,21aed08e8c4737bc53dea229f7ac53721d9b8c0c,276979,1546b4dcfeefef05df3fdf65e73297cbc43e5e2a,18,0.005797101650387049,Dream Team,My Boys,Niykee Heaton,Twin Peaks,2016,2016,pop,rock
46703,21aed08e8c4737bc53dea229f7ac53721d9b8c0c,390953,adfe7eda7d5aafb0cd434cfa0932606258a25c68,19,0.0030534351244568825,Dream Team,QRules Qoaching Center,Niykee Heaton,Alpha-Q-Up,2016,2014,pop,rap
46703,21aed08e8c4737bc53dea229f7ac53721d9b8c0c,265069,bfe3636e306875aba159606176c20f82be0fe9de,20,0.0058823530562222,Dream Team,Higher,Niykee Heaton,Modestep,2016,2017,pop,pop
409949,1acb23c94336ab8e53b9defb04b1d870efd5109b,15302,00d4efa4636e8d56128a9ea2d2067d8d512a4c1a,1,0.009523809887468815,Dicked Down in Dallas,Fingers Hurting,Trey Lewis & RVSHVD,Lil Wayne,2021,2015,country,rap
409949,1acb23c94336ab8e53b9defb04b1d870efd5109b,194566,5b14f25fe3bd29a52aa78e03812e79b48bceb29f,2,0.004705882165580988,Dicked Down in Dallas,Winter,Trey Lewis & RVSHVD,Xavier Wulf & BONES,2021,2013,country,rap
409949,1acb23c94336ab8e53b9defb04b1d870efd5109b,102538,55a2432803482ca2bd15a8c0e4ee813e31c519d2,3,0.0012820513220503926,Dicked Down in Dallas,Miracles Back In Time,Trey Lewis & RVSHVD,The D,2021,2014,country,pop
409949,1acb23c94336ab8e53b9defb04b1d870efd5109b,56746,c74c88c6f06d7e2aa8fb1a3cb605ad665c6636c1,4,0.0010810811072587967,Dicked Down in Dallas,JPEGMAFIA TYPE BEAT,Trey Lewis & RVSHVD,JPEGMAFIA,2021,2019,country,rap
409949,1acb23c94336ab8e53b9defb04b1d870efd5109b,234825,ad61a1472a1dadf7f5006f46bb84b3cb857e8085,5,0.005063291173428297,Dicked Down in Dallas,Dave,Trey Lewis & RVSHVD,Cheech & Chong,2021,1971,country,pop
409949,1acb23c94336ab8e53b9defb04b1d870efd5109b,173982,c24c1a8de1eee8b6728eccf4a036d461757673cc,6,0.001166180707514286,Dicked Down in Dallas,101Dalmatians,Trey Lewis & RVSHVD,Sybyr,2021,2017,country,rap
409949,1acb23c94336ab8e53b9defb04b1d870efd5109b,328737,baffdb7066ce001cab40ac5db71b92145e2a508f,7,0.001408450654707849,Dicked Down in Dallas,Kingdom For A Heart,Trey Lewis & RVSHVD,Sonata Arctica,2021,1999,country,rock
409949,1acb23c94336ab8e53b9defb04b1d870efd5109b,512026,c62fe350d2d56fb08af695452d643adcbc222838,8,0.0006756756920367479,Dicked Down in Dallas,EMERGENCY ALERT,Trey Lewis & RVSHVD,rejectedreyna,2021,2022,country,misc
409949,1acb23c94336ab8e53b9defb04b1d870efd5109b,253026,0dc8932fe23169ed3eb931a6bd6dd8ab4b99d4ad,9,0.005970149300992489,Dicked Down in Dallas,CONTACT,Trey Lewis & RVSHVD,Alice Gas,2021,2019,country,pop
409949,1acb23c94336ab8e53b9defb04b1d870efd5109b,445830,0eebe6c2f6d360056588e1ffe5217492b026942c,10,0.0011111111380159855,Dicked Down in Dallas,Breakfast Goat,Trey Lewis & RVSHVD,Aunty Donna,2021,2017,country,pop
409949,1acb23c94336ab8e53b9defb04b1d870efd5109b,189181,9b1f1fb9cba547835848bf8f806092d809a4e902,11,0.004761904943734407,Dicked Down in Dallas,Exhale,Trey Lewis & RVSHVD,ZHU,2021,2017,country,pop
409949,1acb23c94336ab8e53b9defb04b1d870efd5109b,13821,d568b7e40a2ba575b23b02b838266a8e9563202f,12,0.0017777777975425124,Dicked Down in Dallas,Rivers and Roads,Trey Lewis & RVSHVD,The Head And The Heart,2021,2011,country,rock
409949,1acb23c94336ab8e53b9defb04b1d870efd5109b,470861,5be139bd2bb482fda2dc7abaff9ad8a716d28e90,13,0.0057142856530845165,Dicked Down in Dallas,Cold,Trey Lewis & RVSHVD,Lawrence,2021,2016,country,pop
409949,1acb23c94336ab8e53b9defb04b1d870efd5109b,485867,8751a42bd8702f7a748992acdac704ec25892dde,14,0.0015151514671742916,Dicked Down in Dallas,Back Where I Belong,Trey Lewis & RVSHVD,Rancid,2021,2014,country,rock
409949,1acb23c94336ab8e53b9defb04b1d870efd5109b,326547,50310fc8957da2879d68ec582c356d6f4b75d19b,15,0.0006163328071124852,Dicked Down in Dallas,Kids on the Corner,Trey Lewis & RVSHVD,Jacob Banks,2021,2013,country,rb
409949,1acb23c94336ab8e53b9defb04b1d870efd5109b,338764,77fe9e1dbc602a232cefbaa9d2f80e554a79a1b8,16,0.004819277208298445,Dicked Down in Dallas,Strange Things,Trey Lewis & RVSHVD,Big Black,2021,1986,country,rock
409949,1acb23c94336ab8e53b9defb04b1d870efd5109b,300602,b1b1c0064f9d33bfb786d9afcaccfb4833acbde3,17,0.005333333276212215,Dicked Down in Dallas,Dont Ask Me Twice,Trey Lewis & RVSHVD,Porridge Radio,2021,2019,country,rock
409949,1acb23c94336ab8e53b9defb04b1d870efd5109b,430025,4ebc0cab775b6fbddaa521a1f1ef933956a2668f,18,0.0023952096235007048,Dicked Down in Dallas,I Feel Ya,Trey Lewis & RVSHVD,"Cheat Codes, Danny Quest & Ina Wroldsen",2021,2019,country,pop
409949,1acb23c94336ab8e53b9defb04b1d870efd5109b,173566,980a1f9d981086723755b35d122a019630594d7c,19,0.0007604562561027706,Dicked Down in Dallas,Why the Hell Do You Brush Your Teeth at Work?,Trey Lewis & RVSHVD,Griffin and Quagmire,2021,2013,country,rap
409949,1acb23c94336ab8e53b9defb04b1d870efd5109b,413779,715ac2b46c1fd36c5bcdbbee7d19dbac759836f7,20,0.0009029345237649977,Dicked Down in Dallas,Intro Idlewild,Trey Lewis & RVSHVD,OutKast,2021,2006,country,rap
126592,58cb22af05b7a527d84430914ee0caa58e26435c,28586,ca18bf3e28dacd1a88dcc473635fd084653b70e3,1,0.009677419438958168,Slaves Shall Serve,Aigiri Nandini,Behemoth,Brodha V,2004,2014,rock,rap
126592,58cb22af05b7a527d84430914ee0caa58e26435c,381599,31c0da9112c188aab78e7561dfda49c68e9cf48f,2,0.0060606058686971664,Slaves Shall Serve,Sunsets Pt. 1,Behemoth,SG Lewis,2004,2018,rock,pop
126592,58cb22af05b7a527d84430914ee0caa58e26435c,311943,ecb95587842adb69f8a4767ac676de20b7d94823,3,0.0063492064364254475,Slaves Shall Serve,Tomorrow Is Already Here,Behemoth,Stereolab,2004,1996,rock,pop
126592,58cb22af05b7a527d84430914ee0caa58e26435c,159279,c3ad636a51ea282c1fede4fd3578f5517119906b,4,0.0058823530562222,Slaves Shall Serve,The Idler Wheel...,Behemoth,Fiona Apple,2004,2012,rock,misc
126592,58cb22af05b7a527d84430914ee0caa58e26435c,308341,53258590fd8563ade623e1e36135140f99cdacc5,5,0.004040404222905636,Slaves Shall Serve,Manhattan Six Basic Cocktails,Behemoth,David A. Embury,2004,2013,rock,misc
126592,58cb22af05b7a527d84430914ee0caa58e26435c,412178,be3a3f46655dddbad51a800f92e4cca0d231b2af,6,0.0017241379246115685,Slaves Shall Serve,Exodus 1,Behemoth,Holy Bible (KJV),2004,2017,rock,misc
126592,58cb22af05b7a527d84430914ee0caa58e26435c,61324,aa682364dc513243c9ef9b310a99674bb65de07a,7,0.001095890416763723,Slaves Shall Serve,Rock N Roll McDonalds,Behemoth,Wesley Willis,2004,1995,rock,rock
126592,58cb22af05b7a527d84430914ee0caa58e26435c,233990,878a5bacfe80a04d1245a7fecc3ae4f006470388,8,0.001374570420011878,Slaves Shall Serve,When Saturn Returns Interlude,Behemoth,NAO,2004,2018,rock,pop
126592,58cb22af05b7a527d84430914ee0caa58e26435c,350636,7795e98cbb08b1404bd9267a6a50af32e7b0d141,9,0.00615384615957737,Slaves Shall Serve,O Brasil...,Behemoth,Alaska Thunderfuck,2004,2016,rock,pop
126592,58cb22af05b7a527d84430914ee0caa58e26435c,134759,079e8a43ae5e3add955217c2dd294dca88892c1f,10,0.004444444552063942,Slaves Shall Serve,Beat The Pack Out,Behemoth,Peewee Longway,2004,2015,rock,rap
126592,58cb22af05b7a527d84430914ee0caa58e26435c,382655,05f5b5ed34ac60823b85d8ce14d47f33b4fae63a,11,0.0006172839784994721,Slaves Shall Serve,Pony Boy,Behemoth,Bruce Springsteen,2004,1992,rock,rock
126592,58cb22af05b7a527d84430914ee0caa58e26435c,252822,d676b670bbb60cfc3c35114edc2ed9aa6385ae13,12,0.0006182380020618439,Slaves Shall Serve,Brightest Hour,Behemoth,The Submarines,2004,2008,rock,pop
126592,58cb22af05b7a527d84430914ee0caa58e26435c,443658,6713a9a30b47f6eacfc650c10721811e2ef355c4,13,0.0021276595070958138,Slaves Shall Serve,While the blood runs warm,Behemoth,Aretha Franklin,2004,1965,rock,pop
126592,58cb22af05b7a527d84430914ee0caa58e26435c,411012,f478542efac5431548384e9d632ddadb9fc24d2e,14,0.001476014731451869,Slaves Shall Serve,Cook of the House,Behemoth,Paul McCartney & Wings,2004,1976,rock,rock
126592,58cb22af05b7a527d84430914ee0caa58e26435c,310087,b9e217e53a4e37990a1b99224386fa827ef5f836,15,0.0008298755274154246,Slaves Shall Serve,Intro,Behemoth,Ramirez,2004,2020,rock,misc
126592,58cb22af05b7a527d84430914ee0caa58e26435c,140903,14ddd2818ff9b5c7d9ed86743172b46b2a6298c0,16,0.003846153849735856,Slaves Shall Serve,Two Pints Of Lager And A Packet Of Crisps,Behemoth,Splodgenessabounds,2004,1980,rock,rock
126592,58cb22af05b7a527d84430914ee0caa58e26435c,260404,49c905e48ae3e1ea76da2899d3c1368191a5547c,17,0.002797202905640006,Slaves Shall Serve,Mac Daddy Trus Reality,Behemoth,TobyMac,2004,2012,rock,pop
126592,58cb22af05b7a527d84430914ee0caa58e26435c,371267,f85c2a2ec25178415a790da45fdb3154f2415832,18,0.0009828009642660618,Slaves Shall Serve,Double O Bo,Behemoth,Pink Floyd,2004,2015,rock,rock
126592,58cb22af05b7a527d84430914ee0caa58e26435c,496777,67c6ef5bccc25c625f9573cfff6698a9d0a6fa2d,19,0.001025640987791121,Slaves Shall Serve,Magnify,Behemoth,Marvin Sapp,2004,2007,rock,pop
126592,58cb22af05b7a527d84430914ee0caa58e26435c,27844,7e842768740ace7320a4bd001f24962f3825803d,20,0.0017857142956927419,Slaves Shall Serve,Paper Boi,Behemoth,Paper Boi,2004,2016,rock,rap
225223,cae55410cc0c429502d6a28be177deb8dc644b08,160175,2cea7bc2fb67955354b917462d2ebd5112947783,1,0.009677419438958168,Little Walter,Do You Remember Walter?,Tony! Toni! Ton!,The Kinks,1988,1968,rb,rock
225223,cae55410cc0c429502d6a28be177deb8dc644b08,43310,ada69fd4d927f7e80b1c6be9e58e2f83d245863f,2,0.004938271827995777,Little Walter,Hard Work,Tony! Toni! Ton!,The U.S. Army Airborne,1988,2015,rb,pop
225223,cae55410cc0c429502d6a28be177deb8dc644b08,379291,54dd61ec56f1763f9b2500fec7d56cc344066b95,3,0.005970149300992489,Little Walter,I Bet the Trees Are Thinking,Tony! Toni! Ton!,Rudy Francisco,1988,2017,rb,misc
225223,cae55410cc0c429502d6a28be177deb8dc644b08,384007,4ad53e7e4fd122f3d2a5d2ed61dd4e5c58efda61,4,0.0006329113966785371,Little Walter,Two Divided by Zero,Tony! Toni! Ton!,Pet Shop Boys,1988,1986,rb,pop
225223,cae55410cc0c429502d6a28be177deb8dc644b08,295712,db061519da3d7eb86573ed114d7b332954c36e46,5,0.0015625000232830644,Little Walter,Lovesick,Tony! Toni! Ton!,Peace (UK),1988,2013,rb,rock
225223,cae55410cc0c429502d6a28be177deb8dc644b08,454439,8994cdcb23f4f34ac91eb92ff18f448bc66909e5,6,0.002816901309415698,Little Walter,Hitch-hike,Tony! Toni! Ton!,Kleenex,1988,2001,rb,rock
225223,cae55410cc0c429502d6a28be177deb8dc644b08,26728,e62668f9cfd6fe768968c8858afe0afb017acdbe,7,0.0006359300459735096,Little Walter,Streaky,Tony! Toni! Ton!,Death Grips,1988,2018,rb,rap
225223,cae55410cc0c429502d6a28be177deb8dc644b08,478005,a32d2fc17a707195b5acacc268d07bca9e3e1061,8,0.0054054055362939835,Little Walter,Another Dimension,Tony! Toni! Ton!,Dillon Francis & NGHTMRE,1988,2017,rb,pop
225223,cae55410cc0c429502d6a28be177deb8dc644b08,489945,e11bfb5716ada61d1df7a2f91ee498c91ccbd4b5,9,0.0012345679569989443,Little Walter,I Got High,Tony! Toni! Ton!,OG Afroman,1988,2015,rb,pop
225223,cae55410cc0c429502d6a28be177deb8dc644b08,391521,3f9661857d81aa3abc455692bb5236935f070a4a,10,0.0009029345237649977,Little Walter,Bonny Laddie Hieland Laddie,Tony! Toni! Ton!,Tommy Makem,1988,1972,rb,pop
225223,cae55410cc0c429502d6a28be177deb8dc644b08,19456,cdb97335d210cff3691f990712d1d2bc2f3896c4,11,0.0013468012912198901,Little Walter,Big in Japan,Tony! Toni! Ton!,Alphaville,1988,1984,rb,pop
225223,cae55410cc0c429502d6a28be177deb8dc644b08,432138,ec5a02ca0713c03fd68e5c95ddddd2b7db5746e7,12,0.0035714285913854837,Little Walter,When I Woke Up This Morning,Tony! Toni! Ton!,Jimmy Reed,1988,2015,rb,pop
225223,cae55410cc0c429502d6a28be177deb8dc644b08,254624,4ab4eb1834966a437bb4e94dbd4bf40ae1640c91,13,0.0009828009642660618,Little Walter,The Price We Pay,Tony! Toni! Ton!,A Day To Remember,1988,2007,rb,rock
225223,cae55410cc0c429502d6a28be177deb8dc644b08,118967,09014d4fef841451a1e6504b934a6a05b546bbe3,14,0.0037735849618911743,Little Walter,Easy Switch Screens,Tony! Toni! Ton!,Son Lux,1988,2014,rb,rock
225223,cae55410cc0c429502d6a28be177deb8dc644b08,497962,12c7b803b469016062f2b9fe489e1a99ada1476a,15,0.0007067137630656362,Little Walter,Too Much Monkey Business,Tony! Toni! Ton!,Elvis Presley,1988,1968,rb,country
225223,cae55410cc0c429502d6a28be177deb8dc644b08,286387,61beac16f749ec8473fbf7d7997d39653cfa9363,16,0.0009009009227156639,Little Walter,La Dolce Vita,Tony! Toni! Ton!,Sparks,1988,1979,rb,pop
225223,cae55410cc0c429502d6a28be177deb8dc644b08,410258,b160223c8e2edf7b1c418b89f0bfaefb49cee6a7,17,0.0018779343226924539,Little Walter,​one more day,Tony! Toni! Ton!,San Holo,1988,2021,rb,pop
225223,cae55410cc0c429502d6a28be177deb8dc644b08,398144,ddda9f1cddbd903776693921796fb425e3790d52,18,0.0007952286396175623,Little Walter,Brain Drain,Tony! Toni! Ton!,Marianne Faithfull,1988,1979,rb,rock
225223,cae55410cc0c429502d6a28be177deb8dc644b08,408148,1596263147fbd388e5c4d7a65029199e2c85e97f,19,0.0023952096235007048,Little Walter,If Teardrops Were Pennies,Tony! Toni! Ton!,Porter Wagoner & Dolly Parton,1988,1973,rb,country
225223,cae55410cc0c429502d6a28be177deb8dc644b08,463826,dbf24d19866980042758303087400cba61bb9fb8,20,0.000749063678085804,Little Walter,Welcome to My Kingdom,Tony! Toni! Ton!,Bilal Hassani,1988,2019,rb,pop
285487,e6a215fb0283b4737ef396e2cc47bc2aff8bd098,365279,11020d6b9287731896a668eb963d65c3c453da26,1,0.011298077180981636,FreakNic,This Aint Sex,Mila J,Usher,2015,2008,rb,rb
285487,e6a215fb0283b4737ef396e2cc47bc2aff8bd098,431295,8ce0fe4d7242759d9bcd230c876f5ae6564f788a,2,0.004819277208298445,FreakNic,Cant Do A Thing To Stop Me,Mila J,Chris Isaak,2015,1993,rb,pop
285487,e6a215fb0283b4737ef396e2cc47bc2aff8bd098,293554,59e273b827f0cebb5e630ccb29927b31ac16d924,3,0.004444444552063942,FreakNic,Lock it Up,Mila J,SOPHIE,2015,2018,rb,rap
285487,e6a215fb0283b4737ef396e2cc47bc2aff8bd098,330835,d6d346fbd462f4f9050367da9a01a92dd74eae75,4,0.002721088472753763,FreakNic,Worth It Levianth Remix,Mila J,Fifth Harmony,2015,2016,rb,pop
285487,e6a215fb0283b4737ef396e2cc47bc2aff8bd098,240053,99b1d9fad913577b5335ced6d4f1eeea01746ba0,5,0.0008048289455473423,FreakNic,Time Wont Let Me,Mila J,Outsiders (US band),2015,1966,rb,rock
285487,e6a215fb0283b4737ef396e2cc47bc2aff8bd098,197770,9235572c8eb1cf71c53cdb661a8bc289c256e6f9,6,0.0009411764913238585,FreakNic,I Thought,Mila J,Brandy,2015,2002,rb,rb
285487,e6a215fb0283b4737ef396e2cc47bc2aff8bd098,163305,e3280de7088b82eb6c637a6e835e18b065b557a5,7,0.004878048785030842,FreakNic,Im Used to That,Mila J,Horse Head,2015,2016,rb,rap
285487,e6a215fb0283b4737ef396e2cc47bc2aff8bd098,322868,da13ffbc4062e93f06e4350f1a7a99a08149db5b,8,0.0006633499288000166,FreakNic,Lullaby,Mila J,Leonard Cohen,2015,2012,rb,rock
285487,e6a215fb0283b4737ef396e2cc47bc2aff8bd098,451411,14b45de72ba21265ad5bcc9e6a46c7317fa0deac,9,0.0007547169807367027,FreakNic,Why Did You Go,Mila J,Ginuwine,2015,2001,rb,rb
285487,e6a215fb0283b4737ef396e2cc47bc2aff8bd098,226912,94606c9ffb1d8c0eabd24e2d678a13f6a5c1ee28,10,0.0006722689140588045,FreakNic,Cant Get You Out Of My Head,Mila J,johnny goth,2015,2020,rb,pop
285487,e6a215fb0283b4737ef396e2cc47bc2aff8bd098,457733,9135a3270480019193ef31df2ab1cb99288c9adb,11,0.0009828009642660618,FreakNic,Say Forever,Mila J,Rico Blanco,2015,2009,rb,pop
285487,e6a215fb0283b4737ef396e2cc47bc2aff8bd098,415538,55ab1d00911ea2ad2b41c90747d093a1adef5c86,12,0.002259887056425214,FreakNic,True Fine Mama,Mila J,Little Richard,2015,1957,rb,rock
285487,e6a215fb0283b4737ef396e2cc47bc2aff8bd098,344250,4197447f833af809130491773db5b3aa5cf5c643,13,0.0011560693383216858,FreakNic,Chuck Baby,Mila J,Chuck Brown,2015,2007,rb,pop
285487,e6a215fb0283b4737ef396e2cc47bc2aff8bd098,150139,7a88b2e3eb5c0eaf1a1d485b4a1a4d732166d9b8,14,0.0006700167432427406,FreakNic,Feel a Whole Lot Better,Mila J,Tom Petty,2015,1989,rb,rock
285487,e6a215fb0283b4737ef396e2cc47bc2aff8bd098,103458,2896b4f4e91c5a25aa3d98f80397eba994b4defb,15,0.0006745362770743668,FreakNic,Blessin Pt. 1,Mila J,Deeman Ohhrite,2015,2015,rb,rap
285487,e6a215fb0283b4737ef396e2cc47bc2aff8bd098,133405,c9a101afe1456ba91c9f7acb9ef6b24bcc85d2d8,16,0.0007117437780834734,FreakNic,Control The World,Mila J,24kGoldn,2015,2021,rb,pop
285487,e6a215fb0283b4737ef396e2cc47bc2aff8bd098,244611,8db7dddaff4dbdcc7a682e78e4a359e264ccf6f7,17,0.0006482982425950468,FreakNic,Summertime Summertime,Mila J,Nocera,2015,1986,rb,pop
285487,e6a215fb0283b4737ef396e2cc47bc2aff8bd098,229888,bb4913547a1e515cea71562b15cc4e84a7d3c3e3,18,0.0009029345237649977,FreakNic,Sunday Morning,Mila J,Hamzaa,2015,2019,rb,rb
285487,e6a215fb0283b4737ef396e2cc47bc2aff8bd098,464291,e39d840daf63072377478b83f13c7c16797ca579,19,0.0006677796482108533,FreakNic,Sanctuary,Mila J,SBTRKT,2015,2011,rb,rock
285487,e6a215fb0283b4737ef396e2cc47bc2aff8bd098,200497,8138f3c17e94a3c7c8d933b588426796afa85c77,20,0.001095890416763723,FreakNic,Cult Leader,Mila J,Cute Whore,2015,2016,rb,pop
